<?xml version="1.0" encoding="utf-8"?>
<hansard xsi:noNamespaceSchemaLocation="../../hansard.xsd" version="2.1" xmlns:xsi="http://www.w3.org/2001/XMLSchema-instance">
  <session.header>
    <date>1902-04-23</date>
    <parliament.no>1</parliament.no>
    <session.no>1</session.no>
    <period.no>0</period.no>
    <chamber>SENATE</chamber>
    <page.no>11888</page.no>
    <proof>0</proof>
  </session.header>
  <chamber.xscript>
    <para class="block">Senate. </para>
    <business.start>
      <day.start>1902-04-23</day.start>
      <para>The  President  took the chair at 2.30 p.m., and read prayers. </para>
    </business.start>
    <debate>
      <debateinfo>
        <title>PAPERS</title>
        <page.no>11888</page.no>
        <type>papers</type>
      </debateinfo>
      <para>
        <inline font-weight="bold">Senator DRAKE</inline>laid upon the table the following papers :  - </para>
      <quote>
        <para>Despatches and extracts from proceedings of courts martial with reference to Australian officers in South Africa. </para>
        <para>Correspondence with the Liverpool Ship-owners Association resisting the Immigration Restriction Act. coronation celebration bill. </para>
      </quote>
      <para>Royal assent to this Bill reported. customs tariff bill. </para>
      <para>Bill received from the House of Representatives, and read a first time. </para>
      <speech>
        <talk.start>
          <talker>
            <page.no>11888</page.no>
            <time.stamp />
            <name.id>JYD</name.id>
            <electorate>New South Wales</electorate>
            <party>Protectionist</party>
            <role>Vice-President of the Executive Council</role>
            <in.gov>1</in.gov>
            <first.speech>0</first.speech>
            <name role="metadata">O&#39;CONNOR, Richard</name>
            <name role="display">Senator o&#39;connor</name>
          </talker>
          <para>. - i move - </para>
        </talk.start>
        <quote>
          <para>That the second reading of the Bill stand an order of the day for Friday next. i should have been glad to have moved the second reading of the Bill to-morrow, but there is a good deal of information in the way of statistics which must be brought up to date, and as its preparation could not be entered upon until after the measure had been completed in the other House it is not available to-day. These statistics will be ready by Friday, when I propose to make my statement. </para>
        </quote>
      </speech>
      <speech>
        <talk.start>
          <talker>
            <page.no>11888</page.no>
            <time.stamp />
            <name.id>K7V</name.id>
            <electorate>South Australia</electorate>
            <party />
            <role />
            <in.gov>0</in.gov>
            <first.speech>0</first.speech>
            <name role="metadata">SYMON, Josiah</name>
            <name role="display">Senator Sir JOSIAH SYMON</name>
          </talker>
          <para>- It seems to me. a perfectly reasonable arrangement which the VicePresident of the Executive Council proposes, because we all know that the speech with whichhe will support his motion for the second reading of the Bill will really be a second or revised Budget speech, bringing up the revenue receipts adjusted with reference to theTariff - the improved Tariff, I may say - as it comes from the House of Representatives. The new material and the new figures, to which he has referred, will all be essential. Of course it was impossible to expect any one either to have themready or to have them mastered in the short time which has been available.. . </para>
        </talk.start>
        <interjection>
          <talk.start>
            <talker>
              <page.no>11888</page.no>
              <time.stamp />
              <name.id>KLW</name.id>
              <electorate />
              <party />
              <role />
              <in.gov>0</in.gov>
              <first.speech>0</first.speech>
              <name role="metadata">GLASSEY, Thomas</name>
              <name role="display">Senator Glassey</name>
            </talker>
            <para>- Did I understand the honorable and learned senator to say an improved Tariff ? </para>
          </talk.start>
        </interjection>
        <interjection>
          <talk.start>
            <talker>
              <page.no>11888</page.no>
              <time.stamp />
              <name.id>K7V</name.id>
              <electorate />
              <party />
              <role />
              <in.gov>0</in.gov>
              <first.speech>0</first.speech>
              <name role="metadata">SYMON, Josiah</name>
              <name role="display">Senator Sir JOSIAH SYMON</name>
            </talker>
            <para>- In some respects from my point of view. </para>
          </talk.start>
        </interjection>
        <interjection>
          <talk.start>
            <talker>
              <page.no>11888</page.no>
              <time.stamp />
              <name.id>KLW</name.id>
              <electorate />
              <party />
              <role />
              <in.gov>0</in.gov>
              <first.speech>0</first.speech>
              <name role="metadata">GLASSEY, Thomas</name>
              <name role="display">Senator Glassey</name>
            </talker>
            <para>- An amended Tariff. </para>
          </talk.start>
        </interjection>
        <interjection>
          <talk.start>
            <talker>
              <page.no>11888</page.no>
              <time.stamp />
              <name.id>K7V</name.id>
              <electorate />
              <party />
              <role />
              <in.gov>0</in.gov>
              <first.speech>0</first.speech>
              <name role="metadata">SYMON, Josiah</name>
              <name role="display">Senator Sir JOSIAH SYMON</name>
            </talker>
            <para>- My honorable and learned friend will deliver his speech on Friday. Ordinarily we should not have the speech in, print until the following Monday week, but I have no doubt that he will take care so to arrange, as was done on a former occasion - I think in connexion with the Electoral Bill - that his speech, which, of course, will be all important for our consideration, shall be available to us as part of this week&#39;s <inline font-style="italic">Hansard,</inline> or in a separate form. </para>
          </talk.start>
        </interjection>
      </speech>
      <speech>
        <talk.start>
          <talker>
            <page.no>11888</page.no>
            <time.stamp />
            <name.id>10000</name.id>
            <electorate />
            <party />
            <role />
            <in.gov>0</in.gov>
            <first.speech>0</first.speech>
            <name role="metadata">PRESIDENT, The</name>
            <name role="display">The PRESIDENT</name>
          </talker>
          <para>- That is a matter within the jurisdiction of the  President  and the  Speaker,  and we shall see that it is done. </para>
        </talk.start>
        <interjection>
          <talk.start>
            <talker>
              <page.no>11888</page.no>
              <time.stamp />
              <name.id>K7V</name.id>
              <electorate />
              <party />
              <role />
              <in.gov>0</in.gov>
              <first.speech>0</first.speech>
              <name role="metadata">SYMON, Josiah</name>
              <name role="display">Senator Sir JOSIAH SYMON</name>
            </talker>
            <para>-I am obliged to you, sir. I need not say a word in reference to the absolute necessity for our having the report of the speech in our possession. Any papers or figures to which my honorable and learned friend may refer in the course of his speech - including those which have been already laid before the House of Representatives, and, no doubt, have been in our possession for some months, but which are not readily available - might be furnished to us again if it can be done without inconvenience or expense. It would save a great deal of time. I arn sure that we all desire, as far as possible, consistently with our public duty, to expedite the progress of this important measure. </para>
          </talk.start>
        </interjection>
      </speech>
      <speech>
        <talk.start>
          <talker>
            <page.no>11889</page.no>
            <time.stamp />
            <name.id>JVC</name.id>
            <electorate>Tasmania</electorate>
            <party />
            <role />
            <in.gov>0</in.gov>
            <first.speech>0</first.speech>
            <name role="metadata">DOBSON, Henry</name>
            <name role="display">Senator DOBSON</name>
          </talker>
          <para>- I agree with <inline font-weight="bold">Senator Symon</inline> that we all desire to save time, and if we are to do that, I see no objection to the very reasonable request that <inline font-weight="bold">Senator O&#39;Connor</inline> should postpone his second-reading speech until Friday, particularly as he has to get certain statistics and figures to enable him intelligently to perform his duty. I should like to ask whether such postponement will necessitate a longer adjournment than is usual into next week. We have had the Tariff before us in print and in <inline font-style="italic">Hansard</inline> for ever so long. AVe all must, of necessity, have thought very much about the Tariff, and we ought to be able to go on with the second-reading debate early next week. </para>
        </talk.start>
        <interjection>
          <talk.start>
            <talker>
              <page.no>11889</page.no>
              <time.stamp />
              <name.id>JYD</name.id>
              <electorate />
              <party />
              <role />
              <in.gov>0</in.gov>
              <first.speech>0</first.speech>
              <name role="metadata">O&#39;CONNOR, Richard</name>
              <name role="display">Senator O&#39;Connor</name>
            </talker>
            <para>- Is not that rather anticipating ? </para>
          </talk.start>
        </interjection>
        <continue>
          <talk.start>
            <talker>
              <page.no>11889</page.no>
              <time.stamp />
              <name.id>JVC</name.id>
              <electorate />
              <party />
              <role />
              <in.gov>0</in.gov>
              <first.speech>0</first.speech>
              <name role="metadata">DOBSON, Henry</name>
              <name role="display">Senator DOBSON</name>
            </talker>
            <para>- I understand there is <inline font-style="italic">11</inline> suggestion that we shall not meet next week until Thursday. If the Senate should wish not to meet until that date, <inline font-weight="bold">Senator O&#39;Connor</inline> might make his second - reading speech to-morrow, and if he has not all the facts and figures that he would like to lay before us he could supplement his speech on Wednesday next. </para>
          </talk.start>
        </continue>
        <interjection>
          <talk.start>
            <talker>
              <page.no>11889</page.no>
              <time.stamp />
              <name.id>K6M</name.id>
              <electorate />
              <party />
              <role />
              <in.gov>0</in.gov>
              <first.speech>0</first.speech>
              <name role="metadata">CLEMONS, John</name>
              <name role="display">Senator Clemons</name>
            </talker>
            <para>- Supplement a secondreading speech - how ? </para>
          </talk.start>
        </interjection>
        <interjection>
          <talk.start>
            <talker>
              <page.no>11889</page.no>
              <time.stamp />
              <name.id>JPC</name.id>
              <electorate />
              <party />
              <role />
              <in.gov>0</in.gov>
              <first.speech>0</first.speech>
              <name role="metadata">BEST, Robert</name>
              <name role="display">Senator Best</name>
            </talker>
            <para>- He has only one secondreading speech. </para>
          </talk.start>
        </interjection>
        <continue>
          <talk.start>
            <talker>
              <page.no>11889</page.no>
              <time.stamp />
              <name.id>JVC</name.id>
              <electorate />
              <party />
              <role />
              <in.gov>0</in.gov>
              <first.speech>0</first.speech>
              <name role="metadata">DOBSON, Henry</name>
              <name role="display">Senator DOBSON</name>
            </talker>
            <para>- My honorable and learned friends forget that <inline font-weight="bold">Senator O&#39;Connor</inline> can move the second reading of the Bill to-morrow, and furnish a great number of facts and figures on a subsequent occasion. </para>
          </talk.start>
        </continue>
        <interjection>
          <talk.start>
            <talker>
              <page.no>11889</page.no>
              <time.stamp />
              <name.id>JYD</name.id>
              <electorate />
              <party />
              <role />
              <in.gov>0</in.gov>
              <first.speech>0</first.speech>
              <name role="metadata">O&#39;CONNOR, Richard</name>
              <name role="display">Senator O&#39;connor</name>
            </talker>
            <para>- I do not intend to move the second reading before Friday. </para>
          </talk.start>
        </interjection>
        <continue>
          <talk.start>
            <talker>
              <page.no>11889</page.no>
              <time.stamp />
              <name.id>JVC</name.id>
              <electorate />
              <party />
              <role />
              <in.gov>0</in.gov>
              <first.speech>0</first.speech>
              <name role="metadata">DOBSON, Henry</name>
              <name role="display">Senator DOBSON</name>
            </talker>
            <para>- My honorable and learned friend has answered my question. I hope that no proposal will be made to adjourn the Senate until next Thursday week. It was a kind of unwritten understanding that when the Tariff came up the Senate should meet on Tuesday, but now honorable senators are to be brought from Adelaide, Tasmania, and Sydney simply to sit on Thursday, and on Friday until 4- o&#39;clock. We are beginning in a very bad way indeed to save time. It will put me to inconvenience to be kept here very much longer. I hope we shall not lose a single day next week. </para>
          </talk.start>
        </continue>
      </speech>
      <speech>
        <talk.start>
          <talker>
            <page.no>11889</page.no>
            <time.stamp />
            <name.id>K1U</name.id>
            <electorate>New South Wales</electorate>
            <party />
            <role />
            <in.gov>0</in.gov>
            <first.speech>0</first.speech>
            <name role="metadata">PULSFORD, Edward</name>
            <name role="display">Senator PULSFORD</name>
          </talker>
          <para>- I observe that <inline font-weight="bold">Senator O&#39;Connor</inline> has moved the first reading of the Customs Tariff Bill, but not the first reading of the Excise Tariff Bill. </para>
        </talk.start>
        <interjection>
          <talk.start>
            <talker>
              <page.no>11889</page.no>
              <time.stamp />
              <name.id>JYD</name.id>
              <electorate />
              <party />
              <role />
              <in.gov>0</in.gov>
              <first.speech>0</first.speech>
              <name role="metadata">O&#39;CONNOR, Richard</name>
              <name role="display">Senator O&#39;Connor</name>
            </talker>
            <para>- Because I cannot move the first reading of both Bills at the same time. </para>
          </talk.start>
        </interjection>
        <continue>
          <talk.start>
            <talker>
              <page.no>11889</page.no>
              <time.stamp />
              <name.id>10000</name.id>
              <electorate />
              <party />
              <role />
              <in.gov>0</in.gov>
              <first.speech>0</first.speech>
              <name role="metadata">PRESIDENT, The</name>
              <name role="display">The PRESIDENT</name>
            </talker>
            <para>- Only one Bill has  been  sent to us. </para>
          </talk.start>
        </continue>
        <continue>
          <talk.start>
            <talker>
              <page.no>11889</page.no>
              <time.stamp />
              <name.id>K1U</name.id>
              <electorate />
              <party />
              <role />
              <in.gov>0</in.gov>
              <first.speech>0</first.speech>
              <name role="metadata">PULSFORD, Edward</name>
              <name role="display">Senator PULSFORD</name>
            </talker>
            <para>- Is the Ministergoing to move the first reading of the Excise Tariff Bill to-day <inline font-style="italic">1</inline> All I wish to make sure of is that when the main debate c&#39;omes on we shall have the two Bills before us.  </para>
          </talk.start>
        </continue>
        <continue>
          <talk.start>
            <talker>
              <page.no>11889</page.no>
              <time.stamp />
              <name.id>10000</name.id>
              <electorate />
              <party />
              <role />
              <in.gov>0</in.gov>
              <first.speech>0</first.speech>
              <name role="metadata">PRESIDENT, The</name>
              <name role="display">The PRESIDENT</name>
            </talker>
            <para>- The Bill has just come up from the other House. </para>
          </talk.start>
        </continue>
        <interjection>
          <talk.start>
            <talker>
              <page.no>11889</page.no>
              <time.stamp />
              <name.id>JYD</name.id>
              <electorate />
              <party />
              <role />
              <in.gov>0</in.gov>
              <first.speech>0</first.speech>
              <name role="metadata">O&#39;CONNOR, Richard</name>
              <name role="display">Senator O&#39;Connor</name>
            </talker>
            <para>- Both Bills will run in double harness. </para>
          </talk.start>
        </interjection>
        <continue>
          <talk.start>
            <talker>
              <page.no>11889</page.no>
              <time.stamp />
              <name.id>K1U</name.id>
              <electorate />
              <party />
              <role />
              <in.gov>0</in.gov>
              <first.speech>0</first.speech>
              <name role="metadata">PULSFORD, Edward</name>
              <name role="display">Senator PULSFORD</name>
            </talker>
            <para>- If <inline font-weight="bold">Senator O&#39;Connor</inline> finds it desirable to delay the delivery of his speech until Friday, we ought, without a moment&#39;s hesitation, to accede to his request. At the same time, the recognition of the heavy character of the work which he has to master is also some guide as to the extent to which honorable senators may have to enter upon new details and new figures which will be available. If it becomes necessary to delay the meeting of the Senate next week for a day or two it will probably be time well spent. We must begin well, and, after we have made a good beginning, I shall be quite ready to have regular sittings from the Tuesday to the Friday. </para>
          </talk.start>
        </continue>
      </speech>
      <speech>
        <talk.start>
          <talker>
            <page.no>11889</page.no>
            <time.stamp />
            <name.id>K7D</name.id>
            <electorate>Queensland</electorate>
            <party />
            <role />
            <in.gov>0</in.gov>
            <first.speech>0</first.speech>
            <name role="metadata">STEWART, James</name>
            <name role="display">Senator STEWART</name>
          </talker>
          <para>- I agree with <inline font-weight="bold">Senator Dobson</inline> that we ought to use all despatch in dealing with the Tariff. <inline font-weight="bold">Senator Pulsford</inline> says that we ought to begin well. I do not suppose that any honorable senator knows better what he means to do with regard to the Tariff than he does. My mind is pretty well made up, as I think the minds of most honorable senators are. We have all, I presume, been following the debates in the &#39;other House. </para>
        </talk.start>
        <interjection>
          <talk.start>
            <talker>
              <page.no>11889</page.no>
              <time.stamp />
              <name.id>K6M</name.id>
              <electorate />
              <party />
              <role />
              <in.gov>0</in.gov>
              <first.speech>0</first.speech>
              <name role="metadata">CLEMONS, John</name>
              <name role="display">Senator Clemons</name>
            </talker>
            <para>- No. </para>
          </talk.start>
        </interjection>
        <interjection>
          <talk.start>
            <talker>
              <page.no>11889</page.no>
              <time.stamp />
              <name.id>K7V</name.id>
              <electorate />
              <party />
              <role />
              <in.gov>0</in.gov>
              <first.speech>0</first.speech>
              <name role="metadata">SYMON, Josiah</name>
              <name role="display">Senator Sir Josiah Symon</name>
            </talker>
            <para>- We have enough to do with our own duties. </para>
          </talk.start>
        </interjection>
        <continue>
          <talk.start>
            <talker>
              <page.no>11889</page.no>
              <time.stamp />
              <name.id>K7D</name.id>
              <electorate />
              <party />
              <role />
              <in.gov>0</in.gov>
              <first.speech>0</first.speech>
              <name role="metadata">STEWART, James</name>
              <name role="display">Senator STEWART</name>
            </talker>
            <para>- If we have not, then we ought to have been doing so. It is our duty as public men not only to look after the business of the Senate, but to- keep a very keen eye on what is being done in the other Chamber. Probably I do not know quite so much about these subjects as some honorable senators do, and therefore, for my own information, I have been compelled to follow the debates in the other House so as to prepare myself for the passage of the Tariff through this Chamber. That being the case, and seeing that we have been sitting here for about twelve months, the Tariff should be passed through the Senate as speedily as possible. I will not say that it should be passed in a hurry ; neither do I want to have any undue delay. But why should there be a proposal to adjourn till Thursday of next week <inline font-style="italic">1</inline> Why can we not meet next Tuesday and deal with the Tariff right away? I am sure that the leader of the Opposition would be prepared to make his reply to the VicePresident of the Executive Council on Tuesday. </para>
          </talk.start>
        </continue>
        <interjection>
          <talk.start>
            <talker>
              <page.no>11890</page.no>
              <time.stamp />
              <name.id>K7V</name.id>
              <electorate />
              <party />
              <role />
              <in.gov>0</in.gov>
              <first.speech>0</first.speech>
              <name role="metadata">SYMON, Josiah</name>
              <name role="display">Senator Sir Josiah Symon</name>
            </talker>
            <para>- I do not think that would expedite the passage of the Tariff. </para>
          </talk.start>
        </interjection>
        <continue>
          <talk.start>
            <talker>
              <page.no>11890</page.no>
              <time.stamp />
              <name.id>K7D</name.id>
              <electorate />
              <party />
              <role />
              <in.gov>0</in.gov>
              <first.speech>0</first.speech>
              <name role="metadata">STEWART, James</name>
              <name role="display">Senator STEWART</name>
            </talker>
            <para>- I do not see why not. Why should we delay week after week, and dawdle with our business in this fashion ? I suppose that <inline font-weight="bold">Senator O&#39;Connor</inline> will be guided in his decision by the majority of honorable senators, and I hope that those who do not believe in an adjournment from Friday to Thursday will express their opinions to that effect. </para>
          </talk.start>
        </continue>
        <para>Question resolved in the affirmative. </para>
      </speech>
    </debate>
    <debate>
      <debateinfo>
        <title>EXCISE TARIFF BILL</title>
        <page.no>11890</page.no>
        <type>bill</type>
      </debateinfo>
      <para>Bill received from House of Representatives, and read a first time. </para>
      <speech>
        <talk.start>
          <talker>
            <page.no>11890</page.no>
            <time.stamp />
            <name.id>JYD</name.id>
            <electorate />
            <party>Protectionist</party>
            <role />
            <in.gov>1</in.gov>
            <first.speech>0</first.speech>
            <name role="metadata">O&#39;CONNOR, Richard</name>
            <name role="display">Senator O&#39;CONNOR</name>
          </talker>
          <para>- I move- </para>
        </talk.start>
        <para>That the second reading of the Bill stand an order of the day for Friday next. </para>
        <para class="block">With reference to some observations which have been made, I may remark that I am only asking for an adjournment till Friday next. When I have made my speech, I shall take care that the different matter&#39;s <inline font-weight="bold">Senator Symon</inline> has referred to shall be attended to, so that honorable senators may have all the information which it is possible to give them in their hands at that time. If it is not practical to give them the information immediately, it will be done as soon after as possible. With regard to the general question of the urging on of the Tariff I need hardly say that I am anxious - as we all are - to expedite business in the utmost possible degree. At the same time, there are modes of expedition ; and when the matter is considered on Friday I shall ask the Senate to do what under all the circumstances is reasonable. </para>
        <para>Question resolved in the affirmative. </para>
      </speech>
    </debate>
    <debate>
      <debateinfo>
        <title>SPECIAL ADJOURNMENT</title>
        <page.no>11890</page.no>
        <type>special adjournment</type>
      </debateinfo>
      <subdebate.1>
        <subdebateinfo>
          <title>Private Members&#39; Business - Standing Orders</title>
          <page.no>11890</page.no>
        </subdebateinfo>
        <speech>
          <talk.start>
            <talker>
              <page.no>11890</page.no>
              <time.stamp />
              <name.id>JYD</name.id>
              <electorate>New South Wales</electorate>
              <party>Protectionist</party>
              <role>Vice-President ofthe Executive Council</role>
              <in.gov>1</in.gov>
              <first.speech>0</first.speech>
              <name role="metadata">O&#39;CONNOR, Richard</name>
              <name role="display">Senator O&#39;CONNOR</name>
            </talker>
            <para>. - I move - </para>
          </talk.start>
          <para>That the Senate at its rising adjourn until Friday next. </para>
          <para class="block">The reasons for making this motion must be obvious. In addition to those which have already been stated, I may add that as far as I am personally concerned, it will he necessary for me to devote all the time between now and Friday to the preparation of the matter which I deem it my duty &#39;to put before the Senate in moving the second reading of the Bill. </para>
        </speech>
        <speech>
          <talk.start>
            <talker>
              <page.no>11890</page.no>
              <time.stamp />
              <name.id>K0F</name.id>
              <electorate>Western Australia</electorate>
              <party />
              <role />
              <in.gov>0</in.gov>
              <first.speech>0</first.speech>
              <name role="metadata">PEARCE, George</name>
              <name role="display">Senator PEARCE</name>
            </talker>
            <para>- Would it not be possible to put in the remainder of the week, between now and Friday, in dealing with private members&#39; business ? The whole of the business appearing on the paper in the names of private members is of some importance. There is the question of assurance against accident, the question of old-age pensions - which is a very live question in all the States - and my own notice ofmotion dealing with the tobacco monopoly. These are all matters of interest to the country. It seems to me that no later opportunity will arise to discuss these questions. Those honorable senators who have come over from South Australia and New SouthWales will be here for the rest of the week. Why drop one sitting day when there is business to be disposed of ? If I had thought we were not to have an opportunity of discussing private members&#39; motions, I should not have put one on the paper. I put it there in the belief that the Senate would give me the first opportunity that arose of dealing with the matter. There is no reason why we should not meet to-morrow. The Vice-President of the Executive. Council need not be here. The Postmaster-General can represent the Government on the questions affected. </para>
          </talk.start>
          <interjection>
            <talk.start>
              <talker>
                <page.no>11890</page.no>
                <time.stamp />
                <name.id>JYD</name.id>
                <electorate />
                <party />
                <role />
                <in.gov>0</in.gov>
                <first.speech>0</first.speech>
                <name role="metadata">O&#39;CONNOR, Richard</name>
                <name role="display">Senator O&#39;Connor</name>
              </talker>
              <para>- Could not the honorable senator occupy his time in studying the Tariff? </para>
            </talk.start>
          </interjection>
          <continue>
            <talk.start>
              <talker>
                <page.no>11891</page.no>
                <time.stamp />
                <name.id>K0F</name.id>
                <electorate />
                <party />
                <role />
                <in.gov>0</in.gov>
                <first.speech>0</first.speech>
                <name role="metadata">PEARCE, George</name>
                <name role="display">Senator PEARCE</name>
              </talker>
              <para>- A good deal of the time .so spent might be wasted, because whatever opinions we arrived  at  by such study might have to l&#62;e modified after hearing the speech of the honorable and learned senator. I am prepared to go on with the  notice  of motion standing in my name. I have been at considerable trouble to collect material which is well worthy of the consideration of the Senate, and I should like the Government to give me an opportunity of discussing it. </para>
            </talk.start>
          </continue>
        </speech>
        <speech>
          <talk.start>
            <talker>
              <page.no>11891</page.no>
              <time.stamp />
              <name.id>K1U</name.id>
              <electorate>New South Wales</electorate>
              <party />
              <role />
              <in.gov>0</in.gov>
              <first.speech>0</first.speech>
              <name role="metadata">PULSFORD, Edward</name>
              <name role="display">Senator PULSFORD</name>
            </talker>
            <para>- I cun warmly sympathize with any honorable senator who is personally interested in a matter appearing on the business-paper, which matter has been delayed from month <inline font-style="italic">to</inline> month. But-the pressure upon us is of such a character as warrants us in asking the honorable senator to be good enough not to press on a rather jaded Senate new business in view of what is before us. There arc also a number of honorable senators who, believing that the Senate was not going to proceed with any business to-day, <inline font-style="italic">arc</inline> not present. Therefore it could not be expected that proper justice would be done to any proposal standing in the  name  of a private member this week, or until the Tariff is finally dealt with. Consequently, in the interest of the very motion to which <inline font-weight="bold">Senator Pearce</inline> refers, it is desirable that <inline font-weight="bold">Senator O&#39;Connor&#39;s</inline> proposal should be agreed to. </para>
          </talk.start>
        </speech>
        <speech>
          <talk.start>
            <talker>
              <page.no>11891</page.no>
              <time.stamp />
              <name.id>KHE</name.id>
              <electorate>Queensland</electorate>
              <party />
              <role />
              <in.gov>0</in.gov>
              <first.speech>0</first.speech>
              <name role="metadata">HIGGS, William</name>
              <name role="display">Senator HIGGS</name>
            </talker>
            <para>- i support the view taken by <inline font-weight="bold">Senator Pearce.</inline> A number of the experienced members of the Senate took rather an unfair advantage of the younger members when private members&#39; day was given up to the Government. Honorable senators like <inline font-weight="bold">Senator Playford,</inline> who, as Ministers of the Crown, have on various occasions found fault with private members for bringing forward  matters which the Government thought were in their particular domain, may dismiss private members&#39; day as quite superfluous. But those of us who look at the subject in a different light, and feel that at any time we may have to bring up a matter concerning our particular States, and may have to do so by the grace of honorable senators who may feel inclined to stop us in the course of our  remarks  - just as I was about to be stopped the other day when I brought up a question on the motion for adjournment - -See the value of private members&#39; day. If there had been a private members&#39; day, I could have brought up the matter in question in the form of a motion, and had it fairlydiscussed . The Government have not treated private members fairly in taking away their day. We could have spent some of our time in the past to more advantage in discussing private members&#39; business than by listening to a recitation of <inline font-style="italic">Tommy</inline> Atking  But there is a more important matter on the business-paper than private members&#39; business. I refer to the Government business &#39; standing under the heading of &#34; standing orders.&#34; In all probability during the discussion on the Tariff, critical situations may arise between the Senate and the House of Representatives. Have the Government any method of dealing with differences between the two Houses <inline font-style="italic">1</inline> Provision is made under the proposed standing orders for dealing with differences of opinion that may arise between the two branches of the Legislature. A fair way of occupying the time would be to discuss the motion on the paper and adopt the proposed new standing orders temporarily. Then everything would go on swimmingly on Friday with- regard to <inline font-weight="bold">Senator O&#39;Connor&#39;s</inline> speech on the Tariff. <inline font-weight="bold">Senator Pulsford</inline> has spoken of the jaded members of this Senate. I am sure that the honorable senator during the last week or so has exhibited a surprising buoyancy. I never sa w him- so &#34;eager for the fray&#34; in ray life - and that notwithstanding the many quarts of midnight oil that he must have consumed in preparing his statistics, averages, percenages,  and so forth. <inline font-weight="bold">Senator Pulsford</inline> is not really a jaded senator, nor are there many other jaded members of the Senate at the present. We may become jaded in a week or two, after we have &#34; got going &#34; upon the Tariff. At present, however, we are quite equal to discussing private members&#39; business and the standing orders, and should then be ready for the Tariff when it comes before us. </para>
          </talk.start>
          <continue>
            <talk.start>
              <talker>
                <page.no>11891</page.no>
                <time.stamp />
                <name.id>JYD</name.id>
                <electorate />
                <party />
                <role />
                <in.gov>0</in.gov>
                <first.speech>0</first.speech>
                <name role="metadata">O&#39;CONNOR, Richard</name>
                <name role="display">Senator O&#39;CONNOR</name>
              </talker>
              <para>
                <inline font-style="italic">-- In</inline>
                <inline font-style="italic">reply</inline>- I fully sympathize with the view which has been expressed relative to private members&#39; business, but I think that if <inline font-weight="bold">Senator Pearce</inline> and <inline font-weight="bold">Senator- Higgs</inline> will reflect for a moment they will agree that the Senate has been occupied on public business, and occupied fruitfully,  during the whole time that it has been sitting. There-has been no opportunity of dealing with private members&#39; business up to the present time. The question which <inline font-weight="bold">Senator Pearce</inline> has to consider is whether he would like the motion standing in his name on the notice-paper - and undoubtedly it is an interesting one, although it may not have any immediate urgency - to be discussed in the thin House which we should have probably if we attempted to discuss private members&#39; business to-morrow. There is a certain amount of private members&#39; business on the noticepaper, but I do not think that any of it is very urgent. It seems to me that it would be hardly fair to bring back the whole Senate simply to consider a few matters which might be better discussed when there was ample time to deal with them. I am fully alive to the fact that a great deal of trouble has been taken in the preparation of the standing orders ; they form a code which I hope the Senate will adopt very soon, but it appears to me that it would be useless to spend any time upon them to-morrow. They require considerable attention, and may-be, before the session closes, we will have time to deal with and carry them. I hope it will be so. At present it seems tome that it would be useless to enter upon their consideration for one day. </para>
            </talk.start>
          </continue>
          <para>Question resolved in the affirmative. </para>
          <para>Senate adjourned at 3.3 p.m. </para>
        </speech>
      </subdebate.1>
    </debate>
  </chamber.xscript>
</hansard>