<?xml version="1.0" encoding="utf-8"?>
<hansard xsi:noNamespaceSchemaLocation="../../hansard.xsd" version="2.1" xmlns:xsi="http://www.w3.org/2001/XMLSchema-instance">
  <session.header>
    <date>1929-08-14</date>
    <parliament.no>11</parliament.no>
    <session.no>1</session.no>
    <period.no>2</period.no>
    <chamber>SENATE</chamber>
    <page.no>1</page.no>
    <proof>0</proof>
  </session.header>
  <chamber.xscript>
    <para class="block">Senate. </para>
    <business.start>
      <day.start>1929-08-14</day.start>
      <para>The Senate met at 3 p.m. </para>
    </business.start>
    <debate>
      <debateinfo>
        <title>SWEARING IN OF SENATORS</title>
        <page.no>1</page.no>
        <type>miscellaneous</type>
      </debateinfo>
      <para>The Right Honorable <inline font-weight="bold">Sir Adrian</inline> Knox, P.O.,  K.C.M.G.,  Chief Justice of the High Court of Australia, appointed by <inline font-weight="bold">His Excellency Sir Dudley</inline> de Chair,  K.C.B.,  M.V.O., the  Deputy  of  His Excellency  the Right Honorable Lord Stonehaven, P.O., G.C.M.G., D.S.O., GovernorGeneral of the Commonwealth of Australia, to attend and swear in newlyelected senators, entered theChamber and, taking his seat on the dais, directed the  Clerk  to read his commission to administer the oath or affirmation of allegiance to senators. </para>
      <para class="italic">
        <inline font-style="italic">Commission read by the</inline>Clerk. </para>
      <para>The  Clerk  produced and laid on the table the writs and certificates of return for members elected on 17th. November, 1928, to serve in the Senate as senators for their respective States. </para>
      <para>The following honorable senators made and subscribed the oath or affirmation of allegiance :  - </para>
      <subdebate.1>
        <subdebateinfo>
          <title>New South Wales. - James Patrick Digger Dunn, Arthur Rae</title>
          <page.no>1</page.no>
        </subdebateinfo>
      </subdebate.1>
      <subdebate.1>
        <subdebateinfo>
          <title>Queensland. - Thomas William Crawford, Hattil Spencer Foil, Matthew Reid</title>
          <page.no>1</page.no>
        </subdebateinfo>
      </subdebate.1>
      <subdebate.1>
        <subdebateinfo>
          <title>South Australia. - Albert Alfred Hoare</title>
          <page.no>1</page.no>
        </subdebateinfo>
      </subdebate.1>
      <subdebate.1>
        <subdebateinfo>
          <title>Tasmania. - James Ernest Ogden, John Blyth Hayes, Herbert Hays</title>
          <page.no>1</page.no>
        </subdebateinfo>
      </subdebate.1>
      <subdebate.1>
        <subdebateinfo>
          <title>Victoria. - John Barnes, Harry Sutherland Wightman Lawson, Robert Charles Dunlop Elliott</title>
          <page.no>1</page.no>
        </subdebateinfo>
      </subdebate.1>
      <subdebate.1>
        <subdebateinfo>
          <title>Western Australia. - Sir Hal Pateshal! Colebatch, Edward Bertram Johnston, Walter Kingsmill</title>
          <page.no>1</page.no>
        </subdebateinfo>
        <para>The  Chief Justice  having retired, </para>
      </subdebate.1>
    </debate>
    <debate>
      <debateinfo>
        <title>ELECTION OF PRESIDENT</title>
        <page.no>1</page.no>
        <type>miscellaneous</type>
      </debateinfo>
      <para>
        <inline font-weight="bold">Senator Sir</inline>GEORGE PEARCE  (Western Australia - Vice-President of the Executive Council &#91;3.16&#93;. - I acquaint the Senate that the time has now arrived for honorable senators to elect a member of the Senate as its  President.  I move - </para>
      <quote>
        <para>That <inline font-weight="bold">Senator Kingsmill</inline> do take the Chair of this Senate as  President. </para>
      </quote>
      <interjection>
        <talk.start>
          <talker>
            <page.no>1</page.no>
            <time.stamp />
            <name.id>KLU</name.id>
            <electorate />
            <party />
            <role />
            <in.gov>0</in.gov>
            <first.speech>0</first.speech>
            <name role="metadata">GLASGOW, William</name>
            <name role="display">Senator Sir William Glasgow</name>
          </talker>
          <para>-I  second the motion. </para>
        </talk.start>
      </interjection>
      <speech>
        <talk.start>
          <talker>
            <page.no>1</page.no>
            <time.stamp />
            <name.id>KPQ</name.id>
            <electorate>WESTERN AUSTRALIA</electorate>
            <party />
            <role />
            <in.gov>0</in.gov>
            <first.speech>0</first.speech>
            <name role="metadata">KINGSMILL, Walter</name>
            <name role="display">Senator KINGSMILL</name>
          </talker>
          <para>- I beg to express my sense of appreciation of the honor proposed to be conferred on me, and to submit myself to the Senate. </para>
        </talk.start>
        <para>
          <inline font-weight="bold">Senator</inline>KINGSMILL  being the only honorable senator proposed as  President,  was conducted to the dais and said - </para>
        <para>It was no empty form of words that I employed just now when I expressed my high appreciation of the honor to be conferred upon me. The position of  President  of the Senate is a high, honorable and responsible one, and I approach it with a full sense of the responsibilities that attach to it. I hope that I may be able always to keep intact the rights and privileges of honorable senators and to preserve the dignity of the Chamber. I remind honorable senators, however, that these ideals are impossible of accomplishment without their assistance and I therefore pray their aid in my effort to achieve them. </para>
      </speech>
      <speech>
        <talk.start>
          <talker>
            <page.no>1</page.no>
            <time.stamp />
            <name.id>K0F</name.id>
            <electorate>Western Australia</electorate>
            <party>NAT</party>
            <role>Vice-President of the Executive Council</role>
            <in.gov>1</in.gov>
            <first.speech>0</first.speech>
            <name role="metadata">PEARCE, George</name>
            <name role="display">Senator Sir GEORGE PEARCE</name>
          </talker>
          <para>&#91;3.22&#93;.- -On behalf of honorable senators on this side of the chamber, I desire, sir, to extend to you our congratulations on the honour that has been conferred upon you by the Senate in electing you as its  President.  The position, as you have said, is one of grave responsibility and great dignity. We recognize that it is our duty as senators to assist you to discharge the obligations of your position, and to uphold the dignity of the Senate by bowing to your decisions and by cooperating with you in the observance of the Standing Orders. I trust that during your term of office, <inline font-weight="bold">Mr. President,</inline> you will have the help of every honorable senator, and feel sure that your interpretation of the Standing Orders will be conducive to the efficient discharge of public business. </para>
        </talk.start>
        <para>SenatorDALY (South Australia) &#91;3.23&#93; . -On behalf of the members of the Opposition I desire to convey to you,- sir, our congratulations upon your election to the presidential chair. I endorse everything that has been said by the Leader of the Government in the Senate <inline font-weight="bold">(Senator Sir George Pearce)</inline> but I feel that some explanation is necessary as to why there was no other nomination for the position. </para>
        <para class="block">In the first place it is &#39; recognized that our numbers on this side of the chamber are small and for that reason we could not afford to nominate one of our members for the office of  President.  Another reason is that it was common knowledge that ministerial supporters had unanimously decided to support your election. Concerning that decision we have no complaint to make. There was no personal feeling in the minds of members of the Opposition concerning any of the three ministerial candidates for the position; any one of them would have been equally acceptable to us. We congratulate you, sir, on being the elect of your party. We recognize that on the floor of the chamber you were a faithful supporter of the Government, and for that support you were selected by your party for the very high and honorable position&#39; to whichyou have just been elected by the Senate. I assure you that during your term of office the Opposition will do everything it can to enable you to achieve the ideals at which you aim. You will receive our loyal support and we feel confident that you will carry out your duties with absolute impartiality. On behalf of the Opposition I sincerely and heartily congratulate you on your election. </para>
        <para>The <inline font-weight="bold">PRESIDENT (Senator the Hon. W. Kingsmill)</inline> &#91;3.25&#93;. - I thank honorable senators for their kind wishes and for the promises of support which I have been accorded. </para>
        <para class="block">
          <inline font-weight="bold">Senator Sir</inline>GEORGE PEARCE  (Western Australia - Vice-President of the Executive Council) &#91;3.26&#93;. - I desire to announce that  His Excellency  the  Deputy  of the Governor-General will be pleased to receive <inline font-weight="bold">Mr. President,</inline> and such honorable senators as may wish to accompany him in the Parliamentary Library at 5 o&#39;clock.  </para>
      </speech>
      <speech>
        <talk.start>
          <talker>
            <page.no>2</page.no>
            <time.stamp />
            <name.id>10000</name.id>
            <electorate />
            <party />
            <role />
            <in.gov>0</in.gov>
            <first.speech>0</first.speech>
            <name role="metadata">PRESIDENT, The</name>
            <name role="display">The PRESIDENT</name>
          </talker>
          <para>-I shall suspend the sitting until 4.55 p.m., and will be glad if those honorable senators who wish to accompany me to the  Deputy  of the Governor-General will assemble at the time mentioned. </para>
        </talk.start>
        <para class="italic">
          <inline font-style="italic">Sitting suspended from 8.86 to 4.55 p.m.</inline>
        </para>
      </speech>
      <speech>
        <talk.start>
          <talker>
            <page.no>2</page.no>
            <time.stamp />
            <name.id>KPQ</name.id>
            <electorate>WESTERN AUSTRALIA</electorate>
            <party />
            <role />
            <in.gov>0</in.gov>
            <first.speech>0</first.speech>
            <name role="metadata">KINGSMILL, Walter</name>
            <name role="display">The PRESIDENT (Senator the Hon W Kingsmill</name>
          </talker>
          <para>- I remind honorable senators that the time has now arrived when it is necessary topresent the newlyelected  President  to  His Excellency  the  Deputy  of the Governor-General. I ask, therefore, that as many honorable senators as wish to do so will accompany me to the Library, where the presentation will take place. I shall now leave the Chair until the presentation is over, which time will be notified by the ringing of the bells. </para>
        </talk.start>
        <para class="italic">
          <inline font-style="italic">Sitting suspended at5 p.m.</inline>
        </para>
        <para>The <inline font-weight="bold">PRESIDENT (Senator the Hon. W. Kingsmill)</inline> took the Chair at 5.1 5 p.m. and read  prayers. </para>
        <continue>
          <talk.start>
            <talker>
              <page.no>2</page.no>
              <time.stamp />
              <name.id>10000</name.id>
              <electorate />
              <party />
              <role />
              <in.gov>0</in.gov>
              <first.speech>0</first.speech>
              <name role="metadata">PRESIDENT, The</name>
              <name role="display">The PRESIDENT</name>
            </talker>
            <para>- I have to announce to the Senate that, accompanied by honorable senators, I, this day, presented myself to the  Deputy  of the GovernorGeneral as . the person chosen by the Senate.  His Excellency  was pleased to congratulate me upon my election and to approve of the choice of the Senate. </para>
          </talk.start>
        </continue>
      </speech>
    </debate>
    <debate>
      <debateinfo>
        <title>PAPERS</title>
        <page.no>2</page.no>
        <type>papers</type>
      </debateinfo>
      <para>The following papers were presented :  - </para>
      <quote>
        <para> Report of Commissioner appointed  to  inquire into and report upon matters relating  to  Mass Meetings  of  Natives at Malaguna Mission Stations, Rabaul (January, 1929) ; together with Transcript of Evidence. </para>
        <para>Royal Commission on the Finances of South Australia as affected by Federation; Report, together win Appendices. </para>
        <para>Power Development in Australia. - Report by Alex. J. Gibson, M.E., M.Inst. C.E., M.I.E. Aust. </para>
        <para>Overseas Shipping Conference convened by - the Right Hon. the Prime Minister of Australia. - Report. </para>
        <para>Conference of Commonwealth and State Ministers, held at Canberra, May,1 929. - Proceedings and Decisions of the Conference. </para>
        <para>Air Inquiry Committee in connexion with the flights of Aeroplanes &#34;Southern Cross &#34; and &#34; Kookaburra&#34;, March-April, 1929. - Report </para>
        <para>Losses due to Soldier Settlement. - Report by <inline font-weight="bold">Mr. Justice</inline> Pike. </para>
        <para>Arbitration (Public Service) Act - Determinations by the Arbitrator, <inline font-style="italic">Ac: -</inline></para>
      </quote>
      <para>No. 6 of 1929 - Commonwealth Public Service Artisans&#39; Association. </para>
      <para>No. 7 of 1929 - Commonwealth Public Service Clerical Association. </para>
      <para>No. 8 of 1929 - Commonwealth Public Service Clerical Association. </para>
      <para>No. 9 of 1929- Amalgamated Postal Workers&#39; Union of Australia. </para>
      <para>No. 10 of 1929- Federated Public Service Assistants&#39; Association of Australia, </para>
      <para>No. 11 of 1929 - Commonwealth Medical Officers&#39; Association. </para>
      <para>No. 12 of 1929- -Fourth Division Officers&#39; Association of the Trade and Customs Department. </para>
      <para>No. 13 of 1929 - Commonwealth Public Service Artisans&#39; Association. </para>
      <para>No. 14 of 1929 - Australian Third Division Telegraphists and Postal Clerks&#39; Union. </para>
      <para>No. 15 of 1929 - Arms, Explosives and Munition Workers&#39; Federation of Australia, Amalgamated Engineering Union and Australasian Society of Engineers. </para>
      <para>No. 16 of 1929 - Arms, Explosives and Munition Workers&#39; Federation of Australia. </para>
      <para>No. 17 of 1929 - Amalgamated Postal Workers&#39; Union of Australia. </para>
      <para>No. 18 of 1929 - Amalgamated Postal Workers&#39; Union of Australia. </para>
      <para>Audit Act - </para>
      <para>Regulations amended - Statutory&#39; Rules 1929, No. 31- No. 33- No. 68. </para>
      <para>Transfers of amounts approved by the Governor-General in Council - Financial Year 1928-29 - </para>
      <para>Dated 22nd March, 1929. </para>
      <para>Dated6th June, 1929. </para>
      <para>Development and Migration Act - Develop ment and Migration Commission - Second Annual Report, period ended 31st December, 1928. </para>
      <para class="block">Estate Duty Assessment Act - Regulations amended - Statutory Rules 1929, No. 32. </para>
      <para class="block">Housing Act - Regulations amended - Statutory Rules 1929, No. 46. </para>
      <para class="block">Land Tax Assessment Act - Regulations amended - Statutory Rules 1929, No. 45. </para>
      <para class="block">New Guinea Act - Ordinances of 1929 - </para>
      <para class="block">No. 3 - Electric Light and Power. </para>
      <para class="block">No. 4 - Laws Repeal and Adopting. </para>
      <para class="block">No. 5 - Public Service. </para>
      <para class="block">No.6 - Land. </para>
      <para class="block">No. 7 - Administrator&#39;s Powers. </para>
      <para class="block">No. 8 - Explosives (No. 2). </para>
      <para class="block">No. 9- Supply (No. 1) 1929-30. </para>
      <para class="block">No. 10 - Superannuation. </para>
      <para class="block">Norfolk Island Act - Ordinance No. 5 of 1929 - Customs. </para>
      <para class="block">Public Service Act - </para>
      <para>Appointments - Department of - </para>
      <para>Health- W. W. Hurst; <inline font-style="italic">G.</inline> R. Osborn. </para>
      <para>Home Affairs- R. W. McNair. </para>
      <para>Postmaster-General - A. J. McKenzie. </para>
      <para>Treasury - L. F. Johnston. </para>
      <para>Regulations amended - Statutory Rules 1928, No. 113; 1929, No. 36- No. 66- No. 67. </para>
      <para>Treaty of Peace (Germany) Act - Regulations amended - Statutory Rules 1929, No. 73. </para>
      <para>Commerce (Trade Descriptions) Act - Regulations amended - Statutory Rules 1929, No. 37. </para>
      <para class="block">Cotton Bounty Act - Return for 1928-29. </para>
      <para class="block">Excise Act - Regulations amended - Statutory Rules 1929, No. 74. </para>
      <para class="block">Iron and Steel Products Bounty Act - Return for 1928-29. </para>
      <para class="block">Lands Acquisition Act - Land acquired at - Fitzroy, Victoria - For Public purposes. Launceston, Tasmania - For Postal purposes. </para>
      <para>Tully, Queensland - For Postal purposes. </para>
      <para class="block">Papua and New Guinea Bounties Act - Return for 1928-29. </para>
      <para class="block">Post and Telegraph Act - Regulations amended, &#38;c. - </para>
      <para class="block">Statutory Rules 1928, No. 97- No. 99- No. 123; 1929, No. 14- No. 15- No. 16- No. 65- No. 80. </para>
      <para class="block">Power Alcohol Bounty Act - Return for 1928-29. </para>
      <para class="block">Shale Oil Bounty Act - Return for 1928-29. </para>
      <para class="block">Sulphur Bounty Act - Return for 1928-29. </para>
      <para class="block">Wine Export Bounty Act - Return for 1928-29. </para>
      <para>Wireless Telegraphy Act - Regulations amended- Statutory Rules 1928, No. 129. </para>
      <para>Elections and Referendums - Statistical Returns in relation to Senate Elections, 1928; General Elections for the House of Representatives, 1928; and submission to Electors of Proposed Law for alteration of Constitution, entitled &#34; Constitution Alteration (State Debts) 1928&#34;; together with Summaries of Elections and Referendums, 1903-1928. </para>
      <para>Elections, 1928 - Statistical Returns showing Voting within each Subdivision in relation to Senate Election, 1928, and General Elections for the House of Representatives,. 1928, for the State of Victoria. </para>
      <para class="block">Northern Territory Election, 8th December, 1928 - DetailedReturn. </para>
      <para class="block">Air Force Act - Regulations amended - Statutory Rules 1929, No. 75. </para>
      <para class="block">Air Navigation Act - Regulations amended, &#38;c- Statutory Rules 1929, No. 48- No. 49. </para>
      <para>Australian Imperial Force Canteens Funds Act- Ninth Annual Report, 1st July, 1928, to 30th June, 1929. </para>
      <para>Defence Act - Regulations amended, &#38;c. - Statutory Rules 1929, No. 29- No. 34- No. 38- No. 51- No. 59- No. 70- No. 71. </para>
      <para>Electoral Act - Regulations (Joint Electoral Rolls)- Statutory Rules 1929, No. 57- No. 78. </para>
      <para class="block">Naval Defence Act - Regulations amended - Statutory Rules 1929, No. 35 - No. 64- No. 72. </para>
      <para class="block">Northern Australia Act - </para>
      <para class="block">Central Australia - </para>
      <para class="block">Ordinances of 1929 - </para>
      <para class="block">No. 4. - Public Service. </para>
      <para class="block">No. 5. - Interpretation. </para>
      <para class="block">No. 6 - Printers and Newspapers. </para>
      <para class="block">No. 7. - Birds Protection. </para>
      <para class="block">No. 8. - Supreme Court of Central Australia. </para>
      <para class="block">No. 9 - Registration of Births and Deaths. </para>
      <para>Crown Lands Ordinance - Regulations. </para>
      <para>North Australia - </para>
      <para>Ordinances of 1929 - </para>
      <para>No. 5 - Public Service. </para>
      <para>No. 6. - Interpretation. </para>
      <para>No. 7 - Printers and Newspapers. </para>
      <para>No. 8 - Birds Protection. </para>
      <para>No. 9 - Supreme Court of North Australia. </para>
      <para>No. 10. - Registration of Births and Deaths. </para>
      <para>Crown Lands Ordinance - Regulations. </para>
      <para>Quarantine Act - Regulations amended - </para>
      <para>Statutory Rules 1929, No. 50- No. 82. </para>
      <para>Seat of Government Acceptance Act and Seat of Government (Administration) Act- </para>
      <para>Ordinance of 1928- No. 21 - Public Health. </para>
      <para>Ordinances of 1929 - </para>
      <para>No. 3 - Queanbeyan Lease. </para>
      <para>No. 4 - Lotteries and Art Unions. </para>
      <para>No. 5 - Rates. </para>
      <para>No.6 - Amendments Incorporation. </para>
      <para>No. 7 - Interpretation. </para>
      <para>No. 8- Meat. </para>
      <para>No. 9 - Weights and Measures. </para>
      <para>No. 10 - Federal Capital Commission&#39;s Arms. </para>
      <para>No.11- Statistics. </para>
      <para>No. 12- Rates (No. 2). </para>
      <para>No. 13 - City Area Leases. </para>
      <para>No. 14 - Leases (Special Purposes). </para>
      <para>No. 15 - Liquor. </para>
      <para>Seat of Government (Administration) Act - Public Bathing By-laws. </para>
      <para>Regulations amended - Statutory Rules 1929, No. 30. </para>
      <para>Order for variation of plan of layout of the City of Canberra and its environs, dated 24th April, 1929. </para>
      <para>Export Guarantee Act - Returns showing assistance granted - </para>
      <para>To 31st March, 1929. </para>
      <para>To 30th June, 1929. </para>
      <para>Railways Act - By-law No. 52. </para>
    </debate>
    <debate>
      <debateinfo>
        <title>BEAM WIRELESS</title>
        <page.no>4</page.no>
        <type>miscellaneous</type>
      </debateinfo>
      <para>Penny-a- Word Messages - Report of Select Committee. </para>
      <para>Motion (by <inline font-weight="bold">Senator Herbert</inline> Hays) <inline font-style="italic">-by leave</inline> - agreed to - </para>
      <quote>
        <para>That the time for bringing up the report from the Select Committee appointed to inquire into and report upon the desirability and commercial possibility of sending messages from Australia to England over the Beam Wireless at a pennya word be extended to this day week. </para>
      </quote>
      <speech>
        <talk.start>
          <talker>
            <page.no>4</page.no>
            <time.stamp />
            <name.id>KOJ</name.id>
            <electorate>Tasmania</electorate>
            <party />
            <role />
            <in.gov>0</in.gov>
            <first.speech>0</first.speech>
            <name role="metadata">HAYS, Herbert</name>
            <name role="display">Senator HERBERT HAYS</name>
          </talker>
          <para>. - I bring up the report of the Select Committee, together with minutes of proceedings and minutes of evidence, and move - </para>
        </talk.start>
        <quote>
          <para>That the report be printed. </para>
        </quote>
        <para>Motion agreed to. </para>
      </speech>
    </debate>
    <debate>
      <debateinfo>
        <title>CHAIRMAN OF COMMITTEES</title>
        <page.no>4</page.no>
        <type>miscellaneous</type>
      </debateinfo>
      <para>Motion (by <inline font-weight="bold">Senator Sir George</inline> Pearce) agreed to - </para>
      <quote>
        <para>That <inline font-weight="bold">Senator Plain</inline> be appointed  Chairman  of Committees of the Senate. </para>
      </quote>
    </debate>
    <debate>
      <debateinfo>
        <title>LEADER AND DEPUTY-LEADER OF THE OPPOSITION- WHIP</title>
        <page.no>4</page.no>
        <type>miscellaneous</type>
      </debateinfo>
      <speech>
        <talk.start>
          <talker>
            <page.no>4</page.no>
            <time.stamp />
            <name.id>JTL</name.id>
            <electorate>South Australia</electorate>
            <party />
            <role />
            <in.gov>0</in.gov>
            <first.speech>0</first.speech>
            <name role="metadata">DALY, John</name>
            <name role="display">Senator DALY</name>
          </talker>
          <para>. - <inline font-style="italic">(By leave)</inline> - For the information of honorable senators I desire to intimate that I have been elected Leader of the Opposition in the Senate, that <inline font-weight="bold">Senator Dooley</inline> has been elected as  Deputy  Leader, and that <inline font-weight="bold">Senator Dunn</inline> has been elected Opposition Whip. </para>
        </talk.start>
      </speech>
      <speech>
        <talk.start>
          <talker>
            <page.no>4</page.no>
            <time.stamp />
            <name.id>K0F</name.id>
            <electorate>Western Australia</electorate>
            <party>NAT</party>
            <role>Vice-President of the Executive Council</role>
            <in.gov>1</in.gov>
            <first.speech>0</first.speech>
            <name role="metadata">PEARCE, George</name>
            <name role="display">Senator Sir GEORGE PEARCE</name>
          </talker>
          <para>&#91;5.28&#93;. - On behalf of honorable senators representing the Government I congratulate Senators Daly and Dooley upon their appointment as Leader and Deputy-Leader respectively of the Opposition in the Senate. With some trepidation, I venture to repeat the hoary chestnut that has been so frequently heard in various parliaments: that we trust that they may long continue to adorn those positions. In British Parliamentary procedure the Leader of the Opposition has a very important function to perform, and I am confident that <inline font-weight="bold">Senator Daly</inline> will exercise his undoubted gifts in the performance of his duties. I trust that, in our respective capacities, we shall be successful in preserving the high standard of debate that has characterized the proceedings of the Senate in the past and that, in differing, we may do so impersonally. I assure <inline font-weight="bold">Senator Daly</inline> that he will receive from the Government and its supporters that consideration which is the right of the Leader of the Opposition, even though he is representing a minority. The rights of minorities should be respected, and I hope that the time will never come when in a British Parliament a minority will be denied an opportunity to state its case. </para>
        </talk.start>
      </speech>
    </debate>
    <debate>
      <debateinfo>
        <title>ASSENT TO BILLS</title>
        <page.no>4</page.no>
        <type>bill</type>
      </debateinfo>
      <para class="block">Assent to the following bills reported :  - </para>
      <para>Wine Overseas Marketing Bill 1929. </para>
      <para>Wine Grapes Charges Bill 1929. </para>
      <para>Supply Bill (No. 1) 1929-30. </para>
      <para>Economic Research Bill 1929. </para>
      <para>Seat of Government Acceptance Bill 1929. </para>
      <para>Income Tax Assessment Bill 1929. </para>
      <para>Dried Fruits Export Charges Bill 1929. </para>
      <para>War Service Homes Bill 1929. </para>
      <para>Australian Soldiers&#39; Repatriation Bill 1929. </para>
      <para>Dairy Produce Export Charges Bill 1929. </para>
      <para>Canned Fruits Export Charges Bill 1929. </para>
      <para>National Debt Sinking Fund Bill 1929. </para>
    </debate>
    <debate>
      <debateinfo>
        <title>SENATE ELECTION FOR VICTORIA</title>
        <page.no>5</page.no>
        <type>miscellaneous</type>
      </debateinfo>
      <subdebate.1>
        <subdebateinfo>
          <title>Disputed Returns: Petition to High Court</title>
          <page.no>5</page.no>
        </subdebateinfo>
        <speech>
          <talk.start>
            <talker>
              <page.no>5</page.no>
              <time.stamp />
              <name.id>KPQ</name.id>
              <electorate />
              <party />
              <role />
              <in.gov>0</in.gov>
              <first.speech>0</first.speech>
              <name role="metadata">PRESIDENT, The</name>
              <name role="display">The PRESIDENT (Senator the Hon W Kingsmill</name>
            </talker>
            <para>- I have to inform the Senate that, in accordance with section 196 of the Electoral Act, the Principal Registrar of the High Court has forwarded to the  Clerk  of the. Senate a copy of the Order of the Court of Disputed Returns made on the 13th day of March, 1929, in the matter of the petitions filed respectively by Albert E. H. Blakey and Edward Findley, together with a copy of the reasons for judgment. </para>
          </talk.start>
        </speech>
      </subdebate.1>
    </debate>
    <debate>
      <debateinfo>
        <title>THE LATE RIGHT HONORABLE ANDREW FISHER</title>
        <page.no>5</page.no>
        <type>miscellaneous</type>
      </debateinfo>
      <speech>
        <talk.start>
          <talker>
            <page.no>5</page.no>
            <time.stamp />
            <name.id>10000</name.id>
            <electorate />
            <party />
            <role />
            <in.gov>0</in.gov>
            <first.speech>0</first.speech>
            <name role="metadata">PRESIDENT, The</name>
            <name role="display">The PRESIDENT</name>
          </talker>
          <para>- The following letter was received by my predecessor from <inline font-weight="bold">Mrs. Fisher</inline> in connexion with the resolution of sympathy passed on the occasion of the death of her Husband, the late Right Honorable Andrew Fisher: - 57, South Hill Park, Hampstead, N.W. </para>
        </talk.start>
        <para class="block">DearSir John, - </para>
        <para>I should like to thank you for your kind thought insending me the bound copy which you signed and the six facsimiles of the resolution moved in the Senate by SirGeorge Pearce, and seconded by <inline font-weight="bold">Senator Needham.</inline> We shall treasure them. </para>
        <para>Yours sincerely, (Signed) Margaret Fisher. </para>
        <para>THE LATE HONORABLEJ.H. McCOLL. </para>
        <continue>
          <talk.start>
            <talker>
              <page.no>5</page.no>
              <time.stamp />
              <name.id>10000</name.id>
              <electorate />
              <party />
              <role />
              <in.gov>0</in.gov>
              <first.speech>0</first.speech>
              <name role="metadata">PRESIDENT, The</name>
              <name role="display">The PRESIDENT</name>
            </talker>
            <para>- I have also to announce that the following letter has been received from <inline font-weight="bold">Mrs. McColl</inline> in response to the resolution - of sympathy passed by the Senate on the occasion of the death of her husband, the late  Hon.  J. H. McColl 8 Second Avenue, East Kew, E4, </para>
          </talk.start>
        </continue>
        <para>March 21,1929. </para>
        <para>
          <inline font-weight="bold">Sir John</inline>Newlands,  President  of the Senate, (the Parliament of the Commonwealth), Canberra. </para>
        <para class="block">Dear <inline font-weight="bold">Sir, -</inline></para>
        <para>Would you kindly convey to the members of the Senate the grateful thanks of myself andmy family for the sympathy which they extended to us on the death of my husband. It was very fitting, and a great consolationto us all to know that a tribute to his public service was recorded in the Senate. I will be honoured to receive the bound copy of the resolution of the two Houses, as a lasting reminder of his service to the Commonwealth. </para>
        <para class="block">Believe me, </para>
        <para class="block">I am, </para>
        <para>Yours sincerely, (Signed) Sadie McColl. </para>
      </speech>
    </debate>
    <debate>
      <debateinfo>
        <title>PUBLIC WORKS COMMITTEE</title>
        <page.no>5</page.no>
        <type>miscellaneous</type>
      </debateinfo>
      <speech>
        <talk.start>
          <talker>
            <page.no>5</page.no>
            <time.stamp />
            <name.id>10000</name.id>
            <electorate />
            <party />
            <role />
            <in.gov>0</in.gov>
            <first.speech>0</first.speech>
            <name role="metadata">PRESIDENT, The</name>
            <name role="display">The PRESIDENT</name>
          </talker>
          <para>- I have to announce that I have received a letter from <inline font-weight="bold">Senator Payne</inline> tendering his resignation as a member of the Public Works Committee. </para>
        </talk.start>
        <para>Motion (by <inline font-weight="bold">Senator Sir George</inline> Pearce) - agreed to - </para>
        <quote>
          <para>That <inline font-weight="bold">Senator Payne</inline> be discharged from attendance as a member of the Parliamentary Standing Committee on Public Works. </para>
        </quote>
        <para>Motion (by <inline font-weight="bold">Senator Sir George</inline> Pearce) - <inline font-style="italic">by leave</inline> - agreed to - </para>
        <quote>
          <para>That in accordance with the provisions of the Commonwealth Public Works Committee Act 1913-21 the following senator be appointed to fill the vacancy on the Parliamentary Standing Committee on Public Works, namely, <inline font-weight="bold">Senator Sampson.</inline></para>
        </quote>
      </speech>
    </debate>
    <debate>
      <debateinfo>
        <title>PUBLIC ACCOUNTS COMMITTEE</title>
        <page.no>5</page.no>
        <type>miscellaneous</type>
      </debateinfo>
      <speech>
        <talk.start>
          <talker>
            <page.no>5</page.no>
            <time.stamp />
            <name.id>10000</name.id>
            <electorate />
            <party />
            <role />
            <in.gov>0</in.gov>
            <first.speech>0</first.speech>
            <name role="metadata">PRESIDENT, The</name>
            <name role="display">The PRESIDENT</name>
          </talker>
          <para>- I have to announce that I have received a letter from <inline font-weight="bold">Senator Kingsmill,</inline> tendering his resignation as a member of the Joint Committee of Public Accounts. </para>
        </talk.start>
        <para>Motion (by <inline font-weight="bold">Senator Sir George</inline> Pearce) - <inline font-style="italic">by leave</inline> - agreed to - </para>
        <quote>
          <para>That <inline font-weight="bold">Senator Kingsmill</inline> be discharged from attendance as a . member of the Joint Committee of Public Accounts. </para>
        </quote>
        <para>Motion (by <inline font-weight="bold">Senator Sir George</inline> Pearce) - <inline font-style="italic">by leave</inline> - agreed to - </para>
        <quote>
          <para>That in accordance with the provisions of the Committee of Public Accounts Act 1913-20 the following senator be appointed to fill the vacancy on the Joint Committee of Public Accounts, namely, <inline font-weight="bold">Senator Thompson.</inline></para>
        </quote>
      </speech>
    </debate>
    <debate>
      <debateinfo>
        <title>SPECIAL ADJOURNMENT</title>
        <page.no>5</page.no>
        <type>special adjournment</type>
      </debateinfo>
      <speech>
        <talk.start>
          <talker>
            <page.no>5</page.no>
            <time.stamp />
            <name.id>K0F</name.id>
            <electorate>Western Australia</electorate>
            <party>NAT</party>
            <role>Vice-President of the Executive Council</role>
            <in.gov>1</in.gov>
            <first.speech>0</first.speech>
            <name role="metadata">PEARCE, George</name>
            <name role="display">Senator Sir GEORGE PEARCE</name>
          </talker>
          <para>&#91;5.39&#93;. - I move - </para>
        </talk.start>
        <quote>
          <para>That the Senate, at its rising, adjourn until Wednesday next. </para>
        </quote>
        <para class="block">My reason for moving this motion is that a motion of censure has been moved in another place. The usual parliamentary practice is for the Senate to adjourn while such a motion is under consideration. </para>
        <para class="block">Question resolved in the affirmative. </para>
      </speech>
    </debate>
    <debate>
      <debateinfo>
        <title>ADJOURNMENT</title>
        <page.no>6</page.no>
        <type>adjournment</type>
      </debateinfo>
      <para>Motion (by <inline font-weight="bold">Senator Sir George</inline> Pearce) proposed - </para>
      <quote>
        <para>That the Senate do now adjourn. </para>
      </quote>
      <speech>
        <talk.start>
          <talker>
            <page.no>6</page.no>
            <time.stamp />
            <name.id>KNF</name.id>
            <electorate>NEW SOUTH WALES</electorate>
            <party>NAT</party>
            <role />
            <in.gov>0</in.gov>
            <first.speech>0</first.speech>
            <name role="metadata">MASSY-GREENE, Walter</name>
            <name role="display">Senator GREENE</name>
          </talker>
          <para>. - I should like the Leader of the Government to give honorable senators, if he can, an indication of the business that will be brought before them when they reassemble. If merely formal matters are to be submitted, it is questionable whether some honorable senators will think it necessary to make the journey to Canberra for that sitting. </para>
        </talk.start>
      </speech>
      <speech>
        <talk.start>
          <talker>
            <page.no>6</page.no>
            <time.stamp />
            <name.id>K0F</name.id>
            <electorate>Western Australia</electorate>
            <party>NAT</party>
            <role>Vice-President of the Executive Council</role>
            <in.gov>1</in.gov>
            <first.speech>0</first.speech>
            <name role="metadata">PEARCE, George</name>
            <name role="display">Senator Sir GEORGE PEARCE</name>
          </talker>
          <para>&#91;5.41&#93;. - The business will be the introductory steps that must be taken to place bills and other business on the notice-paper. These formal steps obviously have to be taken before we can deal with any business. I have to-day given notice of the introduction of the Life Insurance Rill. It will be brought down at our next sitting, and I hope that before the end of the week we shall be able to discuss it. Other business will also be introduced. </para>
        </talk.start>
        <para>Question resolved in the affirmative. </para>
      </speech>
    </debate>
    <adjournment>
      <adjournmentinfo>
        <page.no>6</page.no>
        <time.stamp>17:42:00</time.stamp>
      </adjournmentinfo>
      <para>Senate  adjourned  at5.42  p.m. </para>
    </adjournment>
  </chamber.xscript>
</hansard>
