<?xml version="1.0" encoding="utf-8"?>
<hansard xsi:noNamespaceSchemaLocation="../../hansard.xsd" version="2.1" xmlns:xsi="http://www.w3.org/2001/XMLSchema-instance">
  <session.header>
    <date>1977-03-08</date>
    <parliament.no>30</parliament.no>
    <session.no>2</session.no>
    <period.no>1</period.no>
    <chamber>SENATE</chamber>
    <page.no>1</page.no>
    <proof>0</proof>
  </session.header>
  <chamber.xscript>
    <para class="block">COMMONWEALTH OF AUSTRALIA </para>
    <para>The Senate, on 25 February 1977, adjourned to 8 March 1977. By proclamation, the Parliament was prorogued by His Excellency the Governor-General on 28 February 1977, until 8 March 1977. The Second Session commenced on that day. </para>
    <para class="block">PARLIAMENTARY DEBATES </para>
    <para>SENATE </para>
    <para>Hansard </para>
    <para class="block">1977 </para>
    <para class="block">SECOND SESSION OF THE THIRTIETH PARLIAMENT </para>
    <para class="block">(FIRST PERIOD) </para>
    <business.start>
      <day.start>1977-03-08</day.start>
    </business.start>
    <debate>
      <debateinfo>
        <title>PROCLAMATION</title>
        <page.no>1</page.no>
        <type>proclamations</type>
      </debateinfo>
      <para>The Senate met at 3 p.m., pursuant to the proclamation of His Excellency the GovernorGeneral. </para>
      <para>The <inline font-weight="bold">PRESIDENT (Senator the Hon. Condor Laucke)</inline> took the chair. </para>
      <para>The  Clerk  read the proclamation. </para>
      <para>The Usher of the Black Rod announced the arrival of Her Majesty the Queen and His Royal Highness The Duke of Edinburgh. </para>
    </debate>
    <debate>
      <debateinfo>
        <title>OPENING OF THE SESSION</title>
        <page.no>1</page.no>
        <type>miscellaneous</type>
      </debateinfo>
      <para>
        <inline font-weight="bold">Her</inline>Majesty The Queen and  His  Royal Highness entered the chamber, and, being seated, with the  President  on their right,  Her  Majesty commanded that a message be sent to the House of Representatives intimating that  Her  Majesty desired the attendance of honourable members in the Senate chamber forthwith. Honourable members thereupon attended with their  Speaker. </para>
    </debate>
    <debate>
      <debateinfo>
        <title>SPEECH OF HER MAJESTY THE QUEEN</title>
        <page.no>1</page.no>
        <type>miscellaneous</type>
      </debateinfo>
      <para>Her Majesty was pleased to deliver the following speech: </para>
      <para>
        <inline font-weight="bold">Mr President,</inline>members of the Senate. </para>
      <para>
        <inline font-weight="bold">Mr Speaker,</inline>members of the House of Representatives. </para>
      <para>It is with great pleasure that I have returned to Australia in this the silver jubilee year of my reign and once again address this Parliament as Queen of Australia. </para>
      <para>As I look back over Australia&#39;s development since my first visit in 1954, I am impressed, as you must be, by this nation&#39;s many social, economic and cultural achievements. </para>
      <para>Today the qualities of the Australian people, the character of Australian society and the resources of the Australian continent hold out a great promise and a great challenge. </para>
      <para>My Government is determined to establish the conditions in which this challenge can be met, this promise realised. </para>
      <para>At the heart of my Government&#39;s policies lie a commitment and a concern: commitment to increasing the freedom, opportunity and equality of the Australian people; and concern with enhancing people&#39;s ability to make their own choices and live their own lives in their own way. </para>
      <para>The commitment of my Government to these goals stems from the conviction that the progress of Australia as a nation depends on creating the conditions which foster the strength, independence and creativity of its people. </para>
      <para>Australia has experienced economic difficulties in recent years; my Government has given first priority to restoring the economy and will use all the resources at its disposal to achieve this goal. </para>
      <para>The prosperity of the Australian people depends on the strength of its productive private sector, on its manufacturing, mining and rural industries. </para>
      <para>My Government is providing incentives and encouragement to the private sector, and is reducing its own relative demands on national resources so that private industry may have room to grow, provide employment and increase the well-being of all Australians. </para>
      <para>My Government is not only taking action to restore the economy, it is also making social reforms which are of fundamental importance to the freedom and well-being of the Australian people. </para>
      <para>My Government is committed to assisting people overcome poverty and disadvantage, and is giving priority to assisting those most in need in a manner increasing their choice, dignity and self-respect. </para>
      <para>The new family allowance scheme places in every mother&#39;s hand an allowance to spend as she thinks is best for the welfare of her family. </para>
      <para>A housing voucher pilot scheme enabling low income earners to choose for themselves the accommodation most suited to their needs is being examined. </para>
      <para>The Income Security Review will report progressively to my Government on the rationalisation of income security programs and on how assistance can first of all be directed to those most in need. </para>
      <para>My Government is improving the existing arrangements in education in pursuit of equality of opportunity for all Australian students. </para>
      <para>My Government&#39;s economic program is designed to overcome unemployment. However, at the same time, a number of special programs to assist the young unemployed and provide them with opportunities to acquire job skills has been initiated. </para>
      <para>With the growth over the years of the power of public and private bureaucracies, particular care needs to be taken to protect individual liberties and human rights against unwarranted intrusions. </para>
      <para>My Government is acting to secure individual rights. The Administrative Appeals Tribunal is now operating, legislation to appoint a Commonwealth Ombudsman has been passed, the Human Rights Commission will be established and a Bill relating to freedom of information will be placed before the Parliament. </para>
      <para>In the area of industrial relations, one of vital importance to the economic and social well-being of the Australian community, my Government will bring down legislation to protect the rights of individuals and the community, and establish an Industrial Relations Bureau. </para>
      <para>My Government is acting also to protect and expand political rights and strengthen the responsibility and responsiveness of governments to their citizens. </para>
      <para>Measures are being taken to secure the rights of those living in Commonwealth territories and a referendum will be held to seek approval for territorial voters to vote in future referenda. </para>
      <para>Other referenda will be held at the same time to make necessary amendments to the Constitution. </para>
      <para>Steps have been taken to reverse the trend towards the concentration of power in the hands of the Commonwealth Government. </para>
      <para>Income tax indexation has been introduced, halting automatic increases in the tax burden arising from inflation. This measure will also make it even more necessary for governments to explain and justify their expenditure priorities to the Australian people. </para>
      <para>Historic reforms are being made to the nation&#39;s federal financial relations which will return power and responsibility to the State and local levels of government. </para>
      <para>My Government recognises the importance of sustaining the diversity and multi-cultural nature of Australian society. </para>
      <para>New arrangements have been made for more extensive consultation with migrant communities and imaginative experiments with migrant resource centres are under way. </para>
      <para>The implementation of Aboriginal land rights legislation is proceeding and my Government will continue to review the effectiveness of government programs for Aboriginals. </para>
      <para>My Government is pursuing constructive foreign and defence policies. </para>
      <para>Through its foreign policy my Government seeks to contribute to the establishment of a stable international environment in which all people can live in peace, co-operation and self-respect. </para>
      <para>It will be clear from the White Paper on Defence tabled in the Parliament last year that my Government will pursue practical measures to secure the nation &#39;s defence. </para>
      <para>The program for the new session of the thirtieth Parliament reflects my Government&#39;s determination to stabilise the economy and pursue the goal of social reform. </para>
      <para>
        <inline font-weight="bold">Mr President,</inline>members of the Senate. </para>
      <para>
        <inline font-weight="bold">Mr Speaker,</inline>members of the House of Representatives. </para>
      <para>With confidence that you will fulfill to the utmost of your abilities the great responsibilities placed upon you, I leave you to carry on your high and important duties. </para>
      <para class="italic">
        <inline font-style="italic">Her Majesty the Queen, His Royal Highness The Duke of Edinburgh and members of the House of Representatives having retired,</inline>
      </para>
      <para>The  President  took the chair again, and read prayers. </para>
    </debate>
    <debate>
      <debateinfo>
        <title>NOTICES OF MOTION</title>
        <page.no>3</page.no>
        <type>miscellaneous</type>
      </debateinfo>
      <speech>
        <talk.start>
          <talker>
            <page.no>3</page.no>
            <time.stamp />
            <name.id>DV4</name.id>
            <electorate>Western AustraliaLeader of the Government in the Senate</electorate>
            <party>LP</party>
            <role>Minister for Administrative Services</role>
            <in.gov>1</in.gov>
            <first.speech>0</first.speech>
            <name role="metadata">WITHERS, Reg</name>
            <name role="display">Senator WITHERS</name>
          </talker>
          <para>
            <inline font-weight="bold">- Mr President,</inline>I give notice that, on the next day of sitting, I shall move the following motions: </para>
        </talk.start>
      </speech>
      <subdebate.1>
        <subdebateinfo>
          <title>Sessional Orders</title>
          <page.no>3</page.no>
        </subdebateinfo>
      </subdebate.1>
      <subdebate.1>
        <subdebateinfo>
          <title>Days of Meeting</title>
          <page.no>3</page.no>
        </subdebateinfo>
        <para>That the days  of  meeting  of  the Senate, unless otherwise ordered, be Tuesday, Wednesday and Thursday of each week; and that the hour of meeting, unless otherwise ordered, be half-past  2  p.m. on Tuesdays and Wednesdays, and  1 1  a.m. on Thursdays. </para>
      </subdebate.1>
      <subdebate.1>
        <subdebateinfo>
          <title>Suspension of Sittings</title>
          <page.no>3</page.no>
        </subdebateinfo>
        <para>That, during the present session, unless otherwise ordered, the sittings of the Senate, or of a Committee of the whole Senate, be suspended from  1  p.m. until a quarter-past  2  p.m. and from  6  p.m. until  8  p.m. </para>
      </subdebate.1>
      <subdebate.1>
        <subdebateinfo>
          <title>Adjournment of Senate</title>
          <page.no>3</page.no>
        </subdebateinfo>
        <para>That, during the present session, unless otherwise ordered, at half-past  10  p.m. on Tuesdays and Thursdays, and  1 1  p.m. on Wednesdays, the  President  shall put the question- That the Senate do now adjourn- which question shall be open to debate; if the Senate be in Committee at that hour, the  Chairman  shall in like manner put the question- that he do leave the Chair and report to the Senate; and upon such report being made the  President  shall forthwith put the questionThat the Senate do now adjourn- which question shall be open to debate: provided that if the Senate or the Committee be in division at the time named, the  President  or the  Chairman  shall not put the quesion referred to until the result of such division has been declared; and if the business under discussion shall not have been disposed of at such adjournment it shall appear on the notice paper for the next sitting day. </para>
      </subdebate.1>
      <subdebate.1>
        <subdebateinfo>
          <title>Government and General Business- Precedence</title>
          <page.no>3</page.no>
        </subdebateinfo>
        <para>That, on all sitting days of the Senate during the present session, unless otherwise ordered, Government Business shall take precedence of General Business except that General Business take precedence of Government Business on Thursdays, after  8  p.m.; and that, unless otherwise ordered, general orders of the day take precedence of general notices of motion on alternate Thursdays. </para>
        <para>Answers to Questions on Notice- Incorporation in <inline font-style="italic">Hansard</inline></para>
        <para>That, the following precedure shall apply in lieu of that provided in standing orders  102  and  103. </para>
        <para>The  Clerk  shall place notices of questions on the Notice Paper in the order in which they are received by him. </para>
        <para>The reply to a question on notice shall be given by delivering the same to the  Clerk.  A copy thereof shall be supplied to the senator who has asked the question, and such question and reply shall be printed in <inline font-style="italic">Hansard.</inline> Provided that any senator who, pursuant to this standing order, has received a copy of a reply may, by leave, ask the question and have the reply read in the Senate. </para>
      </subdebate.1>
      <subdebate.1>
        <subdebateinfo>
          <title>Petitions</title>
          <page.no>3</page.no>
        </subdebateinfo>
        <para>That, notwithstanding anything contained in the Standing Orders, the procedure for the presentation of petitions be varied as follows- </para>
        <list type="decimal">
          <item label="(1)">
            <para>A senator desiring personally to present a petition shall notify the  Clerk  when lodging the petition. When presenting such petition to the Senate, the senator may announce- </para>
            <list type="loweralpha">
              <item label="(a)">
                <para>That he presents a petition from a stated number of petitioners relating to a certain matter; or </para>
              </item>
              <item label="(b)">
                <para>That he presents a petition from a stated number of petitioners similarly worded to one presented earlier by a senator. </para>
              </item>
            </list>
          </item>
        </list>
        <para>The senator may ask that the petition be read by the Clerk: Provided that, unless otherwise ordered, a petition exceeding  250  words may not be read. </para>
        <list type="decimal">
          <item label="(2)">
            <para>The  Clerk  shall then make an announcement as to other petitions lodged with him, indicating in respect of each petition the senator who presents it, the number of signatures, the identity of the petitioners and the subject matter of the petition. </para>
          </item>
          <item label="(3)">
            <para>Every petition presented shall be deemed to have been received by the Senate unless a motion, moved forthwith, that a particular petition be not received, be agreed to. </para>
          </item>
          <item label="(4)">
            <para>The terms of the petitions presented shall be printed in <inline font-style="italic">Hansard.</inline></para>
          </item>
        </list>
      </subdebate.1>
      <subdebate.1>
        <subdebateinfo>
          <title>Contingent Notices of Motion</title>
          <page.no>3</page.no>
        </subdebateinfo>
        <list type="decimal">
          <item label="(">
            <para>1 )  Contingent on any Bill being reported from a Committee of the whole, I shall move- That so much of the Standing Orders be suspended as would prevent the Bill being passed through its remaining stages without delay. </para>
          </item>
          <item label="(2)">
            <para>Contingent on any Bill originating in the Senate having been read a first time, I shall move- that so much of the </para>
          </item>
        </list>
        <para class="block">Standing Orders be suspended as would prevent the Bill being passed through its remaining stages without delay. </para>
      </subdebate.1>
      <subdebate.1>
        <subdebateinfo>
          <title>Consideration of Standing Orders Committee Reports</title>
          <page.no>4</page.no>
        </subdebateinfo>
      </subdebate.1>
      <subdebate.1>
        <subdebateinfo>
          <title>Restoration to Notice Paper</title>
          <page.no>4</page.no>
        </subdebateinfo>
        <para>That the orders of the day standing on the Notice Paper for 25 February 1 977 for the consideration in Committee of the Whole of the First and Second Reports of the FiftySeventh Session of the Standing Orders Committee, be restored to the Notice Paper, and be orders of the day for the next day of sitting. </para>
      </subdebate.1>
    </debate>
    <debate>
      <debateinfo>
        <title>SPEECH OF HER MAJESTY THE QUEEN</title>
        <page.no>4</page.no>
        <type>miscellaneous</type>
      </debateinfo>
      <speech>
        <talk.start>
          <talker>
            <page.no>4</page.no>
            <time.stamp />
            <name.id>10000</name.id>
            <electorate />
            <party />
            <role />
            <in.gov>0</in.gov>
            <first.speech>0</first.speech>
            <name role="metadata">PRESIDENT, The</name>
            <name role="display">The PRESIDENT</name>
          </talker>
          <para>- I inform the Senate that I have received a copy of the opening Speech delivered by Her Majesty the Queen to both Houses of the Parliament this day. </para>
        </talk.start>
        <para>Motion (by <inline font-weight="bold">Senator Withers)</inline> agreed to: </para>
        <quote>
          <para>That consideration of Her Majesty the Queen &#39;s opening Speech be made an order of the day for the next day of sitting. </para>
        </quote>
      </speech>
    </debate>
    <debate>
      <debateinfo>
        <title>SPECIAL ADJOURNMENT</title>
        <page.no>4</page.no>
        <type>special adjournment</type>
      </debateinfo>
      <para>Motion (by <inline font-weight="bold">Senator Withers)</inline> agreed to: </para>
      <quote>
        <para>That the Senate, at its rising, adjourn till tomorrow at 2.30 p.m. </para>
      </quote>
    </debate>
    <adjournment>
      <adjournmentinfo>
        <page.no>4</page.no>
        <time.stamp>15:28:00</time.stamp>
      </adjournmentinfo>
      <para class="block">Senate adjourned at 3.28 p.m. </para>
    </adjournment>
  </chamber.xscript>
</hansard>