<?xml version="1.0" encoding="utf-8"?>
<hansard xsi:noNamespaceSchemaLocation="../../hansard.xsd" version="2.1" xmlns:xsi="http://www.w3.org/2001/XMLSchema-instance">
  <session.header>
    <date>1938-07-01</date>
    <parliament.no>15</parliament.no>
    <session.no>1</session.no>
    <period.no>1</period.no>
    <chamber>SENATE</chamber>
    <page.no>3016</page.no>
    <proof>0</proof>
  </session.header>
  <chamber.xscript>
    <para class="block">Senate. </para>
    <business.start>
      <day.start>1938-07-01</day.start>
      <para>The Senate met at 2.30 p.m. </para>
    </business.start>
    <debate>
      <debateinfo>
        <title>SWEARING-IN OF SENATORS</title>
        <page.no>3016</page.no>
        <type>miscellaneous</type>
      </debateinfo>
      <para>His Excellency the- Administrator, Lord HUNTINGFIELD, entered the chamber and, taking his seat on the dais, said - </para>
      <para>Honorable Senators : I am present to administer to newly-elected senators the oath or affirmation of allegiance as required by section 42 of the Constitution. </para>
      <para>The CLERK produced and laid on the table the certificates of return for the following members elected on the 23rd October, 1937, to serve in the Senate as senators for their respective States, from and after the 1st July, 1938. </para>
      <subdebate.1>
        <subdebateinfo>
          <title>New South Wales-</title>
          <page.no>3016</page.no>
        </subdebateinfo>
      </subdebate.1>
      <subdebate.1>
        <subdebateinfo>
          <title>Stanley Kevin Amour</title>
          <page.no>3016</page.no>
        </subdebateinfo>
      </subdebate.1>
      <subdebate.1>
        <subdebateinfo>
          <title>John Ignatius Armstrong</title>
          <page.no>3016</page.no>
        </subdebateinfo>
      </subdebate.1>
      <subdebate.1>
        <subdebateinfo>
          <title>Thomas Christopher Arthur</title>
          <page.no>3016</page.no>
        </subdebateinfo>
      </subdebate.1>
      <subdebate.1>
        <subdebateinfo>
          <title>Queensland -</title>
          <page.no>3016</page.no>
        </subdebateinfo>
      </subdebate.1>
      <subdebate.1>
        <subdebateinfo>
          <title>Benjamin Courtice</title>
          <page.no>3016</page.no>
        </subdebateinfo>
      </subdebate.1>
      <subdebate.1>
        <subdebateinfo>
          <title>Gordon Brown</title>
          <page.no>3016</page.no>
        </subdebateinfo>
      </subdebate.1>
      <subdebate.1>
        <subdebateinfo>
          <title>Joseph Silver Collings</title>
          <page.no>3016</page.no>
        </subdebateinfo>
      </subdebate.1>
      <subdebate.1>
        <subdebateinfo>
          <title>South Australia -</title>
          <page.no>3016</page.no>
        </subdebateinfo>
        <para>Philip Albert Martin McBride. </para>
        <para>Alexander John McLachlan. </para>
      </subdebate.1>
      <subdebate.1>
        <subdebateinfo>
          <title>Keith Cameron Wilson</title>
          <page.no>3016</page.no>
        </subdebateinfo>
      </subdebate.1>
      <subdebate.1>
        <subdebateinfo>
          <title>Tasmania -</title>
          <page.no>3016</page.no>
        </subdebateinfo>
      </subdebate.1>
      <subdebate.1>
        <subdebateinfo>
          <title>William Edward Aylett</title>
          <page.no>3016</page.no>
        </subdebateinfo>
      </subdebate.1>
      <subdebate.1>
        <subdebateinfo>
          <title>Richard Darcey</title>
          <page.no>3016</page.no>
        </subdebateinfo>
        <para>Charles AdcockLamp. </para>
      </subdebate.1>
      <subdebate.1>
        <subdebateinfo>
          <title>Victoria -</title>
          <page.no>3016</page.no>
        </subdebateinfo>
      </subdebate.1>
      <subdebate.1>
        <subdebateinfo>
          <title>John Barnes</title>
          <page.no>3016</page.no>
        </subdebateinfo>
      </subdebate.1>
      <subdebate.1>
        <subdebateinfo>
          <title>Donald Cameron</title>
          <page.no>3016</page.no>
        </subdebateinfo>
      </subdebate.1>
      <subdebate.1>
        <subdebateinfo>
          <title>Richard Valentine Keane</title>
          <page.no>3016</page.no>
        </subdebateinfo>
      </subdebate.1>
      <subdebate.1>
        <subdebateinfo>
          <title>Western Australia -</title>
          <page.no>3017</page.no>
        </subdebateinfo>
      </subdebate.1>
      <subdebate.1>
        <subdebateinfo>
          <title>James Cunningham</title>
          <page.no>3017</page.no>
        </subdebateinfo>
      </subdebate.1>
      <subdebate.1>
        <subdebateinfo>
          <title>Robert Ernest Clothier</title>
          <page.no>3017</page.no>
        </subdebateinfo>
      </subdebate.1>
      <subdebate.1>
        <subdebateinfo>
          <title>James Mackintosh Fraser</title>
          <page.no>3017</page.no>
        </subdebateinfo>
        <para class="block">The  Clerk  stated that subsequent to the election he had received a certificate of the death of <inline font-weight="bold">Mr, John</inline> Barnes, who had been elected as a senator for Victoria. </para>
        <para>The above-mentioned senators - with the exception of the Honorable John Barnes (deceased), Senators Courtice and Cunningham, who already had been sworn in since their election, and <inline font-weight="bold">Senator McBride,</inline> who was not present - made and subscribed the oath of allegiance. </para>
        <para>HIS Excellency The Administrator having retired, </para>
      </subdebate.1>
    </debate>
    <debate>
      <debateinfo>
        <title>ELECTION OF PRESIDENT</title>
        <page.no>3017</page.no>
        <type>miscellaneous</type>
      </debateinfo>
      <para>
        <inline font-weight="bold">Senator A.</inline>J. McLACHLAN (South </para>
      <para>Australia - Postmaster-General) &#91;2.47&#93; . - <inline font-weight="bold">Mr. Monahan,</inline> the time has now arrived for honorable senators to choose a suitable member of the Senate as its  President. </para>
      <speech>
        <talk.start>
          <talker>
            <page.no>3017</page.no>
            <time.stamp />
            <name.id>JRW</name.id>
            <electorate>Queensland</electorate>
            <party />
            <role />
            <in.gov>0</in.gov>
            <first.speech>0</first.speech>
            <name role="metadata">CRAWFORD, Thomas</name>
            <name role="display">Senator CRAWFORD</name>
          </talker>
          <para>.- I move- </para>
        </talk.start>
        <quote>
          <para>That <inline font-weight="bold">Senator John</inline> Blyth Hayes do take the chair of this Senate as  President. </para>
        </quote>
        <interjection>
          <talk.start>
            <talker>
              <page.no>3017</page.no>
              <time.stamp />
              <name.id>KTX</name.id>
              <electorate>SOUTH AUSTRALIA</electorate>
              <party>UAP</party>
              <role />
              <in.gov>0</in.gov>
              <first.speech>0</first.speech>
              <name role="metadata">MCLACHLAN, James</name>
              <name role="display">Senator JAMES McLACHLAN</name>
            </talker>
            <para>- I second the motion. </para>
          </talk.start>
        </interjection>
      </speech>
      <speech>
        <talk.start>
          <talker>
            <page.no>3017</page.no>
            <time.stamp />
            <name.id>K7P</name.id>
            <electorate>Queensland</electorate>
            <party />
            <role />
            <in.gov>0</in.gov>
            <first.speech>0</first.speech>
            <name role="metadata">COLLINGS, Joseph</name>
            <name role="display">Senator COLLINGS</name>
          </talker>
          <para>. - I wish to make it clear that the Opposition has not been consulted in any way regarding the election of  President.  The choice of a  President  was evidently made before honorable senators entered this chamber. As honorable members of the Opposition were not consulted, we propose to leave this matter to those who have accepted the responsibility of acting in this decidedly party fashion. The Senate is supposed to be, not a party house, but a States house; but we have seen to-day that, although honorable members of the Opposition represent States just as do honorable senators who support the Government, they are not considered when the parties opposite meet to arrange matters to their own taste. With those remarks, I propose to allow the proceedings to continue. </para>
        </talk.start>
        <interjection>
          <talk.start>
            <talker>
              <page.no>3017</page.no>
              <time.stamp />
              <name.id>KOF</name.id>
              <electorate />
              <party />
              <role />
              <in.gov>0</in.gov>
              <first.speech>0</first.speech>
              <name role="metadata">HAYES, John</name>
              <name role="display">Senator J B Hayes</name>
            </talker>
            <para>- I submit myself to the will of the Senate. </para>
          </talk.start>
        </interjection>
        <para>
          <inline font-weight="bold">Senator J.</inline>B. HAYES, being the only honorable senator proposed as  President,  was conducted to the dais, and said - </para>
        <para>I thank honorable senators heartily for the great honour that they have conferred on me. I can at least say that as long as I have the honour to occupy this position, whatever decisions I may have to make will be made fairly and to the best of my ability. I shall endeavour to uphold the best traditions of the Senate, and I ask honorable senators on both sides of the chamber to assist me. </para>
      </speech>
      <speech>
        <talk.start>
          <talker>
            <page.no>3017</page.no>
            <time.stamp />
            <name.id>KTR</name.id>
            <electorate>SOUTH AUSTRALIA</electorate>
            <party>NAT</party>
            <role>Postmaster-General</role>
            <in.gov>0</in.gov>
            <first.speech>0</first.speech>
            <name role="metadata">MCLACHLAN, Alexander</name>
            <name role="display">Senator A J McLACHLAN</name>
          </talker>
          <para>. - I offer to you, <inline font-weight="bold">Mr. President,</inline> hearty congratulations on your election. I am confident that I speak for the whole Senate when I say that we know that your administration will not only be fair and fearless, but will also be competent. Some of us have had experience of your administration as  Chairman  of Committees, and we know with what ability and expedition you have discharged the functions of that office. We trust that you will not find the duties of your high office too arduous, or honorable senators so unruly that you will too often have to enforce the disciplinary Standing Orders, the study of which I commend to all newly-elected senators. </para>
        </talk.start>
      </speech>
      <speech>
        <talk.start>
          <talker>
            <page.no>3017</page.no>
            <time.stamp />
            <name.id>K7P</name.id>
            <electorate>Queensland</electorate>
            <party />
            <role />
            <in.gov>0</in.gov>
            <first.speech>0</first.speech>
            <name role="metadata">COLLINGS, Joseph</name>
            <name role="display">Senator COLLINGS</name>
          </talker>
          <para>. - I join with the Leader of the Senate <inline font-weight="bold">(Senator A. J. McLachlan)</inline> in extending congratulations to you,Sir, on. your election. I do not promise that the Opposition will always be satisfied with your decisions, but I do promise thatwe shall always be sure that, to the best of your ability, you have given them in conformity with the Standing Orders. </para>
        </talk.start>
      </speech>
      <speech>
        <talk.start>
          <talker>
            <page.no>3017</page.no>
            <time.stamp />
            <name.id>KP8</name.id>
            <electorate>Western Australia</electorate>
            <party />
            <role />
            <in.gov>0</in.gov>
            <first.speech>0</first.speech>
            <name role="metadata">JOHNSTON, Edward</name>
            <name role="display">Senator E B JOHNSTON</name>
          </talker>
          <para>. - The members of the Country party in this chamber entirely associate themselves with the congratulations which have been extended to you, <inline font-weight="bold">Mr. President,</inline> on your elevation to the high and honorable position of  President  of the Senate. You have had a long and wide parliamentary experience, and we are confident that not only will the  dignity and traditions of the Senate be safe in your hands, but also that the balance of justice will be held evenly as between all parties in this chamber. </para>
        </talk.start>
        <para>The <inline font-weight="bold">PRESIDENT (Senator the Hon. J. B. Hayes).</inline> - I thank most heartily the Leader of the Senate <inline font-weight="bold">(Senator A. J.</inline> McLachlan), the Leader of . the Opposition <inline font-weight="bold">(Senator Collings),</inline> and <inline font-weight="bold">Senator Johnston,</inline> of the Country party, and honorable senators generally  for  their  kind  congratulations. </para>
      </speech>
      <speech>
        <talk.start>
          <talker>
            <page.no>3018</page.no>
            <time.stamp />
            <name.id>KTR</name.id>
            <electorate>SOUTH AUSTRALIA</electorate>
            <party>NAT</party>
            <role>Postmaster-General</role>
            <in.gov>0</in.gov>
            <first.speech>0</first.speech>
            <name role="metadata">MCLACHLAN, Alexander</name>
            <name role="display">Senator A J McLACHLAN</name>
          </talker>
          <para>. - I desire to intimate to honorable senators that  His Excellency  the Administrator will be pleased to receive <inline font-weight="bold">Mr. President</inline> and such honorable senators as desire to accompany him, in the Executive Council room forthwith. </para>
        </talk.start>
      </speech>
      <speech>
        <talk.start>
          <talker>
            <page.no>3018</page.no>
            <time.stamp />
            <name.id>10000</name.id>
            <electorate />
            <party />
            <role />
            <in.gov>0</in.gov>
            <first.speech>0</first.speech>
            <name role="metadata">PRESIDENT, The</name>
            <name role="display">The PRESIDENT</name>
          </talker>
          <para>- I shall suspend the sitting of the Senate at this stage in order that I may present myself to the Administrator as the choice of the Senate. I shall be glad if as many honorable senators as can conveniently do so will accompany me. </para>
        </talk.start>
        <para class="italic">
          <inline font-style="italic">Sitting suspended from 2.54 to3 p.m.</inline>
        </para>
      </speech>
      <subdebate.1>
        <subdebateinfo>
          <title>Presentation to Administrator</title>
          <page.no>3018</page.no>
        </subdebateinfo>
        <speech>
          <talk.start>
            <talker>
              <page.no>3018</page.no>
              <time.stamp />
              <name.id>10000</name.id>
              <electorate />
              <party />
              <role />
              <in.gov>0</in.gov>
              <first.speech>0</first.speech>
              <name role="metadata">PRESIDENT, The</name>
              <name role="display">The PRESIDENT</name>
            </talker>
            <para>- I have to announce that, accompanied by honorable senators, I, this day, presented myself to the Administrator as the person chosen by . the Senate as its  President. His Excellency  was pleased to congratulate me upon my election, and to approve of the choice of the Senate. </para>
          </talk.start>
          <para>The  President  took the chair and read prayers.  </para>
        </speech>
      </subdebate.1>
    </debate>
    <debate>
      <debateinfo>
        <title>REPRESENTATION OF VICTORIA</title>
        <page.no>3018</page.no>
        <type>miscellaneous</type>
      </debateinfo>
      <speech>
        <talk.start>
          <talker>
            <page.no>3018</page.no>
            <time.stamp />
            <name.id>10000</name.id>
            <electorate />
            <party />
            <role />
            <in.gov>0</in.gov>
            <first.speech>0</first.speech>
            <name role="metadata">PRESIDENT, The</name>
            <name role="display">The PRESIDENT</name>
          </talker>
          <para>- I desire to inform the Senate that, following the last election of senators to  fill periodical vacancies occurring in the representation of the State of Victoria in the Senate, a certificate was received of the election of <inline font-weight="bold">Mr. John</inline> Barnes to fill one of such vacancies, his term of service to commence on the 1st July, 1938. A certificate has since been received of the death of <inline font-weight="bold">Mr. John</inline> Barnes, on the 31st January, 1938. Advice having been received from the Secretary to the Attorney-General&#39;s Department that, in the opinion of the Attorney-General of the Commonwealth, section 15 of the Constitution applies in this case, I now propose  to  inform  the </para>
        </talk.start>
        <para class="block">Lieutenant-Governor of the State of Victoria that a vacancy has happened in the representation of that State. </para>
      </speech>
    </debate>
    <debate>
      <debateinfo>
        <title>SUPPLY BILL (No. 1) 1938-39</title>
        <page.no>3018</page.no>
        <type>bill</type>
      </debateinfo>
      <para>Assent reported. </para>
    </debate>
    <debate>
      <debateinfo>
        <title>CHAIRMAN OF COMMITTEES</title>
        <page.no>3018</page.no>
        <type>miscellaneous</type>
      </debateinfo>
      <para>Motion (by <inline font-weight="bold">Senator A.</inline> J. McLachlan) agreed to - </para>
      <quote>
        <para>That <inline font-weight="bold">Senator James</inline> McLachlan be appointed  Chairman  of Committees of the Senate. </para>
      </quote>
      <speech>
        <talk.start>
          <talker>
            <page.no>3018</page.no>
            <time.stamp />
            <name.id>KTX</name.id>
            <electorate>SOUTH AUSTRALIA</electorate>
            <party>UAP</party>
            <role />
            <in.gov>0</in.gov>
            <first.speech>0</first.speech>
            <name role="metadata">MCLACHLAN, James</name>
            <name role="display">Senator JAMES McLACHLAN</name>
          </talker>
          <para>. - I thank honorable senators for having elected me to this high office. It will be my duty and pleasure, to the best of my ability, to interpret and administer the Standing Orders with strict impartiality. I take it that every member of the Senate is jealous of its dignity and decorum. Therefore, I have every confidence that I shall have their assistance in maintaining the high standard which characterized the debates in this chamber during the regime of my predecessor. </para>
        </talk.start>
      </speech>
    </debate>
    <debate>
      <debateinfo>
        <title>PUBLIC WORKS COMMITTEE</title>
        <page.no>3018</page.no>
        <type>miscellaneous</type>
      </debateinfo>
      <subdebate.1>
        <subdebateinfo>
          <title>Appointment of Senator Brown</title>
          <page.no>3018</page.no>
        </subdebateinfo>
        <para>Motion (by <inline font-weight="bold">Senator A.</inline> J. McLachlan) <inline font-style="italic">- by leave</inline> - agreed to - </para>
        <quote>
          <para>That, in accordance with the provisions of the Public Works Committee Act 1913-1936, <inline font-weight="bold">Senator Brown</inline> be appointed to fill the vacancy now existing on the Parliamentary Standing Committee on Public Works. </para>
        </quote>
      </subdebate.1>
    </debate>
    <debate>
      <debateinfo>
        <title>LEAVE OF ABSENCE TO ALL SENATORS</title>
        <page.no>3018</page.no>
        <type>miscellaneous</type>
      </debateinfo>
      <para>Motion (by <inline font-weight="bold">Senator A.</inline> J. McLachlan) <inline font-style="italic">- by leave</inline> - agreed to - </para>
      <quote>
        <para>That leave of absence be granted to every member of the Senate from the determination of the sitting this day to. the day on which the Senate next meets. </para>
      </quote>
    </debate>
    <debate>
      <debateinfo>
        <title>SPECIAL ADJOURNMENT</title>
        <page.no>3018</page.no>
        <type>special adjournment</type>
      </debateinfo>
      <para>Motion (by <inline font-weight="bold">Senator A.</inline> J. McLachlan) agreed to - </para>
      <quote>
        <para>That the Senate, at its rising, adjourn till a day and hour to bo fixed by the  President,  which time of meeting shall be notified to each senator by telegram or letter. </para>
      </quote>
    </debate>
    <debate>
      <debateinfo>
        <title>LEADER OF OPPOSITION</title>
        <page.no>3019</page.no>
        <type>miscellaneous</type>
      </debateinfo>
      <speech>
        <talk.start>
          <talker>
            <page.no>3019</page.no>
            <time.stamp />
            <name.id>K7P</name.id>
            <electorate />
            <party />
            <role />
            <in.gov>0</in.gov>
            <first.speech>0</first.speech>
            <name role="metadata">COLLINGS, Joseph</name>
            <name role="display">Senator COLLINGS</name>
          </talker>
          <para>- I have to  announce that I shall be continuing in the office of Leader of the Opposition until the Senate is otherwise advised. </para>
        </talk.start>
      </speech>
    </debate>
    <debate>
      <debateinfo>
        <title>MOTION FOR ADJOURNMENT</title>
        <page.no>3019</page.no>
        <type>miscellaneous</type>
      </debateinfo>
      <para>The <inline font-weight="bold">PRESIDENT (Senator the Hon. J. B. Hayes).</inline> - I have received the following letter from <inline font-weight="bold">Senator Johnston</inline> :  - </para>
      <speech>
        <talk.start>
          <talker>
            <page.no>3019</page.no>
            <time.stamp />
            <name.id>K7P</name.id>
            <electorate>Queensland</electorate>
            <party />
            <role />
            <in.gov>0</in.gov>
            <first.speech>0</first.speech>
            <name role="metadata">COLLINGS, Joseph</name>
            <name role="display">Senator COLLINGS</name>
          </talker>
          <para>. -  I desire to move the adjournment of the Senate. It is not necessary that I should have given notice of my intention to do so.I move - </para>
        </talk.start>
        <quote>
          <para>That the Senate do now adjourn for the purpose of debating a matter of urgency, namely, &#34;The failure. of the Government to take remedial action to provide for the necessitous unemployed workers and distressed primary producers &#34;. </para>
        </quote>
      </speech>
      <speech>
        <talk.start>
          <talker>
            <page.no>3019</page.no>
            <time.stamp />
            <name.id>10000</name.id>
            <electorate />
            <party />
            <role />
            <in.gov>0</in.gov>
            <first.speech>0</first.speech>
            <name role="metadata">PRESIDENT, The</name>
            <name role="display">The PRESIDENT</name>
          </talker>
          <para>- I point out to the honorable senator that I have received  a  prior notice of motion for the adjournment of the Senate. It is necessary, under the Standing Orders, to give notice of such a motion. </para>
        </talk.start>
        <interjection>
          <talk.start>
            <talker>
              <page.no>3019</page.no>
              <time.stamp />
              <name.id>K7P</name.id>
              <electorate />
              <party />
              <role />
              <in.gov>0</in.gov>
              <first.speech>0</first.speech>
              <name role="metadata">COLLINGS, Joseph</name>
              <name role="display">Senator Collings</name>
            </talker>
            <para>-  On a point of order, I direct your attention, <inline font-weight="bold">Mr. President,</inline> to Standing Order No. 64, under which, you will see, no notice is necessary in respect of a motion for adjournment such as that which I have just moved. Standing Order No. 64 reads - </para>
          </talk.start>
        </interjection>
        <quote>
          <para>A motion without notice, that the Senate at its rising adjourn to any day or hour other than that fixed for the next ordinary meeting of the Senate, for the purpose of debating some matter of urgency, can only be made after petitions have been presented and notices of questions and motions given, and before the business of the day is proceeded with, and such motion can be made notwithstanding there be on the paper a motion for adjournment to a time other than that of the next ordinary meeting. . . . </para>
        </quote>
        <para class="block">No notice being necessary, a motion of which notice has &#39;been given cannot take precedence over mine. </para>
        <continue>
          <talk.start>
            <talker>
              <page.no>3019</page.no>
              <time.stamp />
              <name.id>10000</name.id>
              <electorate />
              <party />
              <role />
              <in.gov>0</in.gov>
              <first.speech>0</first.speech>
              <name role="metadata">PRESIDENT, The</name>
              <name role="display">The PRESIDENT</name>
            </talker>
            <para>- I point out that Standing Order 64, which the honorable senator has just quoted, also states that a senator moving a motion without notice that the Senate adjourn, &#34;must make in writing and hand in to the  President,  a statement of the matter of urgency &#34;. </para>
          </talk.start>
        </continue>
        <continue>
          <talk.start>
            <talker>
              <page.no>3019</page.no>
              <time.stamp />
              <name.id>K7P</name.id>
              <electorate />
              <party />
              <role />
              <in.gov>0</in.gov>
              <first.speech>0</first.speech>
              <name role="metadata">COLLINGS, Joseph</name>
              <name role="display">Senator COLLINGS</name>
            </talker>
            <para>- I submit that such notice need only he handed  in now,  when you, <inline font-weight="bold">Mr. President,</inline> have decided the point of order. I have not yet been able to do that because my right  to  speak has been disputed. Had you allowed me to continue, however, the statement of the matter of urgency would  have  been handed in. I submit also that any notice which you have received prior  to  the present stage of the business could not have been presented to you in your capacity of President, and, furthermore, that no such notice is necessary. I claim, therefore, my right to initiate debate on my motion, and, with your permission, I shall proceed.. </para>
          </talk.start>
        </continue>
        <interjection>
          <talk.start>
            <talker>
              <page.no>3019</page.no>
              <time.stamp />
              <name.id>KP8</name.id>
              <electorate />
              <party />
              <role />
              <in.gov>0</in.gov>
              <first.speech>0</first.speech>
              <name role="metadata">JOHNSTON, Edward</name>
              <name role="display">Senator E B Johnston</name>
            </talker>
            <para>- I  gave notice in writing of my intention to move for the adjournment of the Senate to the then  President  of the Senate last night, and also a similar notice in writing to yourself, <inline font-weight="bold">Mr. President.</inline> You read my letter placing the matter before, the Senate and you were about to see if I were supported by four honorable senators when the Leader of the Opposition commenced speaking. You read the notice of my motion before the honorable senator spoke. I repeat that I supplied a similar notice in writing to your predecessor last night. </para>
          </talk.start>
        </interjection>
        <interjection>
          <talk.start>
            <talker>
              <page.no>3019</page.no>
              <time.stamp />
              <name.id>K6P</name.id>
              <electorate />
              <party />
              <role />
              <in.gov>0</in.gov>
              <first.speech>0</first.speech>
              <name role="metadata">BROWN, Gordon</name>
              <name role="display">Senator Brown</name>
            </talker>
            <para>-  That was the old Senate. </para>
          </talk.start>
        </interjection>
        <interjection>
          <talk.start>
            <talker>
              <page.no>3019</page.no>
              <time.stamp />
              <name.id>KP8</name.id>
              <electorate />
              <party />
              <role />
              <in.gov>0</in.gov>
              <first.speech>0</first.speech>
              <name role="metadata">JOHNSTON, Edward</name>
              <name role="display">Senator E B Johnston</name>
            </talker>
            <para>-  It is the same Senate with many new members. I renewed the notice to the  President  to-day, and, I submit, I required only the support of four honorable senators to enable me to proceed with that motion. </para>
          </talk.start>
        </interjection>
        <interjection>
          <talk.start>
            <talker>
              <page.no>3019</page.no>
              <time.stamp />
              <name.id>K7P</name.id>
              <electorate />
              <party />
              <role />
              <in.gov>0</in.gov>
              <first.speech>0</first.speech>
              <name role="metadata">COLLINGS, Joseph</name>
              <name role="display">Senator Collings</name>
            </talker>
            <para>- <inline font-weight="bold">Senator Johnston</inline> has not moved a motion for the adjournment of the Senate, nor has he given notice of such a motion in the proper way. The notice which he submitted to the  President  last night is useless because a new Senate has since been constituted, and a new  President  elected. Again, I submit that no such notice is required under the Standing Orders. After moving my motion I sat down because you, <inline font-weight="bold">Mr. President,</inline> rose immediately, and I was obliged to give you precedence. I again submit that <inline font-weight="bold">Senator Johnston</inline> has not moved the adjournment of the Senate, whereas I have done so,  and I now ask for four honorable senators to rise in my support, so that I may proceed. </para>
          </talk.start>
        </interjection>
        <continue>
          <talk.start>
            <talker>
              <page.no>3020</page.no>
              <time.stamp />
              <name.id>10000</name.id>
              <electorate />
              <party />
              <role />
              <in.gov>0</in.gov>
              <first.speech>0</first.speech>
              <name role="metadata">PRESIDENT, The</name>
              <name role="display">The PRESIDENT</name>
            </talker>
            <para>- It is rather unfortunate that a difficulty of this nature should arise so soon after my election as  President.  Prom my parliamentary experience, I am of opinion that notice of a motion of this kind -must be handed into the  Clerk,  or  President,  prior to the commencement of the sitting. <inline font-weight="bold">Senator Johnston</inline> handed his letter to me a few hours ago. It is dated the 1st July. I am fortified in my ruling by a previous decision, that an honorable senator cannot submit a motion for the adjournment of the Senate to enable him to discuss a matter of urgent importance if, prior to the commencement of the sitting&#34;, he has not given notice of his intention to the Chair. I hold the view that if the Standing Orders, which have been drafted by men well versed in parliamentary procedure, are interpreted in a common-sense way, any problem arising under them can generally be solved. I have no doubt that <inline font-weight="bold">Senator Johnston&#39;s</inline> motion should take precedence over that moved by the Leader of the. Opposition, because <inline font-weight="bold">Senator Johnston</inline> submitted notice of his motion some time ago. </para>
          </talk.start>
        </continue>
        <interjection>
          <talk.start>
            <talker>
              <page.no>3020</page.no>
              <time.stamp />
              <name.id>K7P</name.id>
              <electorate />
              <party />
              <role />
              <in.gov>0</in.gov>
              <first.speech>0</first.speech>
              <name role="metadata">COLLINGS, Joseph</name>
              <name role="display">Senator Collings</name>
            </talker>
            <para>- But before you were elected President. </para>
          </talk.start>
        </interjection>
        <continue>
          <talk.start>
            <talker>
              <page.no>3020</page.no>
              <time.stamp />
              <name.id>10000</name.id>
              <electorate />
              <party />
              <role />
              <in.gov>0</in.gov>
              <first.speech>0</first.speech>
              <name role="metadata">PRESIDENT, The</name>
              <name role="display">The PRESIDENT</name>
            </talker>
            <para>- That is a minor point. </para>
          </talk.start>
        </continue>
        <interjection>
          <talk.start>
            <talker>
              <page.no>3020</page.no>
              <time.stamp />
              <name.id>K7P</name.id>
              <electorate />
              <party />
              <role />
              <in.gov>0</in.gov>
              <first.speech>0</first.speech>
              <name role="metadata">COLLINGS, Joseph</name>
              <name role="display">Senator Collings</name>
            </talker>
            <para>- But I take it. </para>
          </talk.start>
        </interjection>
        <continue>
          <talk.start>
            <talker>
              <page.no>3020</page.no>
              <time.stamp />
              <name.id>10000</name.id>
              <electorate />
              <party />
              <role />
              <in.gov>0</in.gov>
              <first.speech>0</first.speech>
              <name role="metadata">PRESIDENT, The</name>
              <name role="display">The PRESIDENT</name>
            </talker>
            <para>- In any case, I take full responsibility for allowing&#39; <inline font-weight="bold">Senator Johnston</inline> to proceed. </para>
          </talk.start>
        </continue>
        <interjection>
          <talk.start>
            <talker>
              <page.no>3020</page.no>
              <time.stamp />
              <name.id>K7P</name.id>
              <electorate />
              <party />
              <role />
              <in.gov>0</in.gov>
              <first.speech>0</first.speech>
              <name role="metadata">COLLINGS, Joseph</name>
              <name role="display">Senator Collings</name>
            </talker>
            <para>- I regret very much, <inline font-weight="bold">Mr. President,</inline> that I am obliged to disagree with your ruling so soon after your election as  President,  but with all clue respect, I submit that in accordance with Standing Order 64, 1 was under no necessity to supply a statement of the matter of urgency until after I had actually made my motion. 1 1 again submit, first, that no notice of my motion is necessary, and, secondly, that <inline font-weight="bold">Senator Johnston</inline> has not moved for the adjournment of the .Senate, whilst I have. The fact that you received a notice of his motion, does not alter the fact that no such notice is necessary. I have moved my motion and more than the number of honorable senators prescribed under the Standing Orders have risen in support of it. </para>
          </talk.start>
        </interjection>
        <interjection>
          <talk.start>
            <talker>
              <page.no>3020</page.no>
              <time.stamp />
              <name.id>KAY</name.id>
              <electorate />
              <party />
              <role />
              <in.gov>0</in.gov>
              <first.speech>0</first.speech>
              <name role="metadata">GIBSON, William</name>
              <name role="display">Senator Gibson</name>
            </talker>
            <para>- I submit that the Leader of the Opposition has lost his opportunity to move his motion. Standing Order 64 (1) reads - </para>
          </talk.start>
        </interjection>
        <quote>
          <para>A Motion without Notice, that the Senate at its rising adjourn to any day or hour other than that fixed for the next ordinary meeting of the Senate, for the purpose of debating some matter of urgency, can only be made after Petitions have been presented and Notices of Questions and Motions given, and before the Business of the Day is proceeded with, . . . </para>
        </quote>
        <para class="block">I point out that the Leader of the Senate moved that the Senate at its rising adjourn until two or three months hence, and the Leader of the Opposition should have moved his motion before that. Having failed to do so, he has missed his opportunity, and his motion must, therefore, give way to that of which <inline font-weight="bold">Senator Johnston</inline> has given notice. </para>
        <continue>
          <talk.start>
            <talker>
              <page.no>3020</page.no>
              <time.stamp />
              <name.id>10000</name.id>
              <electorate />
              <party />
              <role />
              <in.gov>0</in.gov>
              <first.speech>0</first.speech>
              <name role="metadata">PRESIDENT, The</name>
              <name role="display">The PRESIDENT</name>
            </talker>
            <para>- I have already given my ruling. </para>
          </talk.start>
        </continue>
        <interjection>
          <talk.start>
            <talker>
              <page.no>3020</page.no>
              <time.stamp />
              <name.id>K7P</name.id>
              <electorate />
              <party />
              <role />
              <in.gov>0</in.gov>
              <first.speech>0</first.speech>
              <name role="metadata">COLLINGS, Joseph</name>
              <name role="display">Senator Collings</name>
            </talker>
            <para>- May I point out that Standing Order 64 (1) also states - notwithstanding there be on the Paper a Motion for adjournment to a time other than that of tho next ordinary meeting. </para>
          </talk.start>
        </interjection>
        <interjection>
          <talk.start>
            <talker>
              <page.no>3020</page.no>
              <time.stamp />
              <name.id>KMK</name.id>
              <electorate />
              <party />
              <role />
              <in.gov>0</in.gov>
              <first.speech>0</first.speech>
              <name role="metadata">GRANT, Charles</name>
              <name role="display">Senator Grant</name>
            </talker>
            <para>-  -But  the Senate has actually carried a motion to that effect. </para>
          </talk.start>
        </interjection>
        <continue>
          <talk.start>
            <talker>
              <page.no>3020</page.no>
              <time.stamp />
              <name.id>10000</name.id>
              <electorate />
              <party />
              <role />
              <in.gov>0</in.gov>
              <first.speech>0</first.speech>
              <name role="metadata">PRESIDENT, The</name>
              <name role="display">The PRESIDENT</name>
            </talker>
            <para>- Is <inline font-weight="bold">Senator Johnston&#39;s</inline> motion supported? </para>
          </talk.start>
        </continue>
        <para class="italic">
          <inline font-style="italic">Four honorable senators having risen in support of the motion.</inline>
        </para>
        <continue>
          <talk.start>
            <talker>
              <page.no>3020</page.no>
              <time.stamp />
              <name.id>10000</name.id>
              <electorate />
              <party />
              <role />
              <in.gov>0</in.gov>
              <first.speech>0</first.speech>
              <name role="metadata">PRESIDENT, The</name>
              <name role="display">The PRESIDENT</name>
            </talker>
            <para>- <inline font-weight="bold">Senator E.</inline> B. Johnston. </para>
          </talk.start>
        </continue>
        <interjection>
          <talk.start>
            <talker>
              <page.no>3020</page.no>
              <time.stamp />
              <name.id>K7P</name.id>
              <electorate />
              <party />
              <role />
              <in.gov>0</in.gov>
              <first.speech>0</first.speech>
              <name role="metadata">COLLINGS, Joseph</name>
              <name role="display">Senator Collings</name>
            </talker>
            <para>- I am not accepting your ruling, <inline font-weight="bold">Mr. President.</inline> If you insist on it I must move that it be dissented from, because I feel so confident that my contention is correct. </para>
          </talk.start>
        </interjection>
        <continue>
          <talk.start>
            <talker>
              <page.no>3020</page.no>
              <time.stamp />
              <name.id>10000</name.id>
              <electorate />
              <party />
              <role />
              <in.gov>0</in.gov>
              <first.speech>0</first.speech>
              <name role="metadata">PRESIDENT, The</name>
              <name role="display">The PRESIDENT</name>
            </talker>
            <para>- It .is too late for the honorable senator to move that my ruling be dissented from, because business has proceeded beyond the point when the decision was given. </para>
          </talk.start>
        </continue>
        <interjection>
          <talk.start>
            <talker>
              <page.no>3020</page.no>
              <time.stamp />
              <name.id>K7P</name.id>
              <electorate />
              <party />
              <role />
              <in.gov>0</in.gov>
              <first.speech>0</first.speech>
              <name role="metadata">COLLINGS, Joseph</name>
              <name role="display">Senator Collings</name>
            </talker>
            <para>- Under what Standing Order do you give that ruling? I shall not be content with the authority of the  Clerk  of the Senate on suCh a matter, because I believe that my contention is watertight. I submit that the business has not gone on. </para>
          </talk.start>
        </interjection>
        <continue>
          <talk.start>
            <talker>
              <page.no>3021</page.no>
              <time.stamp />
              <name.id>10000</name.id>
              <electorate />
              <party />
              <role />
              <in.gov>0</in.gov>
              <first.speech>0</first.speech>
              <name role="metadata">PRESIDENT, The</name>
              <name role="display">The PRESIDENT</name>
            </talker>
            <para>- I draw the honorable senator&#39;s attention to Standing Order 429- </para>
          </talk.start>
        </continue>
        <para>If any objection is taken to the ruling or decision of the  President,  such objection must he taken at once, and in writing, and Motion made, which, if seconded, shall be proposed to the Senate and Debate thereon forthwith adjourned to the next sitting day, unless the Senate decides on motion, without Debate, that the question requires immediate determination. </para>
        <para class="block">I rule that the business has gone on and, therefore, I call on <inline font-weight="bold">Senator Johnston.</inline></para>
        <interjection>
          <talk.start>
            <talker>
              <page.no>3021</page.no>
              <time.stamp />
              <name.id>K7P</name.id>
              <electorate />
              <party />
              <role />
              <in.gov>0</in.gov>
              <first.speech>0</first.speech>
              <name role="metadata">COLLINGS, Joseph</name>
              <name role="display">Senator Collings</name>
            </talker>
            <para>-  You, sir, disturbed me in the execution of my intention. I could not submit a written motion of dissent from your ruling while debating your ruling. I now submit my dissent in writing, and move - </para>
          </talk.start>
        </interjection>
        <quote>
          <para>That the ruling of <inline font-weight="bold">Mr. President</inline> be dissented from. </para>
        </quote>
        <continue>
          <talk.start>
            <talker>
              <page.no>3021</page.no>
              <time.stamp />
              <name.id>10000</name.id>
              <electorate />
              <party />
              <role />
              <in.gov>0</in.gov>
              <first.speech>0</first.speech>
              <name role="metadata">PRESIDENT, The</name>
              <name role="display">The PRESIDENT</name>
            </talker>
            <para>- Under the Standing Orders the consideration of the motion must be postponed until the next sitting day unless the Senate decides on motion, without debate, that the question requires immediate determination. </para>
          </talk.start>
        </continue>
        <interjection>
          <talk.start>
            <talker>
              <page.no>3021</page.no>
              <time.stamp />
              <name.id>K7P</name.id>
              <electorate />
              <party />
              <role />
              <in.gov>0</in.gov>
              <first.speech>0</first.speech>
              <name role="metadata">COLLINGS, Joseph</name>
              <name role="display">Senator Collings</name>
            </talker>
            <para>-  As the subjectmatter of my motion is urgent, I move - </para>
          </talk.start>
        </interjection>
        <quote>
          <para>That the question requires immediate determination. </para>
        </quote>
        <para>Question - put. </para>
      </speech>
      <division>
        <division.header>
          <time.stamp />
          <para>The Senate divided. (President - Senator the Hon. J. B. Hayes.)</para>
        </division.header>
        <division.data>
          <ayes>
            <num.votes>15</num.votes>
            <title>AYES</title>
          </ayes>
          <noes>
            <num.votes>19</num.votes>
            <title>NOES</title>
          </noes>
        </division.data>
        <para>Majority . . 4 </para>
        <para>AYES</para>
        <para class="block">
          <graphic href="156332193807016_5_1_1_A.jpg" />
        </para>
        <para>NOES</para>
        <para class="block">
          <graphic href="156332193807016_5_1_2_N.jpg" />
        </para>
        <division.result>
          <para class="block">Question . resolved in the negative. </para>
        </division.result>
      </division>
      <continue>
        <talk.start>
          <talker>
            <page.no>3021</page.no>
            <time.stamp />
            <name.id>10000</name.id>
            <electorate />
            <party />
            <role />
            <in.gov>0</in.gov>
            <first.speech>0</first.speech>
            <name role="metadata">PRESIDENT, The</name>
            <name role="display">The PRESIDENT</name>
          </talker>
          <para>- . <inline font-weight="bold">Senator Johnston.</inline></para>
        </talk.start>
      </continue>
      <para>SenatorE. B. JOHNSTON  (Western Australia) &#91;3.33&#93;.- <inline font-weight="bold">Mr. President-</inline></para>
      <interjection>
        <talk.start>
          <talker>
            <page.no>3021</page.no>
            <time.stamp />
            <name.id>K7P</name.id>
            <electorate />
            <party />
            <role />
            <in.gov>0</in.gov>
            <first.speech>0</first.speech>
            <name role="metadata">COLLINGS, Joseph</name>
            <name role="display">Senator Collings</name>
          </talker>
          <para>-  I rise to a point of order. The Senate having decided that the discussion on my motion shall not proceed immediately, I submit that <inline font-weight="bold">Senator Johnston</inline> is also out of order. The motion of dissent from your ruling has not yet been decided and, therefore, <inline font-weight="bold">Senator Johnston</inline> is not entitled to proceed. </para>
        </talk.start>
      </interjection>
      <interjection>
        <talk.start>
          <talker>
            <page.no>3021</page.no>
            <time.stamp />
            <name.id>KP8</name.id>
            <electorate />
            <party />
            <role />
            <in.gov>0</in.gov>
            <first.speech>0</first.speech>
            <name role="metadata">JOHNSTON, Edward</name>
            <name role="display">Senator E B Johnston</name>
          </talker>
          <para>-  I understand that the Senate has just decided that the motion of the Leader of the Opposition shall not take precedence. </para>
        </talk.start>
      </interjection>
      <interjection>
        <talk.start>
          <talker>
            <page.no>3021</page.no>
            <time.stamp />
            <name.id>K7P</name.id>
            <electorate />
            <party />
            <role />
            <in.gov>0</in.gov>
            <first.speech>0</first.speech>
            <name role="metadata">COLLINGS, Joseph</name>
            <name role="display">Senator Collings</name>
          </talker>
          <para>-  Nothing of the kind. </para>
        </talk.start>
      </interjection>
      <interjection>
        <talk.start>
          <talker>
            <page.no>3021</page.no>
            <time.stamp />
            <name.id>KP8</name.id>
            <electorate />
            <party />
            <role />
            <in.gov>0</in.gov>
            <first.speech>0</first.speech>
            <name role="metadata">JOHNSTON, Edward</name>
            <name role="display">Senator E B Johnston</name>
          </talker>
          <para>-  Am I to be prevented from discussing the position of the wheat farmers before the Senate adjourns? </para>
        </talk.start>
      </interjection>
      <interjection>
        <talk.start>
          <talker>
            <page.no>3021</page.no>
            <time.stamp />
            <name.id>K7P</name.id>
            <electorate />
            <party />
            <role />
            <in.gov>0</in.gov>
            <first.speech>0</first.speech>
            <name role="metadata">COLLINGS, Joseph</name>
            <name role="display">Senator Collings</name>
          </talker>
          <para>-  Not necessarily. </para>
        </talk.start>
      </interjection>
      <interjection>
        <talk.start>
          <talker>
            <page.no>3021</page.no>
            <time.stamp />
            <name.id>KP8</name.id>
            <electorate />
            <party />
            <role />
            <in.gov>0</in.gov>
            <first.speech>0</first.speech>
            <name role="metadata">JOHNSTON, Edward</name>
            <name role="display">Senator E B Johnston</name>
          </talker>
          <para>-  Having been supported by a majority of the Senate, surely I have the right to proceed ?, </para>
        </talk.start>
      </interjection>
      <interjection>
        <talk.start>
          <talker>
            <page.no>3021</page.no>
            <time.stamp />
            <name.id>K7P</name.id>
            <electorate />
            <party />
            <role />
            <in.gov>0</in.gov>
            <first.speech>0</first.speech>
            <name role="metadata">COLLINGS, Joseph</name>
            <name role="display">Senator Collings</name>
          </talker>
          <para>-  I object to <inline font-weight="bold">Senator Johnston</inline> speaking on the subject-matter of the motion which he desires to move. </para>
        </talk.start>
      </interjection>
      <interjection>
        <talk.start>
          <talker>
            <page.no>3021</page.no>
            <time.stamp />
            <name.id>KP8</name.id>
            <electorate />
            <party />
            <role />
            <in.gov>0</in.gov>
            <first.speech>0</first.speech>
            <name role="metadata">JOHNSTON, Edward</name>
            <name role="display">Senator E B Johnston</name>
          </talker>
          <para>-  I have not yet been able to read the motion which I desired to move. Each time that I have attempted to do so, <inline font-weight="bold">Senator Callings</inline> has jumped to his feet. </para>
        </talk.start>
      </interjection>
      <continue>
        <talk.start>
          <talker>
            <page.no>3021</page.no>
            <time.stamp />
            <name.id>10000</name.id>
            <electorate />
            <party />
            <role />
            <in.gov>0</in.gov>
            <first.speech>0</first.speech>
            <name role="metadata">PRESIDENT, The</name>
            <name role="display">The PRESIDENT</name>
          </talker>
          <para>- I ask the honorable senator to resume his seat. The ruling I have just given was to the effect that, for several reasons, <inline font-weight="bold">Senator Johnston&#39;s</inline> motion took precedence over that of <inline font-weight="bold">Senator Collings.</inline> That ruling has been challenged. Even in my long parliamentary experience, I know of no precedent for these circumstances. The Standing Orders do not provide for it. I must, therefore, decide it for myself. My ruling has to be considered by the Senate at a future date. The whole matter is, therefore, in abeyance. Neither honorable senator may move his motion at this stage. I do not take into account, at the moment, the subject-matter of either motion. In the circumstances which face us, and in view of the decision of the Senate, it would bequite unfair to allow either honorable senator to proceed&#39; with his motion at this moment. I, therefore, rule accordingly. </para>
        </talk.start>
      </continue>
    </debate>
    <debate>
      <debateinfo>
        <title>ADJOURNMENT</title>
        <page.no>3022</page.no>
        <type>adjournment</type>
      </debateinfo>
      <subdebate.1>
        <subdebateinfo>
          <title>Wheat Industry</title>
          <page.no>3022</page.no>
        </subdebateinfo>
        <para>Motion (by <inline font-weight="bold">Senator A.</inline> J. McLachlan) proposed - </para>
        <quote>
          <para>That the Senate do now adjourn. </para>
        </quote>
        <speech>
          <talk.start>
            <talker>
              <page.no>3022</page.no>
              <time.stamp />
              <name.id>KP8</name.id>
              <electorate>Western Australia</electorate>
              <party />
              <role />
              <in.gov>0</in.gov>
              <first.speech>0</first.speech>
              <name role="metadata">JOHNSTON, Edward</name>
              <name role="display">Senator E B JOHNSTON</name>
            </talker>
            <para>.- The motion that I had intended to move as a matter of urgency was designed to draw the attention of the Government and of the Senate to the precarious state of the wheat industry in Australia. </para>
          </talk.start>
          <interjection>
            <talk.start>
              <talker>
                <page.no>3022</page.no>
                <time.stamp />
                <name.id>K7P</name.id>
                <electorate />
                <party />
                <role />
                <in.gov>0</in.gov>
                <first.speech>0</first.speech>
                <name role="metadata">COLLINGS, Joseph</name>
                <name role="display">Senator Collings</name>
              </talker>
              <para>- <inline font-weight="bold">Mr. President,</inline> I was on my feet before <inline font-weight="bold">Senator Johnston</inline> rose, and I submit that I should have received the call from the Chair. </para>
            </talk.start>
          </interjection>
        </speech>
        <speech>
          <talk.start>
            <talker>
              <page.no>3022</page.no>
              <time.stamp />
              <name.id>10000</name.id>
              <electorate />
              <party />
              <role />
              <in.gov>0</in.gov>
              <first.speech>0</first.speech>
              <name role="metadata">PRESIDENT, The</name>
              <name role="display">The PRESIDENT</name>
            </talker>
            <para>
              <inline font-weight="bold">- Senator Johnston</inline>has the call from the Chair. The Leader of the Opposition <inline font-weight="bold">(Senator Collings)</inline> will have his opportunity later. </para>
          </talk.start>
          <interjection>
            <talk.start>
              <talker>
                <page.no>3022</page.no>
                <time.stamp />
                <name.id>K6P</name.id>
                <electorate />
                <party />
                <role />
                <in.gov>0</in.gov>
                <first.speech>0</first.speech>
                <name role="metadata">BROWN, Gordon</name>
                <name role="display">Senator Brown</name>
              </talker>
              <para>-  Are we to understand, <inline font-weight="bold">Mr. President,</inline> that, in the future, rulings will be given according to sympathy and not according to the Standing Orders? </para>
            </talk.start>
          </interjection>
          <continue>
            <talk.start>
              <talker>
                <page.no>3022</page.no>
                <time.stamp />
                <name.id>10000</name.id>
                <electorate />
                <party />
                <role />
                <in.gov>0</in.gov>
                <first.speech>0</first.speech>
                <name role="metadata">PRESIDENT, The</name>
                <name role="display">The PRESIDENT</name>
              </talker>
              <para>- Order ! <inline font-weight="bold">Senator Johnston</inline> will proceed. </para>
            </talk.start>
          </continue>
          <continue>
            <talk.start>
              <talker>
                <page.no>3022</page.no>
                <time.stamp />
                <name.id>KP8</name.id>
                <electorate />
                <party />
                <role />
                <in.gov>0</in.gov>
                <first.speech>0</first.speech>
                <name role="metadata">JOHNSTON, Edward</name>
                <name role="display">Senator E B JOHNSTON</name>
              </talker>
              <para>- For a considerable time, I have been drawing the attention of the Government to the precarious state of the wheat industry and to the urgent need for effective action by the Commonwealth Government to stabilize the price of wheat so as to assure to the growers a reasonable return for their labour. I ventilate this subject now because of the feeling of uncertainty and indefiniteness that exists as to the intentions of the Government. The wheatgrowers of Australia are confronted with falling prices and are unable to discover what definite assistance the Commonwealth Government intends to provide for them in respect to the coming harvest. They also wish to emphasize the need for substantial help for the industry on some permanent basis. Only in that way can the industry be put on a satisfactory footing. It is desired that for that portion of the Australian wheat crop which is consumed within the Commonwealth the producers shall receive a fair price which will give them some profit for their work. Unfortunately, since 1931, the wheat industry has been the plaything of party politics. The situation to-day is such that a fixed price should be declared for at least that portion of the crop which is consumed in Australia, so that the wheat-growers will know where they are. The responsibility for introducing legislation to achieve this deserving object may, unfortunately, not be accepted by all of the State governments of this country. The subject is tossed from the Commonwealth Government to State governments, and from State governments back to the Commonwealth Government, like a kind of political shuttlecock. To alter the figure, the responsibility for passing legislation to assist the wheat farmers, is an unwanted political baby. </para>
            </talk.start>
          </continue>
          <para>On the 21st June last, the Acting Minister for Commerce, <inline font-weight="bold">Mr. Archie</inline> Cameron, referred to the subject in the House of Representatives in the following terms :  - </para>
          <quote>
            <para>Owing to the constitutional limitations apparently the only solution left is to accept the recommendation of the Australian Agricultural Council,that after consultation, the six States should introduce legislation to assist the wheat industry to secure a homeconsumption price. </para>
          </quote>
          <para class="block">In other words, the honorable gentleman has suggested that six State governments of varying political opinions shall not only each introduce legislation into their respective Parliaments, but shall require it to be passed with an almost impossible degree of uniformity. While we are waiting for this quite unlikely uniform action on the part of the State governments, the wheat-growers are to be left without help. The Acting Minister for Commerce proceeded to say: - </para>
          <quote>
            <para>It was decided that the six State Ministers of Agriculture should report to the Agricultural Council at its meeting in Perth in August or September next, the result of their recommendations, whereupon the Commonwealth Government would discuss with them what measures were necessary on the part of this Parliament to put the coping-stone on the foundations laid by State legislation based on State powers. </para>
          </quote>
          <para>Obviously, long before even the six State Parliaments can pass the necessary legislation to deal with this important subject - I leave out of account, for the  moment, the necessary action by the Commonwealth Government - the whole of the next Australian wheat harvest will have been reaped and probably marketed. Harvesting operations begin in some States in late October or early November. The Government of one of the most important wheatproducing States, Western Australia, has already given some indication,- through its  Deputy  Premier and Minister for Lands, <inline font-weight="bold">Mr. M.</inline> P. &#34;Troy, of its attitude. Wo can have no doubt that <inline font-weight="bold">Mr. Troy</inline> is well informed of the mind of the Government of Western Australia on the subject. I direct attention to the following report in this connexion which appeared in <inline font-style="italic">The West Australian</inline> of the 23rd June :  - </para>
        </speech>
      </subdebate.1>
    </debate>
    <debate>
      <debateinfo>
        <title>HOME WHEAT &#39; PRICE</title>
        <page.no>3023</page.no>
        <type>miscellaneous</type>
      </debateinfo>
      <subdebate.1>
        <subdebateinfo>
          <title>Suggested State Action</title>
          <page.no>3023</page.no>
        </subdebateinfo>
        <para class="italic">
          <inline font-weight="bold">Mr. Troy</inline>
          <inline font-style="italic">&#34;Quite in the Dark.&#34;</inline>
        </para>
        <para>The Minister for Lands <inline font-weight="bold">(Mr. M. F. Troy)</inline> said yesterday that he knew of no contemplated State legislation in connexion&#39; with a bounty for wheat. He was replying to statements made by the Acting Minister for Commerce <inline font-weight="bold">(Mr. Archie Cameron)</inline> in the House of Representatives on Tuesday during a debate on the wheat industry. &#34; When <inline font-weight="bold">Mr. Cameron</inline> makes a statement that the Commonwealth Government has no power to help the wheat-growing industry, &#34; said <inline font-weight="bold">Mr. Troy,</inline> &#34;he ignores the fact that under its excise powers the Commonwealth Government can provide a bounty for wheat or any other primary product. &#34; The legislation which the Commonwealth endeavoured to force upon the States a few years ago was unconstitutional, and the Commonwealth Government knew it was unconstitutional. The conference of Ministers which sat at Canberra under (the chairmanship of the Minister for Commerce <inline font-weight="bold">(Sir Earle Page)</inline> was informed by no less an authority than the Common wealth Attorney-General <inline font-weight="bold">(Mr. Menzies)</inline> that such legislation was unconstitutional. &#34; The real Commonwealth objection to raising moneys under its excise powersto assist the wheat industry is political, and not because of any constitutional objection. At least one section supporting the Government objects to being saddled with the onus of doing anything to increase the price of foodstuffs and in the interests of this section the Commonwealth Government has endeavoured to force the States to pass legislation which would not in any way meet the situation. That Government is mostly concerned with holding together the two sections which support it, and this is the only reason why it will not face the facts squarely. <inline font-weight="bold">&#34;Mr. Cameron</inline> is reported to have stated that &#39;each State Minister for Agriculture has promised to initiate State legislation and report his action to &#39;the Australian Agricultural Council in August to enable supplemen tary legislation to be enacted by the Commonwealth.&#39; I know of no such- contemplated legislation and am quite in the dark as to what <inline font-weight="bold">Mr. Cameron</inline> is referring to.&#34; </para>
        <para class="block">It is quite clear from <inline font-weight="bold">Mr. Troy&#39;s</inline> statement - or so I should judge - that the Labour Government of Western Australia does not intend to pass this particular legislation which, according to <inline font-weight="bold">Mr. Cameron,</inline> will have to be passed by six State governments before the Commonwealth will provide its coping stone. The Commonwealth should be well aware of that because the statement was made publicly. Although I have quoted it from <inline font-style="italic">The West Australian,</inline> I have also read it in the Melbourne <inline font-style="italic">Sun,</inline> and doubtless it has appeared in all other newspapers in the eastern States. Therefore, the Commonwealth could not be excused if it was unaware that Western Australia, at all events, does not intend to pass this legislation except under pressure, and I have not, so far, heard any suggestion of that nature. If the Commonwealth knows that the States are not proposing to initiate this legislation, why should it wait until August or September for a meeting of the Australian Agricultural Council to obtain reports on the subject from the States? As a matter of fact, the responsibility for assisting the wheat farmers rests, not upon the State governments, but where it has rested ever since I have been a member of the Senate, namely, on the broad back of the Commonwealth Government, which has an overflowing Treasury.  The following return shows the disbursements by the Commonwealth Government among the wheat-growers of Australia since 1929-30- &#62; </para>
        <para class="block">
          <graphic href="156332193807016_7_0.jpg" />
        </para>
        <para class="block">In none of those years was preliminary legislation passed by the six States of Australia, or even by the four wheatgrowing States/ before the assistance was granted. The Commonwealth Government still has the powers that it then exercised. It is curious that in giving for five consecutive harvests the assistance I have outlined, on  noi  occasion did it utilize any of the powers which the Privy Council in the. <inline font-style="italic">James</inline> ease subsequently declared that it did not possess. There is no reason why the Commonwealth should not now, on its own initiative, give similar assistance. </para>
        <interjection>
          <talk.start>
            <talker>
              <page.no>3024</page.no>
              <time.stamp />
              <name.id>K9I</name.id>
              <electorate />
              <party />
              <role />
              <in.gov>0</in.gov>
              <first.speech>0</first.speech>
              <name role="metadata">UPPILL, Oliver</name>
              <name role="display">Senator Uppill</name>
            </talker>
            <para>- Is not a permanent basis desired? </para>
          </talk.start>
        </interjection>
        <speech>
          <talk.start>
            <talker>
              <page.no>3024</page.no>
              <time.stamp />
              <name.id>KP8</name.id>
              <electorate />
              <party />
              <role />
              <in.gov>0</in.gov>
              <first.speech>0</first.speech>
              <name role="metadata">JOHNSTON, Edward</name>
              <name role="display">Senator E B JOHNSTON</name>
            </talker>
            <para>- Yes, we want the matter to be placed On a permanent basis. Again I emphasize that the various grants to wheat-growers, whether on an acreage or production basis, have been entirely a Commonwealth function. </para>
          </talk.start>
          <para>The Royal Commission on the Wheat Industry, in its important recommendations - which have not been implemented to any extent - certainly did not suggest that assistance to the industry should be on any other basis than, in the first instance, through Commonwealth action. In its second report, at page 254, it made the following three very important recommendations : - </para>
          <list type="lowerroman-dotted">
            <item label="i.">
              <para>That assistance be afforded by the Commonwealth to the wheat industry through, the application of a home consumption price for flour by an excise duty on flour used within the Commonwealth as recommended in the first report dated 30th July, 1934, and in the supplement to the first report, dated 27th November, 1934. </para>
            </item>
            <item label="ii.">
              <para>That, if for any reason, it be found impossible or undesirable to apply the principle of a home consumption price through an excise duty on flour, it be applied in some other manner, as for instance, through the agency of the compulsory marketing scheme as set out in Recommendation (hi) below, or by such other means as may be considered desirable and appropriate. </para>
            </item>
            <item label="iii.">
              <para>That, in any case, a compulsory marketing  scheme  for Australian wheat be adopted, provided that the majority of the wheatfanners of each of three wheat exporting States express their approval of such a scheme, and that the principles upon which the compulsory marketing scheme is based shall bc those recommended in paragraph. 273 of subsection 0 of section V. of this report. <inline font-weight="bold">(Mr.</inline> Cheadle  dissents). </para>
            </item>
          </list>
          <para class="block">
            <inline font-weight="bold">Mr.</inline>Cheadle  dissented from the third recommendation. I say quite frankly that, so long as the wheat industry is assisted permanently and generously, I am prepared to leave to the Government the decision as to what form the assistance shall take. </para>
          <interjection>
            <talk.start>
              <talker>
                <page.no>3024</page.no>
                <time.stamp />
                <name.id>KE4</name.id>
                <electorate />
                <party />
                <role />
                <in.gov>0</in.gov>
                <first.speech>0</first.speech>
                <name role="metadata">KEANE, Richard</name>
                <name role="display">Senator Keane</name>
              </talker>
              <para>- The honorable senator would not want a flour tax. </para>
            </talk.start>
          </interjection>
          <continue>
            <talk.start>
              <talker>
                <page.no>3024</page.no>
                <time.stamp />
                <name.id>KP8</name.id>
                <electorate />
                <party />
                <role />
                <in.gov>0</in.gov>
                <first.speech>0</first.speech>
                <name role="metadata">JOHNSTON, Edward</name>
                <name role="display">Senator E B JOHNSTON</name>
              </talker>
              <para>- I should have no political objection to a flour tax so long &#62;as the wheat industry  was assisted quickly and permanently. I shall deal with the flour tax and bounty later in my remarks. The principal legislation in connexion with a compulsory pool, if one be now possible in view of the decision in the <inline font-style="italic">James</inline> case, would be a matter for Commonwealth initiative and action. The prospect of increased crops of wheat in the northern hemisphere has depressed wheat prices and made the matter one of urgency. I noticed in yesterday&#39;s Melbourne <inline font-style="italic">Herald</inline> that the price of wheat at Williamstown, Victoria, was 3s.  6&#189;d  a bushel, whilst the average price at country sidings was 3s. l&#163;d. a bushel. During the preceding few weeks the price was even lower than those unprofitable rates. </para>
            </talk.start>
          </continue>
          <para>Two years ago the Primary Producers Association of Western Australia placed before the Commonwealth Government detailed plans for a home consumption price of 5s. a bushel. At that time, wheat was worth 4s. 6d. a bushel for export. As prices were then higher, no hardship would have been caused had the home consumption price been stabilized at 5s. a bushel. Had our proposals then been adopted, the public would by now have been accustomed to according this proper measure of protection to the wheatgrowers, just as protection is enjoyed by the secondary industries and industrialists by virtue of the tariff and the Arbitration Court. More recently this association has asked the Commonwealth Government for a guarantee of 4s. a bushel at ports for the whole crop. The wheat-growers and the woolgrowers are as yet entirely unsheltered. For two consecutive harvests, owing to the improvement of prices, the  Government has been relieved of the need to pay a bounty on production or acreage, or of providing any other direct assistance to the wheat-growers of Australia. </para>
          <para class="block">To-day, the outlook is black, and while I am sure that the Government has good intentions, the growers are complaining of its delay. It seems to many growers that the Government is simply letting things drift. Like <inline font-weight="bold">Mr. Micawber,</inline> it is hoping that something will turn- up, in this instance an unlikely rise of overseas prices, which would relieve it of the necessity for talcing action. The wheatgrowers claim that the present position calls for immediate action by the Government. There is a strong feeling in the industry that at least the Australian Agricultural Council should be called together at once, if the Government is determined to consult that body once more, rather than wait until, the end of August or until September for this purpose. However, in view of the statement of the Minister for Lands in Western Australia, there does not seem to be any need to consult the Agricultural Council. There seems no likelihood of securing legislation from the six States, but the Commonwealth has power to impose an excise tax on flour and to give a bounty to the growers at once. I tried unsuccessfully yesterday, and with delayed success to-day, to have the subject discussed here. At least the Senate should not adjourn without a definite statement from the Government, and while the House of Representatives was in session some legislative action should have been taken. </para>
          <interjection>
            <talk.start>
              <talker>
                <page.no>3025</page.no>
                <time.stamp />
                <name.id>KS7</name.id>
                <electorate />
                <party />
                <role />
                <in.gov>0</in.gov>
                <first.speech>0</first.speech>
                <name role="metadata">MACDONALD, Allan</name>
                <name role="display">Senator Allan MacDonald</name>
              </talker>
              <para>- Why did not the honorable senator move his motion while the House of Representatives was sitting? </para>
            </talk.start>
          </interjection>
          <continue>
            <talk.start>
              <talker>
                <page.no>3025</page.no>
                <time.stamp />
                <name.id>KP8</name.id>
                <electorate />
                <party />
                <role />
                <in.gov>0</in.gov>
                <first.speech>0</first.speech>
                <name role="metadata">JOHNSTON, Edward</name>
                <name role="display">Senator E B JOHNSTON</name>
              </talker>
              <para>- I have repeatedy asked questions on the subject, and I tried to discuss the subject on the second reading of the Supply Bill, but I had the mortification, as did the Leader of the Opposition <inline font-weight="bold">(&#39;Senator Collings),</inline> of being ruled out of order because the Leader of the Government felt it his duty to draw the attention of a somewhat sympathetic  President  to the Standing Orders. Ever since the beginning of this session, I have been asking questions of the Government with regard to the position of the wheat-growers, but I am sorry to say that those questions did not elicit a satisfactory, answer in regard to the Commonwealth Government&#39;s intentions. </para>
            </talk.start>
          </continue>
          <interjection>
            <talk.start>
              <talker>
                <page.no>3025</page.no>
                <time.stamp />
                <name.id>KS7</name.id>
                <electorate />
                <party />
                <role />
                <in.gov>0</in.gov>
                <first.speech>0</first.speech>
                <name role="metadata">MACDONALD, Allan</name>
                <name role="display">Senator Allan MacDonald</name>
              </talker>
              <para>- The honorable member for Wimmera <inline font-weight="bold">(Mr. Wilson)</inline> submitted a motion in connexion with this matter in the House of Representatives ten days ago. </para>
            </talk.start>
          </interjection>
          <continue>
            <talk.start>
              <talker>
                <page.no>3025</page.no>
                <time.stamp />
                <name.id>KP8</name.id>
                <electorate />
                <party />
                <role />
                <in.gov>0</in.gov>
                <first.speech>0</first.speech>
                <name role="metadata">JOHNSTON, Edward</name>
                <name role="display">Senator E B JOHNSTON</name>
              </talker>
              <para>- My action is not dependent upon what was done on that occasion. In any case, the interval of ten days afforded the Government an opportunity to take some action, but nothing was done. I waited until the very last minute in the hope that the Government would make a statement, but I waited in vain. So long as the wheat industry is substantially assisted by the Government by a guaranteed price of at least 4s. a bushel, or by a bonus-- </para>
            </talk.start>
          </continue>
        </speech>
        <speech>
          <talk.start>
            <talker>
              <page.no>3025</page.no>
              <time.stamp />
              <name.id>10000</name.id>
              <electorate />
              <party />
              <role />
              <in.gov>0</in.gov>
              <first.speech>0</first.speech>
              <name role="metadata">PRESIDENT, The</name>
              <name role="display">The PRESIDENT</name>
            </talker>
            <para>- The time being 4 o&#39;clock, in conformity with the sessional order, I now put the question - </para>
          </talk.start>
          <quote>
            <para>That the Senate donow adjourn. </para>
          </quote>
          <para class="block">Question resolved in the affirmative. </para>
          <para class="block">Senate adjourned at 4 p.m. till a day and hour to be fixed by the  President. </para>
        </speech>
      </subdebate.1>
    </debate>
  </chamber.xscript>
</hansard>
