<?xml version="1.0" encoding="utf-8"?>
<hansard xsi:noNamespaceSchemaLocation="../../hansard.xsd" version="2.1" xmlns:xsi="http://www.w3.org/2001/XMLSchema-instance">
  <session.header>
    <date>1943-09-23</date>
    <parliament.no>17</parliament.no>
    <session.no>1</session.no>
    <period.no>1</period.no>
    <chamber>SENATE</chamber>
    <page.no>5</page.no>
    <proof>0</proof>
  </session.header>
  <chamber.xscript>
    <para class="block">COMMONWEALTH OF AUSTRALIA  </para>
    <para class="block">PARLIAMENTARY DEBATES. </para>
    <para class="block">FirstsessionoftheSeventeenth Parliament. (First Period.) </para>
    <para>The House of Representatives in the Sixteenth Parliament was, by proclamation, dissolved as from the 7th July, 1943, and honorable senators were, on that date, discharged from attendance. The Seventeenth Parliament was convened for the despatch of business on the 23rd September, 1943, and the First Session commenced on that day. </para>
    <para class="block">Senate. </para>
    <business.start>
      <day.start>1943-09-23</day.start>
    </business.start>
    <debate>
      <debateinfo>
        <title>OPENING OF THE PARLIAMENT</title>
        <page.no>5</page.no>
        <type>miscellaneous</type>
      </debateinfo>
      <para>The Senate met at 10.30 a.m., pursuant to the proclamation of His Excellency the Governor-General. </para>
      <para>The  Clerk  read the proclamation. </para>
      <para>The Deputies appointed by  His Excellency  the Governor-General for the opening of the Parliament - the Right Honorable <inline font-weight="bold">Sir John</inline> Greig Latham, P.C, G.C.M.G., M.A., LL.M., K.C., Chief Justice of the High Court of, Australia, and the Honorable Edward Aloysius McTiernan, a Justice of the High Court of Australia - having been announced by the Usher of the Black Rod, entered the chamber and took their seats on the dais. </para>
      <para>The Senior  Deputy  (the Right Honorable <inline font-weight="bold">Sir John</inline> Greig Latham), through the  Clerk,  directed the Usher to desire the attendance of the members of the House of Representatives, who being come, </para>
      <para>The SENIOR DEPUTY said- </para>
      <para>Members of the Senate and Members of the House of Representatives : </para>
      <para>His Excellency the Governor-General, not thinking fit to be present in person at this time, has been pleased to cause letters patent to issue under the Great Seal of the Commonwealth constituting us his deputies to do in his name all that is necessary to be performed in declaring this Parliament open, as will more fully appear from the letters patent which will now be read. </para>
      <para>The letters patent having been read by the  Clerk, </para>
      <para>The SENIOR DEPUTY said- </para>
      <para>Members of the Senate and Members of the House of Representatives: </para>
      <para>We have it in command from the Governor-General to let you know that, as soon as certain members of the Senate and the members of the House of Representatives shall have been sworn, the causes of  His Excellency  calling this Parliament will be declared by him in person at this place ; and, it being necessary that a  President  of the Senate and a  Speaker  of the House of Representatives shall be first chosen, you,, members of the Senate, will proceed to choose some proper person to be your  President,  and you, members of the House of Representatives, will retire to the place where you are to sit, and there proceed to the choice of some proper person to be your Speaker; and thereafter you will respectively present the persons whom you shall so choose to  His Excellency,  at such time and place as he shall appoint. <inline font-weight="bold">Mr. Justice</inline> McTiernan will attend in the House of Representatives for the purpose of administering the oath, or affirmation, of allegiance to honorable members of. that House. </para>
      <para>The Second Deputy and members of the House of Representatives having retired, </para>
    </debate>
    <debate>
      <debateinfo>
        <title>COMMISSION TO ADMINISTER OATH</title>
        <page.no>6</page.no>
        <type>miscellaneous</type>
      </debateinfo>
      <para>The Senior  Deputy  produced a Commission authorizing him to administer the oath, or affirmation, of allegiance to senators chosen to fill casual vacancies, which was read by. the  Clerk. </para>
    </debate>
    <debate>
      <debateinfo>
        <title>REPRESENTATION OF WESTERN AUSTRALIA</title>
        <page.no>6</page.no>
        <type>miscellaneous</type>
      </debateinfo>
      <subdebate.1>
        <subdebateinfo>
          <title>New Senators Sworn</title>
          <page.no>6</page.no>
        </subdebateinfo>
        <speech>
          <talk.start>
            <talker>
              <page.no>6</page.no>
              <time.stamp />
              <name.id>10000</name.id>
              <electorate />
              <party />
              <role />
              <in.gov>0</in.gov>
              <first.speech>0</first.speech>
              <name role="metadata">CLERK, The</name>
              <name role="display">The Clerk</name>
            </talker>
            <para>- I have to announce that I have received, through His Excellency the Governor-General, from the LieutenantGovernor of the State of Western. Australia, a certificate of the choice, at the election held on the 21st August, 1943, of Richard Harry Nash and Dorothy Margaret Tangney to fill casual vacancies existing in the representation of Western Australia in the Senate. </para>
          </talk.start>
          <para>I now lay such certificate on the table and ask. the Senators named to come to the table, in turn, to be sworn. </para>
          <para>Senators Nash and Tangney made and subscribed the oath of allegiance. </para>
          <para>The Senior Deputy retired. </para>
        </speech>
      </subdebate.1>
    </debate>
    <debate>
      <debateinfo>
        <title>ELECTION OF PRESIDENT</title>
        <page.no>6</page.no>
        <type>miscellaneous</type>
      </debateinfo>
      <speech>
        <talk.start>
          <talker>
            <page.no>6</page.no>
            <time.stamp />
            <name.id>KE4</name.id>
            <electorate>Victoria</electorate>
            <party>ALP</party>
            <role>Minister for Trade and Customs</role>
            <in.gov>1</in.gov>
            <first.speech>0</first.speech>
            <name role="metadata">KEANE, Richard</name>
            <name role="display">Senator KEANE</name>
          </talker>
          <para>. - The time has now arrived for honorable senators to choose a suitable member of the Senate as its  President.  I move - </para>
        </talk.start>
        <quote>
          <para>That <inline font-weight="bold">Senator Gordon</inline> Brown do take the chair of this Senate as  President. </para>
        </quote>
        <interjection>
          <talk.start>
            <talker>
              <page.no>6</page.no>
              <time.stamp />
              <name.id>K0W</name.id>
              <electorate />
              <party />
              <role />
              <in.gov>0</in.gov>
              <first.speech>0</first.speech>
              <name role="metadata">ASHLEY, William</name>
              <name role="display">Senator Ashley</name>
            </talker>
            <para>- I second the motion. </para>
          </talk.start>
        </interjection>
        <interjection>
          <talk.start>
            <talker>
              <page.no>6</page.no>
              <time.stamp />
              <name.id>K6P</name.id>
              <electorate />
              <party />
              <role />
              <in.gov>0</in.gov>
              <first.speech>0</first.speech>
              <name role="metadata">BROWN, Gordon</name>
              <name role="display">Senator Brown</name>
            </talker>
            <para>- I submit myself to the will of the Senate. </para>
          </talk.start>
        </interjection>
      </speech>
      <speech>
        <talk.start>
          <talker>
            <page.no>6</page.no>
            <time.stamp />
            <name.id>10000</name.id>
            <electorate />
            <party />
            <role />
            <in.gov>0</in.gov>
            <first.speech>0</first.speech>
            <name role="metadata">CLERK, The</name>
            <name role="display">The Clerk</name>
          </talker>
          <para>- There being no other nomination, I declare <inline font-weight="bold">Senator Brown;</inline> elected  President  of the Senate. </para>
        </talk.start>
        <para>The  PRESIDENT,  having been conducted to the dais, and standing on the upper step, said - </para>
        <para>I am deeply sensible of the honour that has been conferred upon me. I greatly regret the circumstances that have necessitated the election of a. new  President  at the present time. The late  President,  the Honorable James Cunningham, was a man of great capacity who rendered valuable service to the. people of Australia generally, and particularly to those of Western Australia. I thank honorable senators for the honour that they have conferred upon me, and assure them that I shall do my best to follow in the footsteps of the nine illustrious Presidents of the Senate who have preceded me. </para>
        <para>
          <inline font-weight="bold">Senator KEANE</inline>(Victoria.- Minister for Trade and Customs). - On behalf of the Government, I offer congratulations to you,. <inline font-weight="bold">Mr. President,</inline> upon your election, and express the hope that your work in the Chair will be at least comparable with that of the able men who have preceded you. The way in which you carried out your important duties as  Chairman  of Committees gave satisfaction to every member of this chamber. The service which you have rendered in this Parliament, coupled with your wide experience fits you for the high position with which you have been honoured to-day. I offer you my heartiest congratulations. </para>
      </speech>
      <speech>
        <talk.start>
          <talker>
            <page.no>6</page.no>
            <time.stamp />
            <name.id>KUA</name.id>
            <electorate>South Australia</electorate>
            <party />
            <role>Leader of the Opposition</role>
            <in.gov>0</in.gov>
            <first.speech>0</first.speech>
            <name role="metadata">MCLEAY, George</name>
            <name role="display">Senator McLEAY</name>
          </talker>
          <para>. - On behalf of the Opposition I extend to you, <inline font-weight="bold">Mr. President,</inline> congratulations upon your appointment to your distinguished position. Honorable senators have had an opportunity of appraising your work as  Chairman  of Committees. In that responsible office you carried out your duties with efficiency and fairness which appealed to all members of the Senate. I, with you, regret the circumstances which have made it necessary for the Senate to select a new  President  on this occasion. I can assure you that members of the Opposition appreciate the constitutional and traditional rights of the Senate, and we look to you to uphold those rights with the same tenacity and courage as &#39;that displayed by your predecessors since the inauguration of the Commonwealth. I assure you that the Opposition will be pleased to work in this Senate under your guidance. </para>
        </talk.start>
      </speech>
      <speech>
        <talk.start>
          <talker>
            <page.no>7</page.no>
            <time.stamp />
            <name.id>JQP</name.id>
            <electorate>&#39;Queensland</electorate>
            <party />
            <role />
            <in.gov>0</in.gov>
            <first.speech>0</first.speech>
            <name role="metadata">COOPER, Walter</name>
            <name role="display">Senator COOPER</name>
          </talker>
          <para>- I offer to you, <inline font-weight="bold">Mr. President,</inline> the heartiest congratulations of the members of the Country party in the Senate upon your appointment to your eminent position. I can assure you that dum ing your term of office we shall assist you in every possible way to carry out the duties of your important office. </para>
        </talk.start>
      </speech>
      <speech>
        <talk.start>
          <talker>
            <page.no>7</page.no>
            <time.stamp />
            <name.id>10000</name.id>
            <electorate />
            <party />
            <role />
            <in.gov>0</in.gov>
            <first.speech>0</first.speech>
            <name role="metadata">PRESIDENT, The</name>
            <name role="display">The PRESIDENT</name>
          </talker>
          <para>
            <inline font-weight="bold">- (Senator the Hon. Gordon Brown).</inline>- I thank the Min.ister for Trade and Customs <inline font-weight="bold">(Senator Keane),</inline> the Leader of the Opposition <inline font-weight="bold">(Senator McLeay)</inline> and <inline font-weight="bold">Senator Cooper,</inline> who has spoken on behalf of the Country party, for their kind references to my elevation to the high and- responsible position which I now occupy. I shall carry out my duties, as I endeavoured to do when  Chairman  of Committees, with the desire to do justice to honorable senators on both sides of the chamber. I have learnt that there are men of high capacity in the Senate, although that opinion may not be shared by some people outside this chamber. There has been a tendency to decry the work of this Parliament, but my experience of it is that both in this chamber and in the House of Representatives&#39; there are men of high calibre, whose great desire is to do all they can in the interests of their country. I trust that in future we shall do much to enhance the status of this Parliament. It lies within the power of honorable senators to place this branch of the legislature on even a higher plane than that on which it rests to-day. By concentrating our attention on matters of national importance and discussing them intelligently in this chamber we can raise the status and increase the usefulness of the Senate. For certain constitutional reasons, -members of the Senate have more time at their disposal than members of the House of Representatives for the consideration of urgent national problems, and I am looking forward to the Senate becoming of even greater importance than at present. </para>
        </talk.start>
        <para class="block">L shall discharge my duties as  President  to the best of my ability, and -shall endeavour to mete out even-handed justice to honorable senators on both sides of the chamber, realizing that that is essential for the effective control of any legislature. I thank the Senate for having unanimously placed me in my present high position. I shall endeavour to carry out my duties to the satisfaction of all honorable senators. </para>
      </speech>
      <subdebate.1>
        <subdebateinfo>
          <title>Presentation to Governor-General</title>
          <page.no>7</page.no>
        </subdebateinfo>
        <speech>
          <talk.start>
            <talker>
              <page.no>7</page.no>
              <time.stamp />
              <name.id>KE4</name.id>
              <electorate>Victoria</electorate>
              <party>ALP</party>
              <role>Minister for Trade and Customs</role>
              <in.gov>1</in.gov>
              <first.speech>0</first.speech>
              <name role="metadata">KEANE, Richard</name>
              <name role="display">Senator KEANE</name>
            </talker>
            <para>. - I desire to acquaint honorable &#39; senators that  His Excellency  the Governor-General has appointed the hour of 2.35 p.m. this day, in the Parliamentary Library, to receive the  President. </para>
          </talk.start>
        </speech>
        <speech>
          <talk.start>
            <talker>
              <page.no>7</page.no>
              <time.stamp />
              <name.id>10000</name.id>
              <electorate />
              <party />
              <role />
              <in.gov>0</in.gov>
              <first.speech>0</first.speech>
              <name role="metadata">PRESIDENT, The</name>
              <name role="display">The PRESIDENT</name>
            </talker>
            <para>- I shall suspend the sitting of the Senate until 2.35 p.m., at which hour I shall present myself to  His Excellency  the Governor-General with such honorable senators as desire to accompany me. </para>
          </talk.start>
          <para class="italic">
            <inline font-style="italic">Silting suspended from 10.59 a.m. to 2.35 p.m.</inline>
          </para>
          <continue>
            <talk.start>
              <talker>
                <page.no>7</page.no>
                <time.stamp />
                <name.id>10000</name.id>
                <electorate />
                <party />
                <role />
                <in.gov>0</in.gov>
                <first.speech>0</first.speech>
                <name role="metadata">PRESIDENT, The</name>
                <name role="display">The PRESIDENT</name>
              </talker>
              <para>- I invite honorable senators to accompany me to the Library, where I shall present myself to  His Excellency  the Governor-General. </para>
            </talk.start>
          </continue>
          <para>The Senate proceeded to the Library, and being re-assembled, </para>
          <continue>
            <talk.start>
              <talker>
                <page.no>7</page.no>
                <time.stamp />
                <name.id>10000</name.id>
                <electorate />
                <party />
                <role />
                <in.gov>0</in.gov>
                <first.speech>0</first.speech>
                <name role="metadata">PRESIDENT, The</name>
                <name role="display">The PRESIDENT</name>
              </talker>
              <para>- I have to report that, accompanied by honorable senators, I, this day, presented myself to the Governor-General as the person chosen by the -Senate as its  President. His Excellency  was pleased to congratulate me upon my election. </para>
            </talk.start>
          </continue>
        </speech>
      </subdebate.1>
    </debate>
    <debate>
      <debateinfo>
        <title>GOVERNOR-GENERAL&#39;S SPEECH</title>
        <page.no>7</page.no>
        <type>miscellaneous</type>
      </debateinfo>
    </debate>
    <debate>
      <debateinfo>
        <title>HIS EXCELLENCY THE GO</title>
        <page.no>7</page.no>
        <type>miscellaneous</type>
      </debateinfo>
      <para class="block">VERNOR-GENERAL entered the chamber, and, being seated, with the  President  on his right hand, a message was sent to the House of Representatives intimating that  His Excellency  desired the attendance of honorable members in the Senate chamber, who being come with their  Speaker, </para>
      <para>HIS EXCELLENCY was pleased to deliver the following speech: - </para>
      <para class="block">Members op the Senate and Members of the House of Representatives: </para>
      <para class="block">You have been called together to deliberate upon matters of importance to the well-being of the Commonwealth : </para>
      <list type="decimal-dotted">
        <item label="1.">
          <para>Since I last addressed you, our country has been beset by dangers greater than at any previous time in our history. However, in recent months, we have witnessed notable improvements in the war situation in every theatre. </para>
        </item>
        <item label="2.">
          <para>In the South- West Pacific, United States troops in the Solomons, and Australian and United States troops in New Guinea, are relentlessly forcing the enemy out of his forward bases. With each advance, the range of our air attack becomes more extensive, and the enemy&#39;s rearward bases more vulnerable. The overwhelming air assault on the enemy&#39;s base at Wewak and the landing of both air-borne and sea-borne forces near Lae have again emphasized the predominance of our air and sea power. The achievements of our land forces have demonstrated that the arms of the United Nations have established a definite superiority over the enemy from whom the initiative has been wrested. </para>
        </item>
        <item label="3.">
          <para>The capture of Lae by Allied forces on 16th September, following so closely on the successes of Allied arms at Salamaua and in the Solomon Islands, marks another notable stage in the war in the Pacific. The gallant members of the Australian Imperial Force and the Citizen Military Forces and their heroic comrades in the American forces have again demonstrated their superiority over a stubborn foe and the thanks and admiration of the people of Australia go out to the commanders and to the officers and men of the Australian and American forces of all arms for these magnificent victories. </para>
        </item>
        <item label="4.">
          <para>We acknowledge the gallantry of those of our countrymen serving on land, sea, and in the air in all theatres, and express our sympathy with the relatives and dependants of those who have died in the service of the nation. </para>
        </item>
        <item label="5.">
          <para>In the North Pacific, the Japanese have been compelled to relinquish Kiska, their last foothold in the Aleutians, while air attacks on the Kuriles and Marcus Island portend an increasing threat to Japan itself. </para>
        </item>
        <item label="6.">
          <para>In the European theatre, the unconditional surrender of Italy has deprived the Axis of some 65 Italian divisions, many of which were employed as garrisons for the occupied territories, and will have to be replaced by German troops. It has also transformed the naval position in the Mediterranean and this will undoubtedly have its effect on the Pacific theatre. In due course, we may expect that Allied aircraft operating from airfields in Italy will be able to attack the dispersed industries which Germany has so laboriously transferred from Western Germany to regions believed to be less vulnerable. At the same time, the occupation of the Italian mainland will expose the flanks of the Axis positions in the Balkans. It is clear, however, that Germany does not intend to relinquish Italy without a struggle. </para>
        </item>
        <item label="7.">
          <para>The magnificent efforts of the Soviet forces have been crowned with further victories. The most notable feature is the fact that this is the first summer campaign in which the Germans have suffered grave reverses on the eastern front. </para>
          <list type="upperalpha-dotted">
            <item label="S.">
              <para>The air offensive against Germany continues on an ever-increasing scale. These attacks are having a serious effect on German industry. They have also compelled Germany to weaken the air forces on the Russian front in an endeavour to cope with the British and American raids from the west. The raids are imposing a heavy strain on the German civilian defence organization and are undermining German morale on the&#39; home front. </para>
            </item>
          </list>
        </item>
        <item label="9.">
          <para>Operations in China and Burma are largely handicapped by difficulties of transport and communications. Increased air forces in these areas, however, have inflicted heavy damage on the Japanese. The establishment of the South-East Asia Command is an indication that further developments in this region may be expected. </para>
        </item>
        <item label="10.">
          <para>The Allied shipping position has greatly improved in recent months. The losses from enemy action have been reduced to a most encouraging extent and the sinking of enemy submarines has shown a marked upward trend. </para>
        </item>
        <item label="11.">
          <para>We have every reason for satisfaction with the decision of <inline font-weight="bold">Mr. Churchill</inline> sud  President  Roosevelt that the war in the Pacific will be prosecuted with the same vigour as in Europe. My advisers have expressed to them on behalf of the Australian people their appreciation of the deep significance of their assurance relating to the Pacific. </para>
        </item>
        <item label="12.">
          <para>My Government wishes me to express, on behalf of the people of Australia, our deep thanks to Great Britain and to the United States of America for the assistance which those countries gave and are continuing to give to Australia in resisting Japanese aggression. </para>
        </item>
      </list>
      <para class="block">We also pay tribute to the noble sacrifices which have been endured by our gallant Russian and Chinese Allies. Deep appreciation is expressed of the valuable co-operation of the Netherlands Government in the common cause in the SouthWest Pacific Area. </para>
      <list type="decimal-dotted">
        <item label="13.">
          <para>My Government will undertake a comprehensive review of the nature, extent and balance of Australia&#39;s war effort. </para>
        </item>
        <item label="14.">
          <para>The outbreak of the war with Japan had a far-reaching effect on the Australian national economy. The callup of man-power for the mobilization of the Army and the intensification of production of munitions and other Service needs caused a diversion of man-power and productive resources from nonessential or less pressing purposes. In short, Australia&#39;s capacity in the last resort to defend itself against invasion became paramount over every other consideration. </para>
        </item>
        <item label="15.">
          <para>We acknowledge with deep thankfulness that the threat of invasion has now been removed, though we are still open to. marauding attacks. However, time has given us the opportunity to strengthen our defences. Great aid has come to us from abroad because of the United Nations&#39; command of the sea. The enemy has been frustrated in his attempts to establish himself in adjacent islands from where he could sever the lines of communication from overseas and attack the mainland of the Commonwealth. </para>
        </item>
        <item label="16.">
          <para>With the improvement in the strategical position, the time is now due to reconsider those classes of production which have been unduly depressed because of the earlier paramount urgency of other demands. </para>
        </item>
        <item label="17.">
          <para>The need for this review is particularly pressing in the case of. those industries which are required to make a greater contribution to the war effort in the South-West Pacific Area, or which represent a specialized aspect of the Australian economy in which the Commonwealth is peculiarly fitted to make a contribution to the war effort of the United Nations, as in the case of foodstuffs. </para>
        </item>
      </list>
      <para>IS. It <inline font-style="italic">is</inline> essential from the aspect of our own policy for us to determine the precise limits and nature of both the military and civil contribution of which we are capable,, in order- to enable it to; be related to the wider plans of the Empire and the United Nations into which our effort is fitted. </para>
      <list type="decimal-dotted">
        <item label="19.">
          <para>In this review, the war effort of the Commonwealth, as determined by the Government, will continue to be governed By the Commander-in-Chief&#39;s strategical plan of operations as related to the global strategy of the United Nations. </para>
        </item>
        <item label="20.">
          <para>The primary consideration will be to ensure the maximum contribution by Australia to the war effort in the SouthWest Pacific Area, but the Commonwealth will contribute to the efforts of the United Nations in other theatres where the aid can be provided&#39; by Australia.  Assistance to the United States forces will continue to be made in accordance with the provisions of the reciprocal Lend-Lease agreements. </para>
        </item>
        <item label="21.">
          <para>In accordance with the policy of strengthening, the bonds- linking Australia to other members of the United Nations,, my Government arranged for the exchange of diplomatic representatibes between. Australia, and the Union of Soviet Socialist Republics, and early this year, I was pleased to be able to welcome the first. Soviet Minister to Australia. A. High. Commissioner from New Zealand is now located in Australia, and it is proposed to reciprocate by appointing an Australian High Commissioner in New Zealand. </para>
        </item>
        <item label="22.">
          <para>My Government will continue to pay the closest attention to the changing events in the outside world and, in particular, to the Pacific area, where Australia&#39;s future lies. To achieve this, my Government will act in full collaboration with the United Nations, in order to secure lasting, conditions of peace and security, in the Pacific and elsewhere in the world. 23&#39;. The programme which my Government put before the people of Australia prior, to the elections will be prepared by my advisers, and-, at appropriate times, measures to bring into effect the Government&#39;s decisions will be placed before Parliament. </para>
        </item>
        <item label="24.">
          <para>The Government will ask you to provide the- finance necessary to enable the wai- to- be waged to the greatest capacity of our Australian resources. 25.. The budget which will, be presented to Parliament in the  near  future will be the greatest in- our history.. The financial burden which Australians ha-ve to  meet  will&#39; be grievous, but my advisers doi not doubt but that it will be accepted cheerfully im the knowledge that the&#39; war makes necessary unprecedented, sacrifice. </para>
        </item>
        <item label="26.">
          <para>My advisers, confident, in the ultimate victory of the Allies,, are preparing plans for the organization and development of the resources of Australia in peace. Already preliminary surveys have -been made upon which those plans may be brought to fruition. </para>
        </item>
        <item label="27.">
          <para>Provision will be made for ^certain social services without which any scheme of reconstruction will he in vain. </para>
        </item>
        <item label="28.">
          <para>My  Government  will continue to make adequate provision for the restoration to&#39; their rightful place in the civil life of our fighting forces. </para>
        </item>
        <item label="29.">
          <para>It is also planning the reestablishment in post-war industry of those who have been diverted to war production. </para>
        </item>
        <item label="30.">
          <para>The sacrifices of all the men and women who .have served .in .the various spheres of waa- activity have merited and will receive the full recompense of the nation. </para>
        </item>
        <item label="31.">
          <para>Proposals will be submitted to enable the Commonwealth Parliament to deal effectively with the problem of postwar .reconstruction. This problem, which will clearly have to be approached from a national standpoint, will include such important, matters as the re-instatement and advancement of the Australian fighting forces and their dependants, the provision of employment and the prevention of unemployment, the rehabilitation and development o&#39;f primary and secondary industries, &#39;and works of national value, including provision for land and air transportation. </para>
        </item>
        <item label="32.">
          <para>Final victory has still to be won. Until Germany is defeated and the full weight of the United Nations can be thrown against Japan we must be unrelaxing in our resolution and .efforts. We must willingly accept the sacrifices which the Common-wealth&#39;s war effort will continue to demand from us. Itis tho .price of victory and of a future free from fear and want. </para>
        </item>
        <item label="33.">
          <para>In the earnest hope that Divine Providence  may  guide your deliberations amd further the welfare of the -people of the Commonwealth, I now leave you to the discharge of your high and important duties. </para>
        </item>
      </list>
      <para>His Excellency the GovernorGeneral and members of the House of Representatives having retired, </para>
      <para>The <inline font-weight="bold">President (Senator the Hon. Gordon Brown)</inline> took the chair, and read prayers. </para>
    </debate>
    <debate>
      <debateinfo>
        <title>QUESTION</title>
        <page.no>11</page.no>
        <type>Questions</type>
      </debateinfo>
      <subdebate.1>
        <subdebateinfo>
          <title>DEATH OF SENATOR THE HONORABLE JAMES CUNNINGHAM</title>
          <page.no>11</page.no>
        </subdebateinfo>
        <speech>
          <talk.start>
            <talker>
              <page.no>11</page.no>
              <time.stamp />
              <name.id>KE4</name.id>
              <electorate>Victoria</electorate>
              <party>ALP</party>
              <role>Minister for Trade -and .Customs</role>
              <in.gov>1</in.gov>
              <first.speech>0</first.speech>
              <name role="metadata">KEANE, Richard</name>
              <name role="display">Senator KEANE</name>
            </talker>
            <para>. - -The news of the death, on the 4th July last, of <inline font-weight="bold">Senator the</inline> Honorable James Cunningham was, I am sure, received by all honorable senators with deep grief. The community is the poorer for the passing of one whose sterling  personal qualities and kindly nature gained the esteem of .all who were associated with him, .and, in particular, those present here to-day. His public service extended over many years. In the political sphere, it commenced with his -election for North East Province to the Legislative Council of Western Australia .at the by-election held in July, 1916. He was defeated .at the general elections held in 19.22., but, in January, 1923, be was elected at the by-election for Kalgoorlie, which seat he held until he was defeated at the .general elections in 1936. During the latter period he served as Honorary Minister from the 16th April, 1924, to the 15th December, 1927, and from that date to the 23rd April, 1930, a? Minister for Goldfields and Agricultural Water Supplies. He was elected to the Senate as ;a representative of Western Australia at the general elections .held on the 23rd October, 1937., taking his seat as from that date. He was a Temporary Chairman of Committees from December, 1937 to August 1940. He was Deputy Leader of the Opposition in the Senate from the 10th September, 194Q, to the 1st July, 1941, on which date he was appointed to the high office of President  of  the Senate, which bc held until his death. </para>
          </talk.start>
          <para>In Western Australia, -James  Cunning- ham,  first as &#34;trade union organizer, and later as a Minister of the &#39;Crown, did his best for workers, especially die mining community which has played such an important part in the development of Western Australia. As President of the Senate, he performed the functions of that important office with dignity and courtesy, and maintained the high standards set by his predecessors. As a tribute to the services he rendered to the Commonwealth and to the State of Western Australia, the deceased gentleman was accorded a State funeral. I extend to his widow and family the sincere sympathy of the Senate in their loss, which we also share. I move - </para>
          <quote>
            <para>That the Senate expresses its deep regret at the death of the Honorable  Jarnes  Cunningham, a senator for the State of Western Australia,  President  of the Senate and a former State Minister, places on record its high appreciation of his long career of distinguished public service, and tenders its profound sympathy to his widow and family in their bereavement. </para>
          </quote>
        </speech>
        <speech>
          <talk.start>
            <talker>
              <page.no>12</page.no>
              <time.stamp />
              <name.id>KUA</name.id>
              <electorate>South AustraliaLeader of the Opposition</electorate>
              <party />
              <role />
              <in.gov>0</in.gov>
              <first.speech>0</first.speech>
              <name role="metadata">MCLEAY, George</name>
              <name role="display">Senator McLEAY</name>
            </talker>
            <para>- I second the motion. It came as a great shock to all honorable senators to learn of the tragic death of our late esteemed  President.  During his term of office he endeared himself to all members of the Senate. James Cunningham was a man of very great courage, character, and common sense. I, as Leader of the Opposition, and, I am sure, all honorable senators, appreciated the manner in which he carried out the duties of his high office. We also appreciated his keen regard for the constitutional and traditional rights of the Senate. Every honorable senator feels .the deepest sympathy with our late colleague&#39;s widow ami children, whom most of us have had the opportunity to meet. </para>
          </talk.start>
        </speech>
        <speech>
          <talk.start>
            <talker>
              <page.no>12</page.no>
              <time.stamp />
              <name.id>JQP</name.id>
              <electorate>Queensland</electorate>
              <party />
              <role />
              <in.gov>0</in.gov>
              <first.speech>0</first.speech>
              <name role="metadata">COOPER, Walter</name>
              <name role="display">Senator COOPER</name>
            </talker>
            <para>- The members of the Australian Country party in the Senate desire to associate themselves with the motion. The late Honorable James Cunningham endeared himself to nil with whom he came in contact. He impressed honorable senators by the absolute fairness with which he carried out the duties of his  high  office of  President,  of the Senate. During his life he had many ups and downs and in his early career as a miner and as a farmer he received many hard knocks. That experience imbued him with a spirit of tolerance which was evidenced in his unfailing willingness to help those who found themselves in less fortunate circumstances than himself. Australia can ill spare men of his honesty of purpose. We regret that the country has been deprived of his services. In his public career he was a member of both Houses of the Parliament of Western Australia and in the Commonwealth sphere held the high office of  President  of the Senate. We extend to his widow and family our deepest sympathy in their bereavement. </para>
          </talk.start>
        </speech>
        <speech>
          <talk.start>
            <talker>
              <page.no>12</page.no>
              <time.stamp />
              <name.id>K7M</name.id>
              <electorate>Western Australia</electorate>
              <party />
              <role />
              <in.gov>0</in.gov>
              <first.speech>0</first.speech>
              <name role="metadata">COLLETT, Herbert</name>
              <name role="display">Senator COLLETT</name>
            </talker>
            <para>- I associate myself with the motion. It was given to our late President to have the capacity and the opportunity to serve his country; and his record in the Parliament of Western Australia and in this Parliament is one to be envied. I like to remember him for those personal qualities which made him such a good friend and attractive companion. I support the motion of condolence and join with others in expressing sincere sympathy with his widow and family. </para>
          </talk.start>
        </speech>
        <speech>
          <talk.start>
            <talker>
              <page.no>12</page.no>
              <time.stamp />
              <name.id>K6N</name.id>
              <electorate>Western Australia</electorate>
              <party />
              <role />
              <in.gov>0</in.gov>
              <first.speech>0</first.speech>
              <name role="metadata">CLOTHIER, Robert</name>
              <name role="display">Senator CLOTHIER</name>
            </talker>
            <para>- I was with the late <inline font-weight="bold">Senator Cunningham</inline> when he became ill at Albury. We were very close friends and were travelling to Western Australia together. Because we were unable to return home during the week-end recesses of Parliament we were always together. I suppose that I knew him more intimately than any other honorable senator. I was also associated with him as a member of the Western Australian Parliament. </para>
          </talk.start>
          <para>The passing of <inline font-weight="bold">Senator Cunningham</inline> is a distinct loss to the Labour movement. He was associated with the industrial side- of the movement, occupying executive positions in his union, which proved a training ground for his future career in politics. &#34; Jim &#34; Cunningham was one of the most likeable men I have met in politics. He made friends wherever he went, and he never lost any of them. He proved himself to be an extremely capable administrator during the years he held office as a Minister of the Crown in Western Australia. He also filled the office of  President  of the Senate with distinction during a particularly difficult period. However, he will be best remembered as a generous and considerate companion. He never forgot the men who sent him to represent them in Parliament. The welfare of the workers, particularly the miners, of whose difficulties and needs he had first-hand experience, was his constant concern. He earned a wide popularity in the Labour movement throughout the Commonwealth, and he was a fluent  speaker.  As a colleague of his in &#39; the State Parliament of Western Australia, I learnt a great deal from him, and had the greatest respect for his capacity and administrative ability. He served Western Australia well in the Parliament of that State and was equally successful when he entered the Commonwealth Parliament, as was proved by his election to the office of  President  of the Senate, which is the highest position the Senate has to offer. The State of Western Australia will be the poorer by the passing of such an estimable citizen. My deepest sympathy goes out to his widow and children in their bereavement. </para>
        </speech>
        <speech>
          <talk.start>
            <talker>
              <page.no>13</page.no>
              <time.stamp />
              <name.id>KKR</name.id>
              <electorate>WESTERN AUSTRALIA</electorate>
              <party>ALP</party>
              <role>Minister for Health and Social Services</role>
              <in.gov>0</in.gov>
              <first.speech>0</first.speech>
              <name role="metadata">FRASER, James</name>
              <name role="display">Senator FRASER</name>
            </talker>
            <para>. - I desire to be associated with the motion now before the Senate. I knew the late <inline font-weight="bold">Senator Cunningham</inline> for many years and was associated with him in the industrial movement in Western Australia.  His  death came as a tragic shock to me and to many others in that State, and we all feel that Australia has lost a good citizen. He was ever ready to extend a helping hand to those who needed it, and to provide them with some of those things which they needed. I support the motion, and join in the expression of deep sympathy which it extends to his widow and family. </para>
          </talk.start>
        </speech>
        <speech>
          <talk.start>
            <talker>
              <page.no>13</page.no>
              <time.stamp />
              <name.id>KTR</name.id>
              <electorate>SOUTH AUSTRALIA</electorate>
              <party>NAT</party>
              <role />
              <in.gov>0</in.gov>
              <first.speech>0</first.speech>
              <name role="metadata">MCLACHLAN, Alexander</name>
              <name role="display">Senator A J McLACHLAN</name>
            </talker>
            <para>- During a somewhat lengthy term of service in the Senate, I have served under seven presidents. It is a tribute to our parliamentary system, patterned as it is on our judicial system, that, although the office of  President  rests very often upon the fluctuations of party fortunes in the political arena, yet when men have been called to undertake the duties of that high office they have discharged them in every case, during my period of service in this chamber at any rate, with an imparti ality worthy of the head of the highest tribunal in the land. In that respect no  president  stood out more than did the late lamented <inline font-weight="bold">Senator James</inline> Cunningham. He brought to bear upon the interpretation of the Standing Orders a sturdy measure of common sense, without which parliamentary government would be difficult. He was impartial in the highest degree. He was steadfast in upholding the rights  of  the Senate, realizing that as its president he occupied one of the foremost positions in the land. He maintained the best traditions of that high office, and  his  name will go down not only amongst  honorable  senators but also in the outside world as that of a man who did his duty. None of us can expect more to be said  of  us than that when our time comes to  pass  away. I join most feelingly in the tributes that have been paid, to his memory by the Leader of the Senate <inline font-weight="bold">(Senator Keane)</inline> the Leader of the Opposition <inline font-weight="bold">(.Senator McLeay)</inline> and other honorable senators, and in the expresions of regret which they have voiced. </para>
          </talk.start>
        </speech>
        <speech>
          <talk.start>
            <talker>
              <page.no>13</page.no>
              <time.stamp />
              <name.id>K7Y</name.id>
              <electorate>Western Australia</electorate>
              <party />
              <role />
              <in.gov>0</in.gov>
              <first.speech>0</first.speech>
              <name role="metadata">TANGNEY, Dorothy</name>
              <name role="display">Senator TANGNEY</name>
            </talker>
            <para>- I, too, wish to be associated with the remarks of the mover, the seconder and the supporters of the motion. I feel that I knew the late <inline font-weight="bold">Senator Cunningham</inline> practically all my life, and I can say that during the quarter of a century of public service which  he  gave to this nation in both the State and Commonwealth parliaments, he never once forgot the ideals and traditions of the Labour movement. Despite the heavy calls of a very full public life, he still found time for those many courtesies and kindnesses which so distinguished him. I feel, on this my entry into public life, that if, when I am called upon to leave it, I can do so with the same record of achievement as the late <inline font-weight="bold">Senator Cunningham,</inline> I shall have indeed done well. On behalf of the people whom I represent in this Parliament, and of the Labour movement, which by his death has suffered a very great loss, I tender to his widow and dependants my sincere sympathy, and join in the expressions of sorrow of those who have associated themselves with the motion. </para>
          </talk.start>
        </speech>
        <speech>
          <talk.start>
            <talker>
              <page.no>13</page.no>
              <time.stamp />
              <name.id>JXE</name.id>
              <electorate>Western Australia</electorate>
              <party />
              <role />
              <in.gov>0</in.gov>
              <first.speech>0</first.speech>
              <name role="metadata">NASH, Richard</name>
              <name role="display">Senator NASH</name>
            </talker>
            <para>- I also desire to associate myself with the motion before the Senate. Idaresay that Ican possibly claim to have known the late SenatorCunningham as long as any other honorable senator in this chamber, and I have had many occasions to realize the value of his industrial and political activities. The outstanding feature of his public life was that politically and industrially he always rang true to the working class. To that extent, at least,his name and has memory will be evergreen in the minds of those who knew him in the State whence he came.  His  political record,both State and Commonwealth, washighly honorable, and manyworkers have had occasion to bless him for the efforts that he made ontheirbehalf. In fact, many in this country regarded him more as a friend and a companion than as a senator. He was honest, and he was always true tohis trust. I do not thinkthat any greater tributethan that couldbe paid to the memory of any man.  His  attainment of the high honour of becoming  President  of this chamber is something which the people of Western Australia will always remember. I desire that my condolences be extended tohis widow and family. </para>
          </talk.start>
          <para>Question resolved in the affirmative, honorable senators standing in their places. </para>
        </speech>
      </subdebate.1>
    </debate>
    <debate>
      <debateinfo>
        <title>GOVERNOR-GENERAL&#39;S SPEECH</title>
        <page.no>14</page.no>
        <type>miscellaneous</type>
      </debateinfo>
      <speech>
        <talk.start>
          <talker>
            <page.no>14</page.no>
            <time.stamp />
            <name.id>10000</name.id>
            <electorate />
            <party />
            <role />
            <in.gov>0</in.gov>
            <first.speech>0</first.speech>
            <name role="metadata">PRESIDENT, The</name>
            <name role="display">The PRESIDENT</name>
          </talker>
          <para>- I have to inform the Senate that I have received a copy of the Opening Speech which His Excellency was pleased to deliver to both Houses of Parliament. </para>
        </talk.start>
      </speech>
      <subdebate.1>
        <subdebateinfo>
          <title>Ordered:</title>
          <page.no>14</page.no>
        </subdebateinfo>
        <quote>
          <para>That the consideration of the speech be an order of the day for the next day of sitting. </para>
        </quote>
      </subdebate.1>
    </debate>
    <debate>
      <debateinfo>
        <title>QUESTION</title>
        <page.no>14</page.no>
        <type>Questions</type>
      </debateinfo>
      <subdebate.1>
        <subdebateinfo>
          <title>CHAIRMANOF COMMITTEES</title>
          <page.no>14</page.no>
        </subdebateinfo>
        <speech>
          <talk.start>
            <talker>
              <page.no>14</page.no>
              <time.stamp />
              <name.id>10000</name.id>
              <electorate />
              <party />
              <role />
              <in.gov>0</in.gov>
              <first.speech>0</first.speech>
              <name role="metadata">PRESIDENT, The</name>
              <name role="display">The PRESIDENT</name>
            </talker>
            <para>- I submit the following letter to the Senate: - </para>
          </talk.start>
          <quote>
            <para>To the members of the Senate. - I hereby resign my office as Chairman of Committees of the Senate. </para>
          </quote>
          <para>Gordon Brown.  23rd Sept.,1943. </para>
          <para>Motion (by SenatorKeane) agreed to- </para>
          <quote>
            <para>That the Senate do now proceed to elect a Chairman of Committees. </para>
          </quote>
          <para>
            <inline font-weight="bold">Senator KEANE</inline>(Victoria - Minister for Trade and Customs. - I move- </para>
          <quote>
            <para>That <inline font-weight="bold">Senator Benjamin</inline> Courtice be appointed  Chairman  of Committees of the Senate. </para>
          </quote>
          <interjection>
            <talk.start>
              <talker>
                <page.no>14</page.no>
                <time.stamp />
                <name.id>K0W</name.id>
                <electorate />
                <party />
                <role />
                <in.gov>0</in.gov>
                <first.speech>0</first.speech>
                <name role="metadata">ASHLEY, William</name>
                <name role="display">Senator Ashley</name>
              </talker>
              <para>-  I second the motion. </para>
            </talk.start>
          </interjection>
          <interjection>
            <talk.start>
              <talker>
                <page.no>14</page.no>
                <time.stamp />
                <name.id>JQY</name.id>
                <electorate />
                <party />
                <role />
                <in.gov>0</in.gov>
                <first.speech>0</first.speech>
                <name role="metadata">COURTICE, Benjamin</name>
                <name role="display">Senator Courtice</name>
              </talker>
              <para>-  I submit myself tothe will of the Senate. </para>
            </talk.start>
          </interjection>
        </speech>
        <speech>
          <talk.start>
            <talker>
              <page.no>14</page.no>
              <time.stamp />
              <name.id>10000</name.id>
              <electorate />
              <party />
              <role />
              <in.gov>0</in.gov>
              <first.speech>0</first.speech>
              <name role="metadata">PRESIDENT, The</name>
              <name role="display">The PRESIDENT</name>
            </talker>
            <para>- Therebeing no other nomination, I declare <inline font-weight="bold">Senator Courtice</inline> elected. </para>
          </talk.start>
          <para>SenatorCOURTICE (Queensland).- I thank honorable senators for the honour that they have bestowed upon me by electing me  Chairman  of Committees of the Senate, and assure thorn that I shall endeavour to discharge the responsibilities of that office to the best of my ability. I am surethat with the generous co-operation of all honorable senators, which I am confident will : be forthcoming, I shall be able to carry out my duties in a manner which at least will not reflect discredit upon the high traditions of the office. </para>
        </speech>
        <speech>
          <talk.start>
            <talker>
              <page.no>14</page.no>
              <time.stamp />
              <name.id>KE4</name.id>
              <electorate>Victoria</electorate>
              <party>ALP</party>
              <role>Minister for Trade and Customs</role>
              <in.gov>1</in.gov>
              <first.speech>0</first.speech>
              <name role="metadata">KEANE, Richard</name>
              <name role="display">Senator KEANE</name>
            </talker>
            <para>. - Onbehalf of the Government I congratulate <inline font-weight="bold">Senator Courtice</inline> upon his elevation to the position of  Chairman  of Committees of the Senate. As is the case with the office of  President,  the position of  Chairman  of Committees also has high traditions associated with it. <inline font-weight="bold">Senator Courfice&#39;s</inline> conduct throughout his term of service in this chamber has been excellent; he has been attentive to the business of the Senate, and he is liked by all honorable senators. I am confident that : he will do good work as  Chairman  of Committees. Efficient work by a good  chairman  can be of the greatest assistance to Ministers and to honorable senators generally. I congratulate the honorable senator upon his election and express the conviction that he will maintain the high traditions of the office. </para>
          </talk.start>
        </speech>
        <speech>
          <talk.start>
            <talker>
              <page.no>14</page.no>
              <time.stamp />
              <name.id>KUA</name.id>
              <electorate>South Australia</electorate>
              <party />
              <role>Leader of the Opposition</role>
              <in.gov>0</in.gov>
              <first.speech>0</first.speech>
              <name role="metadata">MCLEAY, George</name>
              <name role="display">Senator McLEAY</name>
            </talker>
            <para>. - I endorse the remarks of the Leader of the Senate (SenatorKeane) and congratulate <inline font-weight="bold">Senator Countice</inline> uponhis election. </para>
          </talk.start>
        </speech>
      </subdebate.1>
    </debate>
    <debate>
      <debateinfo>
        <title>HOUR. OE MEETING,</title>
        <page.no>15</page.no>
        <type>miscellaneous</type>
      </debateinfo>
      <para class="block">Motion (by <inline font-weight="bold">Senator Keane)</inline> agreed to - </para>
      <quote>
        <para>That the Senate, at its rising-; adjourn to to-morrow, at 11&#39; a.m. </para>
      </quote>
    </debate>
    <debate>
      <debateinfo>
        <title>ADJOURNMENT</title>
        <page.no>15</page.no>
        <type>adjournment</type>
      </debateinfo>
      <para class="block">Motion (by <inline font-weight="bold">Senator Keane)</inline> agreed to- </para>
      <quote>
        <para>That, as a mark of respect to the memory of the late <inline font-weight="bold">Senator the</inline> Honorable James Cunningham, .the Senate do now adjourn. </para>
        <para>Senate adjourned at 3.4S; p.m. </para>
      </quote>
    </debate>
  </chamber.xscript>
</hansard>
