<?xml version="1.0" encoding="utf-8"?>
<hansard xsi:noNamespaceSchemaLocation="../../hansard.xsd" version="2.1" xmlns:xsi="http://www.w3.org/2001/XMLSchema-instance">
  <session.header>
    <date>1921-04-15</date>
    <parliament.no>8</parliament.no>
    <session.no>1</session.no>
    <period.no>0</period.no>
    <chamber>SENATE</chamber>
    <page.no>7462</page.no>
    <proof>0</proof>
  </session.header>
  <chamber.xscript>
    <para>Senate. </para>
    <business.start>
      <day.start>1921-04-15</day.start>
      <para>The <inline font-weight="bold">President (Senator the Hon.T. Givens)</inline> took the chair at 11 a.m., and read prayers. </para>
    </business.start>
    <debate>
      <debateinfo>
        <title>ADJOURNMENT</title>
        <page.no>7462</page.no>
        <type>adjournment</type>
      </debateinfo>
      <para>Positionof the Ministry. </para>
      <para>
        <inline font-weight="bold">Senator E.</inline>D. MILLED (New South </para>
      <subdebate.1>
        <subdebateinfo>
          <title>Wales - Minister for Repatriation)</title>
          <page.no>7462</page.no>
        </subdebateinfo>
        <para>That the House do now adjourn. </para>
        <para class="block">Honorable senators will, X am sure, recognise the association of the motionwith the vote taken in another place yesterday afternoon. </para>
        <para class="block">Question resolved in the affirmative. </para>
        <para class="block">Senate adjourned at 11.2 a.m. </para>
      </subdebate.1>
    </debate>
  </chamber.xscript>
</hansard>