<?xml version="1.0" encoding="utf-8"?>
<hansard xsi:noNamespaceSchemaLocation="../../hansard.xsd" version="2.1" xmlns:xsi="http://www.w3.org/2001/XMLSchema-instance">
  <session.header>
    <date>1920-05-27</date>
    <parliament.no>8</parliament.no>
    <session.no>1</session.no>
    <period.no>0</period.no>
    <chamber>SENATE</chamber>
    <page.no>2450</page.no>
    <proof>0</proof>
  </session.header>
  <chamber.xscript>
    <para class="block">Senate. </para>
    <business.start>
      <day.start>1920-05-27</day.start>
      <para>The  President <inline font-weight="bold">(Senator the Hon. T. Givens)</inline> took the chair at 6.30 p.m., and read prayers. </para>
    </business.start>
    <debate>
      <debateinfo>
        <title>QUESTION</title>
        <page.no>2450</page.no>
        <type>Questions</type>
      </debateinfo>
      <subdebate.1>
        <subdebateinfo>
          <title>ADDRESS TO HIS ROYAL HIGHNESS THE PRINCE OF WALES</title>
          <page.no>2450</page.no>
        </subdebateinfo>
        <speech>
          <talk.start>
            <talker>
              <page.no>2450</page.no>
              <time.stamp />
              <name.id>KUL</name.id>
              <electorate>NEW SOUTH WALES</electorate>
              <party>FT; ANTI-SOC from 1910; LP from 1913; NAT from 1917</party>
              <role />
              <in.gov>0</in.gov>
              <first.speech>0</first.speech>
              <name role="metadata">MILLEN, Edward</name>
              <name role="display">Senator MILLEN</name>
            </talker>
            <para>. -  I ask leave to move, without notice, a motion relative to the visit of His Royal Highness the Prince of Wales. </para>
          </talk.start>
          <para class="italic">
            <inline font-style="italic">Leave granted.</inline>
          </para>
          <continue>
            <talk.start>
              <talker>
                <page.no>2450</page.no>
                <time.stamp />
                <name.id>KUL</name.id>
                <electorate>NEW SOUTH WALES</electorate>
                <party>FT; ANTI-SOC from 1910; LP from 1913; NAT from 1917</party>
                <role />
                <in.gov>0</in.gov>
                <first.speech>0</first.speech>
                <name role="metadata">MILLEN, Edward</name>
                <name role="display">Senator MILLEN</name>
              </talker>
              <para>- It is not my intention, in moving this motion, to say anything as to the&#39; circumstances which prevented its consideration at an earlier meeting of this Chamber; hut I think it only right to mention that, in my judgment, those circumstances were entirely beyond the control of the Senate. This is not the time, nor is it the occasion, to deal with them, but for the fair name of the Senate it should be stated that it was not due either to reluctance or to hesitation on the part of honorable senators that the motion was not adopted at an ordinary sitting of the Chamber last week. The motion that I propose is :  - </para>
            </talk.start>
          </continue>
          <quote>
            <para>That the following Address be presented to  His  Royal Highness the Prince of Wales :  - </para>
          </quote>
          <para>To  His  Royal Highness Edward Albert Christian George Andrew Patrick David, Prince of Wales, Earl of Chester in the Peerage of England, Duke of Rothesay, Earl of Carrick, and Baron of Renfrew, in the Peerage of Scotland, Lord of the Isles and Great Steward of Scotland, KG., P.C., G.M.M.G., G.M.B.E., M.C. </para>
          <para>May it please Your Royal Highness : </para>
          <para>We, the Senate of the Commonwealth of Australia in Parliament assembled, welcome Your Royal Highness with assurances of our devoted attachment to the person and Crown of our Most Gracious Sovereign. </para>
          <para>We recall with pride the latest visit to Australia of His Majesty the King before his accession to the Throne, when he was graciously pleased to open in person the inaugural session of the Australian Parliament. </para>
          <para>The abiding memories of that epochal event have proved a potent factor in strengthening the ties of kinship and affection which hold together the free nations of the British Empire in a union which war and danger only help to consolidate. </para>
          <para>We therefore rejoice at the presence of Your Royal Highness, and we offer you a warm and loyal welcome, not only as Heir Apparent to the Throne and as our future Sovereign, but also as one <inline font-style="italic">who</inline> was hailed by our gallant Australian soldiers as a comrade on the field on which so many brave men fought and died in the sacred cause of freedom. </para>
          <para>We congratulate Your Royal Highness upon the spirit you displayed in the great war now happily ended, and we feel that we may indulge a becoming pride in the thought that the high sense of duty and responsibility by which Your Royal Highness was animated was shared to the full by Australia&#39;s sons and daughters, who by their valour and their sacrifices contributed a worthy part to the ultimate triumph of those principles which are the glory and the pride of the British name. </para>
          <para>Your progress throughout the Commonwealth will afford Your Royal Highness an opportunity of observing the energy, enterprise, and character of our people in the pursuit of the arts of peace. </para>
          <para>We earnestly trust thatyour visit to our shores may be fraught with happiness and pleasure to Your Royal Highness, and that your mission to our people may be blessed with an abundant measure of success to the present and enduring advantage of Australia and the Empire. </para>
          <para>I submit that motion, believing that it calls for no words of commendation from me. </para>
        </speech>
        <speech>
          <talk.start>
            <talker>
              <page.no>2450</page.no>
              <time.stamp />
              <name.id>KKZ</name.id>
              <electorate>New South Wales</electorate>
              <party />
              <role />
              <in.gov>0</in.gov>
              <first.speech>0</first.speech>
              <name role="metadata">GARDINER, Albert</name>
              <name role="display">Senator GARDINER</name>
            </talker>
            <para>. - I have very much plea- -sure in associating myself with what the Minister for Repatriation has said, in &#39; seconding the motion. </para>
          </talk.start>
        </speech>
        <speech>
          <talk.start>
            <talker>
              <page.no>2451</page.no>
              <time.stamp />
              <name.id>K8L</name.id>
              <electorate>NEW SOUTH WALES</electorate>
              <party>NAT</party>
              <role />
              <in.gov>0</in.gov>
              <first.speech>0</first.speech>
              <name role="metadata">THOMAS, Josiah</name>
              <name role="display">Senator THOMAS</name>
            </talker>
            <para>. - I wish to ask why it is that from the list of titles of His Royal Highness that of the Duke of Cornwall is omitted? Seeing that the Prince is Duke of Cornwall, the title should have been mentioned. </para>
          </talk.start>
        </speech>
        <speech>
          <talk.start>
            <talker>
              <page.no>2451</page.no>
              <time.stamp />
              <name.id>KUL</name.id>
              <electorate>NEW SOUTH WALES</electorate>
              <party>FT; ANTI-SOC from 1910; LP from 1913; NAT from 1917</party>
              <role />
              <in.gov>0</in.gov>
              <first.speech>0</first.speech>
              <name role="metadata">MILLEN, Edward</name>
              <name role="display">Senator MILLEN</name>
            </talker>
            <para>. - I understand the natural feeling of a Cornishman in this matter, and I hope that I may allay the perturbation of my honorable friend if I assure him&#39; that the omission is not intentional. I did not myself prepare the address. </para>
          </talk.start>
          <interjection>
            <talk.start>
              <talker>
                <page.no>2451</page.no>
                <time.stamp />
                <name.id>K8L</name.id>
                <electorate>NEW SOUTH WALES</electorate>
                <party>NAT</party>
                <role />
                <in.gov>0</in.gov>
                <first.speech>0</first.speech>
                <name role="metadata">THOMAS, Josiah</name>
                <name role="display">Senator THOMAS</name>
              </talker>
              <para>-  It has been done too hastily. The address should have been moved last week. </para>
            </talk.start>
          </interjection>
          <continue>
            <talk.start>
              <talker>
                <page.no>2451</page.no>
                <time.stamp />
                <name.id>KUL</name.id>
                <electorate>NEW SOUTH WALES</electorate>
                <party>FT; ANTI-SOC from 1910; LP from 1913; NAT from 1917</party>
                <role />
                <in.gov>0</in.gov>
                <first.speech>0</first.speech>
                <name role="metadata">MILLEN, Edward</name>
                <name role="display">Senator MILLEN</name>
              </talker>
              <para>- Some one may have been remiss iri regard to the important particular to which the honorable senator has drawn attention-, but, if so, I am sure  His  Royal Highness will regard it as one of those accidents which will occur in even the best regulated circumstances. </para>
            </talk.start>
          </continue>
          <para>Question resolved in the affirmative, senators rising in their places. </para>
        </speech>
      </subdebate.1>
    </debate>
    <debate>
      <debateinfo>
        <title>SPECIAL ADJOURNMENT</title>
        <page.no>2451</page.no>
        <type>special adjournment</type>
      </debateinfo>
      <para>Motion (by <inline font-weight="bold">Senator Millen),</inline><inline font-style="italic">by, leave,</inline> agreed to - </para>
      <quote>
        <para>That the&#39; Senate, at its rising, adjourn until 3 p.m. on a date to be fixed by <inline font-weight="bold">Mr. President,</inline> which day of meeting shall, be notified by <inline font-weight="bold">Mr. President</inline> to each senator by telegram or letter. </para>
      </quote>
    </debate>
    <debate>
      <debateinfo>
        <title>LEAVE OF ABSENCE</title>
        <page.no>2451</page.no>
        <type>leave of absence</type>
      </debateinfo>
      <para>Motion (by <inline font-weight="bold">Senator Millen),</inline><inline font-style="italic">by leave,</inline> agreed to - = </para>
      <para>That leave of absence be granted to every member of the Senate from -the determination of the sitting this day, to the 30th June, 1920. </para>
    </debate>
    <debate>
      <debateinfo>
        <title>PRESENTATION OF ADDRESS TO HIS ROYAL HIGHNESS THE PRINCE OE WALES</title>
        <page.no>2451</page.no>
        <type>miscellaneous</type>
      </debateinfo>
      <speech>
        <talk.start>
          <talker>
            <page.no>2451</page.no>
            <time.stamp />
            <name.id>KLS</name.id>
            <electorate>QUEENSLAND</electorate>
            <party />
            <role />
            <in.gov>0</in.gov>
            <first.speech>0</first.speech>
            <name role="metadata">GIVENS, Thomas</name>
            <name role="display">The PRESIDENT (Senator the Hon T Givens</name>
          </talker>
          <para>- I desire to intimate to honorable senators that  His  Royal Highness the Prince of Wales will arrive at the Senate chamber at <inline font-style="italic">1</inline> o&#39;clock, in order to receive the address which hasjust been resolved upon by the Senate. I think that it will meet with, the conveni- ence of honorable senators if I suspend the sitting until about two minutes before the hour. </para>
        </talk.start>
        <para class="block">
          <inline font-style="italic">Sitting suspended from</inline>6.40 <inline font-style="italic">to 7.7 p.m.</inline></para>
        <para>The Usher of the Black Rod announced that His Royal Highness the Prince of Wales was approaching tho Senate chamber. </para>
        <para class="italic">
          <inline font-style="italic">His Royal Highness was conducted to the bar by the Bight Honorable the Prime Minister.</inline>
        </para>
        <para>The PRIME MINISTER (the Bight  Hon.  W. M. Hughes).- I have the honour to announce  His  Royal Highness the Prince of Wales. </para>
        <para>HIS ROYAL HIGHNESS then entered the Senate chamber, and, having been conducted to the chair by <inline font-weight="bold">Senator Millen,</inline> was welcomed to tho chamber by the  President. </para>
        <para>The  PRESIDENT  then read and presented to  His  Royal Highness a bound copy of&#39; the address which had been resolved upon by the Senate. </para>
        <para>HIS ROYAL HIGHNESS was pleased to make the following reply: - Mr.&#39;  President  and Gentlemen of the Senate, - I am deeply touched by your address. It means a great deal to me to be thus warmly welcomed by you, therepresentatives of all the States which form this splendid Commonwealth, and I shall be proud to convey your assurances of devotion to Throne and Empire to my father the King.  His  Majesty preserves the happiest memories of the day when he inaugurated the Australian Parliament, and no ohe has appreciated more whole-heartedly than he the gallant service rendered by the men and women of Australia during the great war. </para>
        <para>I thank you, also,  most sincerely for your more than generous references to my own modest service at the front. As a&#39; junior officer, I had no important duties to perform; but I shall never cease to value the opportunity which I then was given of learning to know my brother officers and men from all parts of the Empiro as comrades in arms. Through that comradeship I learned to know and appreciate the spirit of the Australian nation, and I am delighted now that I am about to see the men and women of Australia in their own land. </para>
        <para>I greatly appreciate your good wishes, and I reciprocate them from the bottom of my heart. </para>
        <para>Honorable senators,the clerks of the Senate, and the <inline font-style="italic">Hansard</inline> officers in attendance were presented by the  President  to His Royal Highness. </para>
        <para>
          <inline font-weight="bold">His</inline>Royal Highness then withdrew. </para>
      </speech>
    </debate>
    <adjournment>
      <adjournmentinfo>
        <page.no>2452</page.no>
        <time.stamp>19:15:00</time.stamp>
      </adjournmentinfo>
      <para>Senate adjourned at 7.15 p.m. . </para>
    </adjournment>
  </chamber.xscript>
</hansard>
