<?xml version="1.0" encoding="utf-8"?>
<hansard xsi:noNamespaceSchemaLocation="../../hansard.xsd" version="2.1" xmlns:xsi="http://www.w3.org/2001/XMLSchema-instance">
  <session.header>
    <date>1936-12-10</date>
    <parliament.no>14</parliament.no>
    <session.no>1</session.no>
    <period.no>5</period.no>
    <chamber>SENATE</chamber>
    <page.no>2886</page.no>
    <proof>0</proof>
  </session.header>
  <chamber.xscript>
    <para class="block">Senate. </para>
    <business.start>
      <day.start>1936-12-10</day.start>
      <para class="block" />
      <para class="block">Lynch) took the chair at 3 p.m., and read prayers. </para>
    </business.start>
    <debate>
      <debateinfo>
        <title>SPECIAL ADJOURNMENT</title>
        <page.no>2886</page.no>
        <type>special adjournment</type>
      </debateinfo>
      <para>British Constitutionalcrisis : Question of the King&#39;smarriage. </para>
      <speech>
        <talk.start>
          <talker>
            <page.no>2886</page.no>
            <time.stamp />
            <name.id>K0F</name.id>
            <electorate>Western Australia</electorate>
            <party>UAP</party>
            <role>Minister for External Affairs</role>
            <in.gov>1</in.gov>
            <first.speech>0</first.speech>
            <name role="metadata">PEARCE, George</name>
            <name role="display">Senator Sir GEORGE PEARCE</name>
          </talker>
          <para>&#91;8.1&#93;. - I move - </para>
        </talk.start>
        <quote>
          <para>That the Senate at its rising adjourn till 10.30 a.m. to-morrow. </para>
        </quote>
        <para class="block">The Prime Minister <inline font-weight="bold">(Mr. Lyons)</inline> has received a communication from the Prime Minister of Great Britain stating that he is not in a position to make a statement to the British Parliament to-day, hut anticipates that he will be able to do so to-morrow. The Government therefore expects that it will be able to make a statement to both Houses of the Commonwealth Parliament to-morrow. </para>
      </speech>
      <speech>
        <talk.start>
          <talker>
            <page.no>2886</page.no>
            <time.stamp />
            <name.id>K7P</name.id>
            <electorate>Queensland</electorate>
            <party />
            <role />
            <in.gov>0</in.gov>
            <first.speech>0</first.speech>
            <name role="metadata">COLLINGS, Joseph</name>
            <name role="display">Senator COLLINGS</name>
          </talker>
          <para>. - Yesterday, I announced the attitude of the Opposition towards the grave and delicate situation which exists in the Empire, and concluded my remarks in the following words :  - </para>
        </talk.start>
        <quote>
          <para>We have no wish or desire in any way to embarrass the Government, nor shall we willingly do so. On the other hand, we shall not silently submit to the Government&#39;s embarrassing either the people of the Commonwealth or the members of  His  Majesty&#39;s Opposition in this Senate, by any action not sanctioned by the Parliament after the Parliament has been placed in possession of all the facts of the case. </para>
        </quote>
        <para class="block">The Opposition objects to the proposed adjournment to-day; especially does it object to the proposal that the Senate shall adjourn until an unusual hour tomorrow. It sees no reason whatever why the Senate should depart from its usual  procedure of meeting at 11 a.m. on Fridays. </para>
        <interjection>
          <talk.start>
            <talker>
              <page.no>2887</page.no>
              <time.stamp />
              <name.id>K0F</name.id>
              <electorate />
              <party />
              <role />
              <in.gov>0</in.gov>
              <first.speech>0</first.speech>
              <name role="metadata">PEARCE, George</name>
              <name role="display">Senator Sir George Pearce</name>
            </talker>
            <para>- I omitted to say that the purpose of the motion is that both Houses of the Parliament shall meet at the same hour so that statements in identical language may be made in both chambers at the same time. </para>
          </talk.start>
        </interjection>
        <continue>
          <talk.start>
            <talker>
              <page.no>2887</page.no>
              <time.stamp />
              <name.id>K7P</name.id>
              <electorate />
              <party />
              <role />
              <in.gov>0</in.gov>
              <first.speech>0</first.speech>
              <name role="metadata">COLLINGS, Joseph</name>
              <name role="display">Senator COLLINGS</name>
            </talker>
            <para>- Another reason may be the Government&#39;s desire to prevent the Opposition in the Senate from doing something which it could do better if it had knowledge of what had taken place in the other chamber. </para>
          </talk.start>
        </continue>
        <para>Members of the Opposition strongly resent, after having been recalled to Canberra, being asked to remain here until the Government, is prepared to tell the Parliament what n government somewhere else in the world has done, and then to ask it to say &#34; ditto &#34;. I hope that I am speaking not for the Opposition alone, but also for other honorable senators who have some regard for the dignity due to the elected representatives of the people, when I say that I object to being treated in this way. While we are waiting about, with no definite purpose in view, all kinds of things are happening. I wish now to emphasize what I said yesterday in regard to the objection of the Opposition to any attempt being made on the other side of the world to force  His  Majesty off the throne. The Opposition is of the opinion that no further- adjournment of this Parliament should take place until it has been placed in possession of all the facts relating  to the position which has arisen. </para>
        <para>The <inline font-weight="bold">PRESIDENT (Senator the Hon. P, J. lynch).</inline> - The honorable senator is not entitled to refer to what has not taken place elsewhere; he must confine himself to the motion before the Senate. </para>
        <continue>
          <talk.start>
            <talker>
              <page.no>2887</page.no>
              <time.stamp />
              <name.id>K7P</name.id>
              <electorate />
              <party />
              <role />
              <in.gov>0</in.gov>
              <first.speech>0</first.speech>
              <name role="metadata">COLLINGS, Joseph</name>
              <name role="display">Senator COLLINGS</name>
            </talker>
            <para>- I shall confine my remarks to the position as it exists here in Australia, because, in the view of the Opposition, that is the thing that really matters to this Parliament. It is our duty to decide the attitude of the Senate to the position which has arisen. Australia is no longer a colony, subject to control by Great Britain, but a nation with full rights, including the right of direct access to the King; for it must be remembered that His Majesty is King of Australia as well as King of Great Britain. I repeat that no further adjournment of the Parliament should be contemplated until it has been placed in possession of all the facts. All kinds of rumours are afloat, and all kinds of manoeuvres are taking place. Negotiations are proceeding. The Parliaments of the British dominions, as well as the Parliament of the United Kingdom, should be placed in possession of all the facts before any decision is made. </para>
          </talk.start>
        </continue>
      </speech>
      <speech>
        <talk.start>
          <talker>
            <page.no>2887</page.no>
            <time.stamp />
            <name.id>10000</name.id>
            <electorate />
            <party />
            <role />
            <in.gov>0</in.gov>
            <first.speech>0</first.speech>
            <name role="metadata">PRESIDENT, The</name>
            <name role="display">The PRESIDENT</name>
          </talker>
          <para>- The honorable senator must confine his rema&#39;rks to the wisdom or otherwise of adjourning until to-morrow, or some other day, or until 10.30 a.m. or some other hour to-morrow. </para>
        </talk.start>
        <continue>
          <talk.start>
            <talker>
              <page.no>2887</page.no>
              <time.stamp />
              <name.id>K7P</name.id>
              <electorate />
              <party />
              <role />
              <in.gov>0</in.gov>
              <first.speech>0</first.speech>
              <name role="metadata">COLLINGS, Joseph</name>
              <name role="display">Senator COLLINGS</name>
            </talker>
            <para>- I am discussing the statement of the Leader of the Senate <inline font-weight="bold">(Senator Pearce)</inline> that the Senate should adjourn till 10.30 to-morrow morning because the Prime Minister is not able to say to-day what the position is. Did he refer to the position in Australia, or on the other side of the world? As Leader of the Opposition, I claim my right to deal with every line and syllable of that statement. 1&#34; say now that if it is the intention of the Government to  gag &#34; the Leader of the Opposition, we  &#39; on this side, are prepared to allow the electors to judge on which side the balance of justice lies. As I have said, all kinds of rumours are afloat, and all kinds of manoeuvres are taking place. In the streets of Melbourne, newspapers containing the statement that the Government does know the nature of the decision which has been arrived at on the other side of the world are being circulated. The Opposition protests, in the only way open to it, against what is going on, or, more correctly, against what is not going on. In view of the statement of the Leader of the Senate this afternoon, we shall probably be asked to-morrow to come to a decision regarding something which has already been decided. Should that be so, we shall not be in a position to come to an intelligent decision because we have not been placed in possession of any of the facts, let alone all of them. </para>
          </talk.start>
        </continue>
        <para class="block">I shall conclude by moving as an amendment to the motion - </para>
        <quote>
          <para>That all the words after &#34;That&#34; be left out with a view to insert in lieu thereof the following words: - &#34; the following resolution be transmitted through His Excellency the Governor-General to His Majesty the King: - </para>
          <para>We, the members of the Senate in the Parliament of the Commonwealth of Australia, desire to assure Your Majesty of. our loyalty and allegiance, and to express our earnest hope that Your Majesty will not relinquish the throne&#39;.&#34; </para>
        </quote>
        <interjection>
          <talk.start>
            <talker>
              <page.no>2888</page.no>
              <time.stamp />
              <name.id>K0F</name.id>
              <electorate />
              <party />
              <role />
              <in.gov>0</in.gov>
              <first.speech>0</first.speech>
              <name role="metadata">PEARCE, George</name>
              <name role="display">Senator Sir George Pearce</name>
            </talker>
            <para>- I rise to a point of order. I direct your attention, <inline font-weight="bold">Mr. President,</inline> to Standing Order No, 366- </para>
          </talk.start>
        </interjection>
        <quote>
          <para>Whenever it is deemed proper to present an address ..to-  His  Majesty or the GovernorGeneral, the same shall be proposed, except in cases of urgency, on motion after notice in the usual manner. </para>
        </quote>
        <para class="block">Standing Order No. 367 provides that addresses of congratulation or condolence to members of the Royal Family shall be proposed in a similar manner. The amendment proposes to transmit a resolution to-  His  Majesty the King through  His Excellency  the Governor-General, notice of which has not been given as required by Standing Order No. 366. I therefore submit that such an amendment cannot be &#39; moved to a motion which does not require notice. For other reasons, also, the motion is out of order. Standing Order&#39; No. 417 reads - </para>
        <quote>
          <para>No senator shall use the name of  His  Majesty or of his representatives in this Commonwealth disrespectfully in a debate, nor for the.- purpose of influencing the Senate in its deliberations. </para>
        </quote>
        <para>I also suggest that the amendment is out of order because Standing Order No. 419 provides that - </para>
        <quote>
          <para>No senator shall digress from the subjectmatter of any question under discussion. </para>
        </quote>
        <para>The amendment moved by the Leader of the Opposition is not relevant to the subjectmatter of my motion. </para>
        <continue>
          <talk.start>
            <talker>
              <page.no>2888</page.no>
              <time.stamp />
              <name.id>10000</name.id>
              <electorate />
              <party />
              <role />
              <in.gov>0</in.gov>
              <first.speech>0</first.speech>
              <name role="metadata">PRESIDENT, The</name>
              <name role="display">The PRESIDENT</name>
            </talker>
            <para>- The Leader of the Senate <inline font-weight="bold">(Senator Pearce)</inline> has moved - </para>
          </talk.start>
        </continue>
        <quote>
          <para>That the Senate at its rising adjourn till 10.30 a,m. to-morrow. </para>
        </quote>
        <para class="block">To that motion the Leader of the Opposition <inline font-weight="bold">(Senator Collings)</inline> has moved an amendment to transmit the following resolution to  His  Majesty : - </para>
        <quote>
          <para>We, the members of the Senate of the Parliament of the Commonwealth of Australia, desire to assure Your Majesty of our loyalty and allegiance, and to express our earnest hope that Your Majesty will not relinquish the throne. </para>
        </quote>
        <para class="block">The Leader of the Senate has directed attention to Standing Order No. 366 which reads - </para>
        <quote>
          <para>Whenever it is deemed proper to present an address to  His  Majesty or the GovernorGeneral, the same shall be proposed, except in cases of urgency, on motion after notice in the usual manner. </para>
        </quote>
        <interjection>
          <talk.start>
            <talker>
              <page.no>2888</page.no>
              <time.stamp />
              <name.id>K7P</name.id>
              <electorate />
              <party />
              <role />
              <in.gov>0</in.gov>
              <first.speech>0</first.speech>
              <name role="metadata">COLLINGS, Joseph</name>
              <name role="display">Senator Collings</name>
            </talker>
            <para>- Nothing could be more urgent than this at the moment. </para>
          </talk.start>
        </interjection>
        <continue>
          <talk.start>
            <talker>
              <page.no>2888</page.no>
              <time.stamp />
              <name.id>10000</name.id>
              <electorate />
              <party />
              <role />
              <in.gov>0</in.gov>
              <first.speech>0</first.speech>
              <name role="metadata">PRESIDENT, The</name>
              <name role="display">The PRESIDENT</name>
            </talker>
            <para>- That standing order is capable of only one meaning, and as notice had not been given, the amendment is out of order. </para>
          </talk.start>
        </continue>
        <interjection>
          <talk.start>
            <talker>
              <page.no>2888</page.no>
              <time.stamp />
              <name.id>K7P</name.id>
              <electorate />
              <party />
              <role />
              <in.gov>0</in.gov>
              <first.speech>0</first.speech>
              <name role="metadata">COLLINGS, Joseph</name>
              <name role="display">Senator Collings</name>
            </talker>
            <para>- Standing Order No. 366 contains the words &#34; except in cases of urgency.&#34; </para>
          </talk.start>
        </interjection>
        <interjection>
          <talk.start>
            <talker>
              <page.no>2888</page.no>
              <time.stamp />
              <name.id>K6P</name.id>
              <electorate />
              <party />
              <role />
              <in.gov>0</in.gov>
              <first.speech>0</first.speech>
              <name role="metadata">BROWN, Gordon</name>
              <name role="display">Senator Brown</name>
            </talker>
            <para>- Surely those words must be taken into consideration? </para>
          </talk.start>
        </interjection>
        <continue>
          <talk.start>
            <talker>
              <page.no>2888</page.no>
              <time.stamp />
              <name.id>10000</name.id>
              <electorate />
              <party />
              <role />
              <in.gov>0</in.gov>
              <first.speech>0</first.speech>
              <name role="metadata">PRESIDENT, The</name>
              <name role="display">The PRESIDENT</name>
            </talker>
            <para>- Apart from that standing order there is a more familiar one which precludes the amendment of the Leader of the Opposition. Standing Order No. 139 provides - </para>
          </talk.start>
        </continue>
        <quote>
          <para>Every amendment must be relevant to the question to which it is proposed to be made. </para>
        </quote>
        <para class="block">Clearly an amendment in which loyalty to the throne is expressed is not relevant to a motion to fix the hour of meeting of the Senate. Therefore, I rule that the amendment is out of order. </para>
        <interjection>
          <talk.start>
            <talker>
              <page.no>2888</page.no>
              <time.stamp />
              <name.id>KP8</name.id>
              <electorate />
              <party />
              <role />
              <in.gov>0</in.gov>
              <first.speech>0</first.speech>
              <name role="metadata">JOHNSTON, Edward</name>
              <name role="display">Senator E B Johnston</name>
            </talker>
            <para>- <inline font-weight="bold">Mr. President</inline></para>
          </talk.start>
        </interjection>
        <para>Motion (by <inline font-weight="bold">Senator Foll)</inline> put - </para>
        <quote>
          <para>That the question be now put. </para>
        </quote>
      </speech>
      <division>
        <division.header>
          <time.stamp />
          <para>The Senate divided. (President - Senator the Hon. P. J. Lynch.)</para>
        </division.header>
        <division.data>
          <ayes>
            <num.votes>26</num.votes>
            <title>AYES</title>
          </ayes>
          <noes>
            <num.votes>41</num.votes>
            <title>NOES</title>
          </noes>
        </division.data>
        <para>Majority . . 22 </para>
        <para>AYES</para>
        <para>NOES</para>
        <division.result />
      </division>
      <continue>
        <talk.start>
          <talker>
            <page.no>2889</page.no>
            <time.stamp />
            <name.id>10000</name.id>
            <electorate />
            <party />
            <role />
            <in.gov>0</in.gov>
            <first.speech>0</first.speech>
            <name role="metadata">PRESIDENT, The</name>
            <name role="display">The PRESIDENT</name>
          </talker>
          <para>- There being at least thirteen affirmative votes, as required by Standing Order No. 433, I declare the question resolved in the affirmative. </para>
        </talk.start>
      </continue>
      <para>Original question resolved in the affirmative. </para>
    </debate>
    <debate>
      <debateinfo>
        <title>ADJOURNMENT</title>
        <page.no>2889</page.no>
        <type>adjournment</type>
      </debateinfo>
      <subdebate.1>
        <subdebateinfo>
          <title>Conduct of Business</title>
          <page.no>2889</page.no>
        </subdebateinfo>
        <para>Motion (by <inline font-weight="bold">Senator SirGeorge</inline> pearce) proposed - </para>
        <quote>
          <para>That the Senate do now adjourn. </para>
        </quote>
        <para>SenatorCOLLINGS (Queensland) &#91;3.24&#93;.  -  Apropos of your ruling of a few moments ago, <inline font-weight="bold">Mr. President,</inline> I find that Standing Order 137 says - </para>
        <quote>
          <para>A question having been proposed may be amended - ( 1 ) By leaving out certain words only; (2) By leaving out certain words in order to insert or add other words; (3) By inserting or adding words. </para>
        </quote>
        <interjection>
          <talk.start>
            <talker>
              <page.no>2889</page.no>
              <time.stamp />
              <name.id>K0F</name.id>
              <electorate />
              <party />
              <role />
              <in.gov>0</in.gov>
              <first.speech>0</first.speech>
              <name role="metadata">PEARCE, George</name>
              <name role="display">Senator SirGeorge Pearce</name>
            </talker>
            <para>-  On a point of order, I submit that the honorable senator will not be in order in discussing at this stage your ruling on a previous motion. </para>
          </talk.start>
        </interjection>
        <para>The <inline font-weight="bold">PRESIDENT (Senator the Hon. P. J. Lynch).</inline> - That is so, and the Standing Orders also prevent the revival of a question which has already been decided by the Senate. </para>
        <para>SenatorCOLLINGS. - I merely wish to emphasize that there has been a desire on the part of the Government this after noon to prevent the Opposition from saying what it desires to say on the subject of the adjournment of the Senate. - With my colleagues of the Opposition,&#39; and other honorable senators, I was on my way to Queensland where I had a political engagement which would have involved my travelling over a considerable area of that State. We were recalled to Canberra, only to find that we are not permitted to express ourselves or to do any business. We are not willing that the Senate should be adjourned from day to day at the whim of the Government, while honorable senators are cooling their heels about the building, with nothing to do of value to the country. We are denied, by the Government, an opportunity to contribute any measure of service to the taxpayers who pay our salaries. I register the objection of the. Opposition to the adjournment of the Senate to an unusual hour and to the tactics adopted by the Government. </para>
        <para>Motion (by SenatorFoll) put - </para>
        <quote>
          <para>That the question be now put. </para>
        </quote>
        <speech>
          <talk.start>
            <talker>
              <page.no>2889</page.no>
              <time.stamp />
              <name.id>10000</name.id>
              <electorate />
              <party />
              <role />
              <in.gov>0</in.gov>
              <first.speech>0</first.speech>
              <name role="metadata">PRESIDENT, The</name>
              <name role="display">The PRESIDENT</name>
            </talker>
            <para>- There being more than thirteen senators present; and no dissentient voice, I declare the question resolved in the affirmative. </para>
          </talk.start>
          <para>Original question resolved in the affirmative. </para>
        </speech>
      </subdebate.1>
    </debate>
    <adjournment>
      <adjournmentinfo>
        <page.no>2889</page.no>
        <time.stamp>15:30:00</time.stamp>
      </adjournmentinfo>
      <para class="block">Senate adjourned at3.30  p.m. </para>
    </adjournment>
  </chamber.xscript>
</hansard>