<?xml version="1.0" encoding="utf-8"?>
<hansard xsi:noNamespaceSchemaLocation="../../hansard.xsd" version="2.1" xmlns:xsi="http://www.w3.org/2001/XMLSchema-instance">
  <session.header>
    <date>1936-12-09</date>
    <parliament.no>14</parliament.no>
    <session.no>1</session.no>
    <period.no>5</period.no>
    <chamber>SENATE</chamber>
    <page.no>2882</page.no>
    <proof>0</proof>
  </session.header>
  <chamber.xscript>
    <para class="block">Senate. </para>
    <business.start>
      <day.start>1936-12-09</day.start>
      <para>The Senate, on the 4th December, 1936, adjourned till a day and hour to be fixed, and to be notified by the  President  to each honorable senator. The Senate met at 3 p.m., pursuant to the notification of the  President. </para>
      <para>The <inline font-weight="bold">President (Senator the Hon. P. J. Lynch)</inline> took the chair, and read prayers. </para>
    </business.start>
    <debate>
      <debateinfo>
        <title>ASSENT TO BILLS</title>
        <page.no>2882</page.no>
        <type>bill</type>
      </debateinfo>
      <para>Assent to the following bills reported :  - </para>
      <quote>
        <para>Lands Acquisition Bill 1936. </para>
        <para>Referendum (Constitution Alteration) Bill 1936. </para>
      </quote>
      <para>  Customs Tariff (No. 2) 1936. </para>
      <para>Customs Tariff (Exchange Adjustment) Bill (No. 2) 1936. </para>
      <para>Customs Tariff (Canadian Preference) (No. 2) 1936. </para>
      <para>States Grants (Unemployment Relief) Bill 1936. </para>
      <para>Commonwealth Public Service Bill 1936. </para>
      <para>Financial Relief Bill (No. 3) 1936. </para>
      <para>Bills of Exchange Bill 1936. </para>
      <para>Trade Marks Bill 1936. </para>
      <para>Customs Tariff (No. 3) 1936. </para>
      <para>Customs Tariff (Exchange Adjustment) Bill (No. 3) 1936. </para>
      <para>Sales Tax Amendment Bill 1936. </para>
      <para>Trade Agreement (France) Bill 1936. </para>
      <para>Customs Tariff (No. 4) 1936. </para>
      <para>Customs Tariff (Exchange Adjustment) Bill (No. 4) 1936. </para>
      <para>Customs Tariff (industries Preservation) Bill 1936. </para>
      <para>Papua and New Guinea Bounties Bill 1936. </para>
      <para>Customs Tariff (Papua and New Guinea Preference) 1936. </para>
      <para>Customs Bill 1936. </para>
      <para>Coinage Bill 1936. </para>
      <para>Commonwealth Railways Bill 1936. </para>
      <para>Income Tax Assessment Bill (No. 2) 1936. </para>
      <para>Petroleum Oil Search Bill (No. 2) 1936. </para>
      <para>Colonial Light Dues Collection Bill 1936. </para>
      <para>Colonial Light Dues (Rates) Bill 1936. </para>
      <para>Commonwealth Public Works Committee Bill 1936. </para>
      <para>Air Navigation Bill 1936. </para>
      <para>Wine Overseas Marketing Bill 1936. </para>
    </debate>
    <debate>
      <debateinfo>
        <title>ADJOURNMENT</title>
        <page.no>2882</page.no>
        <type>adjournment</type>
      </debateinfo>
      <para>British Constitutional Crisis: The Question of the King&#39;s Marriage. </para>
      <speech>
        <talk.start>
          <talker>
            <page.no>2882</page.no>
            <time.stamp />
            <name.id>K0F</name.id>
            <electorate>West ern Australia</electorate>
            <party>UAP</party>
            <role>Minister for External Affairs</role>
            <in.gov>1</in.gov>
            <first.speech>0</first.speech>
            <name role="metadata">PEARCE, George</name>
            <name role="display">Senator Sir GEORGE PEARCE</name>
          </talker>
          <para>&#91;3.4&#93;. - I move - </para>
        </talk.start>
        <quote>
          <para>That the Senate do now adjourn. </para>
        </quote>
        <para class="block">I wish to make a statement on behalf of the Government. </para>
        <para>Shortly before the Parliament rose the possibilities of a serious constitutional problem relating to the suggested marriage of  His  Majesty the King became apparent. The position is still uncertain, though we all profoundly hope that a crisis may be averted. In the circumstances, it seemed wise to the Government to recall honorable senators, as it would desire to be in a position to consult Parliament without delay in relation to any course of action which proved to be necessary. </para>
        <para>As the matter stands, and pending His Gracious Majesty&#39;s decision, parliamentary discussions could do nothing but harm. </para>
        <para>All I need say as to the particular issues involved is that the Commonwealth Government concurs in the decision of the Government of the United Kingdom not to legislate for something in the nature of a morganatic marriage. </para>
        <para>In a state of affairs so delicate, so fraught with possibilities of good or ill for the future of all of us, a respectful and sympathetic silence in Parliament is the best contribution we can offer to a happy solution. May God strengthen His Majesty and guide his decision aright. </para>
      </speech>
      <speech>
        <talk.start>
          <talker>
            <page.no>2882</page.no>
            <time.stamp />
            <name.id>K7P</name.id>
            <electorate>Queensland</electorate>
            <party />
            <role />
            <in.gov>0</in.gov>
            <first.speech>0</first.speech>
            <name role="metadata">COLLINGS, Joseph</name>
            <name role="display">Senator COLLINGS</name>
          </talker>
          <para>. - We have been asked to assemble here to-day in order that, as an integral part of the Commonwealth Parliament, we may be consulted on a matter of vital importance to Australia and those other dominions which make up the British </para>
        </talk.start>
        <para class="block">Commonwealth of Nations, as well as to the Government of the United Kingdom. With all respect, I submit that the Senate is now entitled to know,, fully and completely, without any reservations whatever, the exact nature of all communications that have passed between the Prime Minister and the Government of the United Kingdom. The Opposition fully recognizes the very difficult and delicate situation which has arisen regarding the matter covered by the statement just made by the Leader of the Senate <inline font-weight="bold">(Senator Pearce).</inline> The Opposition also holds very strongly certain definite opinions regarding it. Briefly stated, those opinions are: We shall not be a party to any coercion of the King by Ministers of this Commonwealth or any other dominion in the choice of his wife. The King, on the other hand, must not ask Parliament for any special legislation to suit &#39; his convenience in the choosing of a wife. He must choose his wife from among those ladies who may lawfully be married to him as the law stands at present. In respect of any matter involving legislation, the King must accept the advice of his Ministers of State. Furthermore, in the King&#39;s choice of a wife we would object to the King or to the&#39; Parliaments arranging to confer upon that lady a lesser status than that of Queen. The King must not be permitted to alter in any way the status of the lady whom he would choose to be his wife; .because he is King, his wife should and must be the Queen. Furthermore, the King must be fully prepared to accept all the natural and logical consequences of his marriage. If there be children of that marriage, they must come in the first line of succession to the British Throne. The Opposition will leave the King unfettered in the choice of his wife. It will not agree that his selection in the matter should be impaired by any influence of any sort. But the King must accept full responsibility to his conscience and to the Empire for the choice that he makes. We shall not interfere with him, but we shall not convenience him, in the choosing of his wife. The Australian Labour party hopes that the present King will remain upon the Throne of England. It desires to remain, as it will remain, loyal to King Edward VIII. We have no wish or desire in any way to embarrass the Government, nor shall we willingly do so. On the other hand, we shall, not silently submit to the Government&#39;s embarrassing either the people of the Commonwealth or the members of  His  Majesty&#39;s Opposition in this Senate, by any action not sanctioned by the Parliament after the Parliament has&#39; been placed in possession of all the facts of the case. </para>
        <para class="block">Question resolved in the affirmative. </para>
      </speech>
    </debate>
    <adjournment>
      <adjournmentinfo>
        <page.no>2883</page.no>
        <time.stamp>15:10:00</time.stamp>
      </adjournmentinfo>
      <para class="block">Senate adjourned at 3.10 p.m. </para>
    </adjournment>
  </chamber.xscript>
</hansard>