<?xml version="1.0" encoding="utf-8"?>
<hansard xsi:noNamespaceSchemaLocation="../../hansard.xsd" version="2.1" xmlns:xsi="http://www.w3.org/2001/XMLSchema-instance">
  <session.header>
    <date>1936-12-11</date>
    <parliament.no>14</parliament.no>
    <session.no>1</session.no>
    <period.no>5</period.no>
    <chamber>SENATE</chamber>
    <page.no>2892</page.no>
    <proof>0</proof>
  </session.header>
  <chamber.xscript>
    <para class="block">Senate. </para>
    <business.start>
      <day.start>1936-12-11</day.start>
      <para>The <inline font-weight="bold">President (Senator the Hon. P.</inline><inline font-style="italic">J.</inline> Lynch) took the chair at 10.30 a.m., and read prayers. </para>
    </business.start>
    <debate>
      <debateinfo>
        <title>ABDICATION OF KING EDWARD VIII</title>
        <page.no>2892</page.no>
        <type>miscellaneous</type>
      </debateinfo>
      <speech>
        <talk.start>
          <talker>
            <page.no>2892</page.no>
            <time.stamp />
            <name.id>K0F</name.id>
            <electorate>Western Australia</electorate>
            <party>UAP</party>
            <role>Minister for External Affairs</role>
            <in.gov>1</in.gov>
            <first.speech>0</first.speech>
            <name role="metadata">PEARCE, George</name>
            <name role="display">Senator Sir GEORGE PEARCE</name>
          </talker>
          <para>&#91;10.31&#93;. - <inline font-weight="bold">Mr. President,</inline> a message from  His  Majesty the King - </para>
        </talk.start>
        <para class="italic">
          <inline font-style="italic">Honorable senators having risen in their places,</inline>
        </para>
        <para>I regret to have to inform honorable senators that the Prime Minister has received from  His Excellency  the GovernorGeneral the following message sent by  His  Majesty the King: - &#34;After long and anxious consideration I have determined to renounce the </para>
        <para class="block">Throne to which I succeeded on the death of My father, and am now communicating this, My final and irrevocable decision.Realizing as I do the gravity of this step, I can only hope that I shall have the understanding of My peoples in the decision I have taken and the reasons which have led me to take it. I will not enter now into My private feelings, but I would beg that it should be remembered that the burden which constantly rests upon the shoulders of a Sovereign is so heavy that it can only be borne in circumstances different from those in which I now find myself. I conceive that I am not overlooking the duties that rest on Me to place in the forefront the public interests when I declare that I am conscious that I can no longer discharge this heavy task with efficiency or with satisfaction to Myself. </para>
        <para>I have accordingly this morning executed an Instrument of Abdication in the terms following: - </para>
        <para>I, Edward the Eighth, of Great Britain, Ireland, and the British Dominions beyond the Seas King, Emperor of India,do hereby declare My irrevocable determination to renounce the Throne for Myself and for My descendants, and My desire that effect should be given to this Instrument of Abdication immediately. </para>
        <para>In token whereof I have hereunto set My hand this tenth day of December, nineteen hundred and thirty-six, in the presence of the witnesses whose signatures are subscribed. (Signed) Edwardr.I.&#39; </para>
        <para>My execution of this instrument has been witnessed by My three brothers, Their Royal Highnesses the Duke of York, the Duke of Gloucester, and the Duke of Kent. </para>
        <para>I deeply appreciate the spirit which has actuated the appeals which have been made to Mc to take a different decision and I have, before reaching My final determination, most fully pondered over them. But My mind is made up. Moreover, further delay cannot but be most injurious to the peoples whom I have tried to serve as Prince of Wales and as King, and whose future happiness and prosperity are the constant wish of My heart. I take My leave of them in the confident hope that the course which I have thought it right to follow is that which is best for the stability of the Throne and the Empire and the happiness of My peoples. I am deeply sensible of the consideration which they have always extended to Me both before and after My accession to the Throne and which I know they will extend in full measure to My successor. </para>
        <para>I am most anxious that there should be no delay of any kind in giving effect to the instrument which I have executed, and that all necessary steps should be taken immediately to secure that My lawful successor, My brother HisRoyal Highness the Duke of York, should ascend the Throne. </para>
      </speech>
      <subdebate.1>
        <subdebateinfo>
          <title>Edward R.I</title>
          <page.no>2893</page.no>
        </subdebateinfo>
        <para class="italic">
          <inline font-style="italic">Honorable senators having resumed their seats,</inline>
        </para>
        <interjection>
          <talk.start>
            <talker>
              <page.no>2893</page.no>
              <time.stamp />
              <name.id>K0F</name.id>
              <electorate />
              <party />
              <role />
              <in.gov>0</in.gov>
              <first.speech>0</first.speech>
              <name role="metadata">PEARCE, George</name>
              <name role="display">Senator Sir GEORGE PEARCE</name>
            </talker>
            <para>- I ask leave to submit a motion relating to the abdication of His Majesty and the succession to the Throne. </para>
          </talk.start>
        </interjection>
        <para>Leave granted. </para>
        <interjection>
          <talk.start>
            <talker>
              <page.no>2893</page.no>
              <time.stamp />
              <name.id>K0F</name.id>
              <electorate />
              <party />
              <role />
              <in.gov>0</in.gov>
              <first.speech>0</first.speech>
              <name role="metadata">PEARCE, George</name>
              <name role="display">Senator Sir GEORGE PEARCE</name>
            </talker>
            <para>- I move - </para>
          </talk.start>
        </interjection>
      </subdebate.1>
      <subdebate.1>
        <subdebateinfo>
          <title>That-</title>
          <page.no>2893</page.no>
        </subdebateinfo>
        <para>Whereas  His  Majesty King Edward the Eighth by the Grace of God, of Great Britain, Ireland and the British Dominions beyond the Seas King, Defender of the Faith, Emperor of India, has, by an Instrument of Abdication executed on the tenth day of December, One thousand nine hundred and thirtysix, been pleased to declare that He is irrevocably determined to renounce the Throne for Himself and  His  descendants, and has for that purpose executed an Instrument of Abdication and has signified  His  desire that effect thereto should be given immediately: </para>
        <para>And whereas a Bill intituled An Act to give effect to His Majesty&#39;s Declaration nf Abdication and for purposes connected therewith has been introduced into the Parliament of the United Kingdom: </para>
        <para>And whereas it is proposed to beenacted by that Bill that immediately upon theRoyal assent being signified thereto the Instrument of Abdication so executed shall have effect, and thereupon His Majesty shall cease to bo King, and there shallbe a demise of the Crown, and accordingly the member of theRoyal Family next in succession to the Throne shall succeed thereto and to all the rights, privileges and dignities thereunto belonging, and His Majesty, His issue (if any) and descendants of that issue shall not, after Mis Majesty&#39;s abdication, have any right title or interest in or to the succession to the Throne, and section one of the Act of Settlement shall be construed accordingly, and theRoyal Marriages Act 1772 shall not apply to His Majesty after His abdication, nor to the issue (if any) of His Majesty or descendants of that issue: </para>
        <para>And whereas it is by the Preambleto the Act ofthe United Kingdom known as the Statute of Westminster, 1931, among other things provided that it is meet and proper to set out by way of preamble to that Statute that, inasmuch as the Crown is the symbol of the free association of the members of the British Commonwealth of Nations, and as they are united by a common allegiance to the Crown, it would be in accord with the established constitutional position of all the members of the Commonwealth in relation to one another that any alteration in the law touching the Succession to the Throne should thereafter require the assent as well of the Parliaments of all the Dominions as of the Parliament of the United Kingdom : </para>
        <para>And whereasthe Bill intituled An Act to give effect to  His  Majesty&#39;s Declaration of Abdication and for purposes connected therewith will, upon theRoyal assent being signified thereto, involve an alteration in the law touching the Succession to the Throne and it is desirable that the Parliament of the Commonwealth should assent to such alteration : this Senate of the Parliament of the Commonwealth hereby assents to such alteration. </para>
        <para>In presenting the message and in submitting the resolution I desire to set out briefly the history of this matter so far as it concerns the King and his advisers, and particularly the part taken in the discussions by the Government of the Commonwealth of Australia. </para>
        <para>The cause of  His  Majesty&#39;s abdication, as honorable senators know, is his desire to marry a <inline font-weight="bold">Mrs. Simpson,</inline> and his deliberate personal conclusion that such a marriage would,inallthecircumstances, be inconsistent with his remaining upon the Throne. <inline font-weight="bold">Mrs. Simpson</inline> is a lady of American birth, twice divorced, whose first and second husbands are still living. The decree nisi for her divorce from the second of those husbands has not yet been made absolute. </para>
        <para>On the28th November, the Prime Minister of the Commonwealth <inline font-weight="bold">(Mr. Lyons)</inline> received from <inline font-weight="bold">Mr. Baldwin,</inline> the Prime Minister of the United Kingdom, a personal and secret cable informing him that he had had conversations with  His  Majesty the King about <inline font-weight="bold">Mrs. Simpson;</inline> that  His  Majesty had stated his intention to marry <inline font-weight="bold">Mrs. Simpson;</inline> but that, at the same time,  His  Majesty had said that he appreciated that the idea of her becoming Queen and her children succeeding to the Throne was out of the question, and that consequently he contemplated abdicating and leaving the Duke of York to succeed to the Throne. <inline font-weight="bold">Mr. Baldwin</inline> having told  His  Majesty that he would like a fewdays to think this over,  His  Majesty had subsequently asked <inline font-weight="bold">Mr. Baldwin&#39;s</inline> views on a new proposal, namely, that special legislative provision should be made for a marriage to <inline font-weight="bold">Mrs. Simpson</inline> which would not make her Queen and would not entitle her issue to succeed to the Throne. <inline font-weight="bold">Mr. Baldwin</inline> informed <inline font-weight="bold">Mr. Lyons</inline> thathehad advised  His  Majesty that he did not think there was any chance of such an arrangement receiving the approval of Parliament in Great Britain; also that the assent of the dominions would be essential to the carrying out of such an arrangement. He invited the personal views of the Prime Minister of the Commonwealth. </para>
        <para>
          <inline font-weight="bold">Mr. Lyons</inline>then communicated with <inline font-weight="bold">Mr. Baldwin</inline> offering his personal view - since at that time the whole matter was highly secret and confidential - that the proposed marriage, if it led to <inline font-weight="bold">Mrs. Simpson</inline> becoming Queen, would invoke widespread condemnation, and that the alternative proposal of something in the nature of a specially sanctioned morganatic marriage would run counter to the best popular conception of the Royal Family. </para>
        <para>There having arisen in certain sections of the press a rumour that a conflict existed between the King and his advisers, <inline font-weight="bold">Mr. Baldwin</inline> informed <inline font-weight="bold">Mr. Lyons</inline> on the 4th December that there was no foundation for the suggestion that any advice by Ministers had been tendered or that any conflict between  His  Majesty and his Ministers existed. On the 5th December, <inline font-weight="bold">Mr. Baldwin</inline> further informed <inline font-weight="bold">Mr. Lyons</inline> that, iri view of the fact that  His  Majesty the King was still contemplating as a possibility the contracting of a morganatic marriage with <inline font-weight="bold">Mrs. Simpson,</inline> the British Cabinet had felt it necessary that he <inline font-weight="bold">(Mr. Baldwin)</inline> should make a statement in the House of Commons making it clear that the British Cabinet regarded that course as utterly impracticable, and that from the information which had been received it was satisfied that this course would similarly not be acceptable to the dominions. Pursuant to this <inline font-weight="bold">Mr. Baldwin</inline> made the proposed statement in the House of Commons and subsequently advised  His  Majesty accordingly. At the same time, <inline font-weight="bold">Mr. Baldwin</inline> suggested that <inline font-weight="bold">Mr. Lyons</inline> might convey to  His  Majesty the opinion of his Government in the &#39;Commonwealth of Australia. On the 5th December <inline font-weight="bold">Mr. Lyons</inline> did so, informing  His  Majesty of the views of his Government, and in particular stating that any proposal that <inline font-weight="bold">Mrs. Simpson</inline> should become Consort and not Queen and that her issue should be barred from succession would not be approved by his Government, nor on his advices could any Government be formed in the Commonwealth Parliament which would bc prepared to sponsor legislation sanctioning such a course. The Prime Minister has been glad to note that what he said on that occasion has since received the confirmation in this Parliament of the honorable Leader of the Opposition in the House of Representatives <inline font-weight="bold">(Mr. Curtin). Mr. Lyons&#39;</inline> communication to  His  Majesty was formally acknowledged by bis private secretary. </para>
        <para>For several days thereafter  His  Majesty took into consideration the views not only of his Ministers in the United Kingdom and the Commonwealth of Australia, but also of the Governments of the Dominion of Canada, the Union of South Africa, and the Dominion of New Zealand, all of which <inline font-weight="bold">Mr. Lyons</inline> was advised by <inline font-weight="bold">Mr. Baldwin,</inline> were substantially in agreement with the opinions expressed by the Governments of the United Kingdom and Australia. On the 10th December, <inline font-weight="bold">Mr. Baldwin</inline> advised <inline font-weight="bold">Mr. Lyons</inline> that  His  Majesty&#39;s determination remained unalterably fixed, and that  His  Majesty had informed him that it was his desire to abdicate. <inline font-weight="bold">Mr. Baldwin</inline> added that his government was making a final appeal to  His  Majesty, but that it feared that there was no chance of  His  Majesty changing his mind. Having received that information, <inline font-weight="bold">Mr. Lyons</inline> at once forwarded, through  His Excellency  the Governor-General, a message to  His  Majesty the King, expressing the deep sympathy of the Commonwealth Government, arid its sincere regret that  His  Majesty should feel it necessary to take such a step, and begging, in the name of  His  Majesty&#39;s subjects in the Commonwealth of Australia, that  His  Majesty would reconsider his decision, and continue to reign over us.  His  Majesty did not feel a&#39;ble to re-consider his decision, and his message which I have just read to the Senate is the melancholy result. I cannot conclude this narrative without emphasizing that  His  Majesty&#39;s decision to abdicate was in no sense advised <inline font-style="italic">by</inline> any of His Majesty&#39;s Governments, and was neither directly nor indirectly the outcome of any pressure exerted by them. </para>
        <para>Little remains to be said. I know that I am expressing the opinion of every member of this Parliament, and of the Australian public, when 1 say how deeply we regret His Majesty&#39;s decision, and howprofoundly grieved we all are at this sudden termination of a reign which seemed so full of golden promise. But His Majesty&#39;s decision is irrevocable ; and it is proper that his wishes should be carried out. We must turn our eyes to the future, and set about the business of confirming in the occupancy of the Throne His Royal Highness the Duke of York, who on the effectuation of His Majesty&#39;s abdication, becomes the successor to the Throne. </para>
        <para>I appeal to members of this Parliament, and to the people of Australia, to show to our new sovereign all that loyalty and affection which they showed to his brother and his father, and I am certain that this appeal will not be in vain. </para>
        <para>Any alteration of the law affecting the succession to the Throne is now a matter of concern to every British dominion, as well as to the United Kingdom. For that reason I am submitting to the Senate the motion which I have read. The substance of it is that this Senate approves of the legislation which has already been introduced into the Parliament of the United Kingdom giving effect to the King&#39;s abdication, excluding his issue from the succession and allowing the occupancy of the Throne to go to the Duke of York as on a demise of the Crown. The motion itself is being submitted in both Houses of this Parliament in order to give effect to the constitutional convention recorded in the preamble to the Statute of Westminster, which sets out, in substance, that any alteration of the law affecting the succession to the Crown requires the assent of the Parliaments of the dominions. </para>
        <speech>
          <talk.start>
            <talker>
              <page.no>2896</page.no>
              <time.stamp />
              <name.id>K7P</name.id>
              <electorate>Queensland</electorate>
              <party />
              <role />
              <in.gov>0</in.gov>
              <first.speech>0</first.speech>
              <name role="metadata">COLLINGS, Joseph</name>
              <name role="display">Senator COLLINGS</name>
            </talker>
            <para>.- I feel, <inline font-weight="bold">Mr. President,</inline> that this is not an occasion when any honorable senator should seek to give expression to feelings which were engendered in the minds of some of us during recent weeks while the action which has now been taken by  His  Majesty was mostly the subject of conjecture and idle rumour. I agree entirely with most of the remarks made by the Leader of the Senate in his message to the Parliament and the people, particularly those in which he stressed the regret which will be felt at the determination of  His  Majesty to perform the act of abdication. We of the Opposition feel that regret as strongly - I do not suggest more strongly - as do the members of the other parties in this chamber. We believed that in  His  Majesty the Empire had a king out of the ordinary, and we anticipated that as a result of his education, his training, and his experience, he would become the most democratic monarch of all time, and one from whom we could expect great things. We were looking forward to a wonderfully successful and fruitful reign and we regret exceedingly that circumstances have arisen which make that hope futile. We of the Opposition will give place to no other section of the community in our loyalty to his successor. </para>
          </talk.start>
        </speech>
        <speech>
          <talk.start>
            <talker>
              <page.no>2896</page.no>
              <time.stamp />
              <name.id>KNZ</name.id>
              <electorate>New South Wales</electorate>
              <party />
              <role />
              <in.gov>0</in.gov>
              <first.speech>0</first.speech>
              <name role="metadata">HARDY, Charles</name>
              <name role="display">Senator HARDY</name>
            </talker>
            <para>. - I shall not comment at length on what can be regarded only as a national tragedy because I am aware that a wave of sorrow spread over the British Empire when the decision of the King became known. Nor shall I refer to the events which led to His Majesty&#39;s abdication. I look with hope to the future, for I am convinced that that loyalty which the people throughout his realm have shown to King Edward VIII. will be extended to the new sovereign also. </para>
          </talk.start>
          <para>Question resolved in the affirmative. </para>
        </speech>
      </subdebate.1>
    </debate>
    <debate>
      <debateinfo>
        <title>PAPERS</title>
        <page.no>2896</page.no>
        <type>papers</type>
      </debateinfo>
      <para>The following papers were presented - </para>
      <quote>
        <para>Commonwealth Bank Act - Regulations amended - Statutory Rules 1936, No. 157. </para>
        <para>Commonwealth Public Service Act - Appointment - Department of the Interior - W. H. Harral. </para>
        <para>Defence Act - Regulations amended - Statutory Rules 1936, No. 158. </para>
        <para>Lands Acquisition Act - Land acquired at - Georgetown, Tasmania - For Defence purposes. </para>
        <para>Goulburn, New South Wales - For Defence purposes. </para>
        <para>Holbrook, New South Wales - For Defence purposes. </para>
        <para>Mascot, New South Wales - For Defence purposes. </para>
        <para>Naval Defence Act - Regulations amended - Statutory Rules 1936, No. 159. </para>
      </quote>
      <para>Seat of Government Acceptance Act and Seat of Government (Administration) Act - Ordinances of 1936 - </para>
      <para>No. 46 - Auctioneers. </para>
      <para>No. 47 - Juries. </para>
      <para>No. 48 - Dogs Registration. </para>
    </debate>
    <debate>
      <debateinfo>
        <title>QUESTION</title>
        <page.no>2896</page.no>
        <type>Questions</type>
      </debateinfo>
      <subdebate.1>
        <subdebateinfo>
          <title>CHRISTMAS CHEER FOR SOUTH AFRICAN WAR VETERANS</title>
          <page.no>2896</page.no>
        </subdebateinfo>
        <speech>
          <talk.start>
            <talker>
              <page.no>2896</page.no>
              <time.stamp />
              <name.id>K2F</name.id>
              <electorate>through Senator Foll</electorate>
              <party />
              <role />
              <in.gov>0</in.gov>
              <first.speech>0</first.speech>
              <name role="metadata">BRAND, Charles</name>
              <name role="display">Senator BRAND</name>
            </talker>
            <para>asked the Minister representing the Prime Minister, <inline font-style="italic">upon notice -</inline></para>
          </talk.start>
          <quote>
            <para>Will the Government make available to South African War veterans in indigent circumstances a percentage of the allotment of money made available to ex-service men for Christmas cheer? </para>
          </quote>
          <para>
            <inline font-weight="bold">Senator Sir GEORGE</inline>PEARCE.The Prime Minister has supplied the following answer to the honorable senator&#39;s question: - </para>
          <quote>
            <para>In accordance with the established practice, this year&#39;s grant for the purpose of providing Christmas relief to ex-service men who are in necessitous circumstances has already been mode direct to the Federal Executive of the Returned Sailors and Soldiers&#39; Imperial League of Australia. I have been informed by the federal  president  of the league that the grant is distributed to ex-service men without discrimination. </para>
          </quote>
        </speech>
      </subdebate.1>
    </debate>
    <debate>
      <debateinfo>
        <title>QUESTION</title>
        <page.no>2897</page.no>
        <type>Questions</type>
      </debateinfo>
      <subdebate.1>
        <subdebateinfo>
          <title>FERTILIZERS SUBSIDY</title>
          <page.no>2897</page.no>
        </subdebateinfo>
        <speech>
          <talk.start>
            <talker>
              <page.no>2897</page.no>
              <time.stamp />
              <name.id>KP8</name.id>
              <electorate>WESTERN AUSTRALIA</electorate>
              <party />
              <role />
              <in.gov>0</in.gov>
              <first.speech>0</first.speech>
              <name role="metadata">JOHNSTON, Edward</name>
              <name role="display">Senator E B JOHNSTON</name>
            </talker>
            <para>asked the Minister representing the Minister for Commerce, <inline font-style="italic">upon notice -</inline></para>
          </talk.start>
          <list type="decimal-dotted">
            <item label="1.">
              <para>Is it a fact that in the payment of the fertilizer subsidy last year, payment was made to farmers for wheat crops which, although originally seeded for wheat, were so badly affected by drought or disease that they were fed off to stock t </para>
            </item>
            <item label="2.">
              <para>Is the some procedure to be adopted this year? </para>
            </item>
            <item label="3.">
              <para>If so, will the Minister give prompt instructions to the officers administering the subsidy, on this point? </para>
            </item>
            <item label="4.">
              <para>If the procedure is not being adopted this year, what ia the reason for the change? </para>
            </item>
          </list>
        </speech>
        <speech>
          <talk.start>
            <talker>
              <page.no>2897</page.no>
              <time.stamp />
              <name.id>K2Z</name.id>
              <electorate>VICTORIA</electorate>
              <party>UAP</party>
              <role>Minister without portfolio assisting the Minister for Commerce</role>
              <in.gov>1</in.gov>
              <first.speech>0</first.speech>
              <name role="metadata">BRENNAN, Thomas</name>
              <name role="display">Senator BRENNAN</name>
            </talker>
            <para>- The Minister for Commerce has furnished the following replies to the honorable senator&#39;s questions :  - </para>
          </talk.start>
          <list type="decimal-dotted">
            <item label="1.">
              <para>Yes. </para>
            </item>
            <item label="2.">
              <para>Yes. </para>
            </item>
            <item label="3.">
              <para>Instructions have been issued. </para>
            </item>
            <item label="4.">
              <para>See answers to (1) and (2). </para>
            </item>
          </list>
        </speech>
      </subdebate.1>
    </debate>
    <debate>
      <debateinfo>
        <title>QUESTION</title>
        <page.no>2897</page.no>
        <type>Questions</type>
      </debateinfo>
      <subdebate.1>
        <subdebateinfo>
          <title>SERVICE PENSIONS</title>
          <page.no>2897</page.no>
        </subdebateinfo>
        <speech>
          <talk.start>
            <talker>
              <page.no>2897</page.no>
              <time.stamp />
              <name.id>K08</name.id>
              <electorate>NEW SOUTH WALES</electorate>
              <party />
              <role />
              <in.gov>0</in.gov>
              <first.speech>0</first.speech>
              <name role="metadata">ARKINS, James</name>
              <name role="display">Senator ARKINS</name>
            </talker>
            <para>asked the Minister representing the Minister for Repatriation, <inline font-style="italic">upon notice -</inline></para>
          </talk.start>
          <list type="decimal-dotted">
            <item label="1.">
              <para>How many applications for service pension have been made since the 1st January, 1936? </para>
            </item>
            <item label="2.">
              <para>How many applications were granted? </para>
            </item>
            <item label="3.">
              <para>How many applications for wives were made? </para>
            </item>
            <item label="4.">
              <para>How many applications were granted? </para>
            </item>
            <item label="5.">
              <para>How many children&#39;s pensions were applied for? </para>
            </item>
            <item label="6.">
              <para>How many were granted? </para>
            </item>
            <item label="7.">
              <para>What is the annual cost of all service pensions at this date? </para>
            </item>
            <item label="8.">
              <para>How many tubercular applications for service pension were made by members? </para>
            </item>
            <item label="9.">
              <para>How many tubercular applications were granted ? </para>
            </item>
            <item label="10.">
              <para>How many applications by wives of tubercular cases ? </para>
            </item>
            <item label="11.">
              <para>How many were granted? </para>
            </item>
            <item label="12.">
              <para>How many children of tubercular applicants applied for pension? </para>
            </item>
            <item label="13.">
              <para>How many were granted? </para>
            </item>
            <item label="14.">
              <para>How many of the rejected tubercular applicants were receiving invalid pension? </para>
            </item>
            <item label="15.">
              <para>How many of the rejected tubercular applicants were in receipt of State aid, and to what extent? </para>
            </item>
            <item label="16.">
              <para>How manywives of tubercular applicants were in receipt of invalid pension? </para>
            </item>
            <item label="17.">
              <para>What is the annual cost of all tubercular men&#39;s pensions at this date? </para>
            </item>
            <item label="18.">
              <para>What is the annual cost of all tubercular wives&#39; pensions at this date? </para>
            </item>
            <item label="19.">
              <para>What is the annual cost of all tubercular children&#39;s pensions at this date? </para>
            </item>
          </list>
        </speech>
        <speech>
          <talk.start>
            <talker>
              <page.no>2897</page.no>
              <time.stamp />
              <name.id>KTR</name.id>
              <electorate>SOUTH AUSTRALIA</electorate>
              <party>NAT</party>
              <role />
              <in.gov>0</in.gov>
              <first.speech>0</first.speech>
              <name role="metadata">MCLACHLAN, Alexander</name>
              <name role="display">Senator A J McLACHLAN</name>
            </talker>
            <para>- The Minister for Repatriation has supplied the following answers to the honorable senator&#39;s questions: - </para>
          </talk.start>
          <list type="decimal-dotted">
            <item label="1.">
              <para>16,861. </para>
            </item>
            <item label="2.">
              <para>6,432. </para>
            </item>
            <item label="3.">
              <para>3,444. </para>
            </item>
            <item label="4.">
              <para>1,175. </para>
            </item>
            <item label="5.">
              <para>5,846. </para>
            </item>
            <item label="6.">
              <para>1,720. </para>
            </item>
            <item label="7.">
              <para>Expenditure up to the 31st October, 1936,  &#163;72,599; annual  liability up  to  the 31st October, 1936, &#163;183,458. </para>
              <list type="upperalpha-dotted">
                <item label="S.">
                  <para>Applications cannot be classified under the respective headings of old-age, permanent unemployability, or pulmonary tuberculosis until decided, as some members claim under one or more headings. </para>
                </item>
              </list>
            </item>
            <item label="9.">
              <para>Pulmonary tuberculosis members, 492. </para>
            </item>
            <item label="10.">
              <para>See No. 8. </para>
            </item>
            <item label="11.">
              <para>Wives of pulmonary tuberculosis, 262. </para>
            </item>
            <item label="12.">
              <para>See No. 8. </para>
            </item>
            <item label="13.">
              <para>Children of pulmonary tuberculosis, 464. </para>
            </item>
            <item label="14.">
              <para>15, and 16. These records will be contained in the individual files, and can only be obtained with considerable investigation and expense. </para>
            </item>
            <item label="17.">
              <para>Annual liability is &#163;12,669. </para>
            </item>
            <item label="18.">
              <para>Annual liability is &#163;9,281. </para>
            </item>
            <item label="19.">
              <para>Annual liability is &#163;2,666. </para>
            </item>
          </list>
        </speech>
      </subdebate.1>
    </debate>
    <debate>
      <debateinfo>
        <title>LEAVE OF ABSENCE TO ALL SENATORS</title>
        <page.no>2897</page.no>
        <type>miscellaneous</type>
      </debateinfo>
      <para>Motion (by <inline font-weight="bold">Senator Sir George</inline> Pearce) - <inline font-style="italic">by leave</inline> - agreed to - </para>
      <quote>
        <para>That leave of absence be granted to every member of the Senate from the determination of the sitting this day to the day on which the Senate next meets. </para>
      </quote>
    </debate>
    <debate>
      <debateinfo>
        <title>SPECIAL ADJOURNMENT</title>
        <page.no>2898</page.no>
        <type>special adjournment</type>
      </debateinfo>
      <para>Motion (by <inline font-weight="bold">Senator Sir</inline> George  Pearce) agreed to - </para>
      <para>That the Senate at its rising adjourn till a day and hour to be fixed by the  President,  which time of meeting shall be notified to each senator by telegram or letter. </para>
      <para class="block">Senate adjourned at 11 a.m. till a day and hour to be fixed by the  President. </para>
    </debate>
  </chamber.xscript>
</hansard>
