<?xml version="1.0" encoding="utf-8"?>
<hansard xsi:noNamespaceSchemaLocation="../../hansard.xsd" version="2.1" xmlns:xsi="http://www.w3.org/2001/XMLSchema-instance">
  <session.header>
    <date>1923-02-28</date>
    <parliament.no>9</parliament.no>
    <session.no>1</session.no>
    <period.no>0</period.no>
    <chamber>SENATE</chamber>
    <page.no>5</page.no>
    <proof>0</proof>
  </session.header>
  <chamber.xscript>
    <para class="block">COMMONWEALTH OF AUSTRALIA. </para>
    <para class="block">PARLIAMENTARY DEBATES. </para>
    <para class="block">FirstSessionofTheNinthParliament </para>
    <para>The Eighth Parliament was prorogued on the 18th October, 1922, until the 6th November, 1922. The House of Representatives was dissolved by Proclamation on the 6th November, 1922, and honorable senators were discharged from attendance on that date. The Ninth Parliament was convened for the despatch of business on the 28th February, 1923, and the First Session commenced on that day. </para>
    <para class="block">Senate. </para>
    <business.start>
      <day.start>1923-02-28</day.start>
    </business.start>
    <debate>
      <debateinfo>
        <title>OPENING OF PARLIAMENT</title>
        <page.no>5</page.no>
        <type>miscellaneous</type>
      </debateinfo>
      <para>The Senate met at 10.30 a.m., pursuant to the proclamation of His Excellency the Governor-General. </para>
      <para>The <inline font-weight="bold">President (Senator the Hon. T. Givens)</inline> took the chair. </para>
      <para class="block">The  Clerk  read the proclamation. </para>
      <para class="block">The Deputies appointedby  His Excellency  the Governor-General for the opening of Parliament, the Right Honorahle <inline font-weight="bold">Sir Adrian</inline> Knox, P,C., K.C.M.G., Chief Justice of the High Court of Australia, and the Eight Honorable Isaac Alfred Isaacs, P.O., a Justice of the High Court of Australia, havingbeen announced by the Usher of the Black Rod, entered the chamber and took their seats on the dais. </para>
      <para>The Senior  Deputy,  through the  Clerk,  directed the Usher to desire the attendance of the members of the House of Representatives, who being come, </para>
      <para>The SENIOR DEPUTY said- </para>
      <para>Gentlemen of the Senate and Gentlemen of the House of Representatives : </para>
      <para>His Excellency the Governor-General not thinking fit to be present in person at this time, has been pleased to cause letters patent to issue under the Great Seal of the Commonwealth constituting us his Deputies to do in his name all that is necessary to be performed in declaring this Parliament open, as will more fully appear from the letters patent which will now be read. </para>
      <para>The letters patent having been read by the  Clerk, </para>
      <para>The SENIOR DEPUTY said- </para>
      <para>Gentlemen of the Senate and Gentlemen of the House of Representatives : </para>
      <para>We have it in command from the Governor-General to let you know that as soon as the members of the House of Representatives shall have been sworn, the causes of His Excellency calling this Parliament will be declared by him in person at this place; and it being necessary that a Speaker of the House of Representatives shall be first chosen, you, Gentlemen of the House of Representatives, will retire to the place where you are to sit and there proceed to the choice of some proper person to be your Speaker ; and thereafter you will present the person whom you shall so choose to His Excellency, at such time and place as he shall appoint. </para>
      <para>
        <inline font-weight="bold">Mr. Justice</inline>Isaacs will attend in the House of Representatives forthe purpose of administering the oath, or affirmation, of allegiance to the honorable members of that House. </para>
      <para>The Deputies, and the members of the House of Representatives having retired, </para>
    </debate>
    <debate>
      <debateinfo>
        <title>NEW SENATORS</title>
        <page.no>6</page.no>
        <type>miscellaneous</type>
      </debateinfo>
      <speech>
        <talk.start>
          <talker>
            <page.no>6</page.no>
            <time.stamp />
            <name.id>KLS</name.id>
            <electorate>QUEENSLAND</electorate>
            <party />
            <role />
            <in.gov>0</in.gov>
            <first.speech>0</first.speech>
            <name role="metadata">GIVENS, Thomas</name>
            <name role="display">The PRESIDENT (Senator the HonT Givens</name>
          </talker>
          <para>-  I have to announce that I have received a communication from  His Excellency  the Governor-General enclosing a certificate of the choice of Mr: Allan McDougall as a senator to fill the casual vacancy in the representation of New South Wales in the Senate, caused by the resignation of <inline font-weight="bold">Senator H.</inline> E. Pratten </para>
        </talk.start>
        <para>Certificate laid  on  the table and read by the  Clerk. </para>
        <continue>
          <talk.start>
            <talker>
              <page.no>6</page.no>
              <time.stamp />
              <name.id>KLS</name.id>
              <electorate />
              <party />
              <role />
              <in.gov>0</in.gov>
              <first.speech>0</first.speech>
              <name role="metadata">PRESIDENT, The</name>
              <name role="display">The PRESIDENT (Senator the HonT Givens</name>
            </talker>
            <para>-  I have to announce that I have received a communication from  His Excellency  the Governor-General enclosing a certificate of the choice of <inline font-weight="bold">Mr. William</inline> George Thompson as a senator to fill the casual vacancy in the representation . of Queensland in the Senate, caused by the death of <inline font-weight="bold">Senator John</inline> Adamson. </para>
          </talk.start>
        </continue>
        <para>Certificate laid on the table, and read by the  Clerk. </para>
      </speech>
      <speech>
        <talk.start>
          <talker>
            <page.no>6</page.no>
            <time.stamp />
            <name.id>KLS</name.id>
            <electorate>QUEENSLAND</electorate>
            <party />
            <role />
            <in.gov>0</in.gov>
            <first.speech>0</first.speech>
            <name role="metadata">GIVENS, Thomas</name>
            <name role="display">The PRESIDENT (Senator, the HonT Givens</name>
          </talker>
          <para>-  I have to announce that I have received a communication from  His Excellency  the Governor-General enclosing&#39; a certificate of the choice of Mr; Albert Alfred Hoare as a senator to fill the casual vacancy in the representation of South Australia in the Senate, caused by the death  of <inline font-weight="bold">Senator R.</inline> S. Guthrie. </para>
        </talk.start>
        <para>Certificate laid on the table, andreadby the  Clerk. </para>
        <para>SenatorsMcDougallThompson,. and Hoare made and subscribed the oath of allegiance. </para>
        <para class="italic">
          <inline font-style="italic">Sitting suspended from. 10.51 a.m. to 3 p.m.</inline>
        </para>
      </speech>
    </debate>
    <debate>
      <debateinfo>
        <title>GOVERNOR-GENERAL&#39;S SPEECH</title>
        <page.no>6</page.no>
        <type>miscellaneous</type>
      </debateinfo>
      <para>
        <inline font-weight="bold">His Excellency</inline>the Governor-General, having bean announced, by the Usher of the Black. Rod, entered the chamber. Being seated,  His Excellency  commanded the  Clerk  to direct the. Usher, to inform the House of Representatives that he desired the attendance of honorable members in the Senate chamber forthwith who being come with their. Speaker;. </para>
      <para>His Excellency was pleased to deliver the following Speech :  - </para>
      <para>Gentlemen of the Senate, and Gentlemen of the House of Representatives: </para>
      <list type="decimal-dotted">
        <item label="1.">
          <para>Your attendance has been required at this date in accordance with the provisions of the Constitution, and for the purpose of enabling my advisers to meet Parliament. </para>
        </item>
        <item label="2.">
          <para>After the general election held on 16th December last, the Prime Minister tendered the resignations of himself and has colleagues, and. Ihave appointed, newadvisers, who assumed office on the 9th day of February: </para>
        </item>
        <item label="3.">
          <para>It affords me pleasure, on this the first meeting of the ninth Parliament of the Commonwealth; to be able to congratulate you upon the sound condition of the trade, commerce, and industries of Australia. There are indications to justify belief in the continuance of these conditions. </para>
        </item>
        <item label="4.">
          <para>In view of the recent assumption of office by  my  advisers, time is required for the preparation of measures to give effect to their policy. You will be invited to reassemble as early as practicable to consider a definite programme of legislation. </para>
        </item>
        <item label="5.">
          <para>My Ministers, have under considera tion; subjects of  a  national character in which the Commonwealth and States are jointly concerned. Prior to the next meeting of the Parliament it is proposed by my advisers to invite the Governments, of the States to confer with them, on these matters-. </para>
        </item>
      </list>
      <para>Commending your deliberations to the guidance of Divine Providence, I now leave you to the discharge of your high and honorable duties: </para>
      <para>His. Excellency the Governor-General and. the members of the House of Representatives having retired, </para>
      <para>The <inline font-weight="bold">President (Senator the. Hon; T. Givens)</inline> took the chair at 3.12 p.m. , and readprayers. </para>
    </debate>
    <debate>
      <debateinfo>
        <title>MINISTERIAL CHANGES</title>
        <page.no>7</page.no>
        <type>miscellaneous</type>
      </debateinfo>
      <speech>
        <talk.start>
          <talker>
            <page.no>7</page.no>
            <time.stamp />
            <name.id>K0F</name.id>
            <electorate>Western Australia</electorate>
            <party>NAT</party>
            <role>Ministerfor Home and Territories</role>
            <in.gov>1</in.gov>
            <first.speech>0</first.speech>
            <name role="metadata">PEARCE, George</name>
            <name role="display">Senator PEARCE</name>
          </talker>
          <para>. - <inline font-style="italic">(By leave.)</inline> - I have to announce tothe Senate that theRight Honorable William Morris Hughes tendered his resignation to  His Excellency  the GovernorGeneral, and that  His Excellency  was pleased to accept it.  His Excellency  thereupon requested the Honorable Stanley Melbourne Bruce to form an Administration. He has done so, and has allotted the offices as follows: - </para>
        </talk.start>
        <para class="block">The  Hon.  Stanley Melbourne Bruce, M.C., M.P., to be Prime Minister and Minister of State for External Affairs. </para>
        <para>TheHon. Earle Christmas Grafton Page, M.P., to be Treasurer. </para>
        <para>
          <inline font-weight="bold">Senator the</inline>RightHon.George Foster Pearce to be MinisterofStatefor Home and Territories. </para>
        <para>TheHon. Littleton Ernest Groom, M.P., to be AttomeyGeneral. </para>
        <para>The Hon.WilliamGerrand Gibson, M.P., to be Postmaster-General. </para>
        <para>The  Hon.  Austin Chapman, M.P., to be Minister of State for Trade and Customs and Minister of State for Health. </para>
        <para>The  Hon.  Percy Gerald Stewart, M.P., to be Ministerof State for Works and Railways. </para>
        <para>The  Hon.  Eric Kendall Bowden,M.P. to be Minister of State for Defence. </para>
        <para>The  Hon.  Llewelyn Atkinson, M.P., to be Vice-President of the Executive Council. </para>
        <para>
          <inline font-weight="bold">Senator the Hon.</inline>Reginald Victor Wilson to be Honorary Minister. </para>
        <para>
          <inline font-weight="bold">Senator the Hon.</inline>Thomas William Crawford to be Honorary Minister. </para>
        <para>In this Chamber </para>
        <para>The Prime Minister will be rep resented by the Minister for HomeandTerritories <inline font-weight="bold">(Senator the Right Hon. G. F. Pearce, P.C.).</inline></para>
        <para>The Treasurer will be represented by the Minister for Homeand Territories (Senatorthe Right  Hon.  G.F. Pearce, P.C.) and <inline font-weight="bold">Senator the Hon.</inline> T. W. Crawford. </para>
        <para>The Minister for Trade and Customs, the Minister for Defence, andthe Attorney-General will be represented by <inline font-weight="bold">Senator the Hon.</inline> R. V. Wilson. </para>
        <para>The Postmaster-General and the Minister for Works and Railways will be represented by <inline font-weight="bold">Senator the Hon.</inline> T. W. Crawford. </para>
      </speech>
    </debate>
    <debate>
      <debateinfo>
        <title>QUESTION</title>
        <page.no>7</page.no>
        <type>Questions</type>
      </debateinfo>
      <subdebate.1>
        <subdebateinfo>
          <title>LEADERSHIP OFSENATE AND OPPOSITION</title>
          <page.no>7</page.no>
        </subdebateinfo>
        <speech>
          <talk.start>
            <talker>
              <page.no>7</page.no>
              <time.stamp />
              <name.id>KKZ</name.id>
              <electorate>NewSouth Wales</electorate>
              <party />
              <role />
              <in.gov>0</in.gov>
              <first.speech>0</first.speech>
              <name role="metadata">GARDINER, Albert</name>
              <name role="display">Senator GARDINER</name>
            </talker>
            <para>. -  Following the usual custom, may I be permitted, on the announcement just made, to congratulate <inline font-weight="bold">Senator Pearce</inline> on (his return to the leadershipof the Senate? I say thiswith a deep feeling of regret, which I iknow the honorablesenator shares withme, for the- illness ofSenator E. D. Millen. following acustom,which (doesnotaltogether appealto me, Itake this opportunity formally to announce to <inline font-style="italic">(the</inline> Senate, andto you, sir, that Ihavebeen electedtoleadtheOpposition. </para>
          </talk.start>
          <para>HonorableSenators.-hear,  hear ! </para>
        </speech>
      </subdebate.1>
    </debate>
    <debate>
      <debateinfo>
        <title>ASSENT TO BILLS</title>
        <page.no>7</page.no>
        <type>bill</type>
      </debateinfo>
      <para>Assent to the following Bills of last session reported.: - </para>
      <para>Connnonwealith Public Service Act. </para>
      <para>Senate Elections Act. </para>
      <para>Australian Soldiers&#39; Repatriation Act- </para>
      <para>Nationality Act. </para>
      <para>Trade  Marks  Act. </para>
      <para>Jury  Exemption Act. </para>
      <para>Service and Execution of Process Act. </para>
      <para>Seat of Government Acceptance Act. </para>
      <para>Iron  and  Steel Products Bounty Act. </para>
      <para>Invalid and Old-agePensions Appropriation Act. </para>
      <para>Immigration (Loan Act. </para>
      <para>Customs Tariff (Sugar) Act. </para>
      <para>Superannuation Act. </para>
      <para>Estate Duty Assessment Act. </para>
      <para>South Australian Farmers Agreement Act- </para>
      <para>CustomsTariff (New Zealand Preference) Act (No. 2). </para>
      <para>In come Tax Assessment Act. </para>
      <para>Income Tax Act- </para>
      <para>War &#39;Precautions Act (Repeal Act. </para>
      <para>Shale Oil Bounty Act. </para>
      <para>British Empire Exhibition Appropriation Act. </para>
      <para>Appropriation Act . 1922-1923. </para>
      <para class="italic">
        <inline font-style="italic">Sitting suspended from3.20 to 5p.m.</inline>
      </para>
    </debate>
    <debate>
      <debateinfo>
        <title>COMMITTEE OF DISPUTED RETURNS AND QUALIFICATION&#39;S</title>
        <page.no>7</page.no>
        <type>miscellaneous</type>
      </debateinfo>
      <para>The  President  laid on the table his warrant appointing the followingsenators the Committee of Disputed Returns and Qualifications -Senators Fairbairn, Gardiner,Glasgow, Hoare, Keating, Lynch,and McDougall. </para>
    </debate>
    <debate>
      <debateinfo>
        <title>TEMPORARY CHAIRMEN OF COMMITTEES</title>
        <page.no>8</page.no>
        <type>miscellaneous</type>
      </debateinfo>
      <para>The  President  laid on the table &#34;his warrant nominating Senators Buzacott, Newland, Plain, and Rowell to act as temporary Chairmen of Committees when requested so to do by the  Chairman  of Committees, or when the  Chairman  is absent. </para>
    </debate>
    <debate>
      <debateinfo>
        <title>QUESTION</title>
        <page.no>8</page.no>
        <type>Questions</type>
      </debateinfo>
      <subdebate.1>
        <subdebateinfo>
          <title>NATIONALIST-COUNTRY PARTY COMPACT</title>
          <page.no>8</page.no>
        </subdebateinfo>
        <speech>
          <talk.start>
            <talker>
              <page.no>8</page.no>
              <time.stamp />
              <name.id>KKZ</name.id>
              <electorate />
              <party />
              <role />
              <in.gov>0</in.gov>
              <first.speech>0</first.speech>
              <name role="metadata">GARDINER, Albert</name>
              <name role="display">Senator GARDINER</name>
            </talker>
            <para>- I ask the Leader of the Senate if he will cause to lie laid on the table, to-morrow, a copy <inline font-style="italic">oi</inline> the compact between the Nationalist and Country parties, which has brought about the existence of the present Government? </para>
          </talk.start>
        </speech>
        <speech>
          <talk.start>
            <talker>
              <page.no>8</page.no>
              <time.stamp />
              <name.id>K0F</name.id>
              <electorate />
              <party>NAT</party>
              <role />
              <in.gov>1</in.gov>
              <first.speech>0</first.speech>
              <name role="metadata">PEARCE, George</name>
              <name role="display">Senator PEARCE</name>
            </talker>
            <para>- The honorable senator knows quite well that it is not  usual  to answer such a question - that st atements are made at the proper time by the Government as to its policy and its position, or other matters of public importance. </para>
          </talk.start>
          <continue>
            <talk.start>
              <talker>
                <page.no>8</page.no>
                <time.stamp />
                <name.id>KKZ</name.id>
                <electorate />
                <party />
                <role />
                <in.gov>0</in.gov>
                <first.speech>0</first.speech>
                <name role="metadata">GARDINER, Albert</name>
                <name role="display">Senator GARDINER</name>
              </talker>
              <para>- If, as indicated the Minister, we are not to have the  agreement  laid on the table of the Senate, may we assume that the presence of j3ena tor&#39; &#34;Wilson in the Cabinet i3 a guarantee of a Free Trade policy, and, on the other hand, that the presence in the Cabinet of <inline font-weight="bold">Senator</inline> Crawford is a guarantee of Protection and higher duties ? </para>
            </talk.start>
          </continue>
          <continue>
            <talk.start>
              <talker>
                <page.no>8</page.no>
                <time.stamp />
                <name.id>K0F</name.id>
                <electorate />
                <party />
                <role />
                <in.gov>0</in.gov>
                <first.speech>0</first.speech>
                <name role="metadata">PEARCE, George</name>
                <name role="display">Senator PEARCE</name>
              </talker>
              <para>- The honorable senator, with his long parliamentary experience, is quite aware that it is not usual to make statements of policy in reply to questions. The presence in the Cabinet of the honorable senators referred to, and their respective outlook on the issues mentioned will, no doubt, be fully debated before we are very much older. </para>
            </talk.start>
          </continue>
        </speech>
      </subdebate.1>
    </debate>
    <debate>
      <debateinfo>
        <title>QUESTION</title>
        <page.no>8</page.no>
        <type>Questions</type>
      </debateinfo>
      <subdebate.1>
        <subdebateinfo>
          <title>FEDERAL CAPITAL</title>
          <page.no>8</page.no>
        </subdebateinfo>
        <speech>
          <talk.start>
            <talker>
              <page.no>8</page.no>
              <time.stamp />
              <name.id>JZD</name.id>
              <electorate>QUEENSLAND</electorate>
              <party />
              <role />
              <in.gov>0</in.gov>
              <first.speech>0</first.speech>
              <name role="metadata">FOLL, Hattil</name>
              <name role="display">Senator FOLL</name>
            </talker>
            <para>- In view of the disadvantage caused to Australia by the location of the Federal Capital in Melbourne, I ask <inline font-weight="bold">Senator Wilson</inline> if we may assume that, as he is now a member of the Government, he will give his full support to the project to have the capital removed to Canberra with the least possible delay? </para>
          </talk.start>
        </speech>
        <speech>
          <talk.start>
            <talker>
              <page.no>8</page.no>
              <time.stamp />
              <name.id>KBJ</name.id>
              <electorate>SOUTH AUSTRALIA</electorate>
              <party>NAT</party>
              <role>Honorary Minister</role>
              <in.gov>1</in.gov>
              <first.speech>0</first.speech>
              <name role="metadata">WILSON, Reginald</name>
              <name role="display">Senator WILSON</name>
            </talker>
            <para>- The question asked by the honorable senator is one of jolicy, but I may state that the people have decided that the Federal Capital shall be established at Canberra. In my speeches last session I said that I thought that when we went on with the project we ought to do so in a business-like manner. </para>
          </talk.start>
        </speech>
      </subdebate.1>
    </debate>
    <debate>
      <debateinfo>
        <title>QUESTION</title>
        <page.no>8</page.no>
        <type>Questions</type>
      </debateinfo>
      <subdebate.1>
        <subdebateinfo>
          <title>TARIFF REVISION</title>
          <page.no>8</page.no>
        </subdebateinfo>
        <speech>
          <talk.start>
            <talker>
              <page.no>8</page.no>
              <time.stamp />
              <name.id>KRZ</name.id>
              <electorate>WESTERN AUSTRALIA</electorate>
              <party />
              <role />
              <in.gov>0</in.gov>
              <first.speech>0</first.speech>
              <name role="metadata">LYNCH, Patrick</name>
              <name role="display">Senator LYNCH</name>
            </talker>
            <para>- I ask the Leader of the Senate if, when questions of policy are receiving more mature consideration at the hands of the Government, attention will be given to the revision of the Tariff on reasonable lines so far as rural producers who have to dispose of their products in the markets of the world are concerned ? </para>
          </talk.start>
        </speech>
        <speech>
          <talk.start>
            <talker>
              <page.no>8</page.no>
              <time.stamp />
              <name.id>K0F</name.id>
              <electorate />
              <party>NAT</party>
              <role />
              <in.gov>1</in.gov>
              <first.speech>0</first.speech>
              <name role="metadata">PEARCE, George</name>
              <name role="display">Senator PEARCE</name>
            </talker>
            <para>- I direct the honorable senator&#39;s attention to the reply just given to <inline font-weight="bold">Senator Gardiner.</inline> It is probable that in the course of debate some statements on this question may be made. </para>
          </talk.start>
        </speech>
      </subdebate.1>
    </debate>
    <debate>
      <debateinfo>
        <title>QUESTION</title>
        <page.no>8</page.no>
        <type>Questions</type>
      </debateinfo>
      <subdebate.1>
        <subdebateinfo>
          <title>COMMONWEALTH REPRESENTATION AT &#39; WASHINGTON</title>
          <page.no>8</page.no>
        </subdebateinfo>
        <speech>
          <talk.start>
            <talker>
              <page.no>8</page.no>
              <time.stamp />
              <name.id>K18</name.id>
              <electorate>TASMANIA</electorate>
              <party />
              <role />
              <in.gov>0</in.gov>
              <first.speech>0</first.speech>
              <name role="metadata">BAKHAP, Thomas</name>
              <name role="display">Senator BAKHAP</name>
            </talker>
            <para>- I ask the Minister . representing the Prime Minister if the Government will take into early consideration the advisability of giving effect to the resolution, several times passed by the Senate, affirming the desirableness of appointing a .High Commissioner to represent Australia at Washington? </para>
          </talk.start>
        </speech>
        <speech>
          <talk.start>
            <talker>
              <page.no>8</page.no>
              <time.stamp />
              <name.id>K0F</name.id>
              <electorate />
              <party>NAT</party>
              <role />
              <in.gov>1</in.gov>
              <first.speech>0</first.speech>
              <name role="metadata">PEARCE, George</name>
              <name role="display">Senator PEARCE</name>
            </talker>
            <para>- I shall bring the honorable senator&#39;s question under the notice of the Prime Minister. </para>
          </talk.start>
        </speech>
      </subdebate.1>
    </debate>
    <debate>
      <debateinfo>
        <title>QUESTION</title>
        <page.no>8</page.no>
        <type>Questions</type>
      </debateinfo>
      <subdebate.1>
        <subdebateinfo>
          <title>SUPERANNUATION BOARD APPOINTMENT</title>
          <page.no>8</page.no>
        </subdebateinfo>
        <para>Preference to Returned Soldiers,</para>
        <speech>
          <talk.start>
            <talker>
              <page.no>8</page.no>
              <time.stamp />
              <name.id>JZD</name.id>
              <electorate />
              <party />
              <role />
              <in.gov>0</in.gov>
              <first.speech>0</first.speech>
              <name role="metadata">FOLL, Hattil</name>
              <name role="display">Senator FOLL</name>
            </talker>
            <para>- Is the Leader of the Senate aware that a considerable amount of dissatisfaction exists as a result of the appointment, to the Superannuation Board, of the Public Service nominee from outside the ranks of returned soldiers? May we take it that the Government intend to adhere to the policy of preference to returned soldiers? </para>
          </talk.start>
        </speech>
        <speech>
          <talk.start>
            <talker>
              <page.no>8</page.no>
              <time.stamp />
              <name.id>K0F</name.id>
              <electorate />
              <party>NAT</party>
              <role />
              <in.gov>1</in.gov>
              <first.speech>0</first.speech>
              <name role="metadata">PEARCE, George</name>
              <name role="display">Senator PEARCE</name>
            </talker>
            <para>- The Government intend to adhere to the policy of preference to returned soldiers. As to the particular case mentioned by the honorable senator, I ask him to give notice. </para>
          </talk.start>
        </speech>
      </subdebate.1>
    </debate>
    <debate>
      <debateinfo>
        <title>PAPERS</title>
        <page.no>9</page.no>
        <type>papers</type>
      </debateinfo>
      <para>The following papers were presented: - </para>
      <para>Arbitration (Public Service) Act - Determinations by the Artibrator, &#38;c. - </para>
      <para>No. 21 of 1922- Postal Sorters Union of Australia. </para>
      <para>No. 22 of 1922- Commonwealth Foremen&#39;s Association. </para>
      <para>No. 23 of 1922 - Australian Postal Electricians Union. </para>
      <para>No. 24 of 1922 - Australian Postal Linemen&#39;s Union. </para>
      <para>No. 25 of 1922 - General Division Officers Union, Trado and Customs Department. </para>
      <para>No. 28 of 1922 - Commonwealth Public Service Clerical Association. </para>
      <para>No. 27 of 1922- Commonwealth Postmasters Association. </para>
      <para>No. 1 of 1923 - Federated Public Service Assistants Association. </para>
      <para>No. 2 of 1923 - Commonwealth Telegraph Traffic and Supervisory Officers Association. </para>
      <para>Audit Act - Transfers of amounts approved by the Governor-General in Council - Financial year 1922-23 - Dated 31st January, 1923. </para>
      <para>Contract Immigrants Act - Return for 1922, respecting Contract Immigrants admitted or refused admission into the Commonwealth, &#38;c. </para>
      <para>Electoral Act and Referendum (Constitution Alteration) Act - Regulations amended - Statutory Rules 1922, No. 163. </para>
      <para>Immigration Act - Return for 1922, respecting persons admitted or refused admission into the Commonwealth, &#38;c. </para>
      <para>Income Tax Assessment Act - Regulations amended, &#38;c. - Statutory Rules 1922, Nos. 150, 200; 1923, No. 12. </para>
      <para>Inscribed Stock Act - Dealings and transactions during year ended 30th June, 1922. </para>
      <para>Land Tax Assessment Act - Regulations amended - Statutory Rules 1922, No. 199. </para>
      <para>Lands Acquisition Act - Land acquired - For Commonwealth Bank purposes - Adelaide, South Australia. </para>
      <para>For Defence purposes - </para>
      <para>New South Wales - Cootamundra ; Wamberal. </para>
      <para>For Postal purposes - New South Wales - Branxton; Mayfleld; </para>
      <para>Neutral Bay; Port Kenibla; Sydney. </para>
      <para>Queensland - Corfield; Dirranbandi; Indooroopilly; Malanda; Millmerran. </para>
      <para>South Australia - Henley Beach; Hyde Park; Outer Harbour ; Owen; Tanunda; Whyalla. </para>
      <para>Tasman ia - Sorell . </para>
      <para>Victoria - Albert Park; Ballarat; Belgrave; Brighton; Carnegie; East Melbourne; Elsternwick; Fairfield; Mildura; Thornbury. </para>
      <para>Western Australia - Kununoppin; Manjimupp; Nungarin. </para>
      <para>Nationality Act - Return of persons to whom naturalization certificates were granted during  1922. </para>
      <para>New Guinea - </para>
      <para>Ordinances of 1922 - </para>
      <para>No. 31- Timber (No. 2). </para>
      <para>No. 32- Land (No. 2). </para>
      <para>No. 33 - Native Administration. </para>
      <para>No. 34 - Gaming. </para>
      <para>No. 35 - Commerce (Trade Descriptions). </para>
      <para>No. 36- Supply (No. 3) 1922-23. </para>
      <para>No. 37 - Commerce (Trade Descriptions). (No. 2). </para>
      <para>No. 38  -  Public Service (No. 3). </para>
      <para>No. 39 - Native Administration (No. 2). </para>
      <para>No. 40 - Birds and Animals protection. </para>
      <para>No. 41 - Customs Tariff. </para>
      <para>No. 42 - Laws Repeal and Adopting. </para>
      <para>Ordinances of 1923 - </para>
      <para>No. 1 - Land. </para>
      <para class="block">No. 2 - Administrator&#39;s Powers. </para>
      <para class="block">No. 3 - Licences. </para>
      <para class="block">No. 4- Supply (No. 4) 1922-23. </para>
      <para class="block">Norfolk Island - </para>
      <para class="block">Preserved Fish Bounties Ordinance - Regu  lations amended. </para>
      <para class="block">Report of Administrator for year ended 30th June, 1922. </para>
      <para class="block">Northern Territory - </para>
      <para class="block">Ordinances of 1922 - </para>
      <para class="block">No. 15 - Jurors and Witnesses&#39; Payment (No. 2). </para>
      <para>No. 16 - Taxation. </para>
      <para>Ordinance of 1923 - </para>
      <para>No. 1 - Registration of Firms. </para>
      <para>Public Service Ordinance - Regulations  amended (two cases). </para>
      <para>Northern Territory Representation Act, and Electoral Act - Regulations, &#38;c. - Statutory Rules 1922, Nos. 154, 167, 168; 1923, No. 5. </para>
      <para>Papua - Ordinances of 1922 - </para>
      <para>No. 4- Customs (Export) Tariff. </para>
      <para>No. 5- Appropriation, 1921-1922. </para>
      <para>No. 6. - Supplementary Appropriation (No. </para>
      <list type="decimal">
        <item label="1)">
          <para>, 1921-1922. </para>
        </item>
      </list>
      <para>No. 7- Supply (No. 1), 1922-1923. </para>
      <para>No. 8 - Supplementary Appropriation (No. </para>
      <list type="decimal">
        <item label="2)">
          <para>, 1921-1922. </para>
        </item>
      </list>
      <para>No. 9- Appropriation, 1922-1923. </para>
      <para>No. 10 - Quarantine. </para>
      <para>No. 11 - Customs Tariff. </para>
      <para>No. 12 - Native (Half-caste) Children. </para>
      <para>No. 13 - Bank Holidays. </para>
      <para>No. 14- Appropriation (No. 2), 1922-1923. Public Service Act - Appointments and Promotions - </para>
      <para>Department of Health - R. E. Butchart. </para>
      <para>Department of the Treasury - W. F. Grace-Calvert; R. W. Hamilton; J. F. Hughes. </para>
      <para>Department of Trade and Customs - A. D. Allanson; W. L. Atkinson. </para>
      <para>Department of Works and Railways  - J.  Fleming; H. H. Paterson; H. W. Phillips. </para>
      <para>Postmaster-General&#39;s Department - R. P. Tate. </para>
      <para>Prime Minister&#39;s Department - R. Ford; G. P. Gay; W. N. Rowse; F. G. Thorpe. </para>
      <para>List of Permanent Officers of the Commonwealth Public Service as on 30th June, 1922. </para>
      <para>Regulations amended - Statutory Rules 1922, Nos. 137, 149, 152, 153; 1923, No.  4. </para>
      <para>Territory for the Seat of Government - Ordinance No. 0 of 1922: - Noxious Weeds. </para>
      <para>Commerce (Trade Descriptions) Act - Regulations amended - Statutory Rules 1922, Nos. 138, 193. </para>
      <para>Commercial Activities Act - Regulations amended- Statutory Rules 1922, No. 166. </para>
      <para>Customs Act - Regulations amended - StatutoryRules 1922, Nos. 139, 140, 182. </para>
      <para>Defence Act - </para>
      <para>Regulations amended - Statutory Rules 1922, Nos. 156, 157, 158, 159, 177, 178,194, 195, 197, 1923, Nos. 2, 8, 9, 10. </para>
      <para>Royal Military College of Australia - Report for year 1921-1922: </para>
      <para>Defence Act and Naval Defence Act - Regulations Statutory Rules 1922, Nos. 160, 161. </para>
      <para>Defence Retirement Act - Regulations StatutoryRules 1922, No. 196. </para>
      <para>Excise Act - Regulations amended - Statutory Rules 1922, Nos. 141, 171. </para>
      <para>Excise Act and Excise Tariff - Regulations amended - Statutory Rules 1.922, No. 183. </para>
      <para>High Court Procedure Act - Rules of Court - </para>
      <para>Dated 1st November, 1922 . </para>
      <para>Dated 13th December, 1922. </para>
      <para>Institute of Science and Industry Act - First Annual Report of Director; covering period from 18th March, 1921, to 30th June, 1922. </para>
      <para>Meat Export Bounties Act - Regulations - Statutory Rules 1922, No. 181. </para>
      <para>Naval Defence Act - Regulations amended &#38;c- Statutory Rules 1922, Nos. 164, 165, 175, 176, 179; 1923, No. 1. </para>
      <para>Shale Oil Bounty Act- Particulars of Bounty paid; &#38;c, Financial Year 1921-22. </para>
      <para>Post and Telegraph. Act - Regulations amended. - Statutory Rules 1922, Nos. 83, 91, 92, 103, 115, 133, 134, 172, 173; 1923, Nos. 3, 11. </para>
      <para>War Service Homes  Act  - Land Acquired in New South Wales at - Concord (two notifications.)&#39; ; Croydon&#39;; Double Bay.; East Maitland; East Moree; East Orange; Enfield; Gladesville; Goulburn; Granville; Hamilton (two notifications); Lidcombe; Mascot; Parramatta; Randwick; Undercliffe; Wauchope: </para>
    </debate>
    <debate>
      <debateinfo>
        <title>GOVERNOR-GENERAL&#39;S SPEECH : ADDRES S-IN-REPLY</title>
        <page.no>10</page.no>
        <type>miscellaneous</type>
      </debateinfo>
      <speech>
        <talk.start>
          <talker>
            <page.no>10</page.no>
            <time.stamp />
            <name.id>KLS</name.id>
            <electorate>QUEENSLAND</electorate>
            <party />
            <role />
            <in.gov>0</in.gov>
            <first.speech>0</first.speech>
            <name role="metadata">GIVENS, Thomas</name>
            <name role="display">The PRESIDENT (Senator, the Hon T Givens</name>
          </talker>
          <para>-  I have to report that  His Excellency  the Governor-General was pleased to deliver his Speech to Parliament this afternoon, and, as honorable senators have already been supplied with a copy of it, I do not think it necessary for me to read it again. I therefore content myself with reporting it.to the Senate. (For Speech,vide page 6.) </para>
        </talk.start>
      </speech>
      <speech>
        <talk.start>
          <talker>
            <page.no>10</page.no>
            <time.stamp />
            <name.id>K8P</name.id>
            <electorate>Queensland</electorate>
            <party />
            <role />
            <in.gov>0</in.gov>
            <first.speech>0</first.speech>
            <name role="metadata">THOMPSON, William</name>
            <name role="display">Senator THOMPSON</name>
          </talker>
          <para>. - I have the honour, to move - </para>
        </talk.start>
        <quote>
          <para>That the following Address-in-Reply to  His Excellency  the Governor-General&#39;s Opening Speech be agreed to: - </para>
          <para class="italic">
            <inline font-style="italic">ToHis Excellency the Governor-General.</inline>
          </para>
          <para>May it Please Your Excellency: </para>
          <para>We, the Senate of. the Commonwealth of Australia, in Parliament assembled, desire to express our loyalty to our Most Gracious Sovereign, and to thank Your  Excellency  for the Speech which you have been pleased to address to Parliament. </para>
        </quote>
        <para class="block" pgwide="yes">Being a new member, I approach with  a  good deal of diffidence and trepidation the duty that has fallen upon me; and I crave the indulgence of honorable senators. Possibly, if I were in the other House, where noises are fairly pronounced, I might imagine that I was addressing a meeting of electors in Rock- hampton. </para>
      </speech>
      <speech>
        <talk.start>
          <talker>
            <page.no>10</page.no>
            <time.stamp />
            <name.id>KLS</name.id>
            <electorate>QUEENSLAND</electorate>
            <party />
            <role />
            <in.gov>0</in.gov>
            <first.speech>0</first.speech>
            <name role="metadata">GIVENS, Thomas</name>
            <name role="display">The PRESIDENT (Senator the: Hon T Givens</name>
          </talker>
          <para>-  Order! The honorable senator may not make any reflection upon another place. </para>
        </talk.start>
        <continue>
          <talk.start>
            <talker>
              <page.no>10</page.no>
              <time.stamp />
              <name.id>K8P</name.id>
              <electorate />
              <party />
              <role />
              <in.gov>0</in.gov>
              <first.speech>0</first.speech>
              <name role="metadata">THOMPSON, William</name>
              <name role="display">Senator THOMPSON</name>
            </talker>
            <para>- Then I shall say that in the presence of honorable senators I feel mote diffident than I might be in other circumstances. I think I can voice my congratulations on. the formation of a composite Ministry from parties, having the same views and objectives - a Ministry which I venture to say will, show continuity of policy and be of a stable character, enabling this country to return; to normal conditions, and securing the attainment ofthose progressive ideals at which we all aim; </para>
          </talk.start>
        </continue>
        <para>The present chaotic state of the world demands close attention to co-operation andco-ordination. with the Imperial Government in the matter of defence. It seems tome that we are far from having the peaceful conditions that it was hoped would emerge from the late great war, and, as Australia, is now a more important part of the Empire than ever, having been admitted to the discussion of world affairs, the new Ministers should direct their endeavours to a scheme of defence in co-ordination with that of the Mother Country. I take it that the best asset we can have in this connexion.is more people, and that involves immigration. I suppose that the lines of previous policy with regard to immigration will be followed, and I hope that we shall have a  stream of desirable settlers from &#39;Great Britain to Australia. </para>
        <interjection>
          <talk.start>
            <talker>
              <page.no>11</page.no>
              <time.stamp />
              <name.id>KOZ</name.id>
              <electorate />
              <party />
              <role />
              <in.gov>0</in.gov>
              <first.speech>0</first.speech>
              <name role="metadata">HOARE, Albert</name>
              <name role="display">Senator Hoare</name>
            </talker>
            <para>- An army of unemployed ! </para>
          </talk.start>
        </interjection>
        <continue>
          <talk.start>
            <talker>
              <page.no>11</page.no>
              <time.stamp />
              <name.id>K8P</name.id>
              <electorate />
              <party />
              <role />
              <in.gov>0</in.gov>
              <first.speech>0</first.speech>
              <name role="metadata">THOMPSON, William</name>
              <name role="display">Senator THOMPSON</name>
            </talker>
            <para>- I welcome that interjection; it was made to me in Cairns when I was voicing my opinion concerning immigration, and the answer I then gave was that there are plenty of avenues of employment in the Commonwealth that if filled would increase production and decrease poverty. Take cotton .growing, for example. It is an industry with which I am acquainted, and I can . conceive of none better for the employment of immigrants. The cotton crop does not take long to grow, and very little agricultural .experience is needed by those who take up the industry. People could be .brought out from the Old Country to be placed on the land to grow cotton. There are ample areas available, and there is an enormous market for the product. </para>
          </talk.start>
        </continue>
        <interjection>
          <talk.start>
            <talker>
              <page.no>11</page.no>
              <time.stamp />
              <name.id>K18</name.id>
              <electorate />
              <party />
              <role />
              <in.gov>0</in.gov>
              <first.speech>0</first.speech>
              <name role="metadata">BAKHAP, Thomas</name>
              <name role="display">Senator Bakhap</name>
            </talker>
            <para>- We must free the industry from taxation at the start. </para>
          </talk.start>
        </interjection>
        <continue>
          <talk.start>
            <talker>
              <page.no>11</page.no>
              <time.stamp />
              <name.id>K8P</name.id>
              <electorate />
              <party />
              <role />
              <in.gov>0</in.gov>
              <first.speech>0</first.speech>
              <name role="metadata">THOMPSON, William</name>
              <name role="display">Senator THOMPSON</name>
            </talker>
            <para>- I am speaking of the raw article. We know that the imports of cotton to Liverpool amount to something like &#163;240,000,000 annually ; therefore, cotton-growing would not interfere with any industry that has already been established in Australia. If there were any great increase in the production of maize, or almost any other product pf a like nature, down would go the price at&#39;once, but it would be almost impossible to bring about an over production of cotton. Employment would be afforded to the men on the land and to the people in the cities. That is my answer to the objection that immigration would increase unemployment. </para>
          </talk.start>
        </continue>
        <para>There &#39;are other avenues for the profitableemployment of people on the land, and &#34;I hope that proper attention will be given to them. There is the sugar industry, that looms so largely in the minds of &#39;Queenslanders. It will, no doubt, receive the earnest attention of the ^Government. I &#39;shall merely touch lightly upon &#39;the question at this stage. The  financial  importance df this industry to Queensland and the Commonwealth is -well known. The labour employed involves a wages, bill of about &#163;6,000,&#39;Q.OK) a year. One advantage to be gained by  bettering  the -conditions of the sugar industry, the significance of which is &#39;not generally recognised. is a strategical one. If anything is done that will have the effect of driving people out of the sugar industry, it will result in the depopulation of the littoral of north-eastern Queensland, a part of the continent which is of high &#39;strategical importance. The mastery of the Pacific -will probably some day - I hope the time ls long distant - be disputed, and then it will be highly desirable to have &#39;the largest possible settlement along the coast. We should, therefore, recognise the advantage of doing everything possible to encourage population in North Queensland, rather than discourage it. I hope that, whatever measures aru decided upon, they will be of such a character as to permanently stabilize the sugar industry in Queensland. </para>
        <para>Another matter of interest, not only &#187; to the individual States, but also to the whole Commonwealth, is the finding of markets for our meat. I understand it was the policy of the last Government to devote a sum of money to propaganda in the Old Country with a view to opening up markets there for selling our meat at a better price, and incidentally bringing the price of cattle up to a reasonable standard. It was suggested to me the other day that there are markets to which we have .given little .attention. They are the countries termed in Great Britain the Far East, but we may refer to them .as the Near North. If we can encourage the consumption of meat in the Near North, and educate its people up to -the point of consuming even a small portion of meat per week, the aggregate gain will be very considerable. We have only to consider the teeming millions in Japan, China, India, and such other countries to realize the advantage of opening up markets in their territories. &#39;The Government should exploit those fields, as such action would be of great advantage to the meat industry. </para>
        <para>I -am glad to &#39;learn that during the life of &#39;this Parliament considerable improvements are to be made in, and that a good deal of attention is to be given to the work of, the Post and Telegraph  Department.  I &#39;believe it would be &#39;very  desirable  to adopt the system of wireless broadcasting, which is so prevalent in the  United  States of America. Whatever we cam do &#39;to make -the conditions df &#39;the men on the. land more &#39;congenial should </para>
        <para class="block">Joe done, and 1 can conceive of nothing which would be more useful to settlers in the hack-blocks than the benefit -which would follow the wireless broadcasting of information. Although I am not conversant with the technicalities of instalment, I understand that it is an inexpensive matter to equip a home with an inside or outside receiving set. This is a matter which should be carefully considered by the Government during the present session. </para>
        <para>I am also in favour of the State and Federal Electoral and Taxation Departments being amalgamated, as the present duplication causes a good deal of unnecessary expenditure &#39;and inconvenience to electors and taxpayers. In the matter of income taxation, I trust that some alteration in the present system of assessment will be made, as only a skilled mathematician can understand what is known as the curve system. I would prefer to see gradations made in such a manner that every one who ran might read. Although I am a business man of many years&#39; experience, I cannot understand the curve system, merely because I am not a mathematician. The present system should be dispensed with and a more reasonable method adopted. </para>
        <para>As a commercial man, may I express the hope that the long-promised Bankruptcy Bill will be dealt with during the -coming session. Honorable senators from Queensland will then have the opportunity of submitting important amendments, because certain provisions embodied in the Queensland Act have been omitted from the Federal Bill. If they were included it would be the means of improving the measure. As honorable senators are probably aware, the Queensland Act, which is regarded as a masterpiece, was drafted by the late <inline font-weight="bold">Sir Samuel</inline> Griffith. The Queensland Act is one which it would be hard to improve upon, and as I understand some very vital provisions in that Act have been omitted from the Commonwealth Bill, I trust we shall have an opportunity of submitting necessary amendments. </para>
        <para>The people of Queensland are all very deeply interested in the New-State movement. In central Queensland the tripartite division of the State has been advocated, and without going into the question closely, I may say that as the project has many supporters. I trust the Government will give full opportunity for discussing this matter during the coming session, so that eventually we may be able to subdivide Queensland and other great States into workable areas under one Federal control. </para>
      </speech>
      <speech>
        <talk.start>
          <talker>
            <page.no>12</page.no>
            <time.stamp />
            <name.id>K1W</name.id>
            <electorate>South Australia</electorate>
            <party />
            <role />
            <in.gov>0</in.gov>
            <first.speech>0</first.speech>
            <name role="metadata">BENNY, Benjamin</name>
            <name role="display">Senator BENNY</name>
          </talker>
          <para>.- I second the motion of <inline font-weight="bold">Senator Thompson</inline> for. the adoption of the Address-in-Reply. I also take this opportunity of personally congratulating Ministers on having launched a Government which, I hope, will have an uninterrupted, brilliant, and successful career for many years. I congratulate the- Minister for Home and Territories <inline font-weight="bold">(Senator Pearce).</inline> He seems to possess a talisman which . secures to him a. permanent Ministerial position. The right honorable senator has held office in nearly every Commonwealth Ministry, and is a big figure in the history of the Commonwealth Parliament.  His  reputation was very materially enhanced at the Washington Disarmament Conference, and I shall not be guilty of adulatory expression when I say that he has achieved a reputation as one of the world&#39;s statesmen as well as being one of the statesmen of the Commonwealth. I also extend my congratulations to my colleague <inline font-weight="bold">Senator Wilson,</inline> who has been appointed one of the Honorary Ministers. <inline font-weight="bold">Senator Wilson,</inline> as we know, is one of those rugged individuals who possess a considerable amount of innate ability and talent, and, as the Prime Minister <inline font-weight="bold">(Mr. Bruce)</inline> said in South Australia, he can be regarded as &#34; a gift from the gods.&#34; I am sure he will not disgrace the position which he now occupies as a member of the Federal Government. The other Honorary Minister, <inline font-weight="bold">Senator Crawford,</inline> is, like myself, a man of somewhat retiring disposition. He is the Sugar King of Queensland, and what he does not. know concerning sugar is not worth knowing. No doubt he will be able to put the Government right, at any rate when the question of sugar is under discussion. While wishing the Government every prosperity and a successful career, I consider it my duty to say a few words concerning the most picturesque and romantic figure in Australian history, the pilot who weathered the storm - that little, great man, the Eight Honorable William Morris Hughes. </para>
        </talk.start>
        <para>Honorable Senators.  -  Hear, hear! </para>
        <continue>
          <talk.start>
            <talker>
              <page.no>13</page.no>
              <time.stamp />
              <name.id>K1W</name.id>
              <electorate />
              <party />
              <role />
              <in.gov>0</in.gov>
              <first.speech>0</first.speech>
              <name role="metadata">BENNY, Benjamin</name>
              <name role="display">Senator BENNY</name>
            </talker>
            <para>- He resigned his position as Leader of the Federal Government in a way which was very creditable to himself. He resigned practically against the wishes of his own party, because of his sincere and noble desire to maintain harmony and cooperation between the great anti-Labour&#39; forces in this Parliament. He retired from the highest motives of patriotism, and in the best interests of this country. We ought, therefore, to record our high appreciation of this great man. The right honorable gentleman had no adventitious aid; he possessed neither birth, rank, nor riches. He rose from the lowest ranks of the people, and we should honour him for what he has done. I have read his career, and I believe in his early days he followed such varied avocations as- umbrellamaker, key-fitter, shearer, &#34; rouseabout,&#34; cook, actor, organizer, school teacher, and lawyer. He has played a most distinguished part, not only in controlling the destinies of this great Commonwealth, but in impressing his supreme ability upon the greatest statesmen of the civilized world. I may be voicing only my own opinion, but I have no hesitation in saying that the two greatest statesmen in the British Empire, if not in the world, today, are <inline font-weight="bold">Mr. Lloyd</inline> George and <inline font-weight="bold">Mr. W.</inline> M, Hughes. It is to be hoped that the services of the right honorable gentleman will be available to this Parliament, to this Government, and to this party. It would be a great calamity if we were to be deprived of his assistance. Although he may be temporarily eclipsed politically I do not think the right honorable gentleman cau be regarded as a back number. I believe he will come again, and will yet figure very prominently in the history of Australia and of the Empire. </para>
          </talk.start>
        </continue>
        <interjection>
          <talk.start>
            <talker>
              <page.no>13</page.no>
              <time.stamp />
              <name.id>KN7</name.id>
              <electorate />
              <party />
              <role />
              <in.gov>0</in.gov>
              <first.speech>0</first.speech>
              <name role="metadata">GUTHRIE, James</name>
              <name role="display">Senator Guthrie</name>
            </talker>
            <para>-  He is too big a man to put down. </para>
          </talk.start>
        </interjection>
        <continue>
          <talk.start>
            <talker>
              <page.no>13</page.no>
              <time.stamp />
              <name.id>K1W</name.id>
              <electorate />
              <party />
              <role />
              <in.gov>0</in.gov>
              <first.speech>0</first.speech>
              <name role="metadata">BENNY, Benjamin</name>
              <name role="display">Senator BENNY</name>
            </talker>
            <para>- I think so. </para>
          </talk.start>
        </continue>
        <interjection>
          <talk.start>
            <talker>
              <page.no>13</page.no>
              <time.stamp />
              <name.id>KKZ</name.id>
              <electorate />
              <party />
              <role />
              <in.gov>0</in.gov>
              <first.speech>0</first.speech>
              <name role="metadata">GARDINER, Albert</name>
              <name role="display">Senator Gardiner</name>
            </talker>
            <para>-  If we all think that, he should be brought back at once. </para>
          </talk.start>
        </interjection>
        <continue>
          <talk.start>
            <talker>
              <page.no>13</page.no>
              <time.stamp />
              <name.id>K1W</name.id>
              <electorate />
              <party />
              <role />
              <in.gov>0</in.gov>
              <first.speech>0</first.speech>
              <name role="metadata">BENNY, Benjamin</name>
              <name role="display">Senator BENNY</name>
            </talker>
            <para>- Will the honorable senator assist me in that direction ? I believe the Bruce-Page Government have commenced in accordance with the best principles of constitutional law and practice. Whilst the people did not commit themselves to either the Country; the National, or the Labour party, their vote was a distinctly anti-Labour one. The people wanted an anti-Labour Government; They did not mind whether it comprised certain members of the Country party and certain members of the National party, but they gave the representatives of those two parties a clear majority, and left it to the good sense and discretion of this Parliament to see that the two parties came together and formed an harmonious body. </para>
          </talk.start>
        </continue>
        <interjection>
          <talk.start>
            <talker>
              <page.no>13</page.no>
              <time.stamp />
              <name.id>JZD</name.id>
              <electorate />
              <party />
              <role />
              <in.gov>0</in.gov>
              <first.speech>0</first.speech>
              <name role="metadata">FOLL, Hattil</name>
              <name role="display">Senator Foll</name>
            </talker>
            <para>-  Anything but Labour. </para>
          </talk.start>
        </interjection>
        <continue>
          <talk.start>
            <talker>
              <page.no>13</page.no>
              <time.stamp />
              <name.id>K1W</name.id>
              <electorate />
              <party />
              <role />
              <in.gov>0</in.gov>
              <first.speech>0</first.speech>
              <name role="metadata">BENNY, Benjamin</name>
              <name role="display">Senator BENNY</name>
            </talker>
            <para>- Yes. It&#39; was the duty of the two parties opposed to Labour to unite. </para>
          </talk.start>
        </continue>
        <para>It seems that the voice of the people was expressed very emphatically in favour of economy, and I trust that this Government will see that economy is the fundamental principle underlying its policy. I am very glad to see that economy is already being practised, particularly in the use of motor cars. I know from personal experience that <inline font-weight="bold">Senator Wilson,</inline> who is the arch apostle of economy, if it is within his power, will see that economy is practised in every direction. I might remind the Government of the Scotch proverb : &#34; Mony a mickle makes a muckle.&#34; If economy is practised in small matters such as the use of motor cars, there are so many directions in which there has been that waste, the Government will be able to save hundreds of thousands of pounds as the months and years go by. </para>
        <para>I am glad that Ministers are realizing the truth of the axiom that a Government is meant to govern, and not to trade. I am pleased that they have sold the Geelong Woollen Mills. </para>
        <interjection>
          <talk.start>
            <talker>
              <page.no>13</page.no>
              <time.stamp />
              <name.id>K09</name.id>
              <electorate />
              <party />
              <role />
              <in.gov>0</in.gov>
              <first.speech>0</first.speech>
              <name role="metadata">PAYNE, Herbert</name>
              <name role="display">Senator Payne</name>
            </talker>
            <para>-  Have they been sold? </para>
          </talk.start>
        </interjection>
        <continue>
          <talk.start>
            <talker>
              <page.no>13</page.no>
              <time.stamp />
              <name.id>K1W</name.id>
              <electorate />
              <party />
              <role />
              <in.gov>0</in.gov>
              <first.speech>0</first.speech>
              <name role="metadata">BENNY, Benjamin</name>
              <name role="display">Senator BENNY</name>
            </talker>
            <para>- I understand that they have. If they have not, I advise the Government to sell them at the earliest opportunity, in order to obviate further losses. </para>
          </talk.start>
        </continue>
        <interjection>
          <talk.start>
            <talker>
              <page.no>13</page.no>
              <time.stamp />
              <name.id>JXZ</name.id>
              <electorate />
              <party />
              <role />
              <in.gov>0</in.gov>
              <first.speech>0</first.speech>
              <name role="metadata">DUNCAN, Walter</name>
              <name role="display">Senator Duncan</name>
            </talker>
            <para>-  They are the only business undertaking which showed a profit. </para>
          </talk.start>
        </interjection>
        <continue>
          <talk.start>
            <talker>
              <page.no>13</page.no>
              <time.stamp />
              <name.id>K1W</name.id>
              <electorate />
              <party />
              <role />
              <in.gov>0</in.gov>
              <first.speech>0</first.speech>
              <name role="metadata">BENNY, Benjamin</name>
              <name role="display">Senator BENNY</name>
            </talker>
            <para>- They showed a profit only because they had a monopoly in supplying uniforms to the Military Forces. Hampered as it is by red tape, it is impossible for a Government Department to compete successfully with.  outside. manufacturers. I hope thatthe Governmentwill deal similarly with the Commonwealth Shipping Line. </para>
          </talk.start>
        </continue>
        <interjection>
          <talk.start>
            <talker>
              <page.no>14</page.no>
              <time.stamp />
              <name.id>KKZ</name.id>
              <electorate />
              <party />
              <role />
              <in.gov>0</in.gov>
              <first.speech>0</first.speech>
              <name role="metadata">GARDINER, Albert</name>
              <name role="display">Senator Gardiner</name>
            </talker>
            <para>- What, sell the ships ? </para>
          </talk.start>
        </interjection>
        <continue>
          <talk.start>
            <talker>
              <page.no>14</page.no>
              <time.stamp />
              <name.id>K1W</name.id>
              <electorate />
              <party />
              <role />
              <in.gov>0</in.gov>
              <first.speech>0</first.speech>
              <name role="metadata">BENNY, Benjamin</name>
              <name role="display">Senator BENNY</name>
            </talker>
            <para>- Yes. How can we compete against Lord Inverf orth and Lord Inchcape? It is impossible. When we have an opportunity of examining the accounts, we will find that our venture into the shipping business has been disastrous. I am quite as ignorant of the exact position of affairs as are other honorable senators, but I feel convinced that when we learn the facts we will be alarmed. The Commonwealth Shipping Line is surrounded with all sorts of difficulties. Our sailors and stewards are continually raising objections against their conditions, and putting obstacles in the way of the successfulrunning of the fleet. </para>
          </talk.start>
        </continue>
        <interjection>
          <talk.start>
            <talker>
              <page.no>14</page.no>
              <time.stamp />
              <name.id>JXV</name.id>
              <electorate>SOUTH AUSTRALIA</electorate>
              <party>ALP; NAT from 1917</party>
              <role />
              <in.gov>0</in.gov>
              <first.speech>0</first.speech>
              <name role="metadata">NEWLANDS, John</name>
              <name role="display">Senator NEWLANDS</name>
            </talker>
            <para>- Would you sell the Commonwealth railway, too? </para>
          </talk.start>
        </interjection>
        <continue>
          <talk.start>
            <talker>
              <page.no>14</page.no>
              <time.stamp />
              <name.id>K1W</name.id>
              <electorate />
              <party />
              <role />
              <in.gov>0</in.gov>
              <first.speech>0</first.speech>
              <name role="metadata">BENNY, Benjamin</name>
              <name role="display">Senator BENNY</name>
            </talker>
            <para>- No, I am not prepared to sell that; though we might find ourselves in pocket were weto do so. </para>
          </talk.start>
        </continue>
        <para>I trust that the Government will place in the forefront of their programme &#39;the building of the North-South railway. The Northern Territory was handed over to the Commonwealth on the distinct understandingthat that railway should be built from Oodnadatta to Port Darwin by the most direct route. </para>
        <para>SenatorFoll.- That was a great joke, put up bySouth Australia. </para>
        <continue>
          <talk.start>
            <talker>
              <page.no>14</page.no>
              <time.stamp />
              <name.id>K1W</name.id>
              <electorate />
              <party />
              <role />
              <in.gov>0</in.gov>
              <first.speech>0</first.speech>
              <name role="metadata">BENNY, Benjamin</name>
              <name role="display">Senator BENNY</name>
            </talker>
            <para>- Itwasnot a joke; the railway will prove of great advantage to the people of the Commonwealth. I remindSenator Foll that when Napoleon sold the Louisiana territory to theUnited States of America for  &#163;3,000,000, the people of America railed and stormed, saying that they had been victimized. As a matter of fact, the price paid was a fleabite compared with the worth of that country today ; &#34;&#163;300,000,000 would not represent its present value. The transfer of that territory conferred uponthe people of America one of the greatest possible boons. </para>
          </talk.start>
        </continue>
        <interjection>
          <talk.start>
            <talker>
              <page.no>14</page.no>
              <time.stamp />
              <name.id>KRZ</name.id>
              <electorate />
              <party />
              <role />
              <in.gov>0</in.gov>
              <first.speech>0</first.speech>
              <name role="metadata">LYNCH, Patrick</name>
              <name role="display">Senator Lynch</name>
            </talker>
            <para>- There were millions of people there all &#39;the time. </para>
          </talk.start>
        </interjection>
        <continue>
          <talk.start>
            <talker>
              <page.no>14</page.no>
              <time.stamp />
              <name.id>K1W</name.id>
              <electorate />
              <party />
              <role />
              <in.gov>0</in.gov>
              <first.speech>0</first.speech>
              <name role="metadata">BENNY, Benjamin</name>
              <name role="display">Senator BENNY</name>
            </talker>
            <para>- No, there were not. At the time of the purchase there -were only 5,000,000 people in the whole of the UnitedSta tes of America. I do notknow howmanythere were in the Louisiana territory; there could not have been smany. It was a huge expanse of little explored but rich territory. The Northern Territory of Australia possesses metals and minerals of every description. it is capable . of growing cotton, tobacco, sugar - in fact, everything which iwill grow in a tropical country - and of carrying large numbers of sheep, cattle, and horses! One of &#39;the terms of the contract between South Australia and the Commonwealth Government is that the Northern Territory railway shall be completed. We -ask the Commonwealth Government to carry out their part of the bargain, as we are being asked to carry out the contract to remove the Federal Capital to Canberra. </para>
          </talk.start>
        </continue>
        <interjection>
          <talk.start>
            <talker>
              <page.no>14</page.no>
              <time.stamp />
              <name.id>KN7</name.id>
              <electorate>VICTORIA</electorate>
              <party>NAT; UAP from 1931</party>
              <role />
              <in.gov>0</in.gov>
              <first.speech>0</first.speech>
              <name role="metadata">GUTHRIE, James</name>
              <name role="display">Senator GUTHRIE</name>
            </talker>
            <para>- The honorable senator is wrong in saying that the agreement provides for the building of the railway by the nearest direct route. It must &#39;go through South Australia, but not necessarily by the nearest direct route. </para>
          </talk.start>
        </interjection>
        <continue>
          <talk.start>
            <talker>
              <page.no>14</page.no>
              <time.stamp />
              <name.id>K1W</name.id>
              <electorate />
              <party />
              <role />
              <in.gov>0</in.gov>
              <first.speech>0</first.speech>
              <name role="metadata">BENNY, Benjamin</name>
              <name role="display">Senator BENNY</name>
            </talker>
            <para>- As long as it goes through South Australia it will be all right. I remind <inline font-weight="bold">Senator Guthrie</inline> that wc have had the opinion of our most learned counsel in South Australia - men like <inline font-weight="bold">Sir Josiah</inline> Symon, <inline font-weight="bold">Mr. P.</inline> McM. Glynn, and <inline font-weight="bold">Mr. C.</inline> J. Dashwood, Crown Solicitor of South Australia - that that is one of the terms of the contract, and it must &#34;be carried out. The &#39;building of that line will develop country which is lying idle at the present time. We ought to be ashamed to allow that country to remain undeveloped year after year. </para>
          </talk.start>
        </continue>
        <para>I hope that the Government will Agree to establish penny postage. . Tie PostmasterGeneral&#39;sDepartment aught not to be treated as a trading concern. It is meant to afford facilities for opening up and developing thecountry, facilitating settlement throughout . Australia. The establishment of openny postage not only would have theeffect of developing the country, but would prove a profitableunder taking, resulting in the receipt of a bigger income than is being received from theratesthat atpresent exist. </para>
        <para>I  trust that the Ministry will suEnsiouait the innumerable obstacles with which cthey will have to icontend. I wish them.;a long and successful career,, and. I feel. sunesthat their acts of : administration will be  directed towards insuring, the true- welfare of the people of this young Commonwealth </para>
        <para>Honorable Senators  -  Hear, hear ! </para>
        <para>Debate (on motion by <inline font-weight="bold">Senator Gardi-</inline> ner) adjourned. </para>
      </speech>
    </debate>
    <debate>
      <debateinfo>
        <title>SPECIAL ADJOURNMENT</title>
        <page.no>15</page.no>
        <type>special adjournment</type>
      </debateinfo>
      <para>Motion (by <inline font-weight="bold">Senator Pearce)</inline> agreed to- </para>
      <quote>
        <para>That the Senate, at its rising, adjourn till 3 p.m. to-morrow. </para>
      </quote>
    </debate>
    <debate>
      <debateinfo>
        <title>ADJOURNMENT</title>
        <page.no>15</page.no>
        <type>adjournment</type>
      </debateinfo>
      <para>leadershipofsenateopposition.- </para>
      <subdebate.1>
        <subdebateinfo>
          <title>Illness of Senator E. D. Millen</title>
          <page.no>15</page.no>
        </subdebateinfo>
        <speech>
          <talk.start>
            <talker>
              <page.no>15</page.no>
              <time.stamp />
              <name.id>K0F</name.id>
              <electorate>Western Australia</electorate>
              <party>NAT</party>
              <role>Minister for Home and Territories</role>
              <in.gov>1</in.gov>
              <first.speech>0</first.speech>
              <name role="metadata">PEARCE, George</name>
              <name role="display">Senator PEARCE</name>
            </talker>
            <para>&#91;5.65}. - In moving - </para>
          </talk.start>
          <quote>
            <para>That the Senate do now adjourn, </para>
          </quote>
          <para>I take the opportunity of congratulating <inline font-weight="bold">Senator Gardiner</inline> on having been reelected to the position of Leader of the Opposition in the Senate. </para>
          <para>Honorable Senators.  -  Hear, hear ! </para>
          <continue>
            <talk.start>
              <talker>
                <page.no>15</page.no>
                <time.stamp />
                <name.id>K0F</name.id>
                <electorate />
                <party />
                <role />
                <in.gov>0</in.gov>
                <first.speech>0</first.speech>
                <name role="metadata">PEARCE, George</name>
                <name role="display">Senator PEARCE</name>
              </talker>
              <para>-The party system pre-supposes a Government and an Opposition, but I hope that we shall be able to carry out our duties with personal goodwill one towards another. I thank the honorable senator for his congratulations to myself. </para>
            </talk.start>
          </continue>
          <para>I express regret - which, I feel sure, is shared by every honorable senator - at the (serious illness of the late. Leader of the Senate <inline font-weight="bold">(Senator E.D. Milton).</inline></para>
          <para>Honorable. Senators.  -  Hear, hear ! </para>
          <continue>
            <talk.start>
              <talker>
                <page.no>15</page.no>
                <time.stamp />
                <name.id>K0F</name.id>
                <electorate />
                <party />
                <role />
                <in.gov>0</in.gov>
                <first.speech>0</first.speech>
                <name role="metadata">PEARCE, George</name>
                <name role="display">Senator PEARCE</name>
              </talker>
              <para>- I feel sure that I am voicing the feelings, of every honorable senator in trusting that <inline font-weight="bold">Senator Milieu</inline> . will  make a speedy recovery. </para>
            </talk.start>
          </continue>
          <para>HonorableSenators.  -  Hear; hear ! <inline font-weight="bold">Senator GARDINER</inline> (New South Wales) &#91;5.56&#93;. - I thank the- honorable senator for his congratulations. In offering my congratulations earlier, I overlooked congratulating the honorable senator&#39;s two colleagues. I do so now. We differ politically, but there never will be any personal ill-will inmy opposition, although at times I may become angry. I am quite sure that &#34;a gift from the gods &#34; would be quite as: acceptable to this side of the House as it is to the other. </para>
          <para>Question resolved in the affirmative. </para>
          <para>Senateadjournedat5.57p.m. </para>
        </speech>
      </subdebate.1>
    </debate>
  </chamber.xscript>
</hansard>
