<?xml version="1.0" encoding="utf-8"?>
<hansard xsi:noNamespaceSchemaLocation="../../hansard.xsd" version="2.1" xmlns:xsi="http://www.w3.org/2001/XMLSchema-instance">
  <session.header>
    <date>1942-02-20</date>
    <parliament.no>16</parliament.no>
    <session.no>1</session.no>
    <period.no>6</period.no>
    <chamber>SENATE</chamber>
    <page.no>3</page.no>
    <proof>0</proof>
  </session.header>
  <chamber.xscript>
    <para class="block">COMMONWEALTH OF AUSTRALIA. </para>
    <para class="block">PARLIAMENTARY DEBATES. </para>
    <para class="block">FirstsessionoftheSixteenthParliament. (Sixth Period.) </para>
    <para>On the 17th. December, 194:1, the Parliament adjourned to a date and hour to be fixed by the  President  and <inline font-weight="bold">Mr. Speaker.</inline></para>
    <para>The  President  and <inline font-weight="bold">Mr. Speaker</inline> summoned the Senate and the House of Representatives respectively to meet on the 20th February, 1942, at 3 p.m. </para>
    <para class="block">Senate. </para>
    <business.start>
      <day.start>1942-02-20</day.start>
      <para>The <inline font-weight="bold">President (Senator the Hon. J. Cunningham)</inline> took the chair at 3 p.m., and read prayers. </para>
    </business.start>
    <debate>
      <debateinfo>
        <title>ASSENT TO BILLS</title>
        <page.no>3</page.no>
        <type>bill</type>
      </debateinfo>
      <para>Assent to the following bills re ported :  - </para>
      <para>Income Tax Bill (No. 2) 1941. </para>
      <para>Income Tax Assessment Bill (No. 2) 1941. </para>
      <para>War Tax Bill 1941. </para>
    </debate>
    <debate>
      <debateinfo>
        <title>MINISTERIAL DUTIES</title>
        <page.no>3</page.no>
        <type>miscellaneous</type>
      </debateinfo>
      <para>
        <inline font-weight="bold">Senator COLLINGS</inline>(Queensland- </para>
      <para>Minister for the Interior). - <inline font-style="italic">by leave</inline> - I desire to inform the Senate that <inline font-weight="bold">Senator the</inline> Honorable J. M. Eraser, in addition to his duties as Minister for External Territories and Minister assisting the Minister for Commerce, will also assist the Minister for the Army <inline font-weight="bold">(Mr. Forde). Senator Fraser</inline> will represent the Minister for the Army in the Senate. </para>
    </debate>
    <debate>
      <debateinfo>
        <title>GOLD-MINING INDUSTRY</title>
        <page.no>3</page.no>
        <type>miscellaneous</type>
      </debateinfo>
      <para>
        <inline font-weight="bold">Senator ALLAN</inline>MacDONALD.Was the Minister for the Interior correctly reported in the press last week-end in the statement attributed to him to the effect that, owing to the greater importance of minerals such as copper, sheelite, &#38;c, it may be necessary to transfer mining technicians and mining equipment from the gold-mining areas of Australia in order that they may assist in the recovery of other minerals which he considers to be more important than gold in the war-time economy of this country? If he did make a statement to that effect, is that the considered policy of the Government? </para>
      <speech>
        <talk.start>
          <talker>
            <page.no>3</page.no>
            <time.stamp />
            <name.id>K7P</name.id>
            <electorate>QUEENSLAND</electorate>
            <party>ALP</party>
            <role>Minister for the Interior</role>
            <in.gov>1</in.gov>
            <first.speech>0</first.speech>
            <name role="metadata">COLLINGS, Joseph</name>
            <name role="display">Senator COLLINGS</name>
          </talker>
          <para>- I made no such statement, nor did I make any statement whatever regarding gold-mining, as that is not : i matter which concerns the Department of the Interior. </para>
        </talk.start>
      </speech>
      <speech>
        <talk.start>
          <talker>
            <page.no>3</page.no>
            <time.stamp />
            <name.id>KS7</name.id>
            <electorate>WESTERN AUSTRALIA</electorate>
            <party />
            <role />
            <in.gov>0</in.gov>
            <first.speech>0</first.speech>
            <name role="metadata">MACDONALD, Allan</name>
            <name role="display">Senator ALLAN MacDONALD</name>
          </talker>
          <para>- In view of the Minister&#39;s denial of having made such a statement, which I accept, I now address the question to the Minister for Information. &#34;Will he endeavour to ascertain which Minister did make the statement to which I have referred, and is that the considered opinion of the Government with regard to the goldmining industry? </para>
        </talk.start>
      </speech>
      <speech>
        <talk.start>
          <talker>
            <page.no>3</page.no>
            <time.stamp />
            <name.id>K0W</name.id>
            <electorate>NEW SOUTH WALES</electorate>
            <party>ALP</party>
            <role>Minister for Information</role>
            <in.gov>1</in.gov>
            <first.speech>0</first.speech>
            <name role="metadata">ASHLEY, William</name>
            <name role="display">Senator ASHLEY</name>
          </talker>
          <para>- It is not part of the duties of the Minister for Information to investigate the accuracy of statements made by Ministers or members of the Opposition or any body else. </para>
        </talk.start>
      </speech>
    </debate>
    <debate>
      <debateinfo>
        <title>QUESTION</title>
        <page.no>3</page.no>
        <type>Questions</type>
      </debateinfo>
      <subdebate.1>
        <subdebateinfo>
          <title>GOVERNMENT MUNITIONS FACTORIES</title>
          <page.no>3</page.no>
        </subdebateinfo>
        <para>Use of Machine Tools</para>
        <speech>
          <talk.start>
            <talker>
              <page.no>3</page.no>
              <time.stamp />
              <name.id>KOL</name.id>
              <electorate>SOUTH AUSTRALIA</electorate>
              <party />
              <role />
              <in.gov>0</in.gov>
              <first.speech>0</first.speech>
              <name role="metadata">MCBRIDE, Philip</name>
              <name role="display">Senator McBRIDE</name>
            </talker>
            <para>asked the Minister representing the Minister for Munitions, <inline font-style="italic">upon notice -</inline></para>
          </talk.start>
          <list type="decimal-dotted">
            <item label="1.">
              <para>Will the Minister inform the Senate whether all machine tools in the tool-rooms of the government munitions factories are being operated on a full-time basis? </para>
            </item>
            <item label="2.">
              <para>If not, will the Minister state the reasons for such lack of full-time use, and what steps are being taken to ensure that the maximum productionis obtained from this essential section of our factories? </para>
            </item>
          </list>
        </speech>
        <speech>
          <talk.start>
            <talker>
              <page.no>4</page.no>
              <time.stamp />
              <name.id>K0W</name.id>
              <electorate />
              <party>ALP</party>
              <role />
              <in.gov>1</in.gov>
              <first.speech>0</first.speech>
              <name role="metadata">ASHLEY, William</name>
              <name role="display">Senator ASHLEY</name>
            </talker>
            <para>- The Minister for Munitions has supplied the following answer :  -  1 and 2. To the extent that the supply of skilled labourwill permit, the machine tools are being fully operated, but it cannot be said that all are being operated on a full-time basis. A conference is being arranged with the trade organizations with a view to establishing the full-time operation of the machine tools in question. The conference has been agreed to and will be held at the earliest possible moment. </para>
          </talk.start>
        </speech>
      </subdebate.1>
    </debate>
    <debate>
      <debateinfo>
        <title>WAR SITUATION</title>
        <page.no>4</page.no>
        <type>miscellaneous</type>
      </debateinfo>
      <subdebate.1>
        <subdebateinfo>
          <title>Secret Meeting of Senators and Members</title>
          <page.no>4</page.no>
        </subdebateinfo>
        <para>Motion (by <inline font-weight="bold">Senator Collings)</inline> - <inline font-style="italic">by leave</inline> - agreed to - </para>
        <quote>
          <para>That a joint meeting of members of the Senate and of the House of Representatives be convened for the purpose of discussing in secret the present war and hearing confidential reports in relation thereto. </para>
        </quote>
      </subdebate.1>
    </debate>
    <debate>
      <debateinfo>
        <title>SPECIAL ADJOURNMENT</title>
        <page.no>4</page.no>
        <type>special adjournment</type>
      </debateinfo>
      <para>Motion (by <inline font-weight="bold">Senator Collings)</inline> pro posed - </para>
      <quote>
        <para>That the Senate, at its rising, adjourn to to-morrow at 11 a.m. </para>
      </quote>
      <speech>
        <talk.start>
          <talker>
            <page.no>4</page.no>
            <time.stamp />
            <name.id>KUA</name.id>
            <electorate>South Australia</electorate>
            <party />
            <role>Leader of the Opposition</role>
            <in.gov>0</in.gov>
            <first.speech>0</first.speech>
            <name role="metadata">MCLEAY, George</name>
            <name role="display">Senator McLEAY</name>
          </talker>
          <para>. - I have suggested to the Leader of the Senate <inline font-weight="bold">(Senator Collings)</inline> that, after the secret meeting of members of both Houses, a statement be made in open session in this chamber by the Leader of the Senate, and by the Prime Minister <inline font-weight="bold">(Mr. Curtin)</inline> in the House of Representatives, on the war situation. I shall read to honorable senators the letter which I addressed to the Leader of the Senate giving the reasons advanced by the Opposition in support of its request that a statement on the war situation be made in open session. The letter is as follows :  - </para>
        </talk.start>
      </speech>
      <subdebate.1>
        <subdebateinfo>
          <title>Canberra, 20th February, 1942</title>
          <page.no>4</page.no>
        </subdebateinfo>
      </subdebate.1>
      <subdebate.1>
        <subdebateinfo>
          <title>Dear Senator Collings,</title>
          <page.no>4</page.no>
        </subdebateinfo>
        <para>I have been informed that the Prime Minister advised <inline font-weight="bold">Mr. Fadden</inline> that the procedure for the meeting of Parliament commencing to-day will provide for a statement on the present war position being made at a secret meeting, and that no statement would be made in open session of the Parliament. </para>
        <para>Concern was expressed over this attitude at a meeting of Opposition senators held this morning, and it was decided that you be requested to convey to <inline font-weight="bold">Mr. Curtin</inline> our desire that a statement on the war position be made in both Houses of Parliament after the secret meeting. </para>
        <para>The Senate feels that public tension is so great at the moment that nothing short of an open session of Parliament would relieve the situation. However bad the situation may be, the Senate Opposition feels that the public should be apprised of it without giving details of value to the enemy. </para>
        <para>Mental suspense we feel would be relieved by a frank statement made in open session by the Prime Minister and yourself as Leader of the Government in the Senate. </para>
        <para>We are firmly convinced that the people of Australia expect and are entitled to receive a full statement on the war position from the Government, delivered in Parliament. </para>
        <para>Question resolved in the affirmative. </para>
      </subdebate.1>
    </debate>
    <debate>
      <debateinfo>
        <title>PAPERS</title>
        <page.no>4</page.no>
        <type>papers</type>
      </debateinfo>
      <para>The following papers were pre sented :  - </para>
      <para>Air Force Act - Regulations - Statutory Rules 1942, No. 29. </para>
      <para>Arbitration (Public Service) Act - Determinations by the Arbitrator, &#38;c. - </para>
      <para>No. 39 of 1941 - Arms, Explosives and Munition Workers&#39; Federation of Australia. </para>
      <para>No. 40 of 1941- Federated Public Service Assistants&#39; Association of Australia; and Arms, Explosives and Munition Workers&#39; Federation of Australia. </para>
      <para>No. 41 of 1941 - Commonwealth Temporary Clerks&#39; Association. </para>
      <para>No. 42 of 1941 - Commonwealth Telegraph Traffic and Supervisory Officers&#39; Association. </para>
      <para>No. 1 of 1942 - Commonwealth Public Service Artisans&#39; Association. </para>
      <para>No. 2 of 1942 - Professional Officers&#39; Association, Commonwealth Public Service. </para>
      <para>No. 3 of 1942 - Australian Third Division Telegraphists and Postal Clerks&#39; Union. </para>
      <para>No. 4 of 1942 - Amalgamated Postal Workers&#39; Union of Australia. </para>
      <para>No. 5 of 1942 - Professional Officers&#39; Association, Commonwealth Public Service. </para>
      <para>No. 6 of 1942 - Commonwealth Telephone Officers&#39; Association; and Federated Public Service Assistants&#39; Association of Australia. </para>
      <para>No. 7 of 1942 - Amalgamated Postal Workers&#39; Union of Australia. </para>
      <para>Audit Act - Transfers of amounts approved by the Governor-General in Council - Financial year 1940-41. </para>
      <para>Australian Soldiers&#39; Repatriation Act - Regulations - Statutory Rules 1941, No. 305. </para>
      <para>Bankruptcy Act - </para>
      <para>Thirteenth Annual Report by the Attorney-General, year ended 31st July, 1941. </para>
      <para>Rules - Statutory Rules 1942, No. 6. </para>
      <para class="block">
        <graphic href="170331194202201_2_0.jpg" />
      </para>
      <para>National Security (Supplementary) RegulationsOrders - Deferment of Banking Business (10). </para>
      <para>National Security (War-time Banking Control ) Regulations - Orders - Exemptions (2). </para>
      <para class="block">Regulations - Statutory Rules 1941, Nos. 287, 288, 289, 290, 291, 292, 293,294 295, 290, 297, 298, 299, 300, 301, 302, 303, 304, 314,316, 317, 318&#39;, 320, 321, 322, 323, 324, 325, 320; 1942, Nos. 1, 2, 4,9, 10, 11, 12, 13, 14, 15, 10, 17, 18, 19, 20, 21, 22, 23, 24, 31, 32, 33, 34, 36, 37, 39, 40, 41, 42, 43, 49, 50, 51, 52. 53, 54, 55, 50, 57, 58, 62,65, 66,67. </para>
      <para class="block">Nationality Act - Return showing number of persons to whom certificates of naturalization were granted during the year 1941, and the countries whence applicants came. </para>
      <para class="block">Naval Defence Act - Regulations - Statutory Rules 1941, No. 307; 1942. Nos. 8, 25, 20, 48. </para>
      <para>Navigation Act - Regulations - Statutory Rules 1941, No. 315; 1942, No. 30. </para>
      <para>New Guinea Act - Ordinance No. 22 of 1941 - Appropriation 1941 - 1942. </para>
      <para>Northern Territory - Report on Administration of the Northern Territory, foryear 1940-41. </para>
      <para class="block">Northern Territory Acceptance Act and Northern Territory (Administration) Act - Crown Lands Ordinance - Reasons for resumption of the reservation of certain lands near the Town of Alice Springs, Northern Territory, formerly reserved for slaughtering purposes (dated 6th February, 1942). </para>
      <para class="block">Papua Act - Ordinances of 1941 - </para>
      <para class="block">No. 12 - Matrimonial Causes. </para>
      <para class="block">No. 13 - Native Labour. </para>
      <para class="block">No. 14 - Post and Telegraph. </para>
      <para class="block">No. 15 - Customs Tariff (No. 3). </para>
      <para class="block">Post and Telegraph Act - Regulations - Statutory Rules 1942, No. 5. </para>
      <para class="block">Quarantine Act - Regulations - Statutory Rules1942, No. 61. </para>
      <para class="block">Science and Industry Research Act - Regulations - Statutory Rules 1942, No. 7. </para>
      <para class="block">Scat of Government Acceptance Act and Seat of Government (Administration) Act- </para>
      <para class="block">Ordinances of1942 - </para>
      <para class="block">No. 1 - Careless Use of Fire. </para>
      <para class="block">No. 2 - Building and Services. </para>
      <para class="block">No. 3 - Enemy Raids Precautions. </para>
      <para class="block">No. 4 - Public Parks. </para>
      <para class="block">No. 5 - Cinematograph Films. </para>
      <para class="block">No.6 - Education. </para>
      <para class="block">No. 7 - Scaffolding and Lifts. </para>
      <para class="block">Regulations of 1942 - </para>
      <para class="block">No. 1 - (Police Ordinance). </para>
      <para class="block">No. 2 - (Building and Services Ordinance). </para>
      <para>Supply and Development Acts - Regulations -Statutory Rules 1942, Nos, 3, 47. </para>
      <para>Wine Overseas Marketing Act - Regulations -Statutory Rules 1941, No. 319. </para>
    </debate>
    <adjournment>
      <adjournmentinfo>
        <page.no>6</page.no>
        <time.stamp>15:10:00</time.stamp>
      </adjournmentinfo>
      <para>Senate adjourned at 3.10 p.m. </para>
    </adjournment>
  </chamber.xscript>
</hansard>
