<?xml version="1.0" encoding="utf-8"?>
<hansard xsi:noNamespaceSchemaLocation="../../hansard.xsd" version="2.1" xmlns:xsi="http://www.w3.org/2001/XMLSchema-instance">
  <session.header>
    <date>1942-09-03</date>
    <parliament.no>16</parliament.no>
    <session.no>1</session.no>
    <period.no>7</period.no>
    <chamber>SENATE</chamber>
    <page.no>63</page.no>
    <proof>0</proof>
  </session.header>
  <chamber.xscript>
    <para class="block">Senate. </para>
    <business.start>
      <day.start>1942-09-03</day.start>
      <para>The <inline font-weight="bold">President (Senator the Hon. J. Cunningham)</inline> took the chair at 3 p.m., and read prayers. </para>
    </business.start>
    <debate>
      <debateinfo>
        <title>QUESTION</title>
        <page.no>63</page.no>
        <type>Questions</type>
      </debateinfo>
      <subdebate.1>
        <subdebateinfo>
          <title>SYNTHETIC RUBBER</title>
          <page.no>63</page.no>
        </subdebateinfo>
        <speech>
          <talk.start>
            <talker>
              <page.no>63</page.no>
              <time.stamp />
              <name.id>KQF</name.id>
              <electorate>TASMANIA</electorate>
              <party />
              <role />
              <in.gov>0</in.gov>
              <first.speech>0</first.speech>
              <name role="metadata">LAMP, Charles</name>
              <name role="display">Senator LAMP</name>
            </talker>
            <para>- Has the Leader of the Senate read an article published in the Sydney <inline font-style="italic">Daily Telegraph</inline> on the 20th August last, and written by <inline font-weight="bold">Mr. A.R.</inline> Penfold, Curator of the Sydney Technological Museum, pointing out the possibility of manufacturing synthetic rubber in Tasmania? If he has not read the article, will he do so and bring it to the notice of the Prime Minister, with a view to having action taken to develop the deposits in Tasmania from which carbide is produced for the purpose of using carbide in the manufacture of synthetic rubber. </para>
          </talk.start>
        </speech>
        <speech>
          <talk.start>
            <talker>
              <page.no>63</page.no>
              <time.stamp />
              <name.id>K7P</name.id>
              <electorate>QUEENSLAND</electorate>
              <party>ALP</party>
              <role>Minister for the Interior</role>
              <in.gov>1</in.gov>
              <first.speech>0</first.speech>
              <name role="metadata">COLLINGS, Joseph</name>
              <name role="display">Senator COLLINGS</name>
            </talker>
            <para>- I have not read the article referred to by the honorable senator, but I shall obtain a copy of it and take action along the lines suggested by him. </para>
          </talk.start>
        </speech>
      </subdebate.1>
    </debate>
    <debate>
      <debateinfo>
        <title>QUESTION</title>
        <page.no>63</page.no>
        <type>Questions</type>
      </debateinfo>
      <subdebate.1>
        <subdebateinfo>
          <title>ABOLITION OF STATE PARLIAMENTS</title>
          <page.no>63</page.no>
        </subdebateinfo>
        <para>SenatorFOLL. - In view of the statement by the Government yesterday to the effect that it proposes to submit at an early date certain proposals for an alteration of the Constitution, will the Leader of the Senate state whether at the same time the Government will give to the people of Australia an opportunity to record their vote as to whether they are in favour of the abolition of State Parliaments? </para>
        <speech>
          <talk.start>
            <talker>
              <page.no>63</page.no>
              <time.stamp />
              <name.id>K7P</name.id>
              <electorate />
              <party>ALP</party>
              <role />
              <in.gov>1</in.gov>
              <first.speech>0</first.speech>
              <name role="metadata">COLLINGS, Joseph</name>
              <name role="display">Senator COLLINGS</name>
            </talker>
            <para>- The honorable senator is aware that the intentions of the Government with regard to matters of policy are not disclosed in reply to questions. </para>
          </talk.start>
          <para>SenatorFoll. - Will the Government give consideration to the proposal? </para>
          <continue>
            <talk.start>
              <talker>
                <page.no>63</page.no>
                <time.stamp />
                <name.id>K7P</name.id>
                <electorate />
                <party />
                <role />
                <in.gov>0</in.gov>
                <first.speech>0</first.speech>
                <name role="metadata">COLLINGS, Joseph</name>
                <name role="display">Senator COLLINGS</name>
              </talker>
              <para>- I shall give no answer other than that already supplied. </para>
            </talk.start>
          </continue>
        </speech>
      </subdebate.1>
    </debate>
    <debate>
      <debateinfo>
        <title>JOINT COMMITTEE ON WAR EXPENDITURE</title>
        <page.no>63</page.no>
        <type>miscellaneous</type>
      </debateinfo>
      <speech>
        <talk.start>
          <talker>
            <page.no>63</page.no>
            <time.stamp />
            <name.id>KTR</name.id>
            <electorate>SOUTH AUSTRALIA</electorate>
            <party>NAT</party>
            <role />
            <in.gov>0</in.gov>
            <first.speech>0</first.speech>
            <name role="metadata">MCLACHLAN, Alexander</name>
            <name role="display">Senator A J McLACHLAN</name>
          </talker>
          <para>- In accordance with its terms of reference, I present a statement from the Joint Committee on War Expenditure indicating subjects on which confidential memorandums have been addressed to the Prime Minister for the consideration of the War Cabinet. </para>
        </talk.start>
      </speech>
    </debate>
    <debate>
      <debateinfo>
        <title>QUESTION</title>
        <page.no>63</page.no>
        <type>Questions</type>
      </debateinfo>
      <subdebate.1>
        <subdebateinfo>
          <title>DISTRIBUTION OP MOTOR TYRES</title>
          <page.no>63</page.no>
        </subdebateinfo>
        <speech>
          <talk.start>
            <talker>
              <page.no>63</page.no>
              <time.stamp />
              <name.id>K0Z</name.id>
              <electorate>TASMANIA</electorate>
              <party />
              <role />
              <in.gov>0</in.gov>
              <first.speech>0</first.speech>
              <name role="metadata">AYLETT, William</name>
              <name role="display">Senator AYLETT</name>
            </talker>
            <para>- Will the Minister representing the Minister forSupply and Development state the number of motor tyres applied for in Tasmania, for which delivery is now awaited under priorities Nos. 1, 2, 3 and 4? What was the number of tyres sold in Tasmania in each month for the year 1940, or for the year 1941, whichever is the easier to obtain? If the Minister does not wish to make the information public, will he give it to me privately? </para>
          </talk.start>
        </speech>
        <speech>
          <talk.start>
            <talker>
              <page.no>64</page.no>
              <time.stamp />
              <name.id>KKR</name.id>
              <electorate>WESTERN AUSTRALIA</electorate>
              <party>ALP</party>
              <role>Minister for External Territories</role>
              <in.gov>1</in.gov>
              <first.speech>0</first.speech>
              <name role="metadata">FRASER, James</name>
              <name role="display">Senator FRASER</name>
            </talker>
            <para>- I shall give consideration to the honorable senator&#39;s question. </para>
          </talk.start>
        </speech>
      </subdebate.1>
    </debate>
    <debate>
      <debateinfo>
        <title>QUESTION</title>
        <page.no>64</page.no>
        <type>Questions</type>
      </debateinfo>
      <subdebate.1>
        <subdebateinfo>
          <title>MANUFACTURE OF MUNITIONS IN WESTERN AUSTRALIA</title>
          <page.no>64</page.no>
        </subdebateinfo>
        <speech>
          <talk.start>
            <talker>
              <page.no>64</page.no>
              <time.stamp />
              <name.id>K7M</name.id>
              <electorate>WESTERN AUSTRALIA</electorate>
              <party />
              <role />
              <in.gov>0</in.gov>
              <first.speech>0</first.speech>
              <name role="metadata">COLLETT, Herbert</name>
              <name role="display">Senator COLLETT</name>
            </talker>
            <para>asked the Minister representing the Prime Minister, <inline font-style="italic">upon notice -</inline></para>
          </talk.start>
          <list type="decimal-dotted">
            <item label="1.">
              <para>Has the right honorable the Prime Minister had brought under his notice the statements made in the Western Australian Legislative Assembly on the 11th August of this year, by <inline font-weight="bold">Mr. J.</inline> T. Tonkin, the member for North-east Fremantle, reflecting upon the administration of the Department of Munitions and the Department of Air in respect to the manufacture or proposed manufacture of certain munitions of war in Western Australia ? </para>
            </item>
            <item label="2.">
              <para>In any event, will the Prime Minister have the statements examined and give the Senate the benefit of his views thereon? </para>
            </item>
          </list>
        </speech>
        <speech>
          <talk.start>
            <talker>
              <page.no>64</page.no>
              <time.stamp />
              <name.id>K7P</name.id>
              <electorate />
              <party>ALP</party>
              <role />
              <in.gov>1</in.gov>
              <first.speech>0</first.speech>
              <name role="metadata">COLLINGS, Joseph</name>
              <name role="display">Senator COLLINGS</name>
            </talker>
            <para>- The Prime Minister has supplied the following answers : - </para>
          </talk.start>
          <list type="decimal-dotted">
            <item label="1.">
              <para>I have read the statements made by <inline font-weight="bold">Mr. J.</inline> T. Tonkin, M.L.A. </para>
            </item>
            <item label="2.">
              <para>The circumstances of the case mentioned have already been inquired into, but in view of the representations of the honorable senator further consideration will be given to the matter, as well as to the other matters relating to the manufacture of munitions in Western Australia. </para>
            </item>
          </list>
        </speech>
      </subdebate.1>
    </debate>
    <debate>
      <debateinfo>
        <title>QUESTION</title>
        <page.no>64</page.no>
        <type>Questions</type>
      </debateinfo>
      <subdebate.1>
        <subdebateinfo>
          <title>PUBLIC SERVICE</title>
          <page.no>64</page.no>
        </subdebateinfo>
        <para>Commonwealth Temporary Clerks Association - Preference to Returned Soldiers - Appointments</para>
        <speech>
          <talk.start>
            <talker>
              <page.no>64</page.no>
              <time.stamp />
              <name.id>K7M</name.id>
              <electorate />
              <party />
              <role />
              <in.gov>0</in.gov>
              <first.speech>0</first.speech>
              <name role="metadata">COLLETT, Herbert</name>
              <name role="display">Senator COLLETT</name>
            </talker>
            <para>asked the Minister representing the Prime Minister, <inline font-style="italic">upon notice -</inline></para>
          </talk.start>
          <list type="decimal-dotted">
            <item label="1.">
              <para>Is there in existence a duly registered association known as the Commonwealth Temporary Clerks Association? </para>
            </item>
            <item label="2.">
              <para>If so, is it a fact that the Public Service Board has issued a direction that all persons temporarily employed in a clerical capacity in the Commonwealth Public Service must join this association if they desire to benefit from any later determination of the Public Service Arbitrator? </para>
            </item>
            <item label="3.">
              <para>If such a direction has been issued, does the Government approve of the action of the Public Service Board in this instance? </para>
            </item>
          </list>
        </speech>
        <speech>
          <talk.start>
            <talker>
              <page.no>64</page.no>
              <time.stamp />
              <name.id>K7P</name.id>
              <electorate />
              <party>ALP</party>
              <role />
              <in.gov>1</in.gov>
              <first.speech>0</first.speech>
              <name role="metadata">COLLINGS, Joseph</name>
              <name role="display">Senator COLLINGS</name>
            </talker>
            <para>- The Prime Minister has supplied the following answers : - </para>
          </talk.start>
          <list type="decimal-dotted">
            <item label="1.">
              <para>Yes. </para>
            </item>
            <item label="2.">
              <para>and 3. At the &#39; direction of the Government the Public Service Board notified all departments that the provision of any determination made by the Public Service Arbitrator and not in force on the 19th May, 1942, and any determination made subsequent to that date should be applied only to returned soldiers and to members of an organization within the meaning of the Commonwealth Conciliation and Arbitration Act. </para>
            </item>
          </list>
        </speech>
        <speech>
          <talk.start>
            <talker>
              <page.no>64</page.no>
              <time.stamp />
              <name.id>JQP</name.id>
              <electorate>QUEENSLAND</electorate>
              <party />
              <role />
              <in.gov>0</in.gov>
              <first.speech>0</first.speech>
              <name role="metadata">COOPER, Walter</name>
              <name role="display">Senator COOPER</name>
            </talker>
            <para>asked the Minister representing the Prime Minister, <inline font-style="italic">upon notice -</inline></para>
          </talk.start>
          <list type="decimal-dotted">
            <item label="1.">
              <para>What is the number of male non-returned soldiers appointed to permanent positions in the Commonwealth Public Service, Third Division, during the present war? </para>
            </item>
            <item label="2.">
              <para>What is the number of returned soldiers appointed to permanent positions in the Commonwealth Public Service, Third Division, during the present war? </para>
            </item>
            <item label="3.">
              <para>What is the number of male non-returned soldiers appointed to permanent positions in other divisions of the Commonwealth Public Service during the present war? </para>
            </item>
            <item label="4.">
              <para>What is the number of returned soldier: appointed to permanent positions in other divisions of the Commonwealth Public Service during the present war? </para>
            </item>
            <item label="5.">
              <para>What is the probable number of vacancies in permanent positions in the Commonwealth Public Service, all divisions, during the next three years? </para>
            </item>
            <item label="6.">
              <para>What steps have been taken to ensure that the greatest number of returned soldiers will be absorbed in permanent positions in the Commonwealth Public Service? </para>
            </item>
          </list>
          <continue>
            <talk.start>
              <talker>
                <page.no>64</page.no>
                <time.stamp />
                <name.id>K7P</name.id>
                <electorate />
                <party />
                <role />
                <in.gov>0</in.gov>
                <first.speech>0</first.speech>
                <name role="metadata">COLLINGS, Joseph</name>
                <name role="display">Senator COLLINGS</name>
              </talker>
              <para>- The Prime Minister has supplied the following answer : - </para>
            </talk.start>
          </continue>
          <para>The information is being obtained and a reply will be furnished to the honorable senator as early as possible. </para>
          <continue>
            <talk.start>
              <talker>
                <page.no>64</page.no>
                <time.stamp />
                <name.id>K7M</name.id>
                <electorate />
                <party />
                <role />
                <in.gov>0</in.gov>
                <first.speech>0</first.speech>
                <name role="metadata">COLLETT, Herbert</name>
                <name role="display">Senator COLLETT</name>
              </talker>
              <para>asked the Minister representing the Prime Minister, <inline font-style="italic">upon notice -</inline></para>
            </talk.start>
          </continue>
          <para>Is the Government prepared to now announce its policy in respect to returned soldiers and preference in appointment and/or promotion in the Commonwealth Public Service? </para>
          <continue>
            <talk.start>
              <talker>
                <page.no>64</page.no>
                <time.stamp />
                <name.id>K7P</name.id>
                <electorate />
                <party />
                <role />
                <in.gov>0</in.gov>
                <first.speech>0</first.speech>
                <name role="metadata">COLLINGS, Joseph</name>
                <name role="display">Senator COLLINGS</name>
              </talker>
              <para>- The Prime Minister has supplied the following answer : - </para>
            </talk.start>
          </continue>
          <para>All matters associated with returned soldiers and their repatriation to private life are being considered and the Government&#39;s policy will be announced at as early a date as practicable. </para>
        </speech>
      </subdebate.1>
    </debate>
    <debate>
      <debateinfo>
        <title>QUESTION</title>
        <page.no>64</page.no>
        <type>Questions</type>
      </debateinfo>
      <subdebate.1>
        <subdebateinfo>
          <title>WHEAT INDUSTRY</title>
          <page.no>64</page.no>
        </subdebateinfo>
        <speech>
          <talk.start>
            <talker>
              <page.no>64</page.no>
              <time.stamp />
              <name.id>K7M</name.id>
              <electorate />
              <party />
              <role />
              <in.gov>0</in.gov>
              <first.speech>0</first.speech>
              <name role="metadata">COLLETT, Herbert</name>
              <name role="display">Senator COLLETT</name>
            </talker>
            <para>asked the Minister representing the Minister for Commerce, <inline font-style="italic">upon notice -</inline></para>
          </talk.start>
          <list type="decimal-dotted">
            <item label="1.">
              <para>Is the Minister satisfied that the price of wheat, as recently fixed by him, 1b appropriate and equitable when applied to the farmers in Western Australia who grow the greater part of the annual crop of that State?  2. (a) Is it proposed to appoint <inline font-weight="bold">Mr. T.</inline> H. Powell to be a member of the Australian Wheat Board; (b) if so, what are <inline font-weight="bold">Mr. Powell&#39;s</inline> qualifications for such an appointment? </para>
            </item>
          </list>
        </speech>
        <speech>
          <talk.start>
            <talker>
              <page.no>65</page.no>
              <time.stamp />
              <name.id>KKR</name.id>
              <electorate />
              <party>ALP</party>
              <role />
              <in.gov>1</in.gov>
              <first.speech>0</first.speech>
              <name role="metadata">FRASER, James</name>
              <name role="display">Senator FRASER</name>
            </talker>
            <para>- The Minister for Commerce has supplied the following answers :  - </para>
          </talk.start>
          <list type="decimal-dotted">
            <item label="1.">
              <para>Yes. </para>
            </item>
            <item label="2.">
              <para>The Government has under consideration the reconstitution of the Australian Wheat Board and an announcement concerning the personnel of the board will be made at the appropriate time. </para>
            </item>
          </list>
        </speech>
      </subdebate.1>
    </debate>
    <debate>
      <debateinfo>
        <title>QUESTION</title>
        <page.no>65</page.no>
        <type>Questions</type>
      </debateinfo>
      <subdebate.1>
        <subdebateinfo>
          <title>NIGHT BAKING</title>
          <page.no>65</page.no>
        </subdebateinfo>
        <speech>
          <talk.start>
            <talker>
              <page.no>65</page.no>
              <time.stamp />
              <name.id>K7M</name.id>
              <electorate />
              <party />
              <role />
              <in.gov>0</in.gov>
              <first.speech>0</first.speech>
              <name role="metadata">COLLETT, Herbert</name>
              <name role="display">Senator COLLETT</name>
            </talker>
            <para>asked the Minister representing the Minister for Labour and National Service, <inline font-style="italic">upon notice -</inline></para>
          </talk.start>
          <list type="decimal-dotted">
            <item label="1.">
              <para>Is it a fact that the Operative Bakers Union in Western Australia has approached the Minister for Labour and National Service with a. request that he take action, under the powers conferred by the National Security Act, to abolish night baking? </para>
            </item>
            <item label="2.">
              <para>Is it also a. fact that the Minister has promised to take action as requested and is in communication with the union as to the terms of the proposed regulation and this without any reference to the master bakers or regard for the needs of the community? </para>
            </item>
          </list>
        </speech>
        <speech>
          <talk.start>
            <talker>
              <page.no>65</page.no>
              <time.stamp />
              <name.id>K0W</name.id>
              <electorate>NEW SOUTH WALES</electorate>
              <party>ALP</party>
              <role>Minister for Information</role>
              <in.gov>1</in.gov>
              <first.speech>0</first.speech>
              <name role="metadata">ASHLEY, William</name>
              <name role="display">Senator ASHLEY</name>
            </talker>
            <para>- The Minister for Labour and National Service has supplied the following answers: - </para>
          </talk.start>
          <list type="decimal-dotted">
            <item label="1.">
              <para>Yes. </para>
            </item>
            <item label="2.">
              <para>No. The promise was that the matter would receive the consideration of the Government. As a result of investigations made by the Department of Labour and National Service,a recommendation was made that - (i) baking of bread to be prohibited between the hours of6 p.m. and 5 a.m.; and (ii) no bread to be sold until it is out of the oven twelve hours. It has now been decided that an expert committee representing all sections of the baking industry be appointed by the Minister for War Organization of Industry to examine all aspects of the question. </para>
            </item>
          </list>
        </speech>
      </subdebate.1>
    </debate>
    <debate>
      <debateinfo>
        <title>QUESTION</title>
        <page.no>65</page.no>
        <type>Questions</type>
      </debateinfo>
      <subdebate.1>
        <subdebateinfo>
          <title>INTEREST ON LOANS</title>
          <page.no>65</page.no>
        </subdebateinfo>
        <speech>
          <talk.start>
            <talker>
              <page.no>65</page.no>
              <time.stamp />
              <name.id>KOF</name.id>
              <electorate>TASMANIA</electorate>
              <party />
              <role />
              <in.gov>0</in.gov>
              <first.speech>0</first.speech>
              <name role="metadata">HAYES, John</name>
              <name role="display">Senator J B HAYES</name>
            </talker>
            <para>asked the </para>
          </talk.start>
          <para>Minister representing the Treasurer, <inline font-style="italic">upon notice -</inline></para>
          <list type="decimal-dotted">
            <item label="1.">
              <para>What was the amount paid in interest on loans - both Federal and State - for the years ending 30th June, 1922, 1932, and 1942, and the capital amount owing on each of the above dates? </para>
            </item>
            <item label="2.">
              <para>What were the interest payments per head of population on the same dates? </para>
            </item>
          </list>
        </speech>
        <speech>
          <talk.start>
            <talker>
              <page.no>65</page.no>
              <time.stamp />
              <name.id>KE4</name.id>
              <electorate>VICTORIA</electorate>
              <party>ALP</party>
              <role>Minister for Trade and Customs</role>
              <in.gov>1</in.gov>
              <first.speech>0</first.speech>
              <name role="metadata">KEANE, Richard</name>
              <name role="display">Senator KEANE</name>
            </talker>
            <para>- The Treasurer has supplied the following answer: - </para>
          </talk.start>
          <quote>
            <para>Inquiries are being made and a reply will be furnished as soon as possible. </para>
          </quote>
        </speech>
      </subdebate.1>
    </debate>
    <debate>
      <debateinfo>
        <title>QUESTION</title>
        <page.no>65</page.no>
        <type>Questions</type>
      </debateinfo>
      <subdebate.1>
        <subdebateinfo>
          <title>NATIONAL DEBT</title>
          <page.no>65</page.no>
        </subdebateinfo>
        <para>Activities of Privatebanks</para>
        <speech>
          <talk.start>
            <talker>
              <page.no>65</page.no>
              <time.stamp />
              <name.id>JTR</name.id>
              <electorate>TASMANIA</electorate>
              <party />
              <role />
              <in.gov>0</in.gov>
              <first.speech>0</first.speech>
              <name role="metadata">DARCEY, Richard</name>
              <name role="display">Senator DARCEY</name>
            </talker>
            <para>askedthe Minister representing the Treasurer, <inline font-style="italic">upon notice -</inline></para>
          </talk.start>
          <list type="decimal-dotted">
            <item label="1.">
              <para>By what amount has Australia&#39;s national debt been increased since the declaration of war ? </para>
            </item>
            <item label="2.">
              <para>By what amount has it been increased by the present Government? </para>
            </item>
            <item label="3.">
              <para>What amounts in inscribed stock, war bonds and treasury-bills have the private banks purchased since the declaration of war? </para>
            </item>
            <item label="4.">
              <para>What amounts in treasury-bills have the banks converted in the same period? </para>
            </item>
            <item label="5.">
              <para>Will the private banks be allowed to purchase bonds in the forthcoming loan, and will they be permitted to advance money to enable the public to subscribe to this loan? </para>
            </item>
          </list>
        </speech>
        <speech>
          <talk.start>
            <talker>
              <page.no>65</page.no>
              <time.stamp />
              <name.id>KE4</name.id>
              <electorate />
              <party>ALP</party>
              <role />
              <in.gov>1</in.gov>
              <first.speech>0</first.speech>
              <name role="metadata">KEANE, Richard</name>
              <name role="display">Senator KEANE</name>
            </talker>
            <para>- The Treasurer has supplied the following answer: - </para>
          </talk.start>
          <quote>
            <para>Inquiries are being made,and a reply will be furnished as soon as possible. </para>
          </quote>
        </speech>
      </subdebate.1>
    </debate>
    <debate>
      <debateinfo>
        <title>QUESTION</title>
        <page.no>65</page.no>
        <type>Questions</type>
      </debateinfo>
      <subdebate.1>
        <subdebateinfo>
          <title>PRIVATE W. H. LE BROCQUE</title>
          <page.no>65</page.no>
        </subdebateinfo>
        <speech>
          <talk.start>
            <talker>
              <page.no>65</page.no>
              <time.stamp />
              <name.id>KTX</name.id>
              <electorate>SOUTH AUSTRALIA</electorate>
              <party>UAP</party>
              <role />
              <in.gov>0</in.gov>
              <first.speech>0</first.speech>
              <name role="metadata">MCLACHLAN, James</name>
              <name role="display">Senator JAMES McLACHLAN</name>
            </talker>
            <para>asked the Minister representing the Minister for Labour and National Service, <inline font-style="italic">upon notice -</inline></para>
          </talk.start>
          <list type="decimal-dotted">
            <item label="1.">
              <para>Will the Minister representing the Minister for Labour and National Service advise the Senate whether it is a fact as reported in the <inline font-style="italic">Sydney Morning Herald</inline> of the 1st September, that <inline font-weight="bold">Mr. Ward</inline> has made efforts to secure the discharge from the Army of Private Wallace Henry Le Brocque, who is at present before a. military court martial on charges of desertion ? </para>
            </item>
            <item label="2.">
              <para>If so, and in view of the charges against this soldier, will the Minister make available to the Senate the reasons which have prompted <inline font-weight="bold">Mr. Ward</inline> to take such action? </para>
            </item>
          </list>
        </speech>
        <speech>
          <talk.start>
            <talker>
              <page.no>65</page.no>
              <time.stamp />
              <name.id>K0W</name.id>
              <electorate />
              <party>ALP</party>
              <role />
              <in.gov>1</in.gov>
              <first.speech>0</first.speech>
              <name role="metadata">ASHLEY, William</name>
              <name role="display">Senator ASHLEY</name>
            </talker>
            <para>- The Minister for Labour and National Service has supplied the following answer: - </para>
          </talk.start>
          <quote>
            <para>A statement regarding this matter will be made by the Minister for Labour and National Service to-morrow, furnishing full information. </para>
          </quote>
        </speech>
      </subdebate.1>
    </debate>
    <debate>
      <debateinfo>
        <title>QUESTION</title>
        <page.no>65</page.no>
        <type>Questions</type>
      </debateinfo>
      <subdebate.1>
        <subdebateinfo>
          <title>AUSTRALIAN BROADCASTING COMMISSION</title>
          <page.no>65</page.no>
        </subdebateinfo>
        <para>Engagement of Ms. Neville Cardus</para>
        <speech>
          <talk.start>
            <talker>
              <page.no>65</page.no>
              <time.stamp />
              <name.id>KQF</name.id>
              <electorate />
              <party />
              <role />
              <in.gov>0</in.gov>
              <first.speech>0</first.speech>
              <name role="metadata">LAMP, Charles</name>
              <name role="display">Senator LAMP</name>
            </talker>
            <para>asked the PostmasterGeneral, <inline font-style="italic">upon notice -</inline></para>
          </talk.start>
          <quote>
            <para>What are the terms of the engagement of <inline font-weight="bold">Mr. Neville</inline> Cardus with the Australian Broadcasting Commission? </para>
          </quote>
        </speech>
        <speech>
          <talk.start>
            <talker>
              <page.no>65</page.no>
              <time.stamp />
              <name.id>K0W</name.id>
              <electorate />
              <party>ALP</party>
              <role />
              <in.gov>1</in.gov>
              <first.speech>0</first.speech>
              <name role="metadata">ASHLEY, William</name>
              <name role="display">Senator ASHLEY</name>
            </talker>
            <para>- It is undesirable that the commission should disclose information regarding the terms of engagement of its artists because such information would be useful to competitive stations. </para>
          </talk.start>
        </speech>
      </subdebate.1>
    </debate>
    <debate>
      <debateinfo>
        <title>QUESTION</title>
        <page.no>66</page.no>
        <type>Questions</type>
      </debateinfo>
      <subdebate.1>
        <subdebateinfo>
          <title>VOLUNTEER DEFENCE CORPS</title>
          <page.no>66</page.no>
        </subdebateinfo>
        <speech>
          <talk.start>
            <talker>
              <page.no>66</page.no>
              <time.stamp />
              <name.id>KQF</name.id>
              <electorate />
              <party />
              <role />
              <in.gov>0</in.gov>
              <first.speech>0</first.speech>
              <name role="metadata">LAMP, Charles</name>
              <name role="display">Senator LAMP</name>
            </talker>
            <para>asked the Minister representing the Prime Minister, <inline font-style="italic">upon notice -</inline></para>
          </talk.start>
          <quote>
            <para>Will the Government issue instructions that all men exempt from military duty who are not engaged on munitions work are to perform a stated number of hours&#39; duty with the Volunteer Defence Corps each week? </para>
          </quote>
        </speech>
        <speech>
          <talk.start>
            <talker>
              <page.no>66</page.no>
              <time.stamp />
              <name.id>K7P</name.id>
              <electorate />
              <party>ALP</party>
              <role />
              <in.gov>1</in.gov>
              <first.speech>0</first.speech>
              <name role="metadata">COLLINGS, Joseph</name>
              <name role="display">Senator COLLINGS</name>
            </talker>
            <para>- The Prime Minister has supplied the following answer :  - </para>
          </talk.start>
          <quote>
            <para>Inquiries are being made and a reply will be furnished to the honorable senator as early as possible. </para>
          </quote>
        </speech>
      </subdebate.1>
    </debate>
    <debate>
      <debateinfo>
        <title>QUESTION</title>
        <page.no>66</page.no>
        <type>Questions</type>
      </debateinfo>
      <subdebate.1>
        <subdebateinfo>
          <title>VENEREAL DISEASE</title>
          <page.no>66</page.no>
        </subdebateinfo>
        <speech>
          <talk.start>
            <talker>
              <page.no>66</page.no>
              <time.stamp />
              <name.id>KQF</name.id>
              <electorate />
              <party />
              <role />
              <in.gov>0</in.gov>
              <first.speech>0</first.speech>
              <name role="metadata">LAMP, Charles</name>
              <name role="display">Senator LAMP</name>
            </talker>
            <para>asked the Minister representing the Minister for Health, <inline font-style="italic">upon notice -</inline></para>
          </talk.start>
          <list type="decimal-dotted">
            <item label="1.">
              <para>Is it a fact that the incidence of venereal disease is increasing in Australia? </para>
            </item>
            <item label="2.">
              <para>If so, will the Government call a conference of all State Health Departments to formulate and put into operation a comprehensive campaign against this disease? </para>
            </item>
          </list>
        </speech>
        <speech>
          <talk.start>
            <talker>
              <page.no>66</page.no>
              <time.stamp />
              <name.id>KE4</name.id>
              <electorate />
              <party>ALP</party>
              <role />
              <in.gov>1</in.gov>
              <first.speech>0</first.speech>
              <name role="metadata">KEANE, Richard</name>
              <name role="display">Senator KEANE</name>
            </talker>
            <para>- The Minister for Health has supplied the following answers :  - </para>
          </talk.start>
          <list type="decimal-dotted">
            <item label="1.">
              <para>There has recently been a slight increase. </para>
            </item>
            <item label="2.">
              <para>A special conference is not considered necessary in view of the efficient legislation and administration under State control. The subject will be considered at the next meeting of the National Health and Medical Research Council in November. </para>
            </item>
          </list>
          <para>The matter was considered at the Premiers Conference recently in Melbourne. </para>
        </speech>
      </subdebate.1>
    </debate>
    <debate>
      <debateinfo>
        <title>QUESTION</title>
        <page.no>66</page.no>
        <type>Questions</type>
      </debateinfo>
      <subdebate.1>
        <subdebateinfo>
          <title>VEGETABLE SEEDS</title>
          <page.no>66</page.no>
        </subdebateinfo>
        <speech>
          <talk.start>
            <talker>
              <page.no>66</page.no>
              <time.stamp />
              <name.id>KQF</name.id>
              <electorate />
              <party />
              <role />
              <in.gov>0</in.gov>
              <first.speech>0</first.speech>
              <name role="metadata">LAMP, Charles</name>
              <name role="display">Senator LAMP</name>
            </talker>
            <para>asked the Minister for Trade and Customs, <inline font-style="italic">upon notice -</inline></para>
          </talk.start>
          <list type="decimal-dotted">
            <item label="1.">
              <para>Will the Minister have an investigation made into the price of vegetable seeds now on sale in the retail market? </para>
            </item>
            <item label="2.">
              <para>Is it a fact that there is a difference of 2,200 per cent, between the retail price of onion seed and that offered by the Vegetable Seeds Committee? </para>
            </item>
            <item label="3.">
              <para>If so, will the Minister instruct the Prices Commissioner to fix the retail price more in keeping with the price offered by the Vegetable Seeds Committee? </para>
            </item>
          </list>
        </speech>
        <speech>
          <talk.start>
            <talker>
              <page.no>66</page.no>
              <time.stamp />
              <name.id>KE4</name.id>
              <electorate />
              <party>ALP</party>
              <role />
              <in.gov>1</in.gov>
              <first.speech>0</first.speech>
              <name role="metadata">KEANE, Richard</name>
              <name role="display">Senator KEANE</name>
            </talker>
            <para>- The answers to the honorable senator&#39;s questions are as follows :  - </para>
          </talk.start>
          <list type="decimal-dotted">
            <item label="1.">
              <para>The matter is at present being investigated. </para>
            </item>
            <item label="2.">
              <para>No. </para>
            </item>
            <item label="3.">
              <para>See answer to No. 2. </para>
            </item>
          </list>
        </speech>
      </subdebate.1>
    </debate>
    <debate>
      <debateinfo>
        <title>QUESTION</title>
        <page.no>66</page.no>
        <type>Questions</type>
      </debateinfo>
      <subdebate.1>
        <subdebateinfo>
          <title>LOAN FLOTATION</title>
          <page.no>66</page.no>
        </subdebateinfo>
        <speech>
          <talk.start>
            <talker>
              <page.no>66</page.no>
              <time.stamp />
              <name.id>JTR</name.id>
              <electorate />
              <party />
              <role />
              <in.gov>0</in.gov>
              <first.speech>0</first.speech>
              <name role="metadata">DARCEY, Richard</name>
              <name role="display">Senator DARCEY</name>
            </talker>
            <para>asked the Minister representing the Treasurer, <inline font-style="italic">upon notice -</inline></para>
          </talk.start>
          <list type="decimal-dotted">
            <item label="1.">
              <para>What was the total cost of floating the First Liberty Loan of &#163;35,000,000? </para>
            </item>
            <item label="2.">
              <para>What commission was paid to the private banks for their services in connexion with its flotation? </para>
            </item>
            <item label="3.">
              <para>When will the Government use the national credit through the Commonwealth Bank to raise the necessary credit for the prosecution of the war with interest-free money ? </para>
            </item>
          </list>
        </speech>
        <speech>
          <talk.start>
            <talker>
              <page.no>66</page.no>
              <time.stamp />
              <name.id>KE4</name.id>
              <electorate />
              <party>ALP</party>
              <role />
              <in.gov>1</in.gov>
              <first.speech>0</first.speech>
              <name role="metadata">KEANE, Richard</name>
              <name role="display">Senator KEANE</name>
            </talker>
            <para>- The Treasurer has supplied the following answers: - </para>
          </talk.start>
          <list type="decimal-dotted">
            <item label="1.">
              <para>&#163;134,332. </para>
            </item>
            <item label="2.">
              <para>&#163;32,678. The rate of commission has since been varied from a flat rate of 5s. per cent, to 5s. per cent, up to &#163;5,000 and 2s. 6d. per cent, thereafter. </para>
            </item>
            <item label="3.">
              <para>This subject is dealt with in my budget speech. </para>
            </item>
          </list>
        </speech>
      </subdebate.1>
    </debate>
    <debate>
      <debateinfo>
        <title>CUSTOMS TARIFF VALIDATION BILL 1942</title>
        <page.no>66</page.no>
        <type>bill</type>
      </debateinfo>
      <para>Bill received from the House of Representatives. </para>
      <para>Standing and Sessional Orders suspended. </para>
      <para>Bill (on motion by <inline font-weight="bold">Senator Keane)</inline> read a first time. </para>
      <subdebate.1>
        <subdebateinfo>
          <title>Second Reading</title>
          <page.no>66</page.no>
        </subdebateinfo>
        <speech>
          <talk.start>
            <talker>
              <page.no>66</page.no>
              <time.stamp />
              <name.id>KE4</name.id>
              <electorate>Victoria</electorate>
              <party>ALP</party>
              <role>Minister for Trade and Customs</role>
              <in.gov>1</in.gov>
              <first.speech>0</first.speech>
              <name role="metadata">KEANE, Richard</name>
              <name role="display">Senator KEANE</name>
            </talker>
            <para>.- I move - </para>
          </talk.start>
          <quote>
            <para class="block">That the bill be now read a second time. </para>
          </quote>
          <para class="block">The purpose of this bill is to validate up to, and including, the 5th March, 1943, the collection of duties under Customs Tariff Proposals No. 7, of the 5th March, 1942. As honorable senators will realize, time has not permitted the debating of these proposals, and unless they are validated by the 5th September, 1942, the authority to collect duty thereunder will lapse, and the revenue will be seriously affected. </para>
          <para>Question resolved in the affirmative. </para>
          <para>Bill read a second time, and passed through its remaining stages without requests or debate. </para>
        </speech>
      </subdebate.1>
    </debate>
    <debate>
      <debateinfo>
        <title>CUSTOMS TARIFF (EXCHANGE ADJUSTMENT) VALIDATION BILL 1942</title>
        <page.no>66</page.no>
        <type>bill</type>
      </debateinfo>
      <para>Bill received from the House of Representatives. </para>
      <para>Standing and Sessional Orders suspended. </para>
      <para>Bill (on motion by <inline font-weight="bold">Senator Keane)</inline> read a first time. </para>
      <para>Secondreading. </para>
      <speech>
        <talk.start>
          <talker>
            <page.no>67</page.no>
            <time.stamp />
            <name.id>KE4</name.id>
            <electorate>Victoria</electorate>
            <party>ALP</party>
            <role>Minister for Trade and Customs</role>
            <in.gov>1</in.gov>
            <first.speech>0</first.speech>
            <name role="metadata">KEANE, Richard</name>
            <name role="display">Senator KEANE</name>
          </talker>
          <para>.- I move - </para>
        </talk.start>
        <para>That the bill be now read a second time. </para>
        <para>This measure is incidental to the Customs Tariff Validation Bill 1942 and proposes to validate until the 5th March, 1943, the exchange adjustment alterations made by Customs Tariff (Exchange Adjustment) Proposals of the 5th March, 1942. </para>
        <para>Question resolved in the affirmative. </para>
        <para>Bill read a second time, and passed through its remaining stages without requests or debate. </para>
      </speech>
    </debate>
    <debate>
      <debateinfo>
        <title>CUSTOMS TARIFF (SPECIAL WAR DUTY) VALIDATION BILL 1942</title>
        <page.no>67</page.no>
        <type>bill</type>
      </debateinfo>
      <para>Bill received from the House of Representatives. </para>
      <para>Standing and Sessional Orders suspended. </para>
      <para>Bill (on motion by <inline font-weight="bold">Senator Keane)</inline> read a first time. </para>
      <para>Secondreading. </para>
      <speech>
        <talk.start>
          <talker>
            <page.no>67</page.no>
            <time.stamp />
            <name.id>KE4</name.id>
            <electorate>Victoria</electorate>
            <party>ALP</party>
            <role>Minister for Trade and Customs</role>
            <in.gov>1</in.gov>
            <first.speech>0</first.speech>
            <name role="metadata">KEANE, Richard</name>
            <name role="display">Senator KEANE</name>
          </talker>
          <para>. - I move - </para>
        </talk.start>
        <para>That the bill be now reada second time. </para>
        <para>This bill is introduced for the purpose of validating until the 5th March, 1943, the collection of the special war duty imposed by proposals of the 5th March, 1942. The special war duty was imposed for war-time revenue purposes. Time does not permit the debating of the proposals at present, and validation of the collections of duty thereunder is necessary in order to protect the revenue. </para>
        <para>Question resolved in the affirmative. </para>
        <para>Bill read a second time, and passed through its remaining stages without requests or debate. </para>
      </speech>
    </debate>
    <debate>
      <debateinfo>
        <title>CUSTOMS TARIFF (NEW ZEALAND PREFERENCE) VALIDATION BILL 1942</title>
        <page.no>67</page.no>
        <type>bill</type>
      </debateinfo>
      <para>Bill received from the House of Representatives. </para>
      <para>Standing and Sessional Orders suspended. </para>
      <para>Bill (on motion by <inline font-weight="bold">Senator</inline> Keane)  read a first time. </para>
      <subdebate.1>
        <subdebateinfo>
          <title>Second Reading</title>
          <page.no>67</page.no>
        </subdebateinfo>
        <speech>
          <talk.start>
            <talker>
              <page.no>67</page.no>
              <time.stamp />
              <name.id>KE4</name.id>
              <electorate>Victoria</electorate>
              <party>ALP</party>
              <role>Minister for Trade and Customs</role>
              <in.gov>1</in.gov>
              <first.speech>0</first.speech>
              <name role="metadata">KEANE, Richard</name>
              <name role="display">Senator KEANE</name>
            </talker>
            <para>. -I move - </para>
          </talk.start>
          <quote>
            <para>That the bill be now read a second time. </para>
          </quote>
          <para>The Customs Tariff (New Zealand Preference) proposals of 5th March, 1942, provide for the imposition of a special duty on chewing gum confectionery of New Zealand origin, and this bill seeks to validate the collection of duty under the proposal until the 5th March, 1943. </para>
          <para>Question resolved in the affirmative. </para>
          <para>Bill read a second time, and passed through its remaining stages without requests or debate. </para>
        </speech>
      </subdebate.1>
    </debate>
    <debate>
      <debateinfo>
        <title>CUSTOMS TARIFF (CANADIAN PREFERENCE) VALIDATION BILL 1942</title>
        <page.no>67</page.no>
        <type>bill</type>
      </debateinfo>
      <para>Bill received from the House of Repre- , sentatives. </para>
      <para>Standing and Sessional Orders suspended. </para>
      <para>Bill (on motion by <inline font-weight="bold">Senator Keane)</inline> read a first time. </para>
      <subdebate.1>
        <subdebateinfo>
          <title>Second Reading</title>
          <page.no>67</page.no>
        </subdebateinfo>
        <speech>
          <talk.start>
            <talker>
              <page.no>67</page.no>
              <time.stamp />
              <name.id>KE4</name.id>
              <electorate>Victoria</electorate>
              <party>ALP</party>
              <role>Minister for Trade and Customs</role>
              <in.gov>1</in.gov>
              <first.speech>0</first.speech>
              <name role="metadata">KEANE, Richard</name>
              <name role="display">Senator KEANE</name>
            </talker>
            <para>.- I move - </para>
          </talk.start>
          <quote>
            <para class="block">That thebill be now read a second time. </para>
          </quote>
          <para class="block">This bill provides for the validation of the collection of the protective duty imposed on lifting jacks of Canadian origin by Customs Tariff (Canadian Preference) proposals of the 5th March, 1942. The period of validation is the same as for the other tariff proposals, namely, until the 5th March, 1943. </para>
          <para>Question resolved in the affirmative. </para>
          <para>Bill read a second time, and passed through its remaining stages without requests or debate. </para>
        </speech>
      </subdebate.1>
    </debate>
    <debate>
      <debateinfo>
        <title>JOINT COMMITTEE ON WAR EXPENDITURE</title>
        <page.no>67</page.no>
        <type>miscellaneous</type>
      </debateinfo>
      <para>Message received from the House of Representatives intimating that <inline font-weight="bold">Mr. Rosevear</inline> had been discharged from attendance on the Joint Committee on War Expenditure. </para>
    </debate>
    <debate>
      <debateinfo>
        <title>BROADCASTING COMMITTEE</title>
        <page.no>68</page.no>
        <type>miscellaneous</type>
      </debateinfo>
      <para>Message received from the House of Representatives intimating that the following members had been appointed members of the Broadcasting Committee : <inline font-weight="bold">Mr. Barnard, Mr. Calwell, Mr. Johnson, Sir Charles</inline> Marr, <inline font-weight="bold">Dr. Price,</inline> and <inline font-weight="bold">Mr. Riordan.</inline></para>
      <para>Motion (by <inline font-weight="bold">Senator Ashley)</inline> - <inline font-style="italic">by leave</inline> - agreed to - </para>
      <quote>
        <para>That, in accordance with the provisions of the Australian Broadcasting Act 1942, the following senators be appointed members of the Parliamentary Standing Committee on Broadcasting: - <inline font-weight="bold">Senator Amour, Senator Cooper,</inline> and <inline font-weight="bold">Senator Herbert</inline> Hays. </para>
      </quote>
    </debate>
    <debate>
      <debateinfo>
        <title>INTERNATIONAL AFFAIRS</title>
        <page.no>68</page.no>
        <type>miscellaneous</type>
      </debateinfo>
      <subdebate.1>
        <subdebateinfo>
          <title>Review of War Situation</title>
          <page.no>68</page.no>
        </subdebateinfo>
        <speech>
          <talk.start>
            <talker>
              <page.no>68</page.no>
              <time.stamp />
              <name.id>K0W</name.id>
              <electorate>New South Wales</electorate>
              <party>ALP</party>
              <role>Postmaster-General</role>
              <in.gov>1</in.gov>
              <first.speech>0</first.speech>
              <name role="metadata">ASHLEY, William</name>
              <name role="display">Senator ASHLEY</name>
            </talker>
            <para>- <inline font-style="italic">by leave</inline> - read a copy of the ministerial statement delivered in the House of Representatives by the Minister for External Affairs <inline font-weight="bold">(Dr. Evatt)</inline> (vide p. 78), and moved - </para>
          </talk.start>
          <quote>
            <para>That the paper be printed. </para>
          </quote>
          <para>Debate (on motion by <inline font-weight="bold">Senator McLeay)</inline> adjourned. </para>
        </speech>
      </subdebate.1>
    </debate>
    <debate>
      <debateinfo>
        <title>WAR SITUATION</title>
        <page.no>68</page.no>
        <type>miscellaneous</type>
      </debateinfo>
      <subdebate.1>
        <subdebateinfo>
          <title>Secret Meeting of Senators and Members</title>
          <page.no>68</page.no>
        </subdebateinfo>
        <para>Motion (by <inline font-weight="bold">Senator Collings)</inline> - <inline font-style="italic">by leave</inline> - agreed to - </para>
        <quote>
          <para>That a joint meeting of members of the Senate and of the House of Representatives be convened this day for the purpose of discussing in secret the present war and hearing confidential reports in relation thereto. </para>
        </quote>
      </subdebate.1>
    </debate>
    <debate>
      <debateinfo>
        <title>SPECIAL ADJOURNMENT</title>
        <page.no>68</page.no>
        <type>special adjournment</type>
      </debateinfo>
      <para>Motion (by <inline font-weight="bold">Senator Oolongs)</inline> agreed to- </para>
      <quote>
        <para>That the Senate, at its rising, adjourn to Thursday next at 3 p.m. </para>
      </quote>
    </debate>
    <debate>
      <debateinfo>
        <title>PAPERS</title>
        <page.no>68</page.no>
        <type>papers</type>
      </debateinfo>
      <para>The following papers were presented :  - </para>
      <quote>
        <para>Defence Act -Royal Military College - Report for 1941. </para>
        <para>National Security Act - </para>
        <para>National Security (General) Regulations - Orders - </para>
        <para>Prohibiting work on land (12). </para>
        <para>Taking possession of land, &#38;c. (84) . </para>
        <para>Use  of land (8). </para>
      </quote>
    </debate>
    <adjournment>
      <adjournmentinfo>
        <page.no>68</page.no>
        <time.stamp>16:18:00</time.stamp>
      </adjournmentinfo>
      <para class="block">Senate adjourned at 4.18 p.m. </para>
    </adjournment>
  </chamber.xscript>
</hansard>
