<?xml version="1.0" encoding="utf-8"?>
<hansard xsi:noNamespaceSchemaLocation="../../hansard.xsd" version="2.1" xmlns:xsi="http://www.w3.org/2001/XMLSchema-instance">
  <session.header>
    <date>1905-07-26</date>
    <parliament.no>2</parliament.no>
    <session.no>2</session.no>
    <period.no>0</period.no>
    <chamber>REPS</chamber>
    <page.no>180</page.no>
    <proof>0</proof>
  </session.header>
  <chamber.xscript>
    <para class="block">House of Representatives. </para>
    <business.start>
      <day.start>1905-07-26</day.start>
      <para>
        <inline font-weight="bold">Mr.</inline>Speaker  took the chair at  2.30  p.m., and read prayers. </para>
      <para>SUPPLY BILL (No. 1). </para>
      <para>Assent reported. </para>
    </business.start>
    <debate>
      <debateinfo>
        <title>PETITIONS</title>
        <page.no>180</page.no>
        <type>petition</type>
      </debateinfo>
      <para>
        <inline font-weight="bold">Mr. CROUCH</inline>presented a petition from certain residents of Werribee, praying that stringent legislation be enacted to prevent the importation of opium for smoking purposes into the Commonwealth. </para>
      <para> <inline font-weight="bold">Sir GEORGE</inline> TURNER presented two similar petitions from certain residents of Ormond and elsewhere, and from J. G. Davies and others. </para>
      <para>Mir. DEAKIN presented two similar, petitions from certain residents of Ballarat. </para>
      <para>
        <inline font-weight="bold">Mr. KNOX</inline>presented two similar petitions from certain residents of Malvern and Canterbury and elsewhere. </para>
      <para>
        <inline font-weight="bold">Mr. McLEAN</inline>presented a similar petition from certain residents of Orbost. </para>
      <para>
        <inline font-weight="bold">Mr. HUME</inline>COOK presented a similar petition from certain residents of Northcote and elsewhere. </para>
      <para>Petitions received. </para>
    </debate>
    <debate>
      <debateinfo>
        <title>PAPERS</title>
        <page.no>181</page.no>
        <type>papers</type>
      </debateinfo>
      <para>MINISTERS laid upon the table the following papers : - </para>
      <quote>
        <para>Pursuant to the Conciliation and Arbitration Act 1904 : - Provisional regulations dated 26th January, 1905, Statutory Rules 1905, No. 12 ; provisional regulations* dated 5th April, 1905, and repeal of those dated 26th January, 1905, Statutory Rules 1905, No. 23. </para>
        <para>Pursuant to tlie &#39;Audit Act 1901 : - Transfers of amounts approved by the Governor-General in. Council for the financial year 1904-5, dated 5th and 21st July, 1905. </para>
        <para>Pursuant to trie Public Service Act 1902 : - Regulations Nos. 36 and 104, officers to obey summons, &#38;&#60;;., Statutory Rules 1905, No. 46; No. 8q.\, Furlough, Statutory Rules 1905, No. 41 ; No. 155, Allowances in PostmasterGeneral&#39;s Department, Statutory Rules 1905, No. 42. </para>
      </quote>
      <para>The  Clerk  laid upon the table </para>
      <para class="block">Return to an Order of the House, dated 16th November, 1905, relating to the sugar mills erected in Queensland for the cost of which the State Government is responsible. </para>
    </debate>
    <debate>
      <debateinfo>
        <title>QUESTION</title>
        <page.no>181</page.no>
        <type>Questions</type>
      </debateinfo>
      <subdebate.1>
        <subdebateinfo>
          <title>IMPERIAL CONFERENCE ON SHIPPING LAW</title>
          <page.no>181</page.no>
        </subdebateinfo>
        <speech>
          <talk.start>
            <talker>
              <page.no>181</page.no>
              <time.stamp />
              <name.id>KDD</name.id>
              <electorate>SOUTH SYDNEY, NEW SOUTH WALES</electorate>
              <party>FT</party>
              <role />
              <in.gov>0</in.gov>
              <first.speech>0</first.speech>
              <name role="metadata">EDWARDS, George</name>
              <name role="display">Mr G B EDWARDS</name>
            </talker>
            <para>- I wish to ask the Prime Minister, without notice, whether he will cause to be laid on the table of this House copies of any despatch or other documents received from the Secretary of State for the Colonies on the subject of a proposed Imperial Conference of representatives of various parts of the Empire, with a view to establishing a Common Navigation and Merchant Shipping Law for the British nation; and whether the Government intend to take any action in the matter? </para>
          </talk.start>
        </speech>
        <speech>
          <talk.start>
            <talker>
              <page.no>181</page.no>
              <time.stamp />
              <name.id>009MD</name.id>
              <electorate>BALLAARAT, VICTORIA</electorate>
              <party>Protectionist</party>
              <role>Minister for External Affairs</role>
              <in.gov>1</in.gov>
              <first.speech>0</first.speech>
              <name role="metadata">DEAKIN, Alfred</name>
              <name role="display">Mr DEAKIN</name>
            </talker>
            <para>- I will lay the despatch on the table with pleasure. The Government has the matter now under its consideration. </para>
          </talk.start>
        </speech>
      </subdebate.1>
    </debate>
    <debate>
      <debateinfo>
        <title>QUESTION</title>
        <page.no>181</page.no>
        <type>Questions</type>
      </debateinfo>
      <subdebate.1>
        <subdebateinfo>
          <title>GERMAN PENAL SETTLEMENT IN THE ADMIRALTY ISLANDS</title>
          <page.no>181</page.no>
        </subdebateinfo>
        <speech>
          <talk.start>
            <talker>
              <page.no>181</page.no>
              <time.stamp />
              <name.id>K99</name.id>
              <electorate>LANG, NEW SOUTH WALES</electorate>
              <party />
              <role />
              <in.gov>0</in.gov>
              <first.speech>0</first.speech>
              <name role="metadata">JOHNSON, Elliot</name>
              <name role="display">Mr JOHNSON</name>
            </talker>
            <para>- I wish to ask the Prime Minister, without notice, if he has reason to believe that there is truth in the report published in the newspapers to the effect that it is proposed to establish a penal settlement in the  Admiralty  Islands under the auspices of the German Government. If so, will he enter a protest against any action of the kind ? </para>
          </talk.start>
        </speech>
        <speech>
          <talk.start>
            <talker>
              <page.no>181</page.no>
              <time.stamp />
              <name.id>009MD</name.id>
              <electorate />
              <party>Protectionist</party>
              <role />
              <in.gov>1</in.gov>
              <first.speech>0</first.speech>
              <name role="metadata">DEAKIN, Alfred</name>
              <name role="display">Mr DEAKIN</name>
            </talker>
            <para>- The newspaper statement referred to has been before me, and I  tam  endeavouring to discover the authority for it. If the report be justified, action will certainly be taken. </para>
          </talk.start>
        </speech>
      </subdebate.1>
    </debate>
    <debate>
      <debateinfo>
        <title>QUESTION</title>
        <page.no>181</page.no>
        <type>Questions</type>
      </debateinfo>
      <subdebate.1>
        <subdebateinfo>
          <title>COTTON CULTURE</title>
          <page.no>181</page.no>
        </subdebateinfo>
        <speech>
          <talk.start>
            <talker>
              <page.no>181</page.no>
              <time.stamp />
              <name.id>L0Y</name.id>
              <electorate>MORETON, QUEENSLAND</electorate>
              <party />
              <role />
              <in.gov>0</in.gov>
              <first.speech>0</first.speech>
              <name role="metadata">WILKINSON, James</name>
              <name role="display">Mr WILKINSON</name>
            </talker>
            <para>- I wish to ask the Minister of Trade and Customs if he will lay on the table the report on cotton culture made by <inline font-weight="bold">Mr. J.</inline> Bottomley, and a <inline font-style="italic">precis</inline> of the information on the subject, placed before his department by <inline font-weight="bold">Mr. Daniel</inline> Jones, of the Queensland Agricultural Department ? </para>
          </talk.start>
        </speech>
        <speech>
          <talk.start>
            <talker>
              <page.no>181</page.no>
              <time.stamp />
              <name.id>KIN</name.id>
              <electorate>HUME, NEW SOUTH WALES</electorate>
              <party>Protectionist</party>
              <role>Minister for Trade and Customs</role>
              <in.gov>1</in.gov>
              <first.speech>0</first.speech>
              <name role="metadata">LYNE, William</name>
              <name role="display">Sir WILLIAM LYNE</name>
            </talker>
            <para>- I have no objection to doing so. </para>
          </talk.start>
        </speech>
      </subdebate.1>
    </debate>
    <debate>
      <debateinfo>
        <title>PUBLIC SERVICE APPEALS</title>
        <page.no>181</page.no>
        <type>miscellaneous</type>
      </debateinfo>
      <speech>
        <talk.start>
          <talker>
            <page.no>181</page.no>
            <time.stamp />
            <name.id>K4I</name.id>
            <electorate>BOURKE, VICTORIA</electorate>
            <party>PROT</party>
            <role />
            <in.gov>0</in.gov>
            <first.speech>0</first.speech>
            <name role="metadata">COOK, James</name>
            <name role="display">Mr HUME COOK</name>
          </talker>
          <para>- It is asserted that effect has not been given to certain appeals dealt with by the Appeal Board, instituted under the Public Service Act. I therefore ask the Minister of Home Affairs if it is true that, although certain appeals have been unanimously upheld by the Appeal Board, they have nevertheless been set aside by the Public Service Commissioner. </para>
        </talk.start>
      </speech>
      <speech>
        <talk.start>
          <talker>
            <page.no>181</page.no>
            <time.stamp />
            <name.id>KFK</name.id>
            <electorate>DARLING DOWNS, QUEENSLAND</electorate>
            <party>Protectionist</party>
            <role>Minister for Home Affairs</role>
            <in.gov>1</in.gov>
            <first.speech>0</first.speech>
            <name role="metadata">GROOM, Littleton</name>
            <name role="display">Mr GROOM</name>
          </talker>
          <para>- -Yes; but the Commissioner, in arriving at his decisions, had to view each case as it affected others throughout the Commonwealth. He alone has a full knowledge of the circumstances of the other States^ and of the effect of the appeals on the public expenditure. </para>
        </talk.start>
      </speech>
    </debate>
    <debate>
      <debateinfo>
        <title>QUESTION</title>
        <page.no>181</page.no>
        <type>Questions</type>
      </debateinfo>
      <subdebate.1>
        <subdebateinfo>
          <title>LANDING OF A CABLE IN QUEENSLAND</title>
          <page.no>181</page.no>
        </subdebateinfo>
        <speech>
          <talk.start>
            <talker>
              <page.no>181</page.no>
              <time.stamp />
              <name.id>JNV</name.id>
              <electorate>HERBERT, QUEENSLAND</electorate>
              <party />
              <role />
              <in.gov>0</in.gov>
              <first.speech>0</first.speech>
              <name role="metadata">BAMFORD, Frederick</name>
              <name role="display">Mr BAMFORD</name>
            </talker>
            <para>- Will the Minister of External Affairs lay on the table all paper&#39;s and correspondence in connexion with an application by  a  German trading company for permission to land a telegraphic cable on the coast of Queensland? </para>
          </talk.start>
        </speech>
        <speech>
          <talk.start>
            <talker>
              <page.no>181</page.no>
              <time.stamp />
              <name.id>009MD</name.id>
              <electorate />
              <party>Protectionist</party>
              <role />
              <in.gov>1</in.gov>
              <first.speech>0</first.speech>
              <name role="metadata">DEAKIN, Alfred</name>
              <name role="display">Mr DEAKIN</name>
            </talker>
            <para>- I am not aware of any objection to doing so, but before making, a promise on the subject, will look through the papers. </para>
          </talk.start>
        </speech>
      </subdebate.1>
    </debate>
    <debate>
      <debateinfo>
        <title>QUESTION</title>
        <page.no>182</page.no>
        <type>Questions</type>
      </debateinfo>
      <subdebate.1>
        <subdebateinfo>
          <title>STATE INFRINGEMENT OF COMMONWEALTH POWERS</title>
          <page.no>182</page.no>
        </subdebateinfo>
        <speech>
          <talk.start>
            <talker>
              <page.no>182</page.no>
              <time.stamp />
              <name.id>KQP</name.id>
              <electorate>KENNEDY, QUEENSLAND</electorate>
              <party />
              <role />
              <in.gov>0</in.gov>
              <first.speech>0</first.speech>
              <name role="metadata">MCDONALD, Charles</name>
              <name role="display">Mr MCDONALD</name>
            </talker>
            <para>- Has the attention of the Minister of External Affairs been drawn to the newspaper account of a question asked in the Legislative Assembly of New South Wales yesterday, and replied to by the Premier of that State. <inline font-weight="bold">Mr. Cohen</inline> is reported to have asked if instructions had been sent to the Acting AgentGeneral with regard to the Marshall Islands trouble, to which <inline font-weight="bold">Mr. Carruthers</inline> is reported to have replied that the Acting Agent-General had been instructed to make representations to the Imperial Government with respect to the position of Australian traders in the Marshall Islands. Will the Prime Minister give us his opinion as to whether this action of the Government of New South Wales is not an infringement of the powers of the Minister of External Affairs in dealing; with matters outside the Commonwealth ? </para>
          </talk.start>
        </speech>
        <speech>
          <talk.start>
            <talker>
              <page.no>182</page.no>
              <time.stamp />
              <name.id>009MD</name.id>
              <electorate />
              <party>Protectionist</party>
              <role />
              <in.gov>1</in.gov>
              <first.speech>0</first.speech>
              <name role="metadata">DEAKIN, Alfred</name>
              <name role="display">Mr DEAKIN</name>
            </talker>
            <para>- There has been no infringement of rights, but an act of courteous assistance. The Premier of New South Wales communicated with the Department of External Affairs in reference to this matter, and sent the instructions referred to with our concurrence.. </para>
          </talk.start>
        </speech>
      </subdebate.1>
    </debate>
    <debate>
      <debateinfo>
        <title>QUESTION</title>
        <page.no>182</page.no>
        <type>Questions</type>
      </debateinfo>
      <subdebate.1>
        <subdebateinfo>
          <title>CAPITAL SITE</title>
          <page.no>182</page.no>
        </subdebateinfo>
        <speech>
          <talk.start>
            <talker>
              <page.no>182</page.no>
              <time.stamp />
              <name.id>KYD</name.id>
              <electorate>GREY, SOUTH AUSTRALIA</electorate>
              <party />
              <role />
              <in.gov>0</in.gov>
              <first.speech>0</first.speech>
              <name role="metadata">POYNTON, Alexander</name>
              <name role="display">Mr POYNTON</name>
            </talker>
            <para>- Has any progress been made towards settling the site of the Federal Capital  territory? </para>
          </talk.start>
        </speech>
        <speech>
          <talk.start>
            <talker>
              <page.no>182</page.no>
              <time.stamp />
              <name.id>KFK</name.id>
              <electorate />
              <party>Protectionist</party>
              <role />
              <in.gov>1</in.gov>
              <first.speech>0</first.speech>
              <name role="metadata">GROOM, Littleton</name>
              <name role="display">Mr GROOM</name>
            </talker>
            <para>- The subject is now the matter of correspondence between the Commonwealth and the Government of New South Wales. </para>
          </talk.start>
        </speech>
      </subdebate.1>
    </debate>
    <debate>
      <debateinfo>
        <title>QUESTION</title>
        <page.no>182</page.no>
        <type>Questions</type>
      </debateinfo>
      <subdebate.1>
        <subdebateinfo>
          <title>INTER-STATE TRADE,</title>
          <page.no>182</page.no>
        </subdebateinfo>
        <speech>
          <talk.start>
            <talker>
              <page.no>182</page.no>
              <time.stamp />
              <name.id>KZH</name.id>
              <electorate>WANNON, VICTORIA</electorate>
              <party />
              <role />
              <in.gov>0</in.gov>
              <first.speech>0</first.speech>
              <name role="metadata">ROBINSON, Arthur</name>
              <name role="display">Mr ROBINSON</name>
            </talker>
            <para>- Will the Minister of Trade and Customs furnish honorable members with the figures relating to InterState exports, some extracts from which are published in this morning&#39;s newspapers ? </para>
          </talk.start>
        </speech>
        <speech>
          <talk.start>
            <talker>
              <page.no>182</page.no>
              <time.stamp />
              <name.id>KIN</name.id>
              <electorate />
              <party>Protectionist</party>
              <role />
              <in.gov>1</in.gov>
              <first.speech>0</first.speech>
              <name role="metadata">LYNE, William</name>
              <name role="display">Sir WILLIAM LYNE</name>
            </talker>
            <para>- I have no objection to laving the paper on the table. </para>
          </talk.start>
        </speech>
        <speech>
          <talk.start>
            <talker>
              <page.no>182</page.no>
              <time.stamp />
              <name.id>KYT</name.id>
              <electorate>KOOYONG, VICTORIA</electorate>
              <party />
              <role />
              <in.gov>0</in.gov>
              <first.speech>0</first.speech>
              <name role="metadata">KNOX, William</name>
              <name role="display">Mr KNOX</name>
            </talker>
            <para>- Has the Treasurer any objection to laying on the table a return prepared for the late Treasurer bv the Commissioner of Customs, showing the effect upon the trade between the States of the introduction of a uniform Tariff? </para>
          </talk.start>
        </speech>
        <speech>
          <talk.start>
            <talker>
              <page.no>182</page.no>
              <time.stamp />
              <name.id>KFJ</name.id>
              <electorate>SWAN, WESTERN AUSTRALIA</electorate>
              <party>Protectionist</party>
              <role>Treasurer</role>
              <in.gov>1</in.gov>
              <first.speech>0</first.speech>
              <name role="metadata">FORREST, John</name>
              <name role="display">Sir JOHN FORREST</name>
            </talker>
            <para>- I have not seen the paper to which the honorable mem&#34;ber refers,; unless it is that about which the honorable member for Wannon has asked a question, and from, which extracts were published in this morning&#39;s newspapers. If the honorable member will give notice of his question, I will look into the matter. </para>
          </talk.start>
        </speech>
      </subdebate.1>
    </debate>
    <debate>
      <debateinfo>
        <title>QUESTION</title>
        <page.no>182</page.no>
        <type>Questions</type>
      </debateinfo>
      <subdebate.1>
        <subdebateinfo>
          <title>CUSTOMS VALUATION OF IMPORTS</title>
          <page.no>182</page.no>
        </subdebateinfo>
        <speech>
          <talk.start>
            <talker>
              <page.no>182</page.no>
              <time.stamp />
              <name.id>F4R</name.id>
              <electorate>BLAND, NEW SOUTH WALES</electorate>
              <party />
              <role />
              <in.gov>0</in.gov>
              <first.speech>0</first.speech>
              <name role="metadata">WATSON, John Christian</name>
              <name role="display">Mr WATSON</name>
            </talker>
            <para>- Has the attention of the Minister of Trade and Customs been drawn to the statements which have appeared in the press at intervals as to the persistent undervaluation of imports for Customs purposes ? If so, can he inform the House as to what course he purposes to take in regard to the matter, and more particularly as to whether goods will be charged Customs duty on their free-on-board value at their port of shipment, or on the value shown bv the factorv invoiced1 prices. </para>
          </talk.start>
        </speech>
        <speech>
          <talk.start>
            <talker>
              <page.no>182</page.no>
              <time.stamp />
              <name.id>KIN</name.id>
              <electorate />
              <party>Protectionist</party>
              <role />
              <in.gov>1</in.gov>
              <first.speech>0</first.speech>
              <name role="metadata">LYNE, William</name>
              <name role="display">Sir WILLIAM LYNE</name>
            </talker>
            <para>- The matter has been under my consideration, and under that of the Government. The papers disclose that there has been a good deal of trouble - I will not say more - in getting at the true value of the goods exported here from other countries. It is our intention to adopt the free-on-board valuation at the port of shipment. </para>
          </talk.start>
        </speech>
      </subdebate.1>
    </debate>
    <debate>
      <debateinfo>
        <title>QUESTION</title>
        <page.no>182</page.no>
        <type>Questions</type>
      </debateinfo>
      <subdebate.1>
        <subdebateinfo>
          <title>DUTY ON CORNSACKS</title>
          <page.no>182</page.no>
        </subdebateinfo>
        <speech>
          <talk.start>
            <talker>
              <page.no>182</page.no>
              <time.stamp />
              <name.id>KWL</name.id>
              <electorate>for Mr. Maloney</electorate>
              <party />
              <role />
              <in.gov>0</in.gov>
              <first.speech>0</first.speech>
              <name role="metadata">TUDOR, Frank</name>
              <name role="display">Mr TUDOR</name>
            </talker>
            <para>asked the Minister of Trade and Customs, <inline font-style="italic">upon notice -</inline></para>
          </talk.start>
          <quote>
            <para>Whether he will inform the House why the Tariff has been altered in order to compel certain cornsacks, known as &#34; 6 Porter 8 shot,&#34; to be specially branded upon each sack - such sacks being the same size and weight as &#34;8 Porter 9 shot&#34; cornsacks? </para>
          </quote>
        </speech>
        <speech>
          <talk.start>
            <talker>
              <page.no>182</page.no>
              <time.stamp />
              <name.id>KIN</name.id>
              <electorate />
              <party>Protectionist</party>
              <role />
              <in.gov>1</in.gov>
              <first.speech>0</first.speech>
              <name role="metadata">LYNE, William</name>
              <name role="display">Sir WILLIAM LYNE</name>
            </talker>
            <para>- The answer to the honorable member&#39;s question is as follows : - </para>
          </talk.start>
          <quote>
            <para>No alteration of the Tariff has been made. All that has been done is that the GovernorGeneral in Council has exercised powers conferred by the Customs Act to remedy a serious evil affecting Australian producers. </para>
          </quote>
        </speech>
      </subdebate.1>
    </debate>
    <debate>
      <debateinfo>
        <title>QUESTION</title>
        <page.no>182</page.no>
        <type>Questions</type>
      </debateinfo>
      <subdebate.1>
        <subdebateinfo>
          <title>DISMISSAL OF NICHOLAS HART</title>
          <page.no>182</page.no>
        </subdebateinfo>
        <speech>
          <talk.start>
            <talker>
              <page.no>182</page.no>
              <time.stamp />
              <name.id>K87</name.id>
              <electorate>BRISBANE. QLD</electorate>
              <party />
              <role />
              <in.gov>0</in.gov>
              <first.speech>0</first.speech>
              <name role="metadata">CULPIN, Millice</name>
              <name role="display">Mr CULPIN</name>
            </talker>
            <para>asked the PostmasterGeneral, <inline font-style="italic">upon notice -</inline></para>
          </talk.start>
          <list type="decimal-dotted">
            <item label="1">
              <para>. &#34; Whether he has any objection to lay upon the table of the House a copy of all papers and correspondence relating to the suspension and dismissal from the service of Nicholas Hart? </para>
            </item>
            <item label="2.">
              <para>What was the total cost of the examination held by the Department in respect to this matter? </para>
            </item>
            <item label="3.">
              <para>Is it correct that the said Nicholas Hart was under suspension for several months, and was paid full pay during the whole term of his suspension ? </para>
            </item>
          </list>
        </speech>
        <speech>
          <talk.start>
            <talker>
              <page.no>183</page.no>
              <time.stamp />
              <name.id>JX7</name.id>
              <electorate>EDEN-MONARO, NEW SOUTH WALES</electorate>
              <party>Protectionist</party>
              <role>Postmaster-General</role>
              <in.gov>1</in.gov>
              <first.speech>0</first.speech>
              <name role="metadata">CHAPMAN, Austin</name>
              <name role="display">Mr AUSTIN CHAPMAN</name>
            </talker>
            <para>- The answer to the honorable member&#39;s question is as follows: - </para>
          </talk.start>
          <para>As this case is shortly to come before the Courts, it is not considered desirable to answer these questions at present. </para>
        </speech>
      </subdebate.1>
    </debate>
    <debate>
      <debateinfo>
        <title>QUESTION</title>
        <page.no>183</page.no>
        <type>Questions</type>
      </debateinfo>
      <subdebate.1>
        <subdebateinfo>
          <title>CHIEF CLERK OF STORES</title>
          <page.no>183</page.no>
        </subdebateinfo>
        <speech>
          <talk.start>
            <talker>
              <page.no>183</page.no>
              <time.stamp />
              <name.id>KXK</name.id>
              <electorate>MACQUARIE, NEW SOUTH WALES</electorate>
              <party />
              <role />
              <in.gov>0</in.gov>
              <first.speech>0</first.speech>
              <name role="metadata">WEBSTER, William</name>
              <name role="display">Mr WEBSTER</name>
            </talker>
            <para>asked the PostmasterGeneral, <inline font-style="italic">upon notice -</inline></para>
          </talk.start>
          <list type="decimal-dotted">
            <item label="1.">
              <para>If applications were invited through the press and <inline font-style="italic">Commonwealth Gazette</inline> for the position of Chief Clerk of Stores in the Postal Department? </para>
            </item>
            <item label="2.">
              <para>If so, is he aware that before those applications were invited, ft was a matter of common report that the person now appointed was the candidate designated for such appointment? </para>
            </item>
            <item label="3.">
              <para>Will he state the reason why <inline font-weight="bold">Mr. W.</inline> H. Golding received this appointment in preference to other officers nominating, and who, it is said, on. the principles of preferment recognised in the Department, had superior claims for consideration ? </para>
            </item>
            <item label="4.">
              <para>Is it a fact that great dissatisfaction has been caused by this method of appointment, and that it has a tendency to discourage applications being sent in by eligible officers in the service? </para>
            </item>
            <item label="5.">
              <para>How long has <inline font-weight="bold">Mr. W.</inline> H. Golding been in the Public Service of the State and Commonwealth, and what is his record of services? </para>
            </item>
            <item label="6.">
              <para>Is it a fact that <inline font-weight="bold">Mr. Golding&#39;s</inline> promotion to the position of Inspector in the Postal Service some years ago caused considerable dissatisfaction, as on the present occasion, for similar reasons? </para>
            </item>
            <item label="7.">
              <para>What are the reasons for <inline font-weight="bold">Mr. Golding&#39;s</inline> special promotions. Are there any objections to placing on the table of this House a copy of all papers relating to such promotions?&#39; </para>
            </item>
          </list>
        </speech>
        <speech>
          <talk.start>
            <talker>
              <page.no>183</page.no>
              <time.stamp />
              <name.id>JX7</name.id>
              <electorate />
              <party>Protectionist</party>
              <role />
              <in.gov>1</in.gov>
              <first.speech>0</first.speech>
              <name role="metadata">CHAPMAN, Austin</name>
              <name role="display">Mr AUSTIN CHAPMAN</name>
            </talker>
            <para>- The following answers have been furnished by the Public Service Commissioner: - </para>
          </talk.start>
          <list type="decimal-dotted">
            <item label="1.">
              <para>Yes. </para>
            </item>
            <item label="2.">
              <para>No. </para>
            </item>
            <item label="3.">
              <para>
                <inline font-weight="bold">Mr. Golding</inline>was selected for the position as the senior applicant who possessed the necessary qualifications for the office to be filled. </para>
            </item>
            <item label="4.">
              <para>It is not known that dissatisfaction has been caused by the method of appointment in this case. </para>
            </item>
            <item label="5.">
              <para>
                <inline font-weight="bold">Mr. Golding</inline>has been in the State and Commonwealth Services for a period of twenty-seven years. Before being appointed to his present position he occupied the positions of operator, postmaster, and inspector, and was reported to be a highly capable and energetic officer. He was the senior applicant who possessed the knowledge deemed essential to properly fill the position. </para>
            </item>
            <item label="6.">
              <para>I am not aware. </para>
            </item>
            <item label="7.">
              <para>Answered under 5 above. </para>
            </item>
          </list>
          <para>There is no objection to the papers relating to <inline font-weight="bold">Mr. Golding&#39;s</inline> appointment as  Clerk  in Charge of Stores Branch being placed on the Library  table. </para>
        </speech>
      </subdebate.1>
    </debate>
    <debate>
      <debateinfo>
        <title>QUESTION</title>
        <page.no>183</page.no>
        <type>Questions</type>
      </debateinfo>
      <subdebate.1>
        <subdebateinfo>
          <title>IMPORTATION OF KEROSENE. ;</title>
          <page.no>183</page.no>
        </subdebateinfo>
        <speech>
          <talk.start>
            <talker>
              <page.no>183</page.no>
              <time.stamp />
              <name.id>KDD</name.id>
              <electorate>SOUTH SYDNEY, NEW SOUTH WALES</electorate>
              <party>FT</party>
              <role />
              <in.gov>0</in.gov>
              <first.speech>0</first.speech>
              <name role="metadata">EDWARDS, George</name>
              <name role="display">Mr G B EDWARDS</name>
            </talker>
            <para>asked the Minister of Trade and Customs, <inline font-style="italic">upon notice -</inline></para>
          </talk.start>
          <para>Whether the regulation, issued on 19th November last, authorizing the importation of kerosene having a true flashing point (as per Abel&#39;s closed test) of over 73 degrees Fahrenheit, has the support of scientific experts, as insuring a sufficiently high test for safety under the climatic conditions of many parts of the Commonwealth, seeing that New Zealand and a majority of the Commonwealth States had previously imposed a higher test, with a marked reduction of accident, and that a higher test, has been strongly recommended in the United Kingdom for the adequate protection of life and property? </para>
        </speech>
        <speech>
          <talk.start>
            <talker>
              <page.no>183</page.no>
              <time.stamp />
              <name.id>KIN</name.id>
              <electorate />
              <party>Protectionist</party>
              <role />
              <in.gov>1</in.gov>
              <first.speech>0</first.speech>
              <name role="metadata">LYNE, William</name>
              <name role="display">Sir WILLIAM LYNE</name>
            </talker>
            <para>- The answer to the honorable member&#39;s question is as follows : - </para>
          </talk.start>
          <para>The professional opinion of acknowledged experts was obtained before fixing the &#34; flash point &#34; at 73 degrees Fahrenheit. </para>
          <para>The question has, however, been reconsidered in the light of recent scientific reports, and it has been decided to raise the standard to So degrees Fahrenheit. </para>
        </speech>
      </subdebate.1>
    </debate>
    <debate>
      <debateinfo>
        <title>QUESTION</title>
        <page.no>183</page.no>
        <type>Questions</type>
      </debateinfo>
      <subdebate.1>
        <subdebateinfo>
          <title>ALLEGED DEFECTIVE ELECTORAL ROLLS</title>
          <page.no>183</page.no>
        </subdebateinfo>
        <speech>
          <talk.start>
            <talker>
              <page.no>183</page.no>
              <time.stamp />
              <name.id>KJ8</name.id>
              <electorate>HINDMARSH, SOUTH AUSTRALIA</electorate>
              <party />
              <role />
              <in.gov>0</in.gov>
              <first.speech>0</first.speech>
              <name role="metadata">HUTCHISON, James</name>
              <name role="display">Mr HUTCHISON</name>
            </talker>
            <para>asked the Minister of Home Affairs, <inline font-style="italic">upon notice -</inline></para>
          </talk.start>
          <list type="decimal-dotted">
            <item label="1.">
              <para>Has he noticed complaints in the newspapers with reference to defects in the electoral rolls, and the statement that every resident in Guildfordstreet, Bourke Division, has been struck off the roll? </para>
            </item>
            <item label="2.">
              <para>Will he ascertain if such statement is true? </para>
            </item>
            <item label="3.">
              <para>If true, on what grounds and by whose authority were the names struck off? </para>
            </item>
          </list>
        </speech>
        <speech>
          <talk.start>
            <talker>
              <page.no>183</page.no>
              <time.stamp />
              <name.id>KFK</name.id>
              <electorate />
              <party>Protectionist</party>
              <role />
              <in.gov>1</in.gov>
              <first.speech>0</first.speech>
              <name role="metadata">GROOM, Littleton</name>
              <name role="display">Mr GROOM</name>
            </talker>
            <para>- The answers to the hon- .orable member&#39;s questions are as follow : - </para>
          </talk.start>
          <list type="decimal-dotted">
            <item label="1.">
              <para>Yes. </para>
            </item>
            <item label="2.">
              <para>I am at a loss to understand why such a statement has been made, as inquiry shows that the police canvasser for the district called at every house and collected the names of all residents therein qualified to vote. </para>
            </item>
            <item label="3.">
              <para>Such names have never been struck off the roll. </para>
            </item>
          </list>
        </speech>
      </subdebate.1>
    </debate>
    <debate>
      <debateinfo>
        <title>QUESTION</title>
        <page.no>183</page.no>
        <type>Questions</type>
      </debateinfo>
      <subdebate.1>
        <subdebateinfo>
          <title>RETIRING ALLOWANCES OF SYDNEY POSTAL OFFICIALS</title>
          <page.no>183</page.no>
        </subdebateinfo>
        <speech>
          <talk.start>
            <talker>
              <page.no>183</page.no>
              <time.stamp />
              <name.id>KDD</name.id>
              <electorate>SOUTH SYDNEY, NEW SOUTH WALES</electorate>
              <party>FT</party>
              <role />
              <in.gov>0</in.gov>
              <first.speech>0</first.speech>
              <name role="metadata">EDWARDS, George</name>
              <name role="display">Mr G B EDWARDS</name>
            </talker>
            <para>asked the PostmasterGeneral, <inline font-style="italic">upon notice -</inline></para>
          </talk.start>
          <list type="decimal-dotted">
            <item label="1.">
              <para>If Messrs. Frizzell and Bartholomew, formerly employed at the Sydney Post Office, and retired after many years&#39; meritorious service for the reason that they had grown old, had to wait many months, while in indigent circumstances, for their retiring allowances? </para>
            </item>
            <item label="2.">
              <para>If the allowances ultimately paid these men were not largely reduced at the instance of the State Government? </para>
            </item>
            <item label="3.">
              <para>If retiring allowances to similar officers under similar circumstances have not been previously paid on the scale of a month&#39;s pay for each year of service? </para>
            </item>
            <item label="4.">
              <para>If the Department has been legally advised as to the statutory rights of such officers accruing under the Public Service Acts &#39; of New South Wales, and the method of computing the amounts payable by the State and- Federal Governmentsrespectively ? </para>
            </item>
          </list>
        </speech>
        <speech>
          <talk.start>
            <talker>
              <page.no>184</page.no>
              <time.stamp />
              <name.id>JX7</name.id>
              <electorate />
              <party>Protectionist</party>
              <role />
              <in.gov>1</in.gov>
              <first.speech>0</first.speech>
              <name role="metadata">CHAPMAN, Austin</name>
              <name role="display">Mr AUSTIN CHAPMAN</name>
            </talker>
            <para>- The answers to the honorable member&#39;s questions are as follow :  -  1 and 2. The officers mentioned, having attained the age of sixty-five years, were each granted six months&#39; furlough on full pay from 1st July, 1904, and were retired from the Service at its termination on 31st December last in accordance with section 74 of the Commonwealth Public Service Act. </para>
          </talk.start>
          <para>The State Public Service Board was asked in October, 1904, to have the necessary computations made in connexion with the retiring allowances payable in these cases, and when received it was found that such computations had been made on the basis of a fortnight&#39;s pay for each year of service prior to 23rd December,1895. </para>
          <para>As in some previous cases, retiring allowances, on the basis of one month&#39;s pay for each year of service, had been granted, the State Board was asked on the 6th and 8th December, 1904, respectively, to advise as to the amounts payable to Fizzell and Bartholomew on that basis. </para>
          <para>A reply was not received until early in January, 1905, and it did not give full information. The latest information available is that the State Board is in communication on the subject with the AttorneyGeneral for New South Wales. Pending a decision by the State authorities on the point at issue, authority was given in April, 1905, to pay the gratuities at the lower rate. </para>
          <list type="decimal-dotted">
            <item label="3.">
              <para>Yes; see third paragraph of answer to 1 and 2. </para>
            </item>
            <item label="4.">
              <para>Yes. </para>
            </item>
          </list>
        </speech>
      </subdebate.1>
    </debate>
    <debate>
      <debateinfo>
        <title>QUESTION</title>
        <page.no>184</page.no>
        <type>Questions</type>
      </debateinfo>
      <subdebate.1>
        <subdebateinfo>
          <title>COMMERCIAL REPRESENTATIVES OF THE COMMONWEALTH</title>
          <page.no>184</page.no>
        </subdebateinfo>
        <speech>
          <talk.start>
            <talker>
              <page.no>184</page.no>
              <time.stamp />
              <name.id>JWA</name.id>
              <electorate>for Mr. Mahon</electorate>
              <party />
              <role />
              <in.gov>0</in.gov>
              <first.speech>0</first.speech>
              <name role="metadata">CARPENTER, William</name>
              <name role="display">Mr CARPENTER</name>
            </talker>
            <para>asked the Minister of Trade and Customs, <inline font-style="italic">upon notice -</inline></para>
          </talk.start>
          <list type="decimal-dotted">
            <item label="1.">
              <para>Whether it is correct, as reported in the press, that the late Minister had stated that the Commonwealth Government possesses power to appoint commercial representatives in various parts of the world? </para>
            </item>
            <item label="2.">
              <para>If correct, will he quote the section of the Constitution conferring such power? </para>
            </item>
            <item label="3.">
              <para>Have the State Governments, or any of them, expressed their willingness to withdraw their representatives abroad so that persons representing all Australia may be appointed in their place? </para>
            </item>
          </list>
        </speech>
        <speech>
          <talk.start>
            <talker>
              <page.no>184</page.no>
              <time.stamp />
              <name.id>KIN</name.id>
              <electorate />
              <party>Protectionist</party>
              <role />
              <in.gov>1</in.gov>
              <first.speech>0</first.speech>
              <name role="metadata">LYNE, William</name>
              <name role="display">Sir WILLIAM LYNE</name>
            </talker>
            <para>- In reply to the honorable member, I desire to state - </para>
          </talk.start>
          <list type="decimal-dotted">
            <item label="1.">
              <para>I have no other information than the press paragraphs. </para>
            </item>
            <item label="2.">
              <para>Such appointments could be made under the Trade and Commerce provisions of the Constitution subject only to the approval of Parliament as to the necessary expenditure. </para>
            </item>
            <item label="3.">
              <para>In any action taken the Government would endeavour to work in harmony with the States. </para>
            </item>
          </list>
        </speech>
      </subdebate.1>
    </debate>
    <debate>
      <debateinfo>
        <title>QUESTION</title>
        <page.no>184</page.no>
        <type>Questions</type>
      </debateinfo>
      <subdebate.1>
        <subdebateinfo>
          <title>REMOVAL OF POSTMISTRESS, CHATSWOOD</title>
          <page.no>184</page.no>
        </subdebateinfo>
        <speech>
          <talk.start>
            <talker>
              <page.no>184</page.no>
              <time.stamp />
              <name.id>KXK</name.id>
              <electorate />
              <party />
              <role />
              <in.gov>0</in.gov>
              <first.speech>0</first.speech>
              <name role="metadata">WEBSTER, William</name>
              <name role="display">Mr WEBSTER</name>
            </talker>
            <para>asked the PostmasterGeneral, <inline font-style="italic">upon notice -</inline></para>
          </talk.start>
          <list type="decimal-dotted">
            <item label="1.">
              <para>Is it a fact that the Postmistress in charge of the Chatswood Post Office, New South Wales, has been recently removed from her position ? </para>
            </item>
            <item label="2.">
              <para>Is it a fact that in this connexion an investigation into the conduct of a leading officer of the Department has taken place? </para>
            </item>
            <item label="3.">
              <para>Are there any objections to placing on the table of the House a copy of all the papers relating to those investigations? </para>
            </item>
          </list>
        </speech>
        <speech>
          <talk.start>
            <talker>
              <page.no>184</page.no>
              <time.stamp />
              <name.id>JX7</name.id>
              <electorate />
              <party>Protectionist</party>
              <role />
              <in.gov>1</in.gov>
              <first.speech>0</first.speech>
              <name role="metadata">CHAPMAN, Austin</name>
              <name role="display">Mr AUSTIN CHAPMAN</name>
            </talker>
            <para>- The answers to the honorable member&#39;s questions are as follow :  - </para>
          </talk.start>
          <list type="decimal-dotted">
            <item label="1.">
              <para>Yes. </para>
            </item>
            <item label="2.">
              <para>No ; but in consequence of certain evidence a senior officer connected with the case was asked for an explanation, which was furnished. </para>
            </item>
            <item label="3.">
              <para>Aprecis of the case will be laid on the table of the Library, and if desired, after it has been perused, there will be no objection to place on that table all the papers connected with the inquiry into the case of the late Postmistress of Chatswood. </para>
            </item>
          </list>
        </speech>
      </subdebate.1>
    </debate>
    <debate>
      <debateinfo>
        <title>QUESTION</title>
        <page.no>184</page.no>
        <type>Questions</type>
      </debateinfo>
      <subdebate.1>
        <subdebateinfo>
          <title>CHIEF INSPECTOR OF POST. OFFICES; NEW SOUTH WALES</title>
          <page.no>184</page.no>
        </subdebateinfo>
        <speech>
          <talk.start>
            <talker>
              <page.no>184</page.no>
              <time.stamp />
              <name.id>KXK</name.id>
              <electorate />
              <party />
              <role />
              <in.gov>0</in.gov>
              <first.speech>0</first.speech>
              <name role="metadata">WEBSTER, William</name>
              <name role="display">Mr WEBSTER</name>
            </talker>
            <para>asked the PostmasterGeneral, <inline font-style="italic">upon notice -</inline></para>
          </talk.start>
          <list type="decimal-dotted">
            <item label="1.">
              <para>Have applications been invited through the public press and <inline font-style="italic">Commonwealth Gazette</inline> for the position of Chief Inspector of Post Offices in New South Wales? </para>
            </item>
            <item label="2.">
              <para>Is he aware that the name of an official is commonly mentioned in the service, as being the officer designated for this position? </para>
            </item>
            <item label="3.">
              <para>If this is a correct forecast of the condition of affairs, then wherein lies the necessity of advertising the position for applications, and thereby putting the Department and officers of the Public Service generally to needless trouble and expense in connexion with this position ? </para>
            </item>
          </list>
        </speech>
        <speech>
          <talk.start>
            <talker>
              <page.no>184</page.no>
              <time.stamp />
              <name.id>JX7</name.id>
              <electorate />
              <party>Protectionist</party>
              <role />
              <in.gov>1</in.gov>
              <first.speech>0</first.speech>
              <name role="metadata">CHAPMAN, Austin</name>
              <name role="display">Mr AUSTIN CHAPMAN</name>
            </talker>
            <para>- The answersto the honorable member&#39;s questions are as; follow: - </para>
          </talk.start>
          <list type="decimal-dotted">
            <item label="1.">
              <para>Applications were invited in the <inline font-style="italic">Commonwealth Gazette</inline> in the usual way. </para>
            </item>
            <item label="2.">
              <para>The Postmaster-General is not aware that the name of any official has been commonly mentioned in the service as being the officer designated for the position. </para>
            </item>
            <item label="3.">
              <para>Vacancies are notified in the <inline font-style="italic">Commonwealth Gazette</inline> in accordance with the provisions of the Public Service Regulations, and appointments to fill such vacancies are made by the GovernorGeneral in Council on the recommendation of the Public Service Commissioner. The fact that any officer may be commonly mentioned in the service as being the officer designated for the position does not affect the decision in any way. </para>
            </item>
          </list>
        </speech>
      </subdebate.1>
    </debate>
    <debate>
      <debateinfo>
        <title>QUESTION</title>
        <page.no>184</page.no>
        <type>Questions</type>
      </debateinfo>
      <subdebate.1>
        <subdebateinfo>
          <title>COMMISSIONS FOR ARTILLERY GUNNERS</title>
          <page.no>184</page.no>
        </subdebateinfo>
        <speech>
          <talk.start>
            <talker>
              <page.no>184</page.no>
              <time.stamp />
              <name.id>K7U</name.id>
              <electorate>for Mr. Maloney</electorate>
              <party />
              <role />
              <in.gov>0</in.gov>
              <first.speech>0</first.speech>
              <name role="metadata">CROUCH, Richard</name>
              <name role="display">Mr CROUCH</name>
            </talker>
            <para>asked the Minister representing the Minister of Defence, <inline font-style="italic">upon notice -</inline></para>
          </talk.start>
          <list type="decimal-dotted">
            <item label="1.">
              <para>Under what conditions can a gunner in the Permanent Artillery rise to be an officer? </para>
            </item>
            <item label="2.">
              <para>Has any gunner been refused upon applying for such appointment, or to be permitted to attend an examination, and, if so, why? </para>
            </item>
          </list>
          <para>Mir. EWING. - The answers to the honorable member&#39;s questions are as follow : - </para>
          <list type="decimal-dotted">
            <item label="1.">
              <para>The conditions are prescribed in Commonwealth Military Regulations, Part III., paras. 12 to 16. </para>
            </item>
            <item label="2.">
              <para>Yes. Bombardier Watts, R.A.A., applied for permission to present himself as a candidate at the recent examination for appointment to a first commission in the R.A.A.  His  application was dealt with in the usual manner by a Board of Officers who did not recommend him as a suitable candidate. The Commandants of the Commonwealth Military Forces of New South Wales and Victoria also stated that they could not recommend the candidate. </para>
            </item>
          </list>
        </speech>
      </subdebate.1>
    </debate>
    <debate>
      <debateinfo>
        <title>QUESTION</title>
        <page.no>185</page.no>
        <type>Questions</type>
      </debateinfo>
      <subdebate.1>
        <subdebateinfo>
          <title>REDISTRIBUTION OF ELECTORATES</title>
          <page.no>185</page.no>
        </subdebateinfo>
        <speech>
          <talk.start>
            <talker>
              <page.no>185</page.no>
              <time.stamp />
              <name.id>K99</name.id>
              <electorate />
              <party />
              <role />
              <in.gov>0</in.gov>
              <first.speech>0</first.speech>
              <name role="metadata">JOHNSON, Elliot</name>
              <name role="display">Mr JOHNSON</name>
            </talker>
            <para>asked the P.rime Minister, <inline font-style="italic">upon notice - t</inline></para>
          </talk.start>
          <para>Is it the intention of the Government to submit the proposals of the Commissioners for the redistribution of seats for the consideration of this House without delay, in accordance with the terms of the Governor-General&#39;s speech at the opening of the session on the 28th of June last? </para>
        </speech>
        <speech>
          <talk.start>
            <talker>
              <page.no>185</page.no>
              <time.stamp />
              <name.id>009MD</name.id>
              <electorate />
              <party>Protectionist</party>
              <role />
              <in.gov>1</in.gov>
              <first.speech>0</first.speech>
              <name role="metadata">DEAKIN, Alfred</name>
              <name role="display">Mr DEAKIN</name>
            </talker>
            <para>- I assume that the honorable member did not hear my honorable colleague, the Minister of Home Affairs, when .he gave notice to-day of his intention to introduce a measure dealing with the subject. I shall also have something to say with regard to the matter in a few moments. </para>
          </talk.start>
        </speech>
      </subdebate.1>
    </debate>
    <debate>
      <debateinfo>
        <title>MINISTERIAL STATEMENT</title>
        <page.no>185</page.no>
        <type>ministerial statement</type>
      </debateinfo>
      <speech>
        <talk.start>
          <talker>
            <page.no>185</page.no>
            <time.stamp />
            <name.id>009MD</name.id>
            <electorate>Ballarat</electorate>
            <party>Protectionist</party>
            <role>Minister of External Affairs</role>
            <in.gov>1</in.gov>
            <first.speech>0</first.speech>
            <name role="metadata">DEAKIN, Alfred</name>
            <name role="display">Mr DEAKIN</name>
          </talker>
          <para>. - I move - </para>
        </talk.start>
        <quote>
          <para>That Statutory Rules No. 12 and 23 under the Commonwealth Conciliation and Arbitration Act 1904, laid on the table on 26th July, be printed. </para>
        </quote>
        <para class="block">I do this for the purpose of placing all honorable members upon an equal footing with regard to the discussion of the Ministerial statement ; but I sincerely hope that as few honorable members as possible will take advantage of the opportunity offered. An occasion of this kind would usually require some general statement from the new Administration charged with the leadership of the House; but in the present instance, in order to economize time, that can be very briefly summarized. This Ministry adheres to the practical policy sanctioned by the country at the last general election, and already submitted to this House, and exists for the purpose of giving effect to it. A majority of the members of the Cabinet are directly responsible for the programme submitted to Parliament in 1904, which was then accepted in almost every particular by our present colleagues, so that we represent to-day the same policy and the same party. The circumstances of our assumption of office prevent a formal submission of our programme in a speech from the Governor-General, but this is rendered comparatively immaterial, because the speech of  His Excellency  at the opening of this Parliament remains almost as completely applicable now as sixteen months ago, when it was. delivered. To refresh the memories of honorable members, I will rapidly run through the programme then formulated, and now re-submitted. Taking the subjects mentioned in the order in which they appear in  His  Excellency&#39;s speech of March, 1904, honorable members will find - The taking over of the debts of the States (1), and compensation for transferred properties (2) mentioned in the third paragraph. The discussion on the first of these has been advanced a stage bv the Hobart Conference, whilst the joint valuations for the second are now about to be commenced. A Commonwealth system of old-age pensions is now under inquiry by a Royal Commission, and will be considered at the first opportunity (3). The encouragement of rural occupations (4), in particular by means of preferential trade (5) ; bounties for new products (6) : and speedier and cheaper transportation of meat, butter, and fruit, under improved conditions (7), will be attempted as soon as possible. To attract population (8), and to make provision for the appointment of a High Commissioner (9), are kindred ends to be achieved, together with, and in relation to, the matters just mentioned, with which they are closely allied. _ A Bill relating to navigation and shipping (10) in the light of the report expected from the Royal Commission now sitting, is in contemplation. The Bill for the establishment of the iron and steel industry (11) is under revision. (12) Two Ocean Mail Contracts provisionally accepted will be submitted, while (13) the whole question of subsidies for sea carriage will be brought under review as part of the general forward policy already alluded to. We hope to receive reports from the Tariff Commission, probably during the present session, and to take them into immediate consideration. The Budget will be framed upon the same plan outlined in 1904 (14). A continuance of the Sugar Bounty for a further period will&#39; be proposed (15). The Pacific Cable Conference is now being held, and will shortly report upon present and future arrangements (16V The Western </para>
        <para>Australian Railway Survey Bill (17), the Papua Bill (18), and the Trade Marks Bill (19) are approaching their final stage. The Bill for an Inter-State Commission appears no longer urgent, as the preferential rates on railways have been practically abolished, and differential wharfage charges are being removed. The amendment of the Electoral Act (20),. projected in 1903, will be laid before you this session, providing for more effective administration. </para>
        <interjection>
          <talk.start>
            <talker>
              <page.no>186</page.no>
              <time.stamp />
              <name.id>F4S</name.id>
              <electorate>PARRAMATTA, NEW SOUTH WALES</electorate>
              <party>FT; ANTI-SOC from 1906; LP from 1910; NAT from 1917</party>
              <role />
              <in.gov>0</in.gov>
              <first.speech>0</first.speech>
              <name role="metadata">COOK, Joseph</name>
              <name role="display">Mr JOSEPH COOK</name>
            </talker>
            <para>-  Is that the extent of its scope? </para>
          </talk.start>
        </interjection>
        <continue>
          <talk.start>
            <talker>
              <page.no>186</page.no>
              <time.stamp />
              <name.id>009MD</name.id>
              <electorate />
              <party />
              <role />
              <in.gov>0</in.gov>
              <first.speech>0</first.speech>
              <name role="metadata">DEAKIN, Alfred</name>
              <name role="display">Mr DEAKIN</name>
            </talker>
            <para>- There will be another Bill. The other Bills promised relating to (21) Copyright; (22) Parliamentary Witnesses ; (23) Merchandise Marks - now replaced by Commerce Bill; (24) Rings and Trusts; (25) Quarantine; (26) Lighthouses, &#38;c, are all in hand, and most of them ready for submission. The clauses of which the former Fraudulent Trades Marks Bill consisted having been divided, some of them have been added to the Trades Marks Bill, and the remainder expanded and embodied in the Commerce Bill. In addition to these, there are new measures to be brought forward this session. The Government is of opinion that (27) the constitutional method of determining the precise time at which the representation in the House of the people of the respective States shall be increased or diminished according to their numbers is by an Act of the Parliament. The dangers of leaving changes of this character in the hands of any Ministry, and of permitting them either to be set on foot at any moment merely by Executive Order, or to be delayed at Executive will, are obvious. Parliament itself should decide, subject to the Constitution, when and in what circumstances the representation shall be altered. A Bill to accomplish this will be introduced. Another important Bill will, it is hoped, effectually suppress what are known as Secret Commissions so far as they exist in the field of Commonwealth jurisdiction. In the light of the evidence before the Butter Commission the urgency of coping with the evil will be generally appreciated. (28) Several Bills considered in part last session will be revived by resolution, and, where necessary new amendments will be added. Among other matters engaging the serious attention of Ministers, and upon which it is intended at a later date to make proposals of an important character, that of Defence (29) is specially deserving of reconsideration, particularly in- view of recent developments. Short Bills relating to the Law of Evidence (30) ; Audit Act Amendment (31) ; Wireless Telegraphy (32); Census and Statistics (33) ; Weights and Measures (34) ; Designs (35); and Property Acquisition (36) will be placed before you. This list of subjects &#39;may be divided into two parts. The first is made up of minor Bills, aiming at useful but independent additions to the ordinary machinery of Government. The other consists of major Bills, embodying a progressive policy of development of the resources of the Commonwealth, intended to be carried out by systematic effort here and in the Mother Country, and, if necessary, in the sister dominions of the Empire. </para>
          </talk.start>
        </continue>
        <interjection>
          <talk.start>
            <talker>
              <page.no>186</page.no>
              <time.stamp />
              <name.id>KPM</name.id>
              <electorate />
              <party />
              <role />
              <in.gov>0</in.gov>
              <first.speech>0</first.speech>
              <name role="metadata">MCCAY, James</name>
              <name role="display">Mr McCay</name>
            </talker>
            <para>-  Is all that to be done this session ? </para>
          </talk.start>
        </interjection>
        <continue>
          <talk.start>
            <talker>
              <page.no>186</page.no>
              <time.stamp />
              <name.id>009MD</name.id>
              <electorate />
              <party />
              <role />
              <in.gov>0</in.gov>
              <first.speech>0</first.speech>
              <name role="metadata">DEAKIN, Alfred</name>
              <name role="display">Mr DEAKIN</name>
            </talker>
            <para>- It may not be possible to complete this programme, though with the help of Parliament a great advance can be made before the next recess. The policy as a whole can be pushed far onward if we are able to follow a business-like session this year with a longer session next year, devoted to questions of the first magnitude, approached steadily and consistently from the practical side. At all events, so far as Ministers are concerned, this Parliament will be afforded, as it has itself demanded, another opportunity of fulfilling the purposes for which it was .elected, and justifying the confidence of those who look to us to foster the national interests of Australia. </para>
          </talk.start>
        </continue>
        <para>Honorable Members.  -  Hear, hear. </para>
      </speech>
      <speech>
        <talk.start>
          <talker>
            <page.no>186</page.no>
            <time.stamp />
            <name.id>F4P</name.id>
            <electorate>East Sydney</electorate>
            <party />
            <role />
            <in.gov>0</in.gov>
            <first.speech>0</first.speech>
            <name role="metadata">REID, George</name>
            <name role="display">Mr REID</name>
          </talker>
          <para>- When the honorable member for Bland was Prime Minister, and made a similar statement under cover of a motion for the printing of a paper, the honorable and learned member for Ballarat asked for an adjournment of the debate, which was granted. When I delivered a statement of a similar kind on a motion for the &#34;printing of a paper, the honorable, member for Bland, as leader of the Opposition, applied for an adjournment until the next day, and I had no hesitation in complying with his request. Following that precedent, I should like to have an adjournment until to-morrow in order to consider the Ministerial statement. The Prime Minister has referred only inferential Iv to a large number of matters which will require serious consideration. </para>
        </talk.start>
        <continue>
          <talk.start>
            <talker>
              <page.no>187</page.no>
              <time.stamp />
              <name.id>009MD</name.id>
              <electorate />
              <party />
              <role />
              <in.gov>0</in.gov>
              <first.speech>0</first.speech>
              <name role="metadata">DEAKIN, Alfred</name>
              <name role="display">Mr DEAKIN</name>
            </talker>
            <para>- Of course, it would be impossible, even if we so desired, to refuse the right honorable gentleman the courtesy for which he asks. There is no wish on our part to restrict the criticisms of honorable members, our only anxiety being that no further delay or postponement shall be asked for in connexion with this debate) but that we shall proceed with it to-morrow, and conclude it as rapidly as possible. </para>
          </talk.start>
        </continue>
        <para>Debate (on motion by <inline font-weight="bold">Mr. Reid)</inline> adjourned. </para>
      </speech>
    </debate>
    <adjournment>
      <adjournmentinfo>
        <page.no>187</page.no>
        <time.stamp>14:55:00</time.stamp>
      </adjournmentinfo>
      <para class="block">House adjourned at 2.55 p.m. </para>
    </adjournment>
  </chamber.xscript>
</hansard>
