<?xml version="1.0" encoding="utf-8"?>
<hansard xsi:noNamespaceSchemaLocation="../../hansard.xsd" version="2.1" xmlns:xsi="http://www.w3.org/2001/XMLSchema-instance">
  <session.header>
    <date>1905-12-21</date>
    <parliament.no>2</parliament.no>
    <session.no>2</session.no>
    <period.no>0</period.no>
    <chamber>REPS</chamber>
    <page.no>7461</page.no>
    <proof>0</proof>
  </session.header>
  <chamber.xscript>
    <para>HouseofRepresentatives. </para>
    <business.start>
      <day.start>1905-12-21</day.start>
      <para>A message from  His Excellency  the Governor-General being announced, <inline font-weight="bold">Mr. Speaker</inline> took the chair at 3.7 p.m. </para>
    </business.start>
    <debate>
      <debateinfo>
        <title>PAPERS</title>
        <page.no>7461</page.no>
        <type>papers</type>
      </debateinfo>
      <para>
        <inline font-weight="bold">Mr. DEAKIN</inline>laid on the table the following papers: - </para>
      <quote>
        <para>Memorandum by the Agents-General on the office of High Commissioner in London. </para>
        <para>Copy of telegram to the Secretary, Imperial Defence Committee, London, and reply thereto, respecting the preparation of a general scheme of local Australian defence. </para>
      </quote>
      <para>Ordered to be printed. </para>
      <para>Transfers of amounts approved by the GovernorGeneral in Council under the Audit Act, dated19th December. </para>
    </debate>
    <debate>
      <debateinfo>
        <title>PROROGATION</title>
        <page.no>7461</page.no>
        <type>miscellaneous</type>
      </debateinfo>
      <para>The Usher of the Black Rod was admitted, and delivered the message that  His Excellency  the Governor-General desired the immediate attendance of honorable members in the Senate chamber. </para>
      <para>
        <inline font-weight="bold">Mr. Speaker,</inline>accompanied by honorable members, then proceeded to the Senate chamber, where  His Excellency  the GovernorGeneral was pleased to deliver a speech(vide page 7459), declaring Parliament prorogued until the 31st January, 1906. </para>
    </debate>
  </chamber.xscript>
</hansard>