<?xml version="1.0" encoding="utf-8"?>
<hansard xsi:noNamespaceSchemaLocation="../../hansard.xsd" version="2.1" xmlns:xsi="http://www.w3.org/2001/XMLSchema-instance">
  <session.header>
    <date>1931-06-11</date>
    <parliament.no>12</parliament.no>
    <session.no>1</session.no>
    <period.no>4</period.no>
    <chamber>REPS</chamber>
    <page.no>2668</page.no>
    <proof>0</proof>
  </session.header>
  <chamber.xscript>
    <para class="block">House of Representatives. </para>
    <business.start>
      <day.start>1931-06-11</day.start>
      <para>
        <inline font-weight="bold">Mr. Speaker (Hon. Norman Makin)</inline>took the chair at 2.30 p.m., and offered prayers. </para>
    </business.start>
    <debate>
      <debateinfo>
        <title>QUESTION</title>
        <page.no>2668</page.no>
        <type>Questions</type>
      </debateinfo>
      <subdebate.1>
        <subdebateinfo>
          <title>CANBERRA</title>
          <page.no>2668</page.no>
        </subdebateinfo>
        <para>Late Delivery of Victorian Mail - Railway Arrangements</para>
        <speech>
          <talk.start>
            <talker>
              <page.no>2668</page.no>
              <time.stamp />
              <name.id>KZR</name.id>
              <electorate>BALACLAVA, VICTORIA</electorate>
              <party />
              <role />
              <in.gov>0</in.gov>
              <first.speech>0</first.speech>
              <name role="metadata">WHITE, Thomas</name>
              <name role="display">Mr WHITE</name>
            </talker>
            <para>- Again, to-day, the Victorian mail has not been delivered in Canberra. Will the Postmaster-General make arrangements to ensure a more reliable service ? </para>
          </talk.start>
        </speech>
        <speech>
          <talk.start>
            <talker>
              <page.no>2668</page.no>
              <time.stamp />
              <name.id>KF9</name.id>
              <electorate>KALGOORLIE, WESTERN AUSTRALIA</electorate>
              <party>ALP; FLP from 1931; ALP from 1936</party>
              <role />
              <in.gov>0</in.gov>
              <first.speech>0</first.speech>
              <name role="metadata">GREEN, Albert</name>
              <name role="display">Mr A GREEN</name>
            </talker>
            <para>- Owing to the heavy rains the motor car conveying the mails fromYass to Canberra was delayed, but the mails have already reached here, and a portion of them, at least, has been delivered. </para>
          </talk.start>
        </speech>
        <speech>
          <talk.start>
            <talker>
              <page.no>2668</page.no>
              <time.stamp />
              <name.id>KVU</name.id>
              <electorate>NEW ENGLAND, NEW SOUTH WALES</electorate>
              <party />
              <role />
              <in.gov>0</in.gov>
              <first.speech>0</first.speech>
              <name role="metadata">THOMPSON, Victor</name>
              <name role="display">Mr THOMPSON</name>
            </talker>
            <para>- I ask the Minister for Transport why the New South Wales Railways <inline font-style="italic">Commissioners</inline> will not provide a train from Sydney to Canberra on Wednesday mornings, for the convenience of members? </para>
          </talk.start>
        </speech>
        <speech>
          <talk.start>
            <talker>
              <page.no>2668</page.no>
              <time.stamp />
              <name.id>L4X</name.id>
              <electorate>HUME, NEW SOUTH WALES</electorate>
              <party>ALP</party>
              <role />
              <in.gov>0</in.gov>
              <first.speech>0</first.speech>
              <name role="metadata">MOLONEY, Parker</name>
              <name role="display">Mr PARKER MOLONEY</name>
            </talker>
            <para>- I made representations on that subject to the New South Wales railway authorities, but they would not accede to my request because of the heavy loss that would be involved. </para>
          </talk.start>
        </speech>
        <speech>
          <talk.start>
            <talker>
              <page.no>2668</page.no>
              <time.stamp />
              <name.id>K7U</name.id>
              <electorate>CORANGAMITE, VICTORIA</electorate>
              <party />
              <role />
              <in.gov>0</in.gov>
              <first.speech>0</first.speech>
              <name role="metadata">CROUCH, Richard</name>
              <name role="display">Mr CROUCH</name>
            </talker>
            <para>- Having regard to the frequent interruption of communications between the State capital cities and Canberra, can the Prime Minister see his way to propose that the Seat of Government be transferred back to Melbourne? </para>
          </talk.start>
        </speech>
        <speech>
          <talk.start>
            <talker>
              <page.no>2668</page.no>
              <time.stamp />
              <name.id>F4Q</name.id>
              <electorate>YARRA, VICTORIA</electorate>
              <party>ALP; FLP from 1931; ALP from 1936</party>
              <role />
              <in.gov>0</in.gov>
              <first.speech>0</first.speech>
              <name role="metadata">SCULLIN, James Henry</name>
              <name role="display">Mr SCULLIN</name>
            </talker>
            <para>- I cannot see my way to do that. </para>
          </talk.start>
        </speech>
      </subdebate.1>
    </debate>
    <debate>
      <debateinfo>
        <title>QUESTION</title>
        <page.no>2668</page.no>
        <type>Questions</type>
      </debateinfo>
      <subdebate.1>
        <subdebateinfo>
          <title>MAIL ROBBERY</title>
          <page.no>2668</page.no>
        </subdebateinfo>
        <speech>
          <talk.start>
            <talker>
              <page.no>2668</page.no>
              <time.stamp />
              <name.id>JVR</name.id>
              <electorate>PERTH, WESTERN AUSTRALIA</electorate>
              <party />
              <role />
              <in.gov>0</in.gov>
              <first.speech>0</first.speech>
              <name role="metadata">NAIRN, Walter</name>
              <name role="display">Mr NAIRN</name>
            </talker>
            <para>- Can the PostmasterGeneral say whether it is intended to hold a departmental . inquiry into the theft of a mail-bag containing &#163;10,000 while in transit from Sydney to Canberra? </para>
          </talk.start>
        </speech>
        <speech>
          <talk.start>
            <talker>
              <page.no>2668</page.no>
              <time.stamp />
              <name.id>KF9</name.id>
              <electorate>KALGOORLIE, WESTERN AUSTRALIA</electorate>
              <party>ALP; FLP from 1931; ALP from 1936</party>
              <role />
              <in.gov>0</in.gov>
              <first.speech>0</first.speech>
              <name role="metadata">GREEN, Albert</name>
              <name role="display">Mr A GREEN</name>
            </talker>
            <para>- I assume that after the law court proceedings any further action that may be necessary will be determined on the advice of the AttorneyGeneral&#39;s Department. </para>
          </talk.start>
        </speech>
      </subdebate.1>
    </debate>
    <debate>
      <debateinfo>
        <title>QUESTION</title>
        <page.no>2668</page.no>
        <type>Questions</type>
      </debateinfo>
      <subdebate.1>
        <subdebateinfo>
          <title>TARIFF SCHEDULE</title>
          <page.no>2668</page.no>
        </subdebateinfo>
        <para>Cotton Goods</para>
        <speech>
          <talk.start>
            <talker>
              <page.no>2668</page.no>
              <time.stamp />
              <name.id>JUB</name.id>
              <electorate>BRISBANE. QLD</electorate>
              <party>NAT</party>
              <role />
              <in.gov>0</in.gov>
              <first.speech>0</first.speech>
              <name role="metadata">CAMERON, Donald Charles</name>
              <name role="display">Mr D CAMERON</name>
            </talker>
            <para>- Will the Minister for Trade and Customs say whether any decision has been reached regarding the representations that cotton piece goods covered by item 105 <inline font-style="italic">A1b</inline> of the tariff schedule, which had been actually shipped or ordered when the amended item was introduced on the 21st May, should be admitted at the old rate of duty? </para>
          </talk.start>
          <para>Mr.FORDE. - The matter has been under consideration, and I hope to let the honorable member have a written reply during the next few days. </para>
        </speech>
      </subdebate.1>
    </debate>
    <debate>
      <debateinfo>
        <title>QUESTION</title>
        <page.no>2668</page.no>
        <type>Questions</type>
      </debateinfo>
      <subdebate.1>
        <subdebateinfo>
          <title>WESTERN AUSTRALIAN DISABILITIES</title>
          <page.no>2668</page.no>
        </subdebateinfo>
        <speech>
          <talk.start>
            <talker>
              <page.no>2668</page.no>
              <time.stamp />
              <name.id>KFE</name.id>
              <electorate>SWAN, WESTERN AUSTRALIA</electorate>
              <party />
              <role />
              <in.gov>0</in.gov>
              <first.speech>0</first.speech>
              <name role="metadata">GREGORY, Henry</name>
              <name role="display">Mr GREGORY</name>
            </talker>
            <para>- Will the Prime Minister issue an instruction that the inquiry by the Public Accounts Committee into the disabilities of Western Australia shall be conducted in that State as well as in Canberra ? </para>
          </talk.start>
        </speech>
        <speech>
          <talk.start>
            <talker>
              <page.no>2668</page.no>
              <time.stamp />
              <name.id>F4Q</name.id>
              <electorate>YARRA, VICTORIA</electorate>
              <party>ALP</party>
              <role>Minister for External Affairs</role>
              <in.gov>1</in.gov>
              <first.speech>0</first.speech>
              <name role="metadata">SCULLIN, James Henry</name>
              <name role="display">Mr SCULLIN</name>
            </talker>
            <para>- I shall let the honorable member know in the course of a couple of days the result of negotiations that are in progress with the Government of Western Australia. </para>
          </talk.start>
        </speech>
      </subdebate.1>
    </debate>
    <debate>
      <debateinfo>
        <title>QUESTION</title>
        <page.no>2668</page.no>
        <type>Questions</type>
      </debateinfo>
      <subdebate.1>
        <subdebateinfo>
          <title>CANADIAN TRADE TREATY</title>
          <page.no>2668</page.no>
        </subdebateinfo>
        <speech>
          <talk.start>
            <talker>
              <page.no>2668</page.no>
              <time.stamp />
              <name.id>KXQ</name.id>
              <electorate>WARRINGAH, NEW SOUTH WALES</electorate>
              <party />
              <role />
              <in.gov>0</in.gov>
              <first.speech>0</first.speech>
              <name role="metadata">PARKHILL, Robert</name>
              <name role="display">Mr ARCHDALE PARKHILL</name>
            </talker>
            <para>- Can the Minister for Markets give to the House any information regarding the trade treaty between Australia and Canada, in view of the statement that the first fruit of it is the importation of 4,000,000 feet of Canadian timber? </para>
          </talk.start>
        </speech>
        <speech>
          <talk.start>
            <talker>
              <page.no>2668</page.no>
              <time.stamp />
              <name.id>L4X</name.id>
              <electorate>HUME, NEW SOUTH WALES</electorate>
              <party>ALP</party>
              <role />
              <in.gov>0</in.gov>
              <first.speech>0</first.speech>
              <name role="metadata">MOLONEY, Parker</name>
              <name role="display">Mr PARKER MOLONEY</name>
            </talker>
            <para>- A few days ago I signed the draft treaty in behalf of Australia, and simultaneously another copy was signed at Ottawa by the Prime Minister of Canada. As the treaty involves amendments of the tariff, honorable members will understand that I cannot disclose its details. But as soon as I receive the copy signed in Ottawa, a bill to give effect to the treaty will be introduced in this House. </para>
          </talk.start>
        </speech>
        <speech>
          <talk.start>
            <talker>
              <page.no>2668</page.no>
              <time.stamp />
              <name.id>KV8</name.id>
              <electorate>WIMMERA, VICTORIA</electorate>
              <party />
              <role />
              <in.gov>0</in.gov>
              <first.speech>0</first.speech>
              <name role="metadata">STEWART, Percy</name>
              <name role="display">Mr STEWART</name>
            </talker>
            <para>- When will the details of the treaty be made public in Australia? </para>
          </talk.start>
          <continue>
            <talk.start>
              <talker>
                <page.no>2668</page.no>
                <time.stamp />
                <name.id>L4X</name.id>
                <electorate>HUME, NEW SOUTH WALES</electorate>
                <party>ALP</party>
                <role />
                <in.gov>0</in.gov>
                <first.speech>0</first.speech>
                <name role="metadata">MOLONEY, Parker</name>
                <name role="display">Mr PARKER MOLONEY</name>
              </talker>
              <para>- A copy of the treaty is now on its way to this country, and after it is to hand there should be no further delay in making it public. Until that copy has been compared with the cabled communications on the subject it is inadvisable to make public any of the details. </para>
            </talk.start>
          </continue>
        </speech>
        <speech>
          <talk.start>
            <talker>
              <page.no>2669</page.no>
              <time.stamp />
              <name.id>K7U</name.id>
              <electorate />
              <party />
              <role />
              <in.gov>0</in.gov>
              <first.speech>0</first.speech>
              <name role="metadata">CROUCH, Richard</name>
              <name role="display">Mr CROUCH</name>
            </talker>
            <para>- Is the Minister for Trade and Customs <inline font-weight="bold">(Mr. Forde)</inline> aware that a large quantity of Oregon timber is now in bond in Australia, and that importers are awaiting an anticipated reduction of duty, under the treaty that is being negotiated with Canada? Will he see that the rights of the Victorian timber growers are not prejudiced by the admission of that oregon into Australia duty free? </para>
          </talk.start>
        </speech>
        <speech>
          <talk.start>
            <talker>
              <page.no>2669</page.no>
              <time.stamp />
              <name.id>F4U</name.id>
              <electorate>CAPRICORNIA, QUEENSLAND</electorate>
              <party>ALP</party>
              <role>Minister for Trade and Customs</role>
              <in.gov>1</in.gov>
              <first.speech>0</first.speech>
              <name role="metadata">FORDE, Francis Michael</name>
              <name role="display">Mr FORDE</name>
            </talker>
            <para>- I am not aware that the position alleged by the honorable member for Corangamite <inline font-weight="bold">(Mr. Crouch)</inline> exists. If the honorable member will place further details before me they will receive consideration. </para>
          </talk.start>
        </speech>
      </subdebate.1>
    </debate>
    <debate>
      <debateinfo>
        <title>QUESTION</title>
        <page.no>2669</page.no>
        <type>Questions</type>
      </debateinfo>
      <subdebate.1>
        <subdebateinfo>
          <title>COMMONWEALTH FINANCES</title>
          <page.no>2669</page.no>
        </subdebateinfo>
        <para>Resolutions of Melbourne Conference - Conversion Loan - Reduction of Pensions - Public Service Salaries</para>
        <speech>
          <talk.start>
            <talker>
              <page.no>2669</page.no>
              <time.stamp />
              <name.id>KJQ</name.id>
              <electorate>HUNTER, NEW SOUTH WALES</electorate>
              <party />
              <role />
              <in.gov>0</in.gov>
              <first.speech>0</first.speech>
              <name role="metadata">JAMES, Rowland</name>
              <name role="display">Mr JAMES</name>
            </talker>
            <para>- In view of the assent by the Premiers Conference in Melbourne to the proposal that bondholders should be appealed to for voluntary subscriptions to the proposed conversion loan, and as it was the opinion of that conference that any threat of compulsion would have a bacl psychological effect, I ask the Prime Minister whether the Government will undertake to apply the same principle of voluntaryism to the proposed reductions in pensions, wages, and salaries? If not, in view of the alleged necessity for securing Australian unity by &#34; equality of sacrifice &#34;, how can the Government justify its action in making class distinctions by according more favorable treatment to Australian money-lenders than that given to war widows, limbless soldiers, old-age and invalid pensioners, and wage-earners generally ? </para>
          </talk.start>
        </speech>
        <speech>
          <talk.start>
            <talker>
              <page.no>2669</page.no>
              <time.stamp />
              <name.id>F4Q</name.id>
              <electorate />
              <party>ALP</party>
              <role />
              <in.gov>1</in.gov>
              <first.speech>0</first.speech>
              <name role="metadata">SCULLIN, James Henry</name>
              <name role="display">Mr SCULLIN</name>
            </talker>
            <para>- The honorable member&#39;s question relates to the general financial policy of the Government, which will be announced later. </para>
          </talk.start>
        </speech>
        <speech>
          <talk.start>
            <talker>
              <page.no>2669</page.no>
              <time.stamp />
              <name.id>KX7</name.id>
              <electorate>EAST SYDNEY, NEW SOUTH WALES</electorate>
              <party />
              <role />
              <in.gov>0</in.gov>
              <first.speech>0</first.speech>
              <name role="metadata">WARD, Edward</name>
              <name role="display">Mr WARD</name>
            </talker>
            <para>- In answer to questions the Prime Minister has frequently stated in this House that in no circumstances would pensions be reduced. I ask the right honorable gentleman whether the policy of the Government has been altered, and, if so, what influences have operated to bring about the change? </para>
          </talk.start>
          <continue>
            <talk.start>
              <talker>
                <page.no>2669</page.no>
                <time.stamp />
                <name.id>F4Q</name.id>
                <electorate />
                <party />
                <role />
                <in.gov>0</in.gov>
                <first.speech>0</first.speech>
                <name role="metadata">SCULLIN, James Henry</name>
                <name role="display">Mr SCULLIN</name>
              </talker>
              <para>- My reply to the honorable member for Hunter <inline font-weight="bold">(Mr. James)</inline> applies to this question also. </para>
            </talk.start>
          </continue>
          <continue>
            <talk.start>
              <talker>
                <page.no>2669</page.no>
                <time.stamp />
                <name.id>KJQ</name.id>
                <electorate />
                <party />
                <role />
                <in.gov>0</in.gov>
                <first.speech>0</first.speech>
                <name role="metadata">JAMES, Rowland</name>
                <name role="display">Mr JAMES</name>
              </talker>
              <para>- I ask the Prime Minister - 1. Does the Government subscribe to the view that to refuse or fail to honour any contracts with bondholders would be an act of repudiation, and, therefore, dishonorable? 2. Is it not a fact that the most solemn promises were made and repeatedly re-affirmed to Australian volunteers, who enlisted for service in the world war, that those who survived, and the families and dependants of all who served, would be amply and generously provided, for during the remainder of their lives? 3. Is it contended that their present pensions are excessive; if not, are not the proposed compulsory reductions thereof a partial repudiation of those promises, and as affecting the lives and health of thousands of crippled and diseased ex-soldiers, much more dishonorable than any possible default to bondholders ? </para>
            </talk.start>
          </continue>
          <continue>
            <talk.start>
              <talker>
                <page.no>2669</page.no>
                <time.stamp />
                <name.id>F4Q</name.id>
                <electorate />
                <party />
                <role />
                <in.gov>0</in.gov>
                <first.speech>0</first.speech>
                <name role="metadata">SCULLIN, James Henry</name>
                <name role="display">Mr SCULLIN</name>
              </talker>
              <para>- The honorable member has not asked a question; he has merely made a propaganda speech. </para>
            </talk.start>
          </continue>
          <continue>
            <talk.start>
              <talker>
                <page.no>2669</page.no>
                <time.stamp />
                <name.id>KX7</name.id>
                <electorate />
                <party />
                <role />
                <in.gov>0</in.gov>
                <first.speech>0</first.speech>
                <name role="metadata">WARD, Edward</name>
                <name role="display">Mr WARD</name>
              </talker>
              <para>- In view of the serious financial position, of the country, will the Government consider the advisability of making &#163;500 the maximum salary to be paid to any government official or employee of the Commonwealth, including the Governor-General, justices of the High Court, Ministers, and members of Parliament ? </para>
            </talk.start>
          </continue>
          <continue>
            <talk.start>
              <talker>
                <page.no>2669</page.no>
                <time.stamp />
                <name.id>F4Q</name.id>
                <electorate />
                <party />
                <role />
                <in.gov>0</in.gov>
                <first.speech>0</first.speech>
                <name role="metadata">SCULLIN, James Henry</name>
                <name role="display">Mr SCULLIN</name>
              </talker>
              <para>- Consideration will be given to all practicable proposals that may be put forward. </para>
            </talk.start>
          </continue>
          <continue>
            <talk.start>
              <talker>
                <page.no>2669</page.no>
                <time.stamp />
                <name.id>KJQ</name.id>
                <electorate />
                <party />
                <role />
                <in.gov>0</in.gov>
                <first.speech>0</first.speech>
                <name role="metadata">JAMES, Rowland</name>
                <name role="display">Mr JAMES</name>
              </talker>
              <para>- Is it a fact that, knowing that the Labour caucus and the group to which I belong in this chamber cannot be expected to endorse the decision of the Premiers Conference to make wholesale reductions in wages, pensions, and maternity bonuses, the Prime Minister has invited the Opposition to come to his aid in giving effect to those proposals? In view of the fact that the reductions to which I have referred have been consistently advocated by the Nationalist and Country parties for many months, does the Government intend to facilitate the efforts of those parties to cany out a policy which is so objectionable to the members of the Labour party? </para>
            </talk.start>
          </continue>
          <para>Question not answered. </para>
          <continue>
            <talk.start>
              <talker>
                <page.no>2670</page.no>
                <time.stamp />
                <name.id>KX7</name.id>
                <electorate />
                <party />
                <role />
                <in.gov>0</in.gov>
                <first.speech>0</first.speech>
                <name role="metadata">WARD, Edward</name>
                <name role="display">Mr WARD</name>
              </talker>
              <para>- I ask the Prime Minister whether it is the intention of the Government to make available to honorable members a comprehensive report of the proceedings of the recent Premiers Conference in Melbourne? </para>
            </talk.start>
          </continue>
          <continue>
            <talk.start>
              <talker>
                <page.no>2670</page.no>
                <time.stamp />
                <name.id>F4Q</name.id>
                <electorate />
                <party />
                <role />
                <in.gov>0</in.gov>
                <first.speech>0</first.speech>
                <name role="metadata">SCULLIN, James Henry</name>
                <name role="display">Mr SCULLIN</name>
              </talker>
              <para>- Yes. </para>
            </talk.start>
          </continue>
        </speech>
      </subdebate.1>
    </debate>
    <debate>
      <debateinfo>
        <title>QUESTION</title>
        <page.no>2670</page.no>
        <type>Questions</type>
      </debateinfo>
      <subdebate.1>
        <subdebateinfo>
          <title>OTTAWA ECONOMIC CONFERENCE</title>
          <page.no>2670</page.no>
        </subdebateinfo>
        <speech>
          <talk.start>
            <talker>
              <page.no>2670</page.no>
              <time.stamp />
              <name.id>JUB</name.id>
              <electorate>BRISBANE. QLD</electorate>
              <party>NAT</party>
              <role />
              <in.gov>0</in.gov>
              <first.speech>0</first.speech>
              <name role="metadata">CAMERON, Donald Charles</name>
              <name role="display">Mr D CAMERON</name>
            </talker>
            <para>- Is the Prime Minister in a position to make a statement regarding the reported postponement until next year of the Ottawa Economic Conference? </para>
          </talk.start>
        </speech>
        <speech>
          <talk.start>
            <talker>
              <page.no>2670</page.no>
              <time.stamp />
              <name.id>F4Q</name.id>
              <electorate />
              <party>ALP</party>
              <role />
              <in.gov>1</in.gov>
              <first.speech>0</first.speech>
              <name role="metadata">SCULLIN, James Henry</name>
              <name role="display">Mr SCULLIN</name>
            </talker>
            <para>- It was my intention to inform the House that the Commonwealth Government had made representations to the Government of Canada to the effect that it would not be convenient for it to be represented by a Minister at Ottawa in August of this year, as had been suggested, and I regret that, owing to my detention in Melbourne at the Premiers Conference, I was unable to do this, and omitted to ask the Minister in charge of Government business to do it. Prior to that I had learned that a similar reply had been sent by the Government of New Zealand. The cables on the subject that have appeared in the press state that the Government had taken this course owing to &#34; political uncertainty &#34;. The word &#34; political &#34; was not used, and I do not understand how it crept in. There is, of course, no &#34;political uncertainty&#34; in Australia at present. The Government felt that, because of existing conditions, it would not be convenient for it to be represented at Ottawa. It also believes that the conference would be a greater success if the proposals to be submitted to it receive more consideration in the light of recent negotiations between the respective countries concerned. </para>
          </talk.start>
        </speech>
      </subdebate.1>
    </debate>
    <debate>
      <debateinfo>
        <title>QUESTION</title>
        <page.no>2670</page.no>
        <type>Questions</type>
      </debateinfo>
      <subdebate.1>
        <subdebateinfo>
          <title>DEFENCE DEPARTMENT</title>
          <page.no>2670</page.no>
        </subdebateinfo>
        <para>Use o.f Land by Unemployed. </para>
        <speech>
          <talk.start>
            <talker>
              <page.no>2670</page.no>
              <time.stamp />
              <name.id>KIB</name.id>
              <electorate>LANG, NEW SOUTH WALES</electorate>
              <party />
              <role />
              <in.gov>0</in.gov>
              <first.speech>0</first.speech>
              <name role="metadata">LONG, William</name>
              <name role="display">Mr LONG</name>
            </talker>
            <para>- I desire to address a question to the Prime Minister, which I shall preface by reading from a letter received by me this morning, as follows : - </para>
          </talk.start>
          <para>Sydney, 10th June, 1931. </para>
          <para class="block">Dear <inline font-weight="bold">Sir,</inline></para>
          <para>May I call your attention to a very urgent matter. There are hundreds of unemployed families in Sydney who realize that the chance of obtaining work is hopeless, and who are, therefore, exceedingly anxious to get a small block of land on which they can grow fruit and vegetables, keep some fowls, and perhaps a cow. It is possible to secure materials for shelters, tools, seeds, &#38;c, but the land is the difficulty. </para>
          <para>There is, however, at Liverpool, an area of between CO.000 and 70,000 acres belonging to the Defence Department. About 5,000 acres of this is not utilized at all for manoeuvring or big gun practice, and this is the very part which would be eminently suitable for placing families on two to five-acre blocks. I would respectfully urge you to approach the Prime Minister and other members of the Cabinet to get this area devoted immediately for this purpose. A value could bo fixed for the land, and this could bc paid off after a few years. The committee with which I am connected would be willing to organize the settlement if the land were available. I am confident that you will treat this as <inline font-style="italic">a</inline> matter of extreme urgency. </para>
          <para>Yours faithfully, </para>
          <para>Robert B. S. Hammond. </para>
          <para class="block">Is it possible for the Government to cooperate with that committee by instituting an investigation with a view to effecting satisfactory arrangements for the settlement of unemployed on small blocks near Liverpool? </para>
        </speech>
        <speech>
          <talk.start>
            <talker>
              <page.no>2670</page.no>
              <time.stamp />
              <name.id>F4Q</name.id>
              <electorate />
              <party>ALP</party>
              <role />
              <in.gov>1</in.gov>
              <first.speech>0</first.speech>
              <name role="metadata">SCULLIN, James Henry</name>
              <name role="display">Mr SCULLIN</name>
            </talker>
            <para>- The Minister for Defence will reply to the question. </para>
          </talk.start>
        </speech>
        <speech>
          <talk.start>
            <talker>
              <page.no>2670</page.no>
              <time.stamp />
              <name.id>A48</name.id>
              <electorate>MACQUARIE, NEW SOUTH WALES</electorate>
              <party>ALP</party>
              <role />
              <in.gov>0</in.gov>
              <first.speech>0</first.speech>
              <name role="metadata">CHIFLEY, Ben</name>
              <name role="display">Mr CHIFLEY</name>
            </talker>
            <para>- The only suggestion that has been put forward by various committees with regard to. the provision of small allotments of land for the settlement of unemployed has been that the Defence Department should make available certain land at Liverpool, which was purchased for military purposes at a cost of approximately &#163;15 an acre. It has been urged that the land should be made available to unemployed in allotments of about two acres each. After carefully considering the proposal, it was decided that the land was unsuitable for the purpose, and the request was rejected. A similar project has been considered by previous ministers for Defence, including the present Postmaster-General <inline font-weight="bold">(Mr. A. Green),</inline> but the idea was deemed impracticable. However, the Government has offered the whole of the Liverpool Camp to the New SouthWales Government, with the exception of the hospital block, to he used for the purpose of housing the unemployed. That Government has asked the Commonwealth Government to defer the offer, as it is trying to make other temporary arrangements to house the unemployed through the medium of the Sydney Unemployment Relief Committee. Should the New South Wales Government take over the Liverpool Camp for this purpose, it is possible that it may he able to make use of a portion of the area for growing vegetables for the men in the camp. </para>
          </talk.start>
        </speech>
      </subdebate.1>
    </debate>
    <debate>
      <debateinfo>
        <title>PRICE OP PETROL</title>
        <page.no>2671</page.no>
        <type>miscellaneous</type>
      </debateinfo>
      <para>Mr.FENTON.- Is the Prime Minister in a position to announce what the Government, acting in conjunction with the State Governments, intends to do regarding the price of petrol, and the genera&#93; trading operations of what are known as the five major oil companies in Australia? </para>
      <speech>
        <talk.start>
          <talker>
            <page.no>2671</page.no>
            <time.stamp />
            <name.id>F4Q</name.id>
            <electorate />
            <party>ALP</party>
            <role />
            <in.gov>1</in.gov>
            <first.speech>0</first.speech>
            <name role="metadata">SCULLIN, James Henry</name>
            <name role="display">Mr SCULLIN</name>
          </talker>
          <para>- On two occasions I brought up the matter at the Premiers Conference at Melbourne, during intervals when representatives were waiting forcertain reports on the financial situation. No finality was reached, but i propose to follow up the matter by further consultations with the Premiers. </para>
        </talk.start>
      </speech>
    </debate>
    <debate>
      <debateinfo>
        <title>QUESTION</title>
        <page.no>2671</page.no>
        <type>Questions</type>
      </debateinfo>
      <subdebate.1>
        <subdebateinfo>
          <title>GRANT OF COAL TO DESTITUTE PERSONS</title>
          <page.no>2671</page.no>
        </subdebateinfo>
        <speech>
          <talk.start>
            <talker>
              <page.no>2671</page.no>
              <time.stamp />
              <name.id>KJQ</name.id>
              <electorate />
              <party />
              <role />
              <in.gov>0</in.gov>
              <first.speech>0</first.speech>
              <name role="metadata">JAMES, Rowland</name>
              <name role="display">Mr JAMES</name>
            </talker>
            <para>- Some twelve months ago the Defence Department made available 10,000 tons of coal for the use of destitute persons in the Hunter electorate. The coal forms part of a dump at. Catherine Hill Pay, which is inaccessible except by boat. Consequently it is still there, and cannot be used by destitute persons either in the Newcastle or Hunter River districts. Will the Government make available a quantity of coal at Newcastle, or provide the services of a warship to transport the coal from Catherine Hill Bay to Newcastle, so that it may be taken to the railhead, and used as was originally intended? </para>
          </talk.start>
          <para>Also, will the Minister for Defence make available to the relief committees that are providing soup to the destitute in northern New South Wales, the travelling kitchens and coppers that are now stored in military buildings ? </para>
        </speech>
        <speech>
          <talk.start>
            <talker>
              <page.no>2671</page.no>
              <time.stamp />
              <name.id>A48</name.id>
              <electorate>MACQUARIE, NEW SOUTH WALES</electorate>
              <party>ALP</party>
              <role />
              <in.gov>0</in.gov>
              <first.speech>0</first.speech>
              <name role="metadata">CHIFLEY, Ben</name>
              <name role="display">Mr CHIFLEY</name>
            </talker>
            <para>- The 10,000 tons of coal referred to by the honorable member was under the control of the Prime Minister&#39;s Department, and the Prime Minister entrusted me with the work of making what arrangements might be necessary to enable this coal to be distributed to the unemployed. Six thousand tons were made, available from the Catherine Hill Bay stock, under the condition that the Government would not be responsible for the cost of transport. We said that if local authorities would make arrangements for transporting the coal, it would be made available. Later, it was made known to me that the coal was far away from some of the districts in which it was needed, and that the cost of transport would make it unreasonably dear. In order to meet the requirements of the Newcastle and Waratah districts a quantity of 400 tons, supplemented by a further 200 tons, was made available from the stores of my department. If the honorable member for Hunter <inline font-weight="bold">(Mr. James)</inline> knows any council or authority which is prepared to make itself responsible for the distribution of coal, I shall consider sympathetically any application he may put before me. </para>
          </talk.start>
          <para>The honorable member asked whether the Government would agree to make available cooking utensils to unemployed relief committees. The Defence Department has already made available large quantities of such utensils throughout the States, including New South Wales. We made it a condition, however, that some local authority must take charge of the materia&#93;, and be responsible for it. I am not prepared to hand out public property to any one who may come along and ask for it. If the honorable member will nominate some authority which will undertake to make proper use of the material, and be responsible for it, I shall consider sympathetically any request made for its use. </para>
        </speech>
      </subdebate.1>
    </debate>
    <debate>
      <debateinfo>
        <title>QUESTION</title>
        <page.no>2672</page.no>
        <type>Questions</type>
      </debateinfo>
      <subdebate.1>
        <subdebateinfo>
          <title>RELIEF TO WHEAT-GROWERS</title>
          <page.no>2672</page.no>
        </subdebateinfo>
        <speech>
          <talk.start>
            <talker>
              <page.no>2672</page.no>
              <time.stamp />
              <name.id>KV8</name.id>
              <electorate />
              <party />
              <role />
              <in.gov>0</in.gov>
              <first.speech>0</first.speech>
              <name role="metadata">STEWART, Percy</name>
              <name role="display">Mr STEWART</name>
            </talker>
            <para>- Will the Prime Minister state whether the subject of relief payments to wheat-growers was discussed at the recent Premiers Conference, and if so, what decision was arrived at? </para>
          </talk.start>
        </speech>
        <speech>
          <talk.start>
            <talker>
              <page.no>2672</page.no>
              <time.stamp />
              <name.id>F4Q</name.id>
              <electorate />
              <party>ALP</party>
              <role />
              <in.gov>1</in.gov>
              <first.speech>0</first.speech>
              <name role="metadata">SCULLIN, James Henry</name>
              <name role="display">Mr SCULLIN</name>
            </talker>
            <para>- The position of the wheat-growers and the farmers was discussed at the conference, as was also the position of the unemployed. The specific matter referred to by the honorable member was brought up at a meeting of the Loan Council, and in the course of a day or two the Treasurer will have a statement to make regarding it. </para>
          </talk.start>
        </speech>
      </subdebate.1>
    </debate>
    <debate>
      <debateinfo>
        <title>QUESTION</title>
        <page.no>2672</page.no>
        <type>Questions</type>
      </debateinfo>
      <subdebate.1>
        <subdebateinfo>
          <title>BANKRUPTCY STATISTICS</title>
          <page.no>2672</page.no>
        </subdebateinfo>
        <speech>
          <talk.start>
            <talker>
              <page.no>2672</page.no>
              <time.stamp />
              <name.id>KOC</name.id>
              <electorate>WAKEFIELD, SOUTH AUSTRALIA</electorate>
              <party />
              <role />
              <in.gov>0</in.gov>
              <first.speech>0</first.speech>
              <name role="metadata">HAWKER, Charles</name>
              <name role="display">Mr HAWKER</name>
            </talker>
            <para>asked the AttorneyGeneral, <inline font-style="italic">upon notice -</inline></para>
          </talk.start>
          <quote>
            <para>What is the number of - (1) Dairymen; (2) farmers, graziers, and pastoralists; (3) gardeners; (4) horticulturists; (5) market gardeners: (0) orchardists; (7) vignerons; (8) merchants (various), who entered into deeds of assignment or compositions and schemes of arrangement under Part XI., or deeds of arrangement under Part XII. of the Bankruptcy Act for the last three quarters for which figures are available, and for the corresponding periods of the previous two years in each of the States of Now South Wales, Victoria, South Australia, and Western Australia? </para>
          </quote>
        </speech>
        <speech>
          <talk.start>
            <talker>
              <page.no>2672</page.no>
              <time.stamp />
              <name.id>JSC</name.id>
              <electorate>BATMAN, VICTORIA</electorate>
              <party>ALP</party>
              <role>Attorney-General</role>
              <in.gov>1</in.gov>
              <first.speech>0</first.speech>
              <name role="metadata">BRENNAN, Frank</name>
              <name role="display">Mr BRENNAN</name>
            </talker>
            <para>- Owing to the pressure of work in the Bankruptcy Office, the compilation of statistical information, other than in connexion with the annual report of the Attorney-General, can only be undertaken at the expense of other urgent work. I refer the honorable member to the annual report of the AttorneyGeneral for the year 1928-29, and to the report for 1929-30, recently circulated. These reports contain a great deal of the information as to bankruptcies, deeds of arrangement, &#38;c, asked for by the honorable member. The report for the year 1.930-31 will be tabled shortly after&#39; the end of next month. Under the circumstances, I would ask the honorable member not to press his question. </para>
          </talk.start>
          <continue>
            <talk.start>
              <talker>
                <page.no>2672</page.no>
                <time.stamp />
                <name.id>KOC</name.id>
                <electorate />
                <party />
                <role />
                <in.gov>0</in.gov>
                <first.speech>0</first.speech>
                <name role="metadata">HAWKER, Charles</name>
                <name role="display">Mr HAWKER</name>
              </talker>
              <para>asked the AttorneyGeneral, <inline font-style="italic">upon notice -</inline></para>
            </talk.start>
          </continue>
          <list type="decimal-dotted">
            <item label="1.">
              <para>What is the number of cases dealt with during the last quarter for which figures are available, and what is the amount of liabilities and assets as estimated by debtors under sequestration orders and compositions or schemes of arrangements (Part IV.) and under Parts XI. and XII. of the Bankruptcy Act (similar to those in the Eighth Schedule in the first annual report) ? </para>
            </item>
            <item label="2.">
              <para>What are the figures for the corresponding quarters of the previous two years? </para>
            </item>
            <item label="3.">
              <para>What are the figures for each State or district respectively? </para>
            </item>
          </list>
          <continue>
            <talk.start>
              <talker>
                <page.no>2672</page.no>
                <time.stamp />
                <name.id>JSC</name.id>
                <electorate />
                <party />
                <role />
                <in.gov>0</in.gov>
                <first.speech>0</first.speech>
                <name role="metadata">BRENNAN, Frank</name>
                <name role="display">Mr BRENNAN</name>
              </talker>
              <para>- I refer the honorable member to the answer given to the previous question. </para>
            </talk.start>
          </continue>
        </speech>
      </subdebate.1>
    </debate>
    <debate>
      <debateinfo>
        <title>QUESTION</title>
        <page.no>2672</page.no>
        <type>Questions</type>
      </debateinfo>
      <subdebate.1>
        <subdebateinfo>
          <title>DUTY ON PETROL- ALLOCATION OF ROAD GRANTS</title>
          <page.no>2672</page.no>
        </subdebateinfo>
        <speech>
          <talk.start>
            <talker>
              <page.no>2672</page.no>
              <time.stamp />
              <name.id>F4U</name.id>
              <electorate />
              <party>ALP</party>
              <role />
              <in.gov>1</in.gov>
              <first.speech>0</first.speech>
              <name role="metadata">FORDE, Francis Michael</name>
              <name role="display">Mr FORDE</name>
            </talker>
            <para>- The honorable member for Swan <inline font-weight="bold">(Mr. Gregory)</inline> has asked a series of questions, upon notice, regarding the duty on petrol and the allocation of road grants. The information is being obtained, and will be furnished as soon as possible. </para>
          </talk.start>
        </speech>
      </subdebate.1>
    </debate>
    <debate>
      <debateinfo>
        <title>QUESTION</title>
        <page.no>2672</page.no>
        <type>Questions</type>
      </debateinfo>
      <subdebate.1>
        <subdebateinfo>
          <title>AUSTRALIAN NAVY</title>
          <page.no>2672</page.no>
        </subdebateinfo>
        <speech>
          <talk.start>
            <talker>
              <page.no>2672</page.no>
              <time.stamp />
              <name.id>A48</name.id>
              <electorate>MACQUARIE, NEW SOUTH WALES</electorate>
              <party>ALP</party>
              <role />
              <in.gov>0</in.gov>
              <first.speech>0</first.speech>
              <name role="metadata">CHIFLEY, Ben</name>
              <name role="display">Mr CHIFLEY</name>
            </talker>
            <para>- The honorable member for Corangamite <inline font-weight="bold">(Mr. Crouch)</inline> has asked a number of questions, upon notice, regarding the Australian Navy. I will have inquiries made and furnish a reply to the honorable member as early as possible. </para>
          </talk.start>
        </speech>
      </subdebate.1>
    </debate>
    <debate>
      <debateinfo>
        <title>QUESTION</title>
        <page.no>2672</page.no>
        <type>Questions</type>
      </debateinfo>
      <subdebate.1>
        <subdebateinfo>
          <title>FEDERAL CAPITAL TERRITORY RENTALS</title>
          <page.no>2672</page.no>
        </subdebateinfo>
        <speech>
          <talk.start>
            <talker>
              <page.no>2672</page.no>
              <time.stamp />
              <name.id>JPV</name.id>
              <electorate>DARLING, NEW SOUTH WALES</electorate>
              <party />
              <role />
              <in.gov>0</in.gov>
              <first.speech>0</first.speech>
              <name role="metadata">BLAKELEY, Arthur</name>
              <name role="display">Mr BLAKELEY</name>
            </talker>
            <para>- The honorable member for Herbert <inline font-weight="bold">(Mr. Martens)</inline> has asked a number of questions, upon notice, regarding rents in Canberra. Replies to the honorable member&#39;s questions will be furnished as soon as possible. </para>
          </talk.start>
        </speech>
      </subdebate.1>
    </debate>
    <debate>
      <debateinfo>
        <title>QUESTION</title>
        <page.no>2672</page.no>
        <type>Questions</type>
      </debateinfo>
      <subdebate.1>
        <subdebateinfo>
          <title>SUNDAY MILITARY MANOEUVRES</title>
          <page.no>2672</page.no>
        </subdebateinfo>
        <speech>
          <talk.start>
            <talker>
              <page.no>2672</page.no>
              <time.stamp />
              <name.id>L1T</name.id>
              <electorate>ADELAIDE, SOUTH AUSTRALIA</electorate>
              <party />
              <role />
              <in.gov>0</in.gov>
              <first.speech>0</first.speech>
              <name role="metadata">YATES, George</name>
              <name role="display">Mr YATES</name>
            </talker>
            <para>asked the Minister for Defence, <inline font-style="italic">upon notice -</inline></para>
          </talk.start>
          <list type="decimal-dotted">
            <item label="1.">
              <para>Is it a fact that in South Australia military  manvres  involving the services of permanent military officers take place on Sundays? </para>
            </item>
            <item label="2.">
              <para>Is it a fact that Sunday rides are arranged to train officers, at which staff instructors have to attend? </para>
            </item>
            <item label="3.">
              <para>Is he aware that many permanent officers deeply resent this Sunday work? </para>
            </item>
            <item label="4.">
              <para>How long lias this practice been in vogue ? </para>
            </item>
          </list>
        </speech>
        <speech>
          <talk.start>
            <talker>
              <page.no>2672</page.no>
              <time.stamp />
              <name.id>A48</name.id>
              <electorate>MACQUARIE, NEW SOUTH WALES</electorate>
              <party>ALP</party>
              <role />
              <in.gov>0</in.gov>
              <first.speech>0</first.speech>
              <name role="metadata">CHIFLEY, Ben</name>
              <name role="display">Mr CHIFLEY</name>
            </talker>
            <para>- The answers to the honorable member&#39;s questions are as follow : - </para>
          </talk.start>
          <list type="decimal-dotted">
            <item label="1.">
              <para>Yes. </para>
            </item>
            <item label="2.">
              <para>Yes. In a great majority of instances week-ends afford the only opportunity for personnel of the Militia Forces voluntarily to obtain the necessary additional training. </para>
            </item>
            <item label="3.">
              <para>No. It is the duty of permanent staffs to assist in all training, and permanent personnel employed in this capacity on a Sunday are eligible for time off in lieu. Those, however, who represent &#39;to their formation Commander that they have conscientious objections to being so employed on a Sunday are not required to perform duty. </para>
            </item>
            <item label="4.">
              <para>For very many years. An exact date cannot be ascertained. </para>
            </item>
          </list>
        </speech>
      </subdebate.1>
    </debate>
    <debate>
      <debateinfo>
        <title>QUESTION</title>
        <page.no>2673</page.no>
        <type>Questions</type>
      </debateinfo>
      <subdebate.1>
        <subdebateinfo>
          <title>POST OFFICE CLOCKS</title>
          <page.no>2673</page.no>
        </subdebateinfo>
        <speech>
          <talk.start>
            <talker>
              <page.no>2673</page.no>
              <time.stamp />
              <name.id>KF9</name.id>
              <electorate>KALGOORLIE, WESTERN AUSTRALIA</electorate>
              <party>ALP; FLP from 1931; ALP from 1936</party>
              <role />
              <in.gov>0</in.gov>
              <first.speech>0</first.speech>
              <name role="metadata">GREEN, Albert</name>
              <name role="display">Mr A GREEN</name>
            </talker>
            <para>- The honorable member for Corangamite <inline font-weight="bold">(Mr. Crouch)</inline> has asked a series of questions, upon, notice, regarding the lighting of post office clocks. The information is being obtained. </para>
          </talk.start>
        </speech>
      </subdebate.1>
    </debate>
    <debate>
      <debateinfo>
        <title>QUESTION</title>
        <page.no>2673</page.no>
        <type>Questions</type>
      </debateinfo>
      <subdebate.1>
        <subdebateinfo>
          <title>WAR PENSIONS</title>
          <page.no>2673</page.no>
        </subdebateinfo>
        <para>Payment Overseas</para>
        <speech>
          <talk.start>
            <talker>
              <page.no>2673</page.no>
              <time.stamp />
              <name.id>KMZ</name.id>
              <electorate>HERBERT, QUEENSLAND</electorate>
              <party />
              <role />
              <in.gov>0</in.gov>
              <first.speech>0</first.speech>
              <name role="metadata">MARTENS, George</name>
              <name role="display">Mr MARTENS</name>
            </talker>
            <para>asked the Minister for Repatriation, <inline font-style="italic">upon notice -</inline></para>
          </talk.start>
          <list type="decimal-dotted">
            <item label="1.">
              <para>How many Australian war pensions are paid overseas? </para>
            </item>
            <item label="2.">
              <para>What is the amount involved per annum? </para>
            </item>
          </list>
        </speech>
        <speech>
          <talk.start>
            <talker>
              <page.no>2673</page.no>
              <time.stamp />
              <name.id>JT7</name.id>
              <electorate>WANNON, VICTORIA</electorate>
              <party>ALP</party>
              <role>Minister for Health</role>
              <in.gov>1</in.gov>
              <first.speech>0</first.speech>
              <name role="metadata">MCNEILL, John</name>
              <name role="display">Mr McNEILL</name>
            </talker>
            <para>- The answers to the honorable member&#39;s questions are as follow :  - </para>
          </talk.start>
          <list type="decimal-dotted">
            <item label="1.">
              <para>Pensions paid through London Office, 9,213; pensions paid in New Zealand, South Africa, India, and Fiji, 976; total, 10,189. </para>
            </item>
            <item label="2.">
              <para>Amounts paid through London Office, per annum, &#163;330,567; amounts paid in New Zealand, South Africa, India, and Fiji, &#163;30,921; total, &#163;361,488. </para>
            </item>
          </list>
          <para>The figures supplied above are as at 31st May, 1931. </para>
        </speech>
      </subdebate.1>
    </debate>
    <debate>
      <debateinfo>
        <title>QUESTION</title>
        <page.no>2673</page.no>
        <type>Questions</type>
      </debateinfo>
      <subdebate.1>
        <subdebateinfo>
          <title>DEFENCE DEPARTMENT</title>
          <page.no>2673</page.no>
        </subdebateinfo>
        <para>Dismissals of Messrs. Gay and Fleming</para>
        <speech>
          <talk.start>
            <talker>
              <page.no>2673</page.no>
              <time.stamp />
              <name.id>KZR</name.id>
              <electorate />
              <party />
              <role />
              <in.gov>0</in.gov>
              <first.speech>0</first.speech>
              <name role="metadata">WHITE, Thomas</name>
              <name role="display">Mr WHITE</name>
            </talker>
            <para>asked the Minister for Defence, <inline font-style="italic">upon notice -</inline></para>
          </talk.start>
          <list type="decimal-dotted">
            <item label="1.">
              <para>What is the reason for the dismissal of Messrs. W. Gay and H. A. Fleming from the Defence Department, Melbourne, on the 6th June? </para>
            </item>
            <item label="2.">
              <para>Has the former lost an arm and been about twelve years with the Defence Department, and has the latter lost a leg, and also been employed for some years at the Defence Department ? </para>
            </item>
            <item label="3.">
              <para>Is the principle of preference to returned soldiers being strictly adhered to when considering dismissals in the Defence Department ? </para>
            </item>
            <item label="4.">
              <para>Is any special consideration given to limbless soldiers? </para>
            </item>
          </list>
        </speech>
        <speech>
          <talk.start>
            <talker>
              <page.no>2673</page.no>
              <time.stamp />
              <name.id>A48</name.id>
              <electorate>MACQUARIE, NEW SOUTH WALES</electorate>
              <party>ALP</party>
              <role />
              <in.gov>0</in.gov>
              <first.speech>0</first.speech>
              <name role="metadata">CHIFLEY, Ben</name>
              <name role="display">Mr CHIFLEY</name>
            </talker>
            <para>- The answers to the honorable member&#39;s questions are as follow :  - </para>
          </talk.start>
          <list type="decimal-dotted">
            <item label="1.">
              <para>The temporary clerks referred to are being discharged on the 30th June, 1931, in accordance with instructions received from the Commonwealth Public Service Inspector, Melbourne. </para>
            </item>
            <item label="2.">
              <para>Yes. </para>
            </item>
            <item label="3.">
              <para>Yes. The Government&#39;s policy of preference in employment to returned soldiers is strictly adhered to. </para>
            </item>
            <item label="4.">
              <para>Yes. Every possible consideration has always been given by the department to returned men, and especially to maimed soldiers. </para>
            </item>
          </list>
        </speech>
      </subdebate.1>
    </debate>
    <debate>
      <debateinfo>
        <title>QUESTION</title>
        <page.no>2673</page.no>
        <type>Questions</type>
      </debateinfo>
      <subdebate.1>
        <subdebateinfo>
          <title>PRICES OF AUSTRALIAN STOCK</title>
          <page.no>2673</page.no>
        </subdebateinfo>
        <speech>
          <talk.start>
            <talker>
              <page.no>2673</page.no>
              <time.stamp />
              <name.id>KYH</name.id>
              <electorate>BOOTHBY, SOUTH AUSTRALIA</electorate>
              <party />
              <role />
              <in.gov>0</in.gov>
              <first.speech>0</first.speech>
              <name role="metadata">PRICE, John</name>
              <name role="display">Mr PRICE</name>
            </talker>
            <para>asked the Treasurer, <inline font-style="italic">upon notice -</inline></para>
          </talk.start>
          <quote>
            <para>In connexion with overseas markets for the following Australian stock : <inline font-style="italic">(a)</inline> Commonwealth 5 per cent. 1945-75, and (b) Commonwealth 6 per cent. 1931-41, can he state the price quoted for each stock on the following dates: (i) 1st June, 1928; (ii) 1st June, 1929; (iii) 1st June, 1930; (iv) 1st June, 1931? </para>
          </quote>
        </speech>
        <speech>
          <talk.start>
            <talker>
              <page.no>2673</page.no>
              <time.stamp />
              <name.id>KVS</name.id>
              <electorate>DALLEY, NEW SOUTH WALES</electorate>
              <party>ALP</party>
              <role>Treasurer</role>
              <in.gov>1</in.gov>
              <first.speech>0</first.speech>
              <name role="metadata">THEODORE, Edward</name>
              <name role="display">Mr THEODORE</name>
            </talker>
            <para>- Following are the prices in respect of the nearest dates for which information is available. The prices quoted exclude accrued interest: - </para>
          </talk.start>
          <list type="loweralpha">
            <item label="(a)">
              <para>Commonwealth 5 per cent. 1945-75. - (i) 31st May, 1928, &#163;99; (ii) 31st May, 1929, &#163;96 15s.; (iii) 2nd June, 1930, &#163;87 12s. 6d.; (iv) 1st June, 1931, &#163;63 7s.6d. (b) Commonwealth 6 per cent. 1931-41. - (i) 1st June, 1928, &#163;101; (ii) 31st May, 1929, &#163;99 15s.; (iii) 30th May, 1930, &#163;97 10s.; (iv) 28th May, 1931, &#163;75 10s. </para>
            </item>
          </list>
        </speech>
      </subdebate.1>
    </debate>
    <debate>
      <debateinfo>
        <title>FEDERAL CAPITAL TERRITORY</title>
        <page.no>2673</page.no>
        <type>miscellaneous</type>
      </debateinfo>
      <subdebate.1>
        <subdebateinfo>
          <title>Manuka Oval</title>
          <page.no>2673</page.no>
        </subdebateinfo>
        <speech>
          <talk.start>
            <talker>
              <page.no>2673</page.no>
              <time.stamp />
              <name.id>JPV</name.id>
              <electorate />
              <party />
              <role />
              <in.gov>0</in.gov>
              <first.speech>0</first.speech>
              <name role="metadata">BLAKELEY, Arthur</name>
              <name role="display">Mr BLAKELEY</name>
            </talker>
            <para>- On the 21st May, . 1931, the honorable member for East Sydney <inline font-weight="bold">(Mr. Ward)</inline> asked whether the use of sludge for top-dressing the Manuka oval would be. likely to expose people to danger of infection from tetanus. In reply, I indicated that the ground was treated with sludge residue, and that the actual top-dressing was soil and sand. In view of the apprehension expressed, I undertook that an expert opinion would be obtained on the subject. This has now been received, and indicates that there may be a danger if woundswere to become infected with bacteria from the sludge. In the circumstances, I have given instructions for the discontinuance of the use of sludge in connexion with . playing fields. </para>
          </talk.start>
        </speech>
      </subdebate.1>
    </debate>
    <debate>
      <debateinfo>
        <title>SPECIAL ADJOURNMENT</title>
        <page.no>2673</page.no>
        <type>special adjournment</type>
      </debateinfo>
      <subdebate.1>
        <subdebateinfo>
          <title>Melbourne Conference</title>
          <page.no>2673</page.no>
        </subdebateinfo>
        <speech>
          <talk.start>
            <talker>
              <page.no>2673</page.no>
              <time.stamp />
              <name.id>F4Q</name.id>
              <electorate>Yarra</electorate>
              <party>ALP</party>
              <role>Prime Minis ter</role>
              <in.gov>1</in.gov>
              <first.speech>0</first.speech>
              <name role="metadata">SCULLIN, James Henry</name>
              <name role="display">Mr SCULLIN</name>
            </talker>
            <para>.- I move </para>
          </talk.start>
          <para class="block">That the House at its rising adjourn until Wednesday next, at 3 p.m. </para>
          <para class="block">For the last three weeks the Treasurer and myself have been in attendance at a conference with the State Premiers in Melbourne, and it is desirable that the Cabinet should now have an opportunity of considering the decisions arrived at. Other honorable members will also desire time to consider those decisions and recommendations.We are facing a very grave emergency in the history of Australia. The conference to which I have alluded was representative of the seven governments of Australia, which represent various political parties, and - during the last two sittings - of the Opposition in this House and in the Senate. At this conference the position of Australia was discussed seriously and earnestly. </para>
          <para>It is hoped that out of those deliberations something may result which will lift Australia out of her present serious position. I would ask honorable members to reserve judgment upon what was done at that conference untilWe meet again next Wednesday, when everything will be put before the House fully and frankly, and opportunity will be given to discuss the whole situation. </para>
        </speech>
        <speech>
          <talk.start>
            <talker>
              <page.no>2674</page.no>
              <time.stamp />
              <name.id>KFS</name.id>
              <electorate>Henty</electorate>
              <party />
              <role />
              <in.gov>0</in.gov>
              <first.speech>0</first.speech>
              <name role="metadata">GULLETT, Henry</name>
              <name role="display">Mr GULLETT</name>
            </talker>
            <para>.- For the special reasons mentioned by the right honorable the Prime Minister, I think it proper to agree to the proposed adjournment, and, therefore, support the motion. On behalf of the Opposition, I say that we shall await with the keenest interest - as, indeed, will the public of Australia - the Government&#39;sproposal for the rehabilitation of the national finances, the revival of industry, and the reemployment of our people. May I assure the Prime Minister that it is the earnest hope of the Opposition that the Government&#39;s proposals may be of such a nature that we shall be able to give them our wholehearted support. </para>
          </talk.start>
        </speech>
        <speech>
          <talk.start>
            <talker>
              <page.no>2674</page.no>
              <time.stamp />
              <name.id>KXT</name.id>
              <electorate>Gippsland</electorate>
              <party />
              <role />
              <in.gov>0</in.gov>
              <first.speech>0</first.speech>
              <name role="metadata">PATERSON, Thomas</name>
              <name role="display">Mr PATERSON</name>
            </talker>
            <para>.- The members of the Country party offer no objection to the proposed adjournment until Wednesday, in view of the circumstances mentioned by the Prime Minister. It has been stated that representatives of the Government and of the Opposition have been in consultation in Melbourne, but I would draw the Prime Minister&#39;s attention to the fact that a not inconsiderable section of the Opposition was not consulted in any way on this occasion. We shall await with a good deal of interest the information which the Prime Minister proposes to place before us on Wednesday next. I understand that the conference which has been sitting during the last three weeks gave full consideration to proposals for the reduction of interest rates and of various forms of governmental expenditure, and I ask if any consideration was given to the possibility of reducing the cost of living by a similar reduction of tariff duties ? </para>
          </talk.start>
        </speech>
        <speech>
          <talk.start>
            <talker>
              <page.no>2674</page.no>
              <time.stamp />
              <name.id>KLL</name.id>
              <electorate>HINDMARSH, SOUTH AUSTRALIA</electorate>
              <party />
              <role />
              <in.gov>0</in.gov>
              <first.speech>0</first.speech>
              <name role="metadata">MAKIN, Norman</name>
              <name role="display">Mr SPEAKER (Hon Norman Makin</name>
            </talker>
            <para>- The honorable member is going beyond the question before the Chair, which is, &#34; That the House at its rising adjourn until Wednesday next &#34;. The question to which the honorable member desires an answer may be submitted on the motion for the adjournment of the House. </para>
          </talk.start>
        </speech>
        <speech>
          <talk.start>
            <talker>
              <page.no>2674</page.no>
              <time.stamp />
              <name.id>KEV</name.id>
              <electorate>Maribyrnong</electorate>
              <party />
              <role />
              <in.gov>0</in.gov>
              <first.speech>0</first.speech>
              <name role="metadata">FENTON, James</name>
              <name role="display">Mr FENTON</name>
            </talker>
            <para />
          </talk.start>
          <quote>
            <para class="block">I understand that practically all the reports of the proceedings of the Premiers Conference have been printed, or, at least, that the type  has  been set up. Will the Prime Minister endeavour to supply honorable members with copies of the full report of the proceedings? If possible, honorable members should be supplied with copies before Wednesday next. </para>
            <para>Question resolved in the affirmative. </para>
          </quote>
        </speech>
      </subdebate.1>
    </debate>
    <debate>
      <debateinfo>
        <title>ADJOURNMENT</title>
        <page.no>2674</page.no>
        <type>adjournment</type>
      </debateinfo>
      <subdebate.1>
        <subdebateinfo>
          <title>Tariff Duties</title>
          <page.no>2674</page.no>
        </subdebateinfo>
        <para>Motion (by <inline font-weight="bold">Mr. Scullin)</inline> proposed - </para>
        <quote>
          <para>That the House do now  adjourn. </para>
        </quote>
        <speech>
          <talk.start>
            <talker>
              <page.no>2674</page.no>
              <time.stamp />
              <name.id>KXT</name.id>
              <electorate>Gippsland</electorate>
              <party />
              <role />
              <in.gov>0</in.gov>
              <first.speech>0</first.speech>
              <name role="metadata">PATERSON, Thomas</name>
              <name role="display">Mr PATERSON</name>
            </talker>
            <para>.- I understand that an agreement was come to between representatives of  the  Commonwealth and State Governments at the recent conference in&#39; Melbourne that certain percentage reductions should take place in. the expenditure incurred by the Government in paying the wages and salaries of public servants, in providing social services, and in disbursements in various other directions, while a substantial reduction in interest payments is to be brought about by means of the voluntary conversion of existing loans. </para>
          </talk.start>
          <interjection>
            <talk.start>
              <talker>
                <page.no>2674</page.no>
                <time.stamp />
                <name.id>F4Q</name.id>
                <electorate />
                <party />
                <role />
                <in.gov>0</in.gov>
                <first.speech>0</first.speech>
                <name role="metadata">SCULLIN, James Henry</name>
                <name role="display">Mr Scullin</name>
              </talker>
              <para>-  The whole matter can be threshed out when the subject is before the House next week. </para>
            </talk.start>
          </interjection>
          <continue>
            <talk.start>
              <talker>
                <page.no>2675</page.no>
                <time.stamp />
                <name.id>KXT</name.id>
                <electorate />
                <party />
                <role />
                <in.gov>0</in.gov>
                <first.speech>0</first.speech>
                <name role="metadata">PATERSON, Thomas</name>
                <name role="display">Mr PATERSON</name>
              </talker>
              <para>- Was the question discussed at the conference of making a similar all-round reduction in customs duties, so as to assist in reducing the cost of living? </para>
            </talk.start>
          </continue>
          <interjection>
            <talk.start>
              <talker>
                <page.no>2675</page.no>
                <time.stamp />
                <name.id>F4Q</name.id>
                <electorate />
                <party />
                <role />
                <in.gov>0</in.gov>
                <first.speech>0</first.speech>
                <name role="metadata">SCULLIN, James Henry</name>
                <name role="display">Mr Scullin</name>
              </talker>
              <para>-  No. </para>
            </talk.start>
          </interjection>
        </speech>
        <speech>
          <talk.start>
            <talker>
              <page.no>2675</page.no>
              <time.stamp />
              <name.id>KFE</name.id>
              <electorate>Swan</electorate>
              <party />
              <role />
              <in.gov>0</in.gov>
              <first.speech>0</first.speech>
              <name role="metadata">GREGORY, Henry</name>
              <name role="display">Mr GREGORY</name>
            </talker>
            <para>.- The needs of the country at the present time are desperate. Our greatest hope lies in the production of more wealth in Australia, and to induce better use of the land it is essential that we should endeavour to make the cost of all primary production as low as possible. Therefore, I urge upon the Prime Minister the necessity for doing everything possible in the direction of revising the Government&#39;s tariff policy. Only by encouraging the men on the land by lowering the tariff duties can we ensure a speedy return to prosperity. </para>
          </talk.start>
          <para>Question resolved in the affirmative. </para>
          <para>House  adjourned  at 3.7 p.m. </para>
        </speech>
      </subdebate.1>
    </debate>
  </chamber.xscript>
</hansard>
