<?xml version="1.0" encoding="utf-8"?>
<hansard xsi:noNamespaceSchemaLocation="../../hansard.xsd" version="2.1" xmlns:xsi="http://www.w3.org/2001/XMLSchema-instance">
  <session.header>
    <date>1916-05-12</date>
    <parliament.no>6</parliament.no>
    <session.no>1</session.no>
    <period.no>0</period.no>
    <chamber>SENATE</chamber>
    <page.no>7876</page.no>
    <proof>0</proof>
  </session.header>
  <chamber.xscript>
    <para class="block">Senate. </para>
    <business.start>
      <day.start>1916-05-12</day.start>
      <para>The  President  took the chair at 11 a.m., and read prayers. </para>
    </business.start>
    <debate>
      <debateinfo>
        <title>QUESTION</title>
        <page.no>7876</page.no>
        <type>Questions</type>
      </debateinfo>
      <subdebate.1>
        <subdebateinfo>
          <title>CASUALTY LISTS</title>
          <page.no>7876</page.no>
        </subdebateinfo>
        <speech>
          <talk.start>
            <talker>
              <page.no>7876</page.no>
              <time.stamp />
              <name.id>JXJ</name.id>
              <electorate>WESTERN AUSTRALIA</electorate>
              <party />
              <role />
              <in.gov>0</in.gov>
              <first.speech>0</first.speech>
              <name role="metadata">NEEDHAM, Edward</name>
              <name role="display">Senator NEEDHAM</name>
            </talker>
            <para>- Can the Minister of Defence,without disclosing information which ought not to be made public, and in order to relieve the anxiety of the relatives of soldiers at the front, inform the Senate whether the casualty lists last published represent casualties suffered by Australian soldiers in action in France, or represent casualties suffered elsewhere? </para>
          </talk.start>
        </speech>
        <speech>
          <talk.start>
            <talker>
              <page.no>7876</page.no>
              <time.stamp />
              <name.id>K0F</name.id>
              <electorate>WESTERN AUSTRALIA</electorate>
              <party>ALP</party>
              <role>Minister for Defence</role>
              <in.gov>1</in.gov>
              <first.speech>0</first.speech>
              <name role="metadata">PEARCE, George</name>
              <name role="display">Senator PEARCE</name>
            </talker>
            <para>- The British Government have discontinued the practice of indicating the locality in which casualties take place, both as regards their own Forces and the Forces of the Dominions. I think the honorable senator will find, on looking through the casualty lists referred to, that there is a date placed opposite each casualty which will serve to indicate where it took place. </para>
          </talk.start>
        </speech>
      </subdebate.1>
    </debate>
    <debate>
      <debateinfo>
        <title>QUESTION</title>
        <page.no>7876</page.no>
        <type>Questions</type>
      </debateinfo>
      <subdebate.1>
        <subdebateinfo>
          <title>SEPARATE PEACE PROPOSALS</title>
          <page.no>7876</page.no>
        </subdebateinfo>
        <speech>
          <talk.start>
            <talker>
              <page.no>7876</page.no>
              <time.stamp />
              <name.id>KRX</name.id>
              <electorate>TASMANIA</electorate>
              <party />
              <role />
              <in.gov>0</in.gov>
              <first.speech>0</first.speech>
              <name role="metadata">LONG, James</name>
              <name role="display">Senator LONG</name>
            </talker>
            <para>- Has the attention of the Minister of Defence been drawn to a paragraph in to-day&#39;s <inline font-style="italic">Age</inline> headed, &#34; A Separate Peace,&#34; and referring to a question directed to <inline font-weight="bold">Mr. Tudor</inline> in another place regarding an alleged statement by the Prime Minister in Canada that Australia had been approached in that direction? In the paragraph in question the statement is made - </para>
          </talk.start>
          <quote>
            <para>
              <inline font-weight="bold">Mr. Tudor</inline>replied that Germany had not consulted Australia or any other Dominion,so far as he knew, concerning such a peace. </para>
            <para>
              <inline font-weight="bold">Mr.</inline>Fowler  (Western Australia). Did Australia consult Germany? </para>
          </quote>
          <para>I wish to know if the Minister of Defence has seen this report, and whether it is not competent for the Government to take action against an individual making such a hellish insinuation against the Australian Government? </para>
        </speech>
        <speech>
          <talk.start>
            <talker>
              <page.no>7876</page.no>
              <time.stamp />
              <name.id>K0F</name.id>
              <electorate />
              <party>ALP</party>
              <role />
              <in.gov>1</in.gov>
              <first.speech>0</first.speech>
              <name role="metadata">PEARCE, George</name>
              <name role="display">Senator PEARCE</name>
            </talker>
            <para>- I have seen the statement referred to. In my opinion, the effect of any statement upon public opinion may be gauged by the source from which it emanates. Holding that view, I do not think that a statement coming from such a source as that indicated in the report quoted is likely to cause any perturbation in the public mind. </para>
          </talk.start>
        </speech>
      </subdebate.1>
    </debate>
    <debate>
      <debateinfo>
        <title>QUESTION</title>
        <page.no>7876</page.no>
        <type>Questions</type>
      </debateinfo>
      <subdebate.1>
        <subdebateinfo>
          <title>QUESTIONS</title>
          <page.no>7876</page.no>
        </subdebateinfo>
        <speech>
          <talk.start>
            <talker>
              <page.no>7876</page.no>
              <time.stamp />
              <name.id>10000</name.id>
              <electorate />
              <party />
              <role />
              <in.gov>0</in.gov>
              <first.speech>0</first.speech>
              <name role="metadata">PRESIDENT, The</name>
              <name role="display">The PRESIDENT</name>
            </talker>
            <para>- Before any fur ther questions are put without notice, I wish to intimate that the question asked by <inline font-weight="bold">Senator Long</inline> and the reply to it by the Minister of Defence are contrary to the Standing Orders and practice of the Senate. I have looked the matter up, and our Standing Orders strictly forbid any reference to proceedings in another place. I make this intimation for the guidance of honorable senators, and that they may know that in future such questions cannot be allowed. </para>
          </talk.start>
        </speech>
      </subdebate.1>
    </debate>
    <debate>
      <debateinfo>
        <title>QUESTION</title>
        <page.no>7876</page.no>
        <type>Questions</type>
      </debateinfo>
      <subdebate.1>
        <subdebateinfo>
          <title>CUSTOMS DEPARTMENT</title>
          <page.no>7876</page.no>
        </subdebateinfo>
        <para>Payment for Holidays</para>
        <speech>
          <talk.start>
            <talker>
              <page.no>7876</page.no>
              <time.stamp />
              <name.id>K22</name.id>
              <electorate>VICTORIA</electorate>
              <party />
              <role />
              <in.gov>0</in.gov>
              <first.speech>0</first.speech>
              <name role="metadata">BLAKEY, Albert</name>
              <name role="display">Senator BLAKEY</name>
            </talker>
            <para>asked the Minister representing the Minister of Trade and Customs, <inline font-style="italic">upon notice -</inline></para>
          </talk.start>
          <list type="decimal-dotted">
            <item label="1.">
              <para>Is it a fact that officers in the Customs Department are being worked onholidays without any extra payment? </para>
            </item>
            <item label="2.">
              <para>If so, will he take steps to endeavour to rectify this state of affairs? </para>
            </item>
          </list>
        </speech>
        <speech>
          <talk.start>
            <talker>
              <page.no>7876</page.no>
              <time.stamp />
              <name.id>K3E</name.id>
              <electorate>VICTORIA</electorate>
              <party>ALP</party>
              <role>Assistant Minister</role>
              <in.gov>1</in.gov>
              <first.speech>0</first.speech>
              <name role="metadata">RUSSELL, Edward</name>
              <name role="display">Senator RUSSELL</name>
            </talker>
            <para>- Theanswers are- </para>
          </talk.start>
          <list type="decimal-dotted">
            <item label="1.">
              <para>Extra payment is made for all work performed by officers on any of the holidays specified in sub-section 1 of section 72 of the Public Service Act, namely : - First day of January, 26th day of January, Christmas Day and the following day, Good Friday and the following Saturday and Monday, the anniversary of the birthday of the Sovereign, and any day proclaimed by the Governor-General or required by any Act to be observed in lieu of any of the said days. It was recently decided by the </para>
            </item>
          </list>
          <para class="block">Cabinet, however, that, except in the cases mentioned, no special payment was to be made for work performed on holidays proclaimed as State holidays, but not specified in the section referred to. </para>
          <list type="decimal-dotted">
            <item label="2.">
              <para>In view of the decision of Cabinet, it is not proposed to alter the present practice. </para>
            </item>
          </list>
        </speech>
      </subdebate.1>
    </debate>
    <debate>
      <debateinfo>
        <title>QUESTION</title>
        <page.no>7877</page.no>
        <type>Questions</type>
      </debateinfo>
      <subdebate.1>
        <subdebateinfo>
          <title>BOUNTY ON KEROSENE</title>
          <page.no>7877</page.no>
        </subdebateinfo>
        <speech>
          <talk.start>
            <talker>
              <page.no>7877</page.no>
              <time.stamp />
              <name.id>K2D</name.id>
              <electorate>TASMANIA</electorate>
              <party />
              <role />
              <in.gov>0</in.gov>
              <first.speech>0</first.speech>
              <name role="metadata">READY, Rudolph</name>
              <name role="display">Senator READY</name>
            </talker>
            <para>asked the Minister representing the Minister of Trade and Customs, <inline font-style="italic">upon notice -</inline></para>
          </talk.start>
          <list type="decimal-dotted">
            <item label="1.">
              <para>If, in view of the greatly increased prices of oil, petrol, and oil products in Australia, the Minister of Trade and Customs is aware that negotiations are still in progress between the Tasmanian State Government and the Latrobe Shale Company for the former to take over and develop the extensive and valuable shale deposits at Latrobe, Tasmania? </para>
            </item>
            <item label="2.">
              <para>Will the Minister take into consideration the question of altering the present bounty on kerosene and paraffin wax to a bounty on crude oil and petrol in order to stimulate and encourage the Australian production of oil and its by-products? </para>
            </item>
          </list>
        </speech>
        <speech>
          <talk.start>
            <talker>
              <page.no>7877</page.no>
              <time.stamp />
              <name.id>K3E</name.id>
              <electorate />
              <party>ALP</party>
              <role />
              <in.gov>1</in.gov>
              <first.speech>0</first.speech>
              <name role="metadata">RUSSELL, Edward</name>
              <name role="display">Senator RUSSELL</name>
            </talker>
            <para>- The answers are - </para>
          </talk.start>
          <list type="decimal-dotted">
            <item label="1.">
              <para>Yes. </para>
            </item>
            <item label="2.">
              <para>The matter will receive consideration. </para>
            </item>
          </list>
        </speech>
      </subdebate.1>
    </debate>
    <debate>
      <debateinfo>
        <title>QUESTION</title>
        <page.no>7877</page.no>
        <type>Questions</type>
      </debateinfo>
      <subdebate.1>
        <subdebateinfo>
          <title>EIGHT HOUR DAY IN BRISBANE</title>
          <page.no>7877</page.no>
        </subdebateinfo>
        <speech>
          <talk.start>
            <talker>
              <page.no>7877</page.no>
              <time.stamp />
              <name.id>KVH</name.id>
              <electorate>QUEENSLAND</electorate>
              <party />
              <role />
              <in.gov>0</in.gov>
              <first.speech>0</first.speech>
              <name role="metadata">MULLAN, John</name>
              <name role="display">Senator MULLAN</name>
            </talker>
            <para>asked the Minister representing the Postmaster-General, <inline font-style="italic">upon notice -</inline></para>
          </talk.start>
          <quote>
            <para>In connexion with the threatened strike of letter-carriers in Brisbane as a protest against being prevented from taking part in theEight Hour Day celebrations, will he furnish the following information :  - </para>
            <list type="decimal-dotted">
              <item label="1.">
                <para>Did the Postmaster-General wire to <inline font-weight="bold">Mr. Templeton, Deputy</inline> Postmaster-General, Brisbane, instructing him to permit the letter-carriers to commence their duties at such an early hour as would enable them to finish in time to take part in the Eight Hour celebrations? </para>
              </item>
              <item label="2.">
                <para>If so, on what date was that wire sent to <inline font-weight="bold">Mr. Templeton?</inline></para>
              </item>
              <item label="3.">
                <para>Did <inline font-weight="bold">Mr. Templeton</inline> immediately and officially communicate the contents of that wire to the union concerned, or is it a fact that the Letter-Carriers Union heard nothing officially of the PostmasterGeneral&#39;s concession until a Federal member <inline font-weight="bold">(Mr. W. F. Finlayson, M.P.),</inline> with a view to preventing a strike, secured the substance of the wire from <inline font-weight="bold">Mr. Templeton</inline> and gave it to their secretary? </para>
              </item>
            </list>
          </quote>
        </speech>
        <speech>
          <talk.start>
            <talker>
              <page.no>7877</page.no>
              <time.stamp />
              <name.id>KKZ</name.id>
              <electorate>NEW SOUTH WALES</electorate>
              <party>ALP</party>
              <role>Vice-President of the Executive Council</role>
              <in.gov>1</in.gov>
              <first.speech>0</first.speech>
              <name role="metadata">GARDINER, Albert</name>
              <name role="display">Senator GARDINER</name>
            </talker>
            <para>- The answers are - 1 and 2. No; but on 12th April, the PostmasterGeneral wrote asking him if such arrangements could be made, as, if so, the Minister desired that to be done. </para>
          </talk.start>
          <list type="decimal-dotted">
            <item label="3.">
              <para>On 26th April, the Minister&#39; received a wire saying arrangements as desired had been made. Such was immediately communicated to all concerned. <inline font-weight="bold">Mr. Templeton</inline> evidently decided on the 20th April. The Minister does not know whether he communicated same to union officially. </para>
            </item>
          </list>
        </speech>
      </subdebate.1>
    </debate>
    <debate>
      <debateinfo>
        <title>PAPERS</title>
        <page.no>7877</page.no>
        <type>papers</type>
      </debateinfo>
      <para>The following papers were presented : - </para>
      <quote>
        <para>Sixth Annual Report of the High Commissioner of the Commonwealth in the United Kingdom. </para>
        <para>Contract Immigrants Act 1905. - Return for 1915, respecting Contract Immigrants admitted or refused admission into the Commonwealth, &#38;c. </para>
        <para>Immigration Act 1901-12.- Return for 1915 showing - (a) Persons refused admission to . the Commonwealth ; (b) persons who passed the dictation test; (c) persons admitted without being asked to pass the dictation test; (d) departures of coloured persons from the Commonwealth. </para>
      </quote>
    </debate>
    <debate>
      <debateinfo>
        <title>AUSTRALIAN SOLDIERS&#39; REPATRIATION FUND BILL</title>
        <page.no>7877</page.no>
        <type>bill</type>
      </debateinfo>
      <para>Bill read a third time. </para>
    </debate>
    <debate>
      <debateinfo>
        <title>PATENTS ACT (PARTIAL SUSPENSION) BILL</title>
        <page.no>7877</page.no>
        <type>bill</type>
      </debateinfo>
      <para>Bill read a third time. </para>
    </debate>
    <debate>
      <debateinfo>
        <title>WAR CENSUS BILL (No. 3)</title>
        <page.no>7877</page.no>
        <type>bill</type>
      </debateinfo>
      <para>Bill read a third time. </para>
    </debate>
    <debate>
      <debateinfo>
        <title>RULES PUBLICATION BILL</title>
        <page.no>7877</page.no>
        <type>bill</type>
      </debateinfo>
      <subdebate.1>
        <subdebateinfo>
          <title>Second Reading</title>
          <page.no>7877</page.no>
        </subdebateinfo>
        <para class="block">Debate resumed from 11th May (vide page 7829), on motion by <inline font-weight="bold">Senator Gardiner</inline> - </para>
        <quote>
          <para class="block">That this Bill be now read a second time. </para>
        </quote>
        <speech>
          <talk.start>
            <talker>
              <page.no>7877</page.no>
              <time.stamp />
              <name.id>K5R</name.id>
              <electorate>South Australia</electorate>
              <party />
              <role />
              <in.gov>0</in.gov>
              <first.speech>0</first.speech>
              <name role="metadata">SENIOR, William</name>
              <name role="display">Senator SENIOR</name>
            </talker>
            <para>. - I have looked carefully through this Bill, and also through the principal Act which it is proposed to amend. It is the duty of honorable senators to conserve, as far as they possibly can, the functions of Parliament. One of those functions - and the principal one - is that of legislation. But by virtue of certain provisions which are appended to Bills, we frequently find that our powers of legislation have passed into the hands of Departments, or of officials in Departments. To my mind, the two sections of the Rules Publication Act of 1903 which it is proposed to repeal have hitherto largely safeguarded the functions of Parliament. We are now invited by a single  stroke of the pen to excise these provisions, and to forfeit much more than appears on the surface. Paragraph 3 of section 3 of the principal Act provides - </para>
          </talk.start>
          <quote>
            <para>The statutory rules to which this section applies are those made in pursuance of any Act which directs the statutory rules to be laid before the Houses of the Parliament, but do not include any statutory rules if they, or a draft thereof, are required to be laid before the Houses of the Parliament for any period before the rules come into operation. </para>
          </quote>
          <para class="block">The elimination of that provisionwill give full effect to paragraph 4 of section 5 of the Act, which reads - </para>
          <quote>
            <para>Regulations under this Act may prescribe the class of cases in which the exercise of a statutory power by any rule-making authority constitutes, or does not constitute, the making of a statutory rule within the meaning of this section. </para>
          </quote>
          <para class="block">I ask honorable senators not to consent to hand over indiscriminately to the heads of Departments powers so vast and farreaching. Only yesterday, <inline font-weight="bold">Senator Findley</inline> called attention to the voluminous character of the statutory rules and regulations which are being printed from time to time, and requested that, on account of their bulk, they might be bound up quarterly. In these troublous times there may be occasions on which it may be imperative for the Defence Department, for example, to act immediately. In such circumstances I have no objection to it acting under statutory rules. But this Bill covers all cases, and will really have the effect of transferring from Parliament, and vesting in the head of a Department, the power to make laws. I have every confidence that the present Government will do what is right. But Ministers come and go, and if we consent to this proposal now the principle which we sanction may eventually be used against us in a very determined way. Of course, it will probably be argued that when Parliament meets any honorable senator will be at liberty to take exception to any rules to which he may object. That is a very easy way of locking the stable door after the steed has been stolen. But it is much easier to conserve our privileges now than it will be to regain possession of them when once we have parted with them. I view with very great apprehension the proposal to hand over to the heads of Departments the functions of Parliament. </para>
          <para>
            <inline font-weight="bold">Senator GARDINER</inline>(New South Wales - Vice-President of the Executive has put it, there were any intention to deprive honorable senators of the control which they now exercise over regulations, I would join him in his protest. But I would point out that this Bill is based on the experience of fifteen years. When the principal Act was passed, a provision was inserted in it requiring that sixty days&#39; notice should be given of any proposal to make statutory rules, with a view to adequately protecting the public. During that period of sixty days it is open to any member of the public who is interested to take exception to any rule. Yet in the whole course of fifteen years not a single exception to any proposed statutory rule has been lodged. In this Bill we propose to adopt a system which represents a sort of mean between the urgency system that is now in existence and the old and slower method under which there was double printing and double trouble. The measure is merely a machinery measure, and the right of honorable senators to veto any rule or regulation will still exist. We merely propose to adopt  a  simpler method than the existing one. - an improved method based upon fifteen years&#39; experience of the working of the principal Act. </para>
          <para>Question resolved in the affirmative. </para>
          <para>Bill read a second time, and reported from Committee without amendment; report adopted. </para>
        </speech>
      </subdebate.1>
    </debate>
    <debate>
      <debateinfo>
        <title>ACTS INTERPRETATION BILL</title>
        <page.no>7878</page.no>
        <type>bill</type>
      </debateinfo>
      <subdebate.1>
        <subdebateinfo>
          <title>Second Reading</title>
          <page.no>7878</page.no>
        </subdebateinfo>
        <para>
          <inline font-weight="bold">Senator GARDINER</inline>(New South </para>
        <para>Wales - Vice-President of Executive Council) &#91;11.33&#93;.- I move- </para>
        <quote>
          <para>That this Bill be  now read a second  time. </para>
        </quote>
        <para class="block">In this Bill, it is proposed to effect amendments in two Acts - the Acts Interpretation Act of 1901 and the Acts Interpretation Act of 1904. The Act of 1904, although to be construed with the Act of 1901, is not an amendment of the prior Act. Clause 2 of this Bill, which amends the 1901 Act, and clause 4, which amends the 1904 Act, will&#39; have the effect of doing away with certain repetitions in the wording of Acts and regulations. The new section 10a proposed to be inserted in the 1901 Act provides that references in any Act to another Act shall, if that other Act is afterwards amended, be deemed to be a reference to that Act as so amended. The new section 11 embodies provisions which are usually repeated in regulations which repeal other regulations. This section.  will obviate the necessity of repeating in &#34;repeal regulations,&#34; the words which continue rights, privileges, obligations, and liabilities acquired, accrued, or incurred under regulations which are being repealed. The section will insure the continuance of investigations and legal proceedings commenced under regulations prior to their repeal, and that penalties and punishments inflicted for offences against such regulations are not affected by such repeal. The purpose of the amendment of section 2 of the Act of 1904 is to bring the provisions of Acts, passed prior to the Acts Interpretation Act 1904, into line with subsequent Acts in respect of the notification of regulations in the <inline font-style="italic">Gazette,</inline> the date of their commencement, and their presentation to Parliament. It is merely a technical alteration simplifying our procedure for the repealing of Acts. </para>
        <para>Question resolved in the affirmative. </para>
        <para>Bill read a second time, and reported from Committee without amendment; report adopted. </para>
      </subdebate.1>
    </debate>
    <debate>
      <debateinfo>
        <title>POST AND TELEGRAPH BILL</title>
        <page.no>7879</page.no>
        <type>bill</type>
      </debateinfo>
      <subdebate.1>
        <subdebateinfo>
          <title>Second Reading</title>
          <page.no>7879</page.no>
        </subdebateinfo>
        <speech>
          <talk.start>
            <talker>
              <page.no>7879</page.no>
              <time.stamp />
              <name.id>K3E</name.id>
              <electorate>Victoria</electorate>
              <party>ALP</party>
              <role>Assistant Minister</role>
              <in.gov>1</in.gov>
              <first.speech>0</first.speech>
              <name role="metadata">RUSSELL, Edward</name>
              <name role="display">Senator RUSSELL</name>
            </talker>
            <para>. - I move - </para>
          </talk.start>
          <para>That this Bill he now read a second time. </para>
          <para>The measure is a very simple one, and as there are two similar Bills to follow in which the same principle is involved, it is my intention to make my remarks on this Bill apply also to them. For administrative purposes Australia has been divided into States, but it has been found that this arrangement does not always work satisfactorily in regard to the administration of the Post and Telegraph Department, the Customs Department, and the Public Service. As an illustration, I may point out that the  Deputy  Postmaster-General of New South Wales controls his Department from Sydney, and at present whenever it is necessary to transfer an official from any part of New South Wales to say, Broken Hill, his expenses have to be paid through Victoria and South Australia to the latter place. It is the desire of the Government to make for more economic working of the departments referred to, and in the case of the Bill now under consideration, to enable the Postmaster-General of South Australia to transfer an official from the South Australian service to Broken Hill, thus saving the Department considerable expenditure. The same system will be followed by the Customs Department and the Public Service. Under this Bill the  Deputy  Postmaster-General of South Australia will control Broken Hill, thus making it possible to save something like onefourth of the expenditure at present incurred by sending officials all the way from New South Wales to Broken Hill whenever a transfer is authorized. The same principle of adminstration will be applied in the different States where it may be found to be necessary. </para>
        </speech>
        <speech>
          <talk.start>
            <talker>
              <page.no>7879</page.no>
              <time.stamp />
              <name.id>JYX</name.id>
              <electorate>Victoria</electorate>
              <party />
              <role />
              <in.gov>0</in.gov>
              <first.speech>0</first.speech>
              <name role="metadata">FINDLEY, Edward</name>
              <name role="display">Senator FINDLEY</name>
            </talker>
            <para>. - From the Minister&#39;s remarks I gather that the purpose of this Bill is to effect economy in the management of the respective Departments named, for it does seem a waste of money, when transfers are being effected, to send a man from New South Wales to such a distant part of the State as Broken Hill, when the same purpose could be effected by having a transfer from the Department under control of the South Australian Deputy PostmasterGeneral. What I am for the moment concerned about is as to whether it isthe intention of the Government to clothe officials in the Adelaide Post Office with authority to transfer a man from the Adelaide office to Broken Hill instead of formally getting the approval of the Public Service Commissioner for transfer from the New South Wales Department to Broken Hill, and whether this suggested alteration in the interests of economy will interfere in any way with the promotion of men who may not happen to be in proximity to an office where a vacancy occurs. </para>
          </talk.start>
          <interjection>
            <talk.start>
              <talker>
                <page.no>7879</page.no>
                <time.stamp />
                <name.id>K3E</name.id>
                <electorate />
                <party />
                <role />
                <in.gov>0</in.gov>
                <first.speech>0</first.speech>
                <name role="metadata">RUSSELL, Edward</name>
                <name role="display">Senator Russell</name>
              </talker>
              <para>- If two men were in the same grade and on the same level, one in. Adelaide and one in Sydney, and a position at Broken Hill was vacant, preference would be given to the man in Adelaide, but if the Sydney man was senior his rights would be preserved. There would only be odd cases of that sort. </para>
            </talk.start>
          </interjection>
          <continue>
            <talk.start>
              <talker>
                <page.no>7879</page.no>
                <time.stamp />
                <name.id>JYX</name.id>
                <electorate />
                <party />
                <role />
                <in.gov>0</in.gov>
                <first.speech>0</first.speech>
                <name role="metadata">FINDLEY, Edward</name>
                <name role="display">Senator FINDLEY</name>
              </talker>
              <para>- If that is so I am satisfied. </para>
            </talk.start>
          </continue>
          <para>Question resolved in the affirmative. </para>
          <para>Bill read a second time. </para>
          <para class="italic">
            <inline font-style="italic">In Committee:</inline>
          </para>
          <para>Clause 1 agreed to. </para>
          <para>Clause 2 (Amendment of Section 7). </para>
        </speech>
        <speech>
          <talk.start>
            <talker>
              <page.no>7879</page.no>
              <time.stamp />
              <name.id>KRZ</name.id>
              <electorate>Western Australia</electorate>
              <party />
              <role />
              <in.gov>0</in.gov>
              <first.speech>0</first.speech>
              <name role="metadata">LYNCH, Patrick</name>
              <name role="display">Senator LYNCH</name>
            </talker>
            <para>.- If the Federal Territory is administered separately from the State of New South Wales at present, this would be a most convenient opportunity to discontinue that system and merge the whole of it under the New South Wales Deputy Postmaster-General for the sake of economy in administration. </para>
          </talk.start>
        </speech>
        <speech>
          <talk.start>
            <talker>
              <page.no>7880</page.no>
              <time.stamp />
              <name.id>K3E</name.id>
              <electorate>Victoria</electorate>
              <party>ALP</party>
              <role>Assistant Minister</role>
              <in.gov>1</in.gov>
              <first.speech>0</first.speech>
              <name role="metadata">RUSSELL, Edward</name>
              <name role="display">Senator RUSSELL</name>
            </talker>
            <para>.- The Federal Territory is administered by the  Deputy  Postmaster-General, Sydney, for postal purposes, and will doubtless continue to be so until Yass-Canberra becomes a big enough centre to justify a change. An instance of what the Bill aims at is furnished by the position of Deniliquin, the only rail communication with which is from Victoria. In the circumstances it is foolish to have Deniliquin administered for postal purposes by the  Deputy  PostmasterGeneral,New South Wales. </para>
          </talk.start>
          <para>Clause agreed to. </para>
          <para>Title agreed to. </para>
          <para>Bill reported without amendment; report adopted. </para>
        </speech>
      </subdebate.1>
    </debate>
    <debate>
      <debateinfo>
        <title>COMMONWEALTH PUBLIC SERVICE BILL</title>
        <page.no>7880</page.no>
        <type>bill</type>
      </debateinfo>
      <speech>
        <talk.start>
          <talker>
            <page.no>7880</page.no>
            <time.stamp />
            <name.id>K3E</name.id>
            <electorate>Victoria</electorate>
            <party>ALP</party>
            <role>Assistant Minister</role>
            <in.gov>1</in.gov>
            <first.speech>0</first.speech>
            <name role="metadata">RUSSELL, Edward</name>
            <name role="display">Senator RUSSELL</name>
          </talker>
          <para>. - I move - </para>
        </talk.start>
        <quote>
          <para>That this Bill be now read a second time. </para>
        </quote>
        <para>The principle is the same as that of the previous Bill. </para>
        <para>Question resolved in the affirmative. </para>
        <para>Bill read a second time. </para>
        <para class="italic">
          <inline font-style="italic">In Committee :</inline>
        </para>
        <para>Clause 1 agreed to. </para>
        <para>Clause 2 (Amendment of Section 2). </para>
      </speech>
      <speech>
        <talk.start>
          <talker>
            <page.no>7880</page.no>
            <time.stamp />
            <name.id>KMP</name.id>
            <electorate>New South Wales</electorate>
            <party />
            <role />
            <in.gov>0</in.gov>
            <first.speech>0</first.speech>
            <name role="metadata">GRANT, John</name>
            <name role="display">Senator GRANT</name>
          </talker>
          <para>. - Has an estimate been made of the savings to be effected by the alteration proposed? </para>
        </talk.start>
        <para>SenatorRUSSELL (Victoria - Assistant Minister) &#91;11.57&#93;. - No exact estimates have been taken out, but it can be seen at a glance that the savings involved intaking stores to Broken Hill from Adelaide instead of from Sydney would be considerable. </para>
        <para>Clause agreed to. </para>
        <para>Title agreed to. </para>
        <para>Bill reported without amendment; report adopted. </para>
      </speech>
    </debate>
    <debate>
      <debateinfo>
        <title>CUSTOMS BILL (No. 2)</title>
        <page.no>7880</page.no>
        <type>bill</type>
      </debateinfo>
      <speech>
        <talk.start>
          <talker>
            <page.no>7880</page.no>
            <time.stamp />
            <name.id>K3E</name.id>
            <electorate>Victoria</electorate>
            <party>ALP</party>
            <role>Assistant Minister</role>
            <in.gov>1</in.gov>
            <first.speech>0</first.speech>
            <name role="metadata">RUSSELL, Edward</name>
            <name role="display">Senator RUSSELL</name>
          </talker>
          <para>. - I move - </para>
        </talk.start>
        <quote>
          <para>That this Bill be now read a second time. </para>
        </quote>
        <para>Exactly the same principle operates as in the two previous Bills. </para>
        <para>Question resolved in the affirmative. </para>
        <para>Bill read a second time. </para>
        <para class="italic">
          <inline font-style="italic">In Committee :</inline>
        </para>
        <para>Clause 1 agreed to. </para>
        <para>Clause 2 verbally amended, and agreed to. </para>
        <para>Title agreed to. </para>
        <para class="block">Bill reported with an amendment. </para>
        <para class="block">Motion (by <inline font-weight="bold">Senator Pearce)</inline> agreed to- </para>
        <quote>
          <para>That so much of the Standing and Sessional Orders be suspended as would prevent the Bill being passed through its remaining stages without delay. </para>
        </quote>
        <para>Report adopted. </para>
      </speech>
    </debate>
    <debate>
      <debateinfo>
        <title>ADJOURNMENT</title>
        <page.no>7880</page.no>
        <type>adjournment</type>
      </debateinfo>
      <para class="block">Inspection of Vessels at Port Phillip Heads. </para>
      <para>Motion (by <inline font-weight="bold">Senator Pearce)</inline> proposed - </para>
      <quote>
        <para>That the Senate do now adjourn. </para>
      </quote>
      <speech>
        <talk.start>
          <talker>
            <page.no>7880</page.no>
            <time.stamp />
            <name.id>K2D</name.id>
            <electorate>Tasmania</electorate>
            <party />
            <role />
            <in.gov>0</in.gov>
            <first.speech>0</first.speech>
            <name role="metadata">READY, Rudolph</name>
            <name role="display">Senator READY</name>
          </talker>
          <para>. - I take advantage of this opportunityto bring under the notice of the Government, through the Minister of Defence, a matter of some importance to persons travelling frequently to Melbourne from other States. Owing to the conditions due to the war, vessel desiring to enter Port Phillip Heads must first obtain permission to do so. An examination boat is stationed outside the Heads, and all! steamers desiring to enter the port have to obtain the necessary permission from the examination officer. I do not wish to. question the necessity for such a restriction or, so far as ships generally entering the Heads are concerned, the manner in which it is imposed. But I wish to ask whether one or two irritating results of the restriction might not be removed. For instance, boats regularly engaged in trading between Tasmania and the mainland, and well known to the officer commanding; the forts at the Heads, and to the officer in charge of the examination boat, have, on more than one occasion, been held up and&#34; delayed outside the Heads. In one case the delay extended for nearly an hour. Delay occurred to the <inline font-style="italic">Oonah,</inline> on which I travelled the last time I came from Tasmania to Melbourne. We had had a good passage across, and on nearing the Heads we found that the examination boat was several miles out interrogating a schooner that was about to enter the port. We had to toss about outside, aimlessly waiting to secure permission from theexamination officer to enter the Heads. The <inline font-style="italic">Oonah .</inline> is one of the best known traders between Tasmania and the mainland, and because the examination boat was six or seven miles out from the Heads, the passengers on the <inline font-style="italic">Oonah,</inline> who wore not feeling too well after their trip, were tossed about while waiting for what was merely a routine permission by the examination officer. I ask whether, in the case of steamers frequently trading in and out of the port, and perfectly well known to the officer in command of the forts and to the examination officer, some arrangement could not be made by signalling between the officer in charge of the fort and the examination boat to permit such vessels to promptly enter the Heads. Delay in the case of such vessels does not appear to be necessary, and that such delays may in the future be obviated is my reason for bringing the matter before the Minister. </para>
        </talk.start>
      </speech>
      <speech>
        <talk.start>
          <talker>
            <page.no>7881</page.no>
            <time.stamp />
            <name.id>K0F</name.id>
            <electorate>Western Australia</electorate>
            <party>ALP</party>
            <role>Minister of Defence</role>
            <in.gov>1</in.gov>
            <first.speech>0</first.speech>
            <name role="metadata">PEARCE, George</name>
            <name role="display">Senator PEARCE</name>
          </talker>
          <para>.- The inconvenience referred to by <inline font-weight="bold">Senator Ready</inline> is one which I know has caused some little friction. I think it should he possible, in the case of boats that are so well known as these regular traders must be, for some system of signalling to be arranged which would obviate unnecessary delay. I shall bring the matter under the notice of the Minister for the Navy with that object in view. </para>
        </talk.start>
        <para class="block">Question resolved in the affirmative. </para>
      </speech>
    </debate>
    <adjournment>
      <adjournmentinfo>
        <page.no>7881</page.no>
        <time.stamp>12:10:00</time.stamp>
      </adjournmentinfo>
      <para class="block">Senate adjourned at 12.10 p.m. </para>
    </adjournment>
  </chamber.xscript>
</hansard>
