<?xml version="1.0" encoding="utf-8"?>
<hansard xsi:noNamespaceSchemaLocation="../../hansard.xsd" version="2.1" xmlns:xsi="http://www.w3.org/2001/XMLSchema-instance">
  <session.header>
    <date>1916-09-06</date>
    <parliament.no>6</parliament.no>
    <session.no>1</session.no>
    <period.no>0</period.no>
    <chamber>SENATE</chamber>
    <page.no>8436</page.no>
    <proof>0</proof>
  </session.header>
  <chamber.xscript>
    <business.start>
      <day.start>1916-09-06</day.start>
      <para>The  President  took the chair at3 p.m., and read prayers. </para>
    </business.start>
    <debate>
      <debateinfo>
        <title>QUESTION</title>
        <page.no>8436</page.no>
        <type>Questions</type>
      </debateinfo>
      <subdebate.1>
        <subdebateinfo>
          <title>REGULATION OF INTERSTATE FREIGHTS</title>
          <page.no>8436</page.no>
        </subdebateinfo>
        <speech>
          <talk.start>
            <talker>
              <page.no>8436</page.no>
              <time.stamp />
              <name.id>K2D</name.id>
              <electorate>TASMANIA</electorate>
              <party />
              <role />
              <in.gov>0</in.gov>
              <first.speech>0</first.speech>
              <name role="metadata">READY, Rudolph</name>
              <name role="display">Senator READY</name>
            </talker>
            <para>- Will the Assistant Minister, <inline font-weight="bold">Senator Russell,</inline> say what action the Government propose to take under the War Precautions Act for the regulation  of freights on Inter-State steam-ships throughout Australia? </para>
          </talk.start>
          <para>SenatorRUSSELL. - Some action has already been taken in this regard. I think itwas on the 8th July last that it was made illegal to increase freights on coastal services beyond what they were at that date. The matter is under the consideration of the Prices Adjustment Board and the Customs and Navy Departments. At a later stage I hope to be able to give the honorable senator the conclusions of the conference of these bodies. </para>
        </speech>
      </subdebate.1>
    </debate>
    <debate>
      <debateinfo>
        <title>QUESTION</title>
        <page.no>8437</page.no>
        <type>Questions</type>
      </debateinfo>
      <subdebate.1>
        <subdebateinfo>
          <title>POST-OFFICE MOTOR CARS: BRISBANE</title>
          <page.no>8437</page.no>
        </subdebateinfo>
        <speech>
          <talk.start>
            <talker>
              <page.no>8437</page.no>
              <time.stamp />
              <name.id>K7D</name.id>
              <electorate>QUEENSLAND</electorate>
              <party />
              <role />
              <in.gov>0</in.gov>
              <first.speech>0</first.speech>
              <name role="metadata">STEWART, James</name>
              <name role="display">Senator STEWART</name>
            </talker>
            <para>- Is the Minister representing the Postmaster-General in a position to reply to the question I put to him on the subject of motor cars used by the Post and Telegraph Department at Brisbane ? </para>
          </talk.start>
        </speech>
        <speech>
          <talk.start>
            <talker>
              <page.no>8437</page.no>
              <time.stamp />
              <name.id>KKZ</name.id>
              <electorate>NEW SOUTH WALES</electorate>
              <party>ALP</party>
              <role>Vice-President of the Executive Council</role>
              <in.gov>1</in.gov>
              <first.speech>0</first.speech>
              <name role="metadata">GARDINER, Albert</name>
              <name role="display">Senator GARDINER</name>
            </talker>
            <para>- I have now the information for which the honorable senator asked. The honorable senator&#39;s questions were - </para>
          </talk.start>
          <list type="decimal-dotted">
            <item label="1.">
              <para>The original cost of the motor cars used in clearing the postal pillar-boxes in and around the city of Brisbane. </para>
            </item>
            <item label="2.">
              <para>The cost of repairs for the past two years. </para>
            </item>
            <item label="3.">
              <para>The cost of relief cars, during repairs, for the past two years. </para>
            </item>
            <item label="4.">
              <para>The total cost of the service during the past two years. </para>
            </item>
          </list>
          <para class="block">The following information, in reply to these questions, has been furnished by the Deputy Postmaster-General, Brisbane :  - </para>
          <list type="decimal-dotted">
            <item label="1.">
              <para>Original cost of two (2) motor cars, &#163;650. </para>
            </item>
            <item label="2.">
              <para>Repairs, new parts, &#163;574. </para>
            </item>
            <item label="3.">
              <para>Hire of relief cars, &#163;390. </para>
            </item>
          </list>
          <para class="block">
            <graphic href="079332191609064_1_0.jpg" />
          </para>
          <para>The above information is for two years ended 30th June, 1916, since when a third car, costing &#163;240, was put into commission. </para>
          <para>No. 2 car is now undergoing repairs, at a cost of &#163;156. </para>
        </speech>
      </subdebate.1>
    </debate>
    <debate>
      <debateinfo>
        <title>QUESTION</title>
        <page.no>8437</page.no>
        <type>Questions</type>
      </debateinfo>
      <subdebate.1>
        <subdebateinfo>
          <title>SUGAR INDUSTRY</title>
          <page.no>8437</page.no>
        </subdebateinfo>
        <speech>
          <talk.start>
            <talker>
              <page.no>8437</page.no>
              <time.stamp />
              <name.id>K7D</name.id>
              <electorate />
              <party />
              <role />
              <in.gov>0</in.gov>
              <first.speech>0</first.speech>
              <name role="metadata">STEWART, James</name>
              <name role="display">Senator STEWART</name>
            </talker>
            <para>- Will the Minister representing the Treasurer say whether anything has been done to end the present crisis in the sugar industry in Queensland? </para>
          </talk.start>
          <para>SenatorRUSSELL. - Yes. The Prime Minister and <inline font-weight="bold">Mr. Theodore,</inline> the Treasurer of Queensland, have been conferring upon the matter in Sydney. No reports are yet to hand, but perhaps at a later stage I shall be able to give the result of their conferences. </para>
        </speech>
      </subdebate.1>
    </debate>
    <debate>
      <debateinfo>
        <title>QUESTION</title>
        <page.no>8437</page.no>
        <type>Questions</type>
      </debateinfo>
      <subdebate.1>
        <subdebateinfo>
          <title>AGENCY FOR COMMONWEALTH SHIPS</title>
          <page.no>8437</page.no>
        </subdebateinfo>
        <speech>
          <talk.start>
            <talker>
              <page.no>8437</page.no>
              <time.stamp />
              <name.id>KNB</name.id>
              <electorate>SOUTH AUSTRALIA</electorate>
              <party />
              <role />
              <in.gov>0</in.gov>
              <first.speech>0</first.speech>
              <name role="metadata">GUTHRIE, Robert</name>
              <name role="display">Senator GUTHRIE</name>
            </talker>
            <para>- I ask the Assistant Minister if he will lay on the table of the Senate a copy of the terms and conditions under which certain firms - Gibbs, Bright and Company, Elder, Smith and Company, &#38;c. - have been appointed agents for the Commonwealth line of steam-ships ? </para>
          </talk.start>
          <para>SenatorRUSSELL.- I shall lay the papers on the table of the Senate when there are any. The appointments have not been definitely made yet, and certain firms are acting merely as ordinary shipping agents, for a small fee. </para>
          <continue>
            <talk.start>
              <talker>
                <page.no>8437</page.no>
                <time.stamp />
                <name.id>KNB</name.id>
                <electorate />
                <party />
                <role />
                <in.gov>0</in.gov>
                <first.speech>0</first.speech>
                <name role="metadata">GUTHRIE, Robert</name>
                <name role="display">Senator GUTHRIE</name>
              </talker>
              <para>- If SenatorRussell is acting as manager for these Commonwealth ships, will he lay upon the table of the Senate a copy of the conditions under which these people have been appointed as agents? </para>
            </talk.start>
          </continue>
          <para>SenatorRUSSELL. - No appointments have yet been made. No contracts have been entered into. The moment they are, I shall lay copies of them on the table of the Senate. </para>
        </speech>
      </subdebate.1>
    </debate>
    <debate>
      <debateinfo>
        <title>QUESTION</title>
        <page.no>8437</page.no>
        <type>Questions</type>
      </debateinfo>
      <subdebate.1>
        <subdebateinfo>
          <title>WHEAT POOL</title>
          <page.no>8437</page.no>
        </subdebateinfo>
        <speech>
          <talk.start>
            <talker>
              <page.no>8437</page.no>
              <time.stamp />
              <name.id>KRZ</name.id>
              <electorate>WESTERN AUSTRALIA</electorate>
              <party />
              <role />
              <in.gov>0</in.gov>
              <first.speech>0</first.speech>
              <name role="metadata">LYNCH, Patrick</name>
              <name role="display">Senator LYNCH</name>
            </talker>
            <para>- Is <inline font-weight="bold">Senator Russell,</inline> as the Minister dealing with the wheat pool, in a position to make the statement which he promised to make concerning the payment of the extra 6d. per bushel to farmers concerned in the wheat pool? </para>
          </talk.start>
        </speech>
        <speech>
          <talk.start>
            <talker>
              <page.no>8437</page.no>
              <time.stamp />
              <name.id>K3E</name.id>
              <electorate>VICTORIA</electorate>
              <party>ALP</party>
              <role>Assistant Minister</role>
              <in.gov>1</in.gov>
              <first.speech>0</first.speech>
              <name role="metadata">RUSSELL, Edward</name>
              <name role="display">Senator RUSSELL</name>
            </talker>
            <para>- I am glad to be in a position to make <inline font-weight="bold">Senator Lynch</inline> happy at last. The extra 6d. per bushel has been secured, and it is only now a matter of fixing up details of the agreement between the Wheat Board and the States. The money will be paid almost immediately. </para>
          </talk.start>
          <interjection>
            <talk.start>
              <talker>
                <page.no>8437</page.no>
                <time.stamp />
                <name.id>KRZ</name.id>
                <electorate />
                <party />
                <role />
                <in.gov>0</in.gov>
                <first.speech>0</first.speech>
                <name role="metadata">LYNCH, Patrick</name>
                <name role="display">Senator Lynch</name>
              </talker>
              <para>- What about Western Australia ? </para>
            </talk.start>
          </interjection>
          <continue>
            <talk.start>
              <talker>
                <page.no>8437</page.no>
                <time.stamp />
                <name.id>K3E</name.id>
                <electorate />
                <party />
                <role />
                <in.gov>0</in.gov>
                <first.speech>0</first.speech>
                <name role="metadata">RUSSELL, Edward</name>
                <name role="display">Senator RUSSELL</name>
              </talker>
              <para>- I did not wish to refer to Western Australia. By some means Western Australia got 3d. per bushel more than she was entitled to, and we are going to adjust that. </para>
            </talk.start>
          </continue>
          <interjection>
            <talk.start>
              <talker>
                <page.no>8438</page.no>
                <time.stamp />
                <name.id>KRZ</name.id>
                <electorate />
                <party />
                <role />
                <in.gov>0</in.gov>
                <first.speech>0</first.speech>
                <name role="metadata">LYNCH, Patrick</name>
                <name role="display">Senator Lynch</name>
              </talker>
              <para>- The &#34;Western Australian Government did not cash the certificates. </para>
            </talk.start>
          </interjection>
        </speech>
      </subdebate.1>
    </debate>
    <debate>
      <debateinfo>
        <title>SPECIAL ADJOURNMENT</title>
        <page.no>8438</page.no>
        <type>special adjournment</type>
      </debateinfo>
      <speech>
        <talk.start>
          <talker>
            <page.no>8438</page.no>
            <time.stamp />
            <name.id>K0F</name.id>
            <electorate>Western Australia</electorate>
            <party>ALP</party>
            <role>Minister of Defence</role>
            <in.gov>1</in.gov>
            <first.speech>0</first.speech>
            <name role="metadata">PEARCE, George</name>
            <name role="display">Senator PEARCE</name>
          </talker>
          <para>.- I move - </para>
        </talk.start>
        <quote>
          <para>That the Senate, at its rising, adjourn until 3 p.m. on Wednesday next. </para>
        </quote>
        <para class="block">Circumstances have delayed the return of the Prime Minister from Sydney, and he is, therefore, unable to meet Parliament to-day. He proposes to return to Melbourne to-morrow, and to leave the same afternoon for Adelaide. The Prime Minister is anxious to be present in another place when the debate on the Ministerial statement of policy in connexion with the war takes place, and the Government, therefore, asks the Senate to adjourn from to-day until Wednesday next, at 3 o&#39;clock. </para>
        <para class="block">Question resolved in the affirmative. </para>
      </speech>
    </debate>
    <debate>
      <debateinfo>
        <title>QUESTION</title>
        <page.no>8438</page.no>
        <type>Questions</type>
      </debateinfo>
      <subdebate.1>
        <subdebateinfo>
          <title>SENATORS&#39; GALLERY IN HOUSE OF REPRESENTATIVES</title>
          <page.no>8438</page.no>
        </subdebateinfo>
        <speech>
          <talk.start>
            <talker>
              <page.no>8438</page.no>
              <time.stamp />
              <name.id>10000</name.id>
              <electorate />
              <party />
              <role />
              <in.gov>0</in.gov>
              <first.speech>0</first.speech>
              <name role="metadata">PRESIDENT, The</name>
              <name role="display">The PRESIDENT</name>
            </talker>
            <para>- I desire to announce that, in accordance with the promise I made in answer to a question by the Loader of the Opposition, <inline font-weight="bold">Senator Millen,</inline> on the last day of sitting, I have conferred with <inline font-weight="bold">Mr. Speaker</inline> with regard to the seat that is reserved for the use of senators in another place. Upon my representations <inline font-weight="bold">Mr. Speaker</inline> has decided that the seat referred to shall be reserved exclusively for the use of senators, and that honorable senators shall not be allowed to introduce their friends into that seat. I hope honorable senators will loyally abide by this agreement, and that we &#34;shall hear no more complaints about the seat being occupied when they wish to listen to debates in another place. </para>
          </talk.start>
          <interjection>
            <talk.start>
              <talker>
                <page.no>8438</page.no>
                <time.stamp />
                <name.id>KRX</name.id>
                <electorate>TASMANIA</electorate>
                <party>ALP</party>
                <role />
                <in.gov>0</in.gov>
                <first.speech>0</first.speech>
                <name role="metadata">LONG, James</name>
                <name role="display">Senator LONG</name>
              </talker>
              <para>- In connexion with the matter to which you have just referred, I would like to know, <inline font-weight="bold">Mr. President,</inline> if, in your interview with <inline font-weight="bold">Mr. Speaker,</inline> you considered or discussed the question of keeping open the passage from the outer door to the seat reserved for senators, because at times it is difficult, if not impossible, to reach it. </para>
            </talk.start>
          </interjection>
          <continue>
            <talk.start>
              <talker>
                <page.no>8438</page.no>
                <time.stamp />
                <name.id>10000</name.id>
                <electorate />
                <party />
                <role />
                <in.gov>0</in.gov>
                <first.speech>0</first.speech>
                <name role="metadata">PRESIDENT, The</name>
                <name role="display">The PRESIDENT</name>
              </talker>
              <para>- I did not discuss that particular aspect of the question with <inline font-weight="bold">Mr. Speaker,</inline> because I took it for granted that if a certain seat is reserved for senators there would be means of access thereto; otherwise it would be a gift of novalue. However, I will take an early opportunity of making representations ta <inline font-weight="bold">Mr. Speaker</inline> with regard to that matter. </para>
            </talk.start>
          </continue>
        </speech>
      </subdebate.1>
    </debate>
    <debate>
      <debateinfo>
        <title>PAPERS</title>
        <page.no>8438</page.no>
        <type>papers</type>
      </debateinfo>
      <para>The following papers were laid on thetable : - </para>
      <quote>
        <para>Kalgoorlie to Port Augusta  Railway  - Report of Royal Commission on Charges made by <inline font-weight="bold">Mr. D.</inline> L. Gilchrist. </para>
        <para>Lands Acquisition Act 1906. - Land acquired under, at Ashford, New South Wales - For Postal purposes. </para>
        <para>Northern Territory - Report of Royal Commission on Charges against Administrator and other Officers. </para>
        <para>Public Service Act 1902-1916- Regulations amended- Statutory Rules 1916, No. 190. </para>
        <para>The War Papers presented to British Parliament - </para>
        <para>Report of Royal Commission on the Rebellion in Ireland. </para>
        <para>Regulations made by the Military Service (Civil Liabilities) Committee with the concurrence of the Lords Commissioners of His Majesty&#39;s Treasury. </para>
        <para>Correspondence with the United States Ambassador respecting the safety of Alien Enemies repatriated from India on the s.s. <inline font-style="italic">Golconda.</inline></para>
        <para>Further Correspondence with the United States Ambassador respecting thesafety of Alien Enemies repatriated from India on the s.s. <inline font-style="italic">Golconda.</inline></para>
        <para>Correspondence with the United StatesAmbassador respecting the Trading with the Enemy (Extension of Powers) Act 1915. </para>
        <para>War Precautions Act 1914-1916. - RegulationsStatutory Rules 1916, No. 136. </para>
      </quote>
    </debate>
    <debate>
      <debateinfo>
        <title>QUESTION</title>
        <page.no>8438</page.no>
        <type>Questions</type>
      </debateinfo>
      <subdebate.1>
        <subdebateinfo>
          <title>BOUNTY ON CRUDE OIL</title>
          <page.no>8438</page.no>
        </subdebateinfo>
        <speech>
          <talk.start>
            <talker>
              <page.no>8438</page.no>
              <time.stamp />
              <name.id>K2D</name.id>
              <electorate />
              <party />
              <role />
              <in.gov>0</in.gov>
              <first.speech>0</first.speech>
              <name role="metadata">READY, Rudolph</name>
              <name role="display">Senator READY</name>
            </talker>
            <para>asked the Minister representing the Minister of Trade and Customs, <inline font-style="italic">upon notice -</inline></para>
          </talk.start>
          <list type="decimal-dotted">
            <item label="1.">
              <para>Is the Minister aware that negotiationsmay result in the State Government of Tasmania acquiring the shale deposits at Latrobe, Tasmania, and turning out large quantities of oil and oil products? </para>
            </item>
            <item label="2.">
              <para>In view of the importance of this industry to Australia, and the ever increasing use of oil in the commercial world, will the Ministry consider the question of granting a bounty on crude oil produced in Australia as recommended by the Inter-State Commission? </para>
            </item>
          </list>
        </speech>
        <speech>
          <talk.start>
            <talker>
              <page.no>8438</page.no>
              <time.stamp />
              <name.id>K3E</name.id>
              <electorate />
              <party>ALP</party>
              <role />
              <in.gov>1</in.gov>
              <first.speech>0</first.speech>
              <name role="metadata">RUSSELL, Edward</name>
              <name role="display">Senator RUSSELL</name>
            </talker>
            <para>- The reply is asfollows : - </para>
          </talk.start>
          <list type="decimal-dotted">
            <item label="1.">
              <para>I believe that some consideration has been given to the matter by the Tasmanian Government. </para>
            </item>
            <item label="2.">
              <para>This question is under consideration. </para>
            </item>
          </list>
        </speech>
      </subdebate.1>
    </debate>
    <debate>
      <debateinfo>
        <title>QUESTION</title>
        <page.no>8439</page.no>
        <type>Questions</type>
      </debateinfo>
      <subdebate.1>
        <subdebateinfo>
          <title>WEALTH CENSUS</title>
          <page.no>8439</page.no>
        </subdebateinfo>
        <speech>
          <talk.start>
            <talker>
              <page.no>8439</page.no>
              <time.stamp />
              <name.id>K2D</name.id>
              <electorate>for Senator Grant</electorate>
              <party />
              <role />
              <in.gov>0</in.gov>
              <first.speech>0</first.speech>
              <name role="metadata">READY, Rudolph</name>
              <name role="display">Senator READY</name>
            </talker>
            <para>asked the Minister representing the Minister of Home Affairs, <inline font-style="italic">upon notice -</inline></para>
          </talk.start>
          <list type="decimal-dotted">
            <item label="1.">
              <para>When will the information disclosed on the wealth census cards be made available for the information of the Senate? </para>
            </item>
            <item label="2.">
              <para>If the whole of the information has not been compiled, will the Minister supply, without delay, the returns that are available? </para>
            </item>
          </list>
        </speech>
        <speech>
          <talk.start>
            <talker>
              <page.no>8439</page.no>
              <time.stamp />
              <name.id>K3E</name.id>
              <electorate />
              <party>ALP</party>
              <role />
              <in.gov>1</in.gov>
              <first.speech>0</first.speech>
              <name role="metadata">RUSSELL, Edward</name>
              <name role="display">Senator RUSSELL</name>
            </talker>
            <para>- The Commonwealth Statistician reports - </para>
          </talk.start>
          <list type="decimal">
            <item label="(1)">
              <para>Progress returns of net incomes have been supplied  to  the Acting Prime Minister from time  to  time,  and  one such was included in the Budgetpapers presented  to  Parliament  by  the Treasurer in May last. A later progress return has been prepared including &#163;20,000,000 more  of  income, but without verygreatly affecting the proportionate distribution. Returns covering probably upwards  of  &#163;10,000,000  of  income havestill  to be  tabulated. </para>
            </item>
            <item label="(2)">
              <para>A progress return of net assets is now in course  of  preparation, and will  bo  available in a few days. </para>
            </item>
          </list>
        </speech>
      </subdebate.1>
    </debate>
    <debate>
      <debateinfo>
        <title>QUESTION</title>
        <page.no>8439</page.no>
        <type>Questions</type>
      </debateinfo>
      <subdebate.1>
        <subdebateinfo>
          <title>EXPEDITIONARY FORCES</title>
          <page.no>8439</page.no>
        </subdebateinfo>
        <speech>
          <talk.start>
            <talker>
              <page.no>8439</page.no>
              <time.stamp />
              <name.id>KTP</name.id>
              <electorate>VICTORIA</electorate>
              <party />
              <role />
              <in.gov>0</in.gov>
              <first.speech>0</first.speech>
              <name role="metadata">MCKISSOCK, Andrew</name>
              <name role="display">Senator McKISSOCK</name>
            </talker>
            <para>asked the Minister of Defence, upon <inline font-style="italic">notice -</inline></para>
          </talk.start>
          <quote>
            <para>If, seeing soldiers  on  final leave often have  to  travel long distances, thereby curtailing the actual time of such leave, he  will  consider the desirability  of  making the time lost in arriving home additional  to  the ordinary final leave? </para>
          </quote>
        </speech>
        <speech>
          <talk.start>
            <talker>
              <page.no>8439</page.no>
              <time.stamp />
              <name.id>K0F</name.id>
              <electorate />
              <party>ALP</party>
              <role />
              <in.gov>1</in.gov>
              <first.speech>0</first.speech>
              <name role="metadata">PEARCE, George</name>
              <name role="display">Senator PEARCE</name>
            </talker>
            <para>- The answer is- </para>
          </talk.start>
          <quote>
            <para>As far as possible  men who  enlist in  the  A.I.F. are placed  in the camp  nearest  to  their place  of  enlistment. The necessity  for  interfering  as  little as possible with  the  training  of the  men, and  the  big expenditure involved, make  it  impracticable  to  give every soldier  an  opportunity  to  return  to  his place  of  enlistment for final leave. In  some  cases, <inline font-style="italic">e.g.,</inline> north-west parts  of  Western Australia, at  least  six weeks&#39; leave would have  to  be given  to men.  Origin- ally a maximum  of four  days (including the time taken in travelling)  was  allowed as  final  leave. This has since been extended  to  ten days, six days with pay, and  four  without pay, for men living  in  districts  remote from  camps. It is not proposed  to  extend  the  time beyond that already approved. </para>
          </quote>
        </speech>
      </subdebate.1>
    </debate>
    <debate>
      <debateinfo>
        <title>QUESTION</title>
        <page.no>8439</page.no>
        <type>Questions</type>
      </debateinfo>
      <subdebate.1>
        <subdebateinfo>
          <title>COCKBURN SOUND DOCK</title>
          <page.no>8439</page.no>
        </subdebateinfo>
        <speech>
          <talk.start>
            <talker>
              <page.no>8439</page.no>
              <time.stamp />
              <name.id>KRZ</name.id>
              <electorate />
              <party />
              <role />
              <in.gov>0</in.gov>
              <first.speech>0</first.speech>
              <name role="metadata">LYNCH, Patrick</name>
              <name role="display">Senator LYNCH</name>
            </talker>
            <para>asked the Minister representing the Minister for the Navy, <inline font-style="italic">upon notice -</inline></para>
          </talk.start>
          <list type="decimal-dotted">
            <item label="1.">
              <para>Whether the Government has made  any  provision  in  its docking scheme  at  Cockburn Sound  to  meet the needs  of  merchant shipping  on  the Western Coast? </para>
            </item>
            <item label="2.">
              <para>If not, will the Government amend its plan so as to meet that pressing need, in view of the long coast line of Western Australia and the long distance to docking accommodation in Eastern Australia? </para>
            </item>
          </list>
        </speech>
        <speech>
          <talk.start>
            <talker>
              <page.no>8439</page.no>
              <time.stamp />
              <name.id>K3E</name.id>
              <electorate />
              <party>ALP</party>
              <role />
              <in.gov>1</in.gov>
              <first.speech>0</first.speech>
              <name role="metadata">RUSSELL, Edward</name>
              <name role="display">Senator RUSSELL</name>
            </talker>
            <para>- The Minister for the Navy supplies the following answers :  - </para>
          </talk.start>
          <list type="decimal-dotted">
            <item label="1.">
              <para>It is the intention of the Minister for the Navy to have the question of docking facilities gone into by the new Director of Naval Works, who has just arrived in Australia. Any docking facilities provided at Cockburn Sound will be available for merchant shipping, subject to the Navy always having first call. </para>
            </item>
            <item label="2.">
              <para>See 1. </para>
            </item>
          </list>
        </speech>
      </subdebate.1>
    </debate>
    <adjournment>
      <adjournmentinfo>
        <page.no>8439</page.no>
        <time.stamp>15:20:00</time.stamp>
      </adjournmentinfo>
      <para class="block">Senate adjourned at 3.20 p.m. </para>
    </adjournment>
  </chamber.xscript>
</hansard>
