<?xml version="1.0" encoding="utf-8"?>
<hansard xsi:noNamespaceSchemaLocation="../../hansard.xsd" version="2.1" xmlns:xsi="http://www.w3.org/2001/XMLSchema-instance">
  <session.header>
    <date>1903-10-22</date>
    <parliament.no>1</parliament.no>
    <session.no>2</session.no>
    <period.no>0</period.no>
    <chamber>REPS</chamber>
    <page.no>6437</page.no>
    <proof>0</proof>
  </session.header>
  <chamber.xscript>
    <para>HouseofRepresentatives. </para>
    <business.start>
      <day.start>1903-10-22</day.start>
      <para>
        <inline font-weight="bold">Mr. Speaker</inline>took the choir at 2 p.m., and read prayers. </para>
    </business.start>
    <debate>
      <debateinfo>
        <title>ADDRESS TO THE GOVERNORGENERAL : HIS EXCELLENCY&#39;S REPLY</title>
        <page.no>6437</page.no>
        <type>miscellaneous</type>
      </debateinfo>
      <speech>
        <talk.start>
          <talker>
            <page.no>6437</page.no>
            <time.stamp />
            <name.id>10000</name.id>
            <electorate />
            <party />
            <role />
            <in.gov>0</in.gov>
            <first.speech>0</first.speech>
            <name role="metadata">SPEAKER, Mr</name>
            <name role="display">Mr SPEAKER</name>
          </talker>
          <para>- I have to inform the House that this morning I presented to  His Excellency  the Governor-General the address which was yesterday adopted by this House, and that  His Excellency  has been pleased to make the following reply :  - </para>
        </talk.start>
      </speech>
      <subdebate.1>
        <subdebateinfo>
          <title>Commonwealth of Australia</title>
          <page.no>6437</page.no>
        </subdebateinfo>
      </subdebate.1>
      <subdebate.1>
        <subdebateinfo>
          <title>Governor-General</title>
          <page.no>6437</page.no>
        </subdebateinfo>
      </subdebate.1>
      <subdebate.1>
        <subdebateinfo>
          <title>Gentlemen,</title>
          <page.no>6437</page.no>
        </subdebateinfo>
        <para>I have been profoundly touched by the signal honour you have done mo in handing me the Address from each of your two Houses, authoritatively representing as they do the warm-hearted people of Australia. That you have been kind enough to give such generous expression to your feeling that I have done my duty by my Sovereign, the Empire, and Australia during my term of office as Governor-General will be to me an evergrateful remembrance, and I shall value this Address as one of the highest honours I could possibly receive. </para>
        <para>I wish to thank my Ministers and the members of the first Commonwealth Parliament of Australia for their unvarying kindness and courtesy to me and mine ; and Lady Tennyson, who has throughout been closely associated with me in the&#34; performance of my duties, and, may I add, richly merits your encomium, desires me to convey to you her heartfelt gratitude for your kind words and wishes. She and I have spent five truly happy years among you, and the people of Australia will always bo very near our hearts, while you may rest assured that, wherever I am, I shall continue to advocate their interests to the best of my ability. </para>
        <para>It is true that I came into office at a time when many great difficulties had to be encountered ; but by your &#34; common sense,&#34; patience, and perseverance these especial difficulties have been overcome. I shall ever remember with pride that I was His Majesty&#39;s chief representative in Australia when the Constitution of the Commonwealth was being established on a firm basis - that as such I assented to the four great Acts which are the four corner-stones of the Constitution, and helped to place the coping-stone on the edifice by the creation of your strong Federal High Court. </para>
        <para>In my journeys through Australia I have- been enabled to see for myself how wonderful the resources - how rich the products of your country are, and how splendidly loyal are the people. </para>
        <para>I have full belief that United Australia will take a high and worthy rank among the nations of the world, and add her contribution to the welfare and the glories of the British race, and aid the mother.country to fulfil her great Imperial mission. </para>
      </subdebate.1>
    </debate>
    <debate>
      <debateinfo>
        <title>TENNYSON</title>
        <page.no>6437</page.no>
        <type>miscellaneous</type>
      </debateinfo>
      <para>22nd October, 1903. </para>
      <para>Honorable Members. - Hear, hear. </para>
    </debate>
    <debate>
      <debateinfo>
        <title>QUESTION</title>
        <page.no>6438</page.no>
        <type>Questions</type>
      </debateinfo>
      <subdebate.1>
        <subdebateinfo>
          <title>CLOSE OF THE SESSION</title>
          <page.no>6438</page.no>
        </subdebateinfo>
        <speech>
          <talk.start>
            <talker>
              <page.no>6438</page.no>
              <time.stamp />
              <name.id>009MD</name.id>
              <electorate>Ballarat</electorate>
              <party>Protectionist</party>
              <role>Minister for External Affairs</role>
              <in.gov>1</in.gov>
              <first.speech>0</first.speech>
              <name role="metadata">DEAKIN, Alfred</name>
              <name role="display">Mr DEAKIN</name>
            </talker>
            <para>. - I omitted last night to perform, a duty which obviously belongs to as, because I understood that a more fitting opportunity would present itself to-day. . I refer to the expression at the close of the session of our high&#39; appreciation of the manner in which Mr.&#39;  Speaker  and the officers of the .House have discharged their duties. The session now drawing to a close has not been so interminably long or so gravely serious as that which preceded it, but it has been rich in legislative work and marked by achievements upon which we shall be able to look with satisfaction in the future. The officers of the House have at all times been courteous and have rendered necessary assistance to honorable members. <inline font-weight="bold">Mr. Speaker</inline> has been, - in a sense, not only our controller, but the confidant and counsellor of. honorable members in all matters relating to the business of this Chamber. I take it that we are exceptionally fortunate in finding ourselves in this splendid building, surrounded by a staff of diligent and courteous officers, and presided over by a  Speaker  who has filled his position with dignity, and who will leave an honoured name behind him. </para>
          </talk.start>
          <para class="block"> <inline font-weight="bold">Mr. SYDNEY</inline> SMITH (Macquarie).I join with the Prime Minister in expressing gratitude to <inline font-weight="bold">Mr. Speaker</inline> for the man-  ner in which he has presided over our deliberations, and to the officers for the courtesy and&#39; attention which they have displayed in the discharge of their duties. I think that at the close of this Parliament we have also reason to be satisfied with ourselves. We have had an exceptionally difficult task to perform. We have had to deal with the question of a new Tariff, the much- vexed white Australia question; and many other important matters. </para>
          <interjection>
            <talk.start>
              <talker>
                <page.no>6438</page.no>
                <time.stamp />
                <name.id>F4S</name.id>
                <electorate>PARRAMATTA, NEW SOUTH WALES</electorate>
                <party>FT; ANTI-SOC from 1906; LP from 1910; NAT from 1917</party>
                <role />
                <in.gov>0</in.gov>
                <first.speech>0</first.speech>
                <name role="metadata">COOK, Joseph</name>
                <name role="display">Mr JOSEPH COOK</name>
              </talker>
              <para>-  Not forgetting the Capital site question. </para>
            </talk.start>
          </interjection>
        </speech>
        <speech>
          <talk.start>
            <talker>
              <page.no>6438</page.no>
              <time.stamp />
              <name.id>L2I</name.id>
              <electorate>MACQUARIE, NEW SOUTH WALES</electorate>
              <party>FT</party>
              <role />
              <in.gov>0</in.gov>
              <first.speech>0</first.speech>
              <name role="metadata">SMITH, Sydney</name>
              <name role="display">Mr SYDNEY SMITH</name>
            </talker>
            <para>- And also the  Capital site question. Notwithstanding the difficult subjects with which we have had to deal, and the strong feeling which has been  engendered on many occasions, I feel sure that we shall all be able to leave the House with feelings of mutual respect and personal good- willi </para>
          </talk.start>
          <para class="block">
            <inline font-weight="bold">Mr. DEAKIN__</inline>I omitted to mention the  Chairman  of Committees, whom I had fully intended to include in my reference to <inline font-weight="bold">Mr. Speaker.</inline> I am sure honorable members will agree with me that our hearty thanks are due to the  Chairman  for the way in which he has discharged his functions. </para>
        </speech>
        <speech>
          <talk.start>
            <talker>
              <page.no>6438</page.no>
              <time.stamp />
              <name.id>10000</name.id>
              <electorate />
              <party />
              <role />
              <in.gov>0</in.gov>
              <first.speech>0</first.speech>
              <name role="metadata">SPEAKER, Mr</name>
              <name role="display">Mr SPEAKER</name>
            </talker>
            <para>- The Prime Minister has been kind enough to make complimentary references to my services and to those of the officers of the House.  I can assure honorable members that, so far as I am personally concerned, I am much obliged to him for his kindly expressions. I am greatly indebted to every member of the House for the very full and cordial support which has been extended to me in the performance of my duties throughout this Parliament. I trust that whoever may occupy the position which I now hold in the days to come will be similarly honoured. On behalf of the officers of the House, I can assure honorable members that it is their one endeavour to carry out their duties in the interests of this Parliament and of the Commonwealth which we represent. </para>
          </talk.start>
        </speech>
        <speech>
          <talk.start>
            <talker>
              <page.no>6438</page.no>
              <time.stamp />
              <name.id>JWY</name.id>
              <electorate>Riverina</electorate>
              <party />
              <role />
              <in.gov>0</in.gov>
              <first.speech>0</first.speech>
              <name role="metadata">CHANTER, John</name>
              <name role="display">Mr CHANTER</name>
            </talker>
            <para>- The Prime Minister was good enough to make a kindly reference to my &#39;services as  Chairman  of. Committees. I desire to thank him for the generous sentiments which he expressed, and honorable members for the cordial manner in which his remarks were received. I have consistently endeavoured to act impartially, to know no party, and to conduct the proceedings in Committee in accordance with the traditions of the Parliament of the great mother country. I am quite sure that honorable- members entertain the same kindly feelings towards myself that I entertain towards them. </para>
          </talk.start>
        </speech>
      </subdebate.1>
    </debate>
    <debate>
      <debateinfo>
        <title>PERSONAL EXPLANATION</title>
        <page.no>6438</page.no>
        <type>personal explanation</type>
      </debateinfo>
      <speech>
        <talk.start>
          <talker>
            <page.no>6438</page.no>
            <time.stamp />
            <name.id>KYD</name.id>
            <electorate>SOUTH AUSTRALIA, SOUTH AUSTRALIA</electorate>
            <party />
            <role />
            <in.gov>0</in.gov>
            <first.speech>0</first.speech>
            <name role="metadata">POYNTON, Alexander</name>
            <name role="display">Mr POYNTON</name>
          </talker>
          <para>- I desire to make a personal explanation with regard to my remarks during the debate upon the transcontinental railway to Western Australia last evening. The inference to be drawn from the condensed report which appears in the <inline font-style="italic">Argus</inline> this morning is that in my reference to the attitude assumed by the right honorable and learned member for South Australia, <inline font-weight="bold">Mr. Kingston,</inline> and. the honorable member for Kalgoorlie, I conveyed the idea that it was a very bad thing for Australia that they were&#39; members of  this House. I -wish it to be clearly understood that I had no such idea in my mind. I fully acknowledge the good work which lias been done, both in State and Federal politics, by the right honorable and learned member for South Australia, and I have not the slightest reason to cast any reflection in a general way upon the honorable member for Kalgoorlie. </para>
        </talk.start>
      </speech>
    </debate>
    <debate>
      <debateinfo>
        <title>QUESTION</title>
        <page.no>6439</page.no>
        <type>Questions</type>
      </debateinfo>
      <subdebate.1>
        <subdebateinfo>
          <title>ELECTORAL ROLLS</title>
          <page.no>6439</page.no>
        </subdebateinfo>
        <speech>
          <talk.start>
            <talker>
              <page.no>6439</page.no>
              <time.stamp />
              <name.id>KHC</name.id>
              <electorate>NORTHERN MELBOURNE, VICTORIA</electorate>
              <party />
              <role />
              <in.gov>0</in.gov>
              <first.speech>0</first.speech>
              <name role="metadata">HIGGINS, Henry</name>
              <name role="display">Mr HIGGINS</name>
            </talker>
            <para>- In the absence of the Minister for Home Affairs, I desire to ask the Postmaster-General whether he will take the House into his confidence at the -earliest possible date in regard to the electoral rolls of Yackandandah, and whether he considers that a horse&#39;s nosebag is a proper receptacle for the rolls of the free and independent electors of both sexes <inline font-style="italic">1</inline> Would he treat the plans for the transcontinental railway in the same manner <inline font-style="italic">1</inline> I should further like to know whether we will give the House an opportunity to recover and purify these parliamentary rolls at an early date ? </para>
          </talk.start>
        </speech>
        <speech>
          <talk.start>
            <talker>
              <page.no>6439</page.no>
              <time.stamp />
              <name.id>KJI</name.id>
              <electorate>INDI, VICTORIA</electorate>
              <party />
              <role />
              <in.gov>0</in.gov>
              <first.speech>0</first.speech>
              <name role="metadata">ISAACS, Isaac</name>
              <name role="display">Mr ISAACS</name>
            </talker>
            <para>- Yackandandah happens to be in my electorate, and, although I am intensely grateful to the honorable and learned member for Northern Melbourne for taking an interest in that town, I wish to assure him that it was one of those places to which I specifically referred the other evening when discussing this subject. I submitted the name to the Minister for Home Affairs who took a special note of it. I thoroughly agree that a good deal of confusion has occurred in regard to the rolls, and in that locality, as well as in others, their rectification is undoubtedly necessary. I strongly urge that so important a matter, not merely to candidates, but to the whole of Australia, should receive attention at the hands of the Minister. That is only one instance in which there has been confusion. All around Wodonga, and various other -towns in the same electorate - I do not think it is necessary to give their names - the immediate and earnest attention of the Government is required to the remedy of existing evils. </para>
          </talk.start>
        </speech>
        <speech>
          <talk.start>
            <talker>
              <page.no>6439</page.no>
              <time.stamp />
              <name.id>JZT</name.id>
              <electorate>Tasmania</electorate>
              <party>Free Trade</party>
              <role>PostmasterGeneral</role>
              <in.gov>0</in.gov>
              <first.speech>0</first.speech>
              <name role="metadata">FYSH, Philip</name>
              <name role="display">Sir PHILIP FYSH</name>
            </talker>
            <para>. - In the absence of the Minister for Home Affairs, I can suggest no other remedy at the present moment than to summon the offending horse to the Bar of the House. I presume that it has eaten up the Yackandandah rolls, under the impression that they were chaff. </para>
          </talk.start>
        </speech>
        <speech>
          <talk.start>
            <talker>
              <page.no>6439</page.no>
              <time.stamp />
              <name.id>JZF</name.id>
              <electorate>ILLAWARRA, NEW SOUTH WALES</electorate>
              <party />
              <role />
              <in.gov>0</in.gov>
              <first.speech>0</first.speech>
              <name role="metadata">FULLER, George</name>
              <name role="display">Mr FULLER</name>
            </talker>
            <para>- In view of the fact that these rolls have probably disappeared owing to the absence of horse-feed in the particular town referred to, will the Government consider the advisability of suspending the fodder duties <inline font-style="italic">t</inline></para>
          </talk.start>
        </speech>
      </subdebate.1>
    </debate>
    <debate>
      <debateinfo>
        <title>QUESTION</title>
        <page.no>6439</page.no>
        <type>Questions</type>
      </debateinfo>
      <subdebate.1>
        <subdebateinfo>
          <title>OFFICIALS OF DEFENCE DEPARTMENT</title>
          <page.no>6439</page.no>
        </subdebateinfo>
        <speech>
          <talk.start>
            <talker>
              <page.no>6439</page.no>
              <time.stamp />
              <name.id>K4I</name.id>
              <electorate>BOURKE, VICTORIA</electorate>
              <party>PROT</party>
              <role />
              <in.gov>0</in.gov>
              <first.speech>0</first.speech>
              <name role="metadata">COOK, James</name>
              <name role="display">Mr HUME COOK</name>
            </talker>
            <para>- I desire to ask the Minister for Defence, whether the civilian officials in his Department are to be compelled to join the Defence Forces and wear uniform, and, if so, by whose authority ? In speaking of this matter the other evening, I was in error in stating that the clerks in the Department were to be compelled to join the militia forces. As a matter of fact, no compulsion is being directly applied, but an endeavour is being made to achieve the same result in an indirect way. A General Order states - </para>
          </talk.start>
          <para>It is, however, most essential that all responsible officers in the Ordnance Department should have the status of officers or non-commissioned officers, and employes in the Department cannot look for advancement to positions of responsibility unless they have military status. </para>
          <para class="block">I desire to ask the Minister whether he approves of the adoption of the course proposed, and if not, whether he will inform the House what action he intends to take <inline font-style="italic">1</inline></para>
        </speech>
        <speech>
          <talk.start>
            <talker>
              <page.no>6439</page.no>
              <time.stamp />
              <name.id>JX7</name.id>
              <electorate>EDEN-MONARO, NEW SOUTH WALES</electorate>
              <party>Protectionist</party>
              <role>Minister for Defence</role>
              <in.gov>1</in.gov>
              <first.speech>0</first.speech>
              <name role="metadata">CHAPMAN, Austin</name>
              <name role="display">Mr AUSTIN CHAPMAN</name>
            </talker>
            <para>- In reply to the honorable member&#39;s question, I desire to say that no instructions to that effect have been given. </para>
          </talk.start>
        </speech>
      </subdebate.1>
    </debate>
    <debate>
      <debateinfo>
        <title>PROROGATION.</title>
        <page.no>6439</page.no>
        <type>miscellaneous</type>
      </debateinfo>
      <para>The Usher of the Black Rod was admitted, and announced that  His Excellency  the Governor-General desired the attendance of honorable members in the Senate chamber. </para>
      <para>
        <inline font-weight="bold">Mr. Speaker,</inline>accompanied by honorable members, then proceeded to the Senate chamber, where  His Excellency  the GovernorGeneral was pleased to deliver a speech <inline font-style="italic">(vide</inline> page 6436), declaring Parliament prorogued until the 14th November, 1903. </para>
      <para>Commonwealth of Australia to wit. </para>
      <subdebate.1>
        <subdebateinfo>
          <title>Tennyson,</title>
          <page.no>6440</page.no>
        </subdebateinfo>
        <para class="block">GovernorGeneral. </para>
        <para class="block" pgwide="yes">By His Excelleney the Right Honorable Hallam, Baron Tennyson, Knight Grand Cross of the Most Distinguished Order of Saint Michael and Saint George, Governor-General and CommanderinChief of the Commonwealth of Australia. </para>
        <para class="block" pgwide="yes">Whereas by the Constitution of the Commonwealth of Australia it is provided that the: Governor-General may from time to time, by Proclamation or otherwise, prorogue the Parliament, and dissolve the House of Representatives: And whereas the Parliament stands prorogued until the 24th day of November, 1903 : And whereas it is expedient to dissolve the House of Representatives : Now therefore I, the Governor-General of the Commonwealth of Australia, in exercise of the power conferred by the said Constitution, do by this my Proclamation dissolve the House of Representatives: And I do hereby discharge the Honorable the Senators from attendance on the 24th day of November,. 1903. </para>
        <para pgwide="yes">Given under my Hand and the Seal of the Commonwealth of Australia aforesaid, at Melbourne, this twenty-third day of November, in the year of Our Lord One thousand nine hundred and three, and in the third year of  His  Majesty&#39;s reign. </para>
      </subdebate.1>
      <subdebate.1>
        <subdebateinfo>
          <title>By His Excellency&#39;s Command,</title>
          <page.no>6440</page.no>
        </subdebateinfo>
      </subdebate.1>
    </debate>
    <debate>
      <debateinfo>
        <title>ALFRED DEAKIN</title>
        <page.no>6440</page.no>
        <type>miscellaneous</type>
      </debateinfo>
    </debate>
  </chamber.xscript>
</hansard>
