<!DOCTYPE html PUBLIC "-//W3C//DTD XHTML 1.0 Transitional//EN" "http://www.w3.org/TR/xhtml1/DTD/xhtml1-transitional.dtd"><html xmlns="http://www.w3.org/1999/xhtml" xml:lang="en" lang="en-US">
  <head>
    <meta http-equiv="Content-Type" content="text/html; charset=UTF-8"/>
    <meta http-equiv="Content-Language" content="en-AU"/>
    <meta name="language" content="en-AU"/>
    <meta name="description" content="Search engine for Australian parliamentary documents and media."/>
    <meta name="keywords" content="parlinfo, parliament, australian government"/>
<title>ParlInfo - Missing File</title><link rel="stylesheet" type="text/css" href="/css/reset-fonts.css" /><link rel="stylesheet" type="text/css" href="/css/parlInfo.css" /><link rel="stylesheet" type="text/css" href="/css/headerAndFooter.css" /><style>html { background-color: #010214; } body { background-image: url(/images/body-home-dusk-blurred.jpg); background-color: #010214; }</style><script type="text/javascript" src="/javaScript/utils.js"></script>
  </head>
<body><div class="invisible"><a href="#startContent" accesskey="S">Skip all navigation links</a></div><div id="container"><div id="header">    <div class="logo">
      <a href="http://www.aph.gov.au" id="logo">Parliament of Australia</a>
    </div>
				<div id="siteTools"> 
					<ul>
            <li><a href="#content">Skip to content</a> |</li>
						<!-- Logged in Case -->
            <li><a href='http://parlinfo.aph.gov.au/parlInfo/register/login.w3p;orderBy=none;page=0;query=TOCId%3A%22hansard80%2Fhansards80%2F1940-05-15%2Ftoc%22%3F%20Database%3ATOC;resCount=0'>Log in</a> |</li>
            <li><a href="http://www.aph.gov.au/Help/Contact">Contact</a> |</li>
            <li><a href="http://www.aph.gov.au/Help">Help</a></li>
					</ul>

          <ul>
             <li><a href="/parlInfo/help/tips.w3p;helpLoc=whatsnew">What's New</a> |</li>
             <li>ParlInfo Search v1.28.0</li>
          </ul>
				</div>
				<div class="clearfix" id="quickLinks">
					<ul class="quickLinksBar" id="quickLinksHoRep">
					    <!-- This displays when each house is currently live, it toggles between two states:
					        Live state -->
					    <li class="first liveIndicator liveIndicatorIsLive"><a href="http://www.aph.gov.au/News_and_Events/Watch_Parliament">LIVE</a></li>
					    <!-- Not Live state
					        <li class="first liveIndicator liveIndicatorNotLive"><a href="#">Not Live</a></li>
					        -->
							<li><a href="http://www.aph.gov.au/About_Parliament/House_of_Representatives"><strong>House of Representatives</strong></a></li>
                            <li><a href="http://www.aph.gov.au/Parliamentary_Business/Committees/House">Committees</a></li>
							<li><a href="http://www.aph.gov.au/Parliamentary_Business/Hansard/Search?q=&amp;expand=true&amp;drvH=0&amp;drt=2&amp;pnu=44&amp;pnuH=44&amp;pi=0&amp;pv=&amp;chi=2&amp;coi=0">Hansard</a></li>
							<li><a href="http://www.aph.gov.au/Parliamentary_Business/Chamber_documents/HoR">Documents</a></li>
					</ul>
					<ul class="quickLinksBar" id="quickLinksSenate">
						<!-- This displays when each house is currently live, it toggles between two states:
							Live state
              <li class="first liveIndicator liveIndicatorNotLive"><a href="#">Not Live</a></li>
						-->
                         <li class="first liveIndicator liveIndicatorIsLive"><a href="http://www.aph.gov.au/News_and_Events/Watch_Parliament">Live</a></li>
					    <!-- EO Not Live state -->
						<li><a href="http://www.aph.gov.au/About_Parliament/Senate"><strong>Senate</strong></a></li>
                        <li><a href="http://www.aph.gov.au/Parliamentary_Business/Committees/Senate">Committees</a></li>
						<li><a href="http://www.aph.gov.au/Parliamentary_Business/Hansard/Search?q=&amp;expand=true&amp;drvH=0&amp;drt=2&amp;pnu=44&amp;pnuH=44&amp;pi=0&amp;pv=&amp;chi=1&amp;coi=0">Hansard</a></li>
						<li><a href="http://www.aph.gov.au/Parliamentary_Business/Chamber_documents/Senate_chamber_documents">Documents</a></li>
					</ul>
				</div>

                <div id="primaryNav">
                    <ul class="clearfix">
                         <li class="first rootMenu firstRootMenu" id="primaryNavHome"><a href="http://www.aph.gov.au"><span>Home</span></a></li>
						<li class="rootMenu" id="primaryNavParliamentaryBusiness"><a href="http://www.aph.gov.au/Parliamentary_Business" title="Parliamentary Business"><span>Parliamentary Business</span></a>
							<ul class="subMenu">
								<li class="first"><a href="http://www.aph.gov.au/Parliamentary_Business/Bills_Legislation" title="Bills and Legislation">Bills and Legislation</a></li>
								<li><a href="http://www.aph.gov.au/Parliamentary_Business/Chamber_documents" title="Chamber documents">Chamber documents</a></li>
								<li><a href="http://www.aph.gov.au/Parliamentary_Business/Hansard" title="Hansard">Hansard</a></li>
								<li><a href="http://www.aph.gov.au/Parliamentary_Business/Committees" title="Committees">Committees</a></li>
								<li><a href="http://www.aph.gov.au/Parliamentary_Business/Senate_Estimates" title="Senate Estimates">Senate Estimates</a></li>
								<li><a href="http://www.aph.gov.au/Parliamentary_Business/Statistics" title="Statistics">Statistics</a></li>
								<li><a href="http://www.aph.gov.au/Parliamentary_Business/Petitions" title="Petitions">Petitions</a></li>
								<li><a href="http://www.aph.gov.au/Parliamentary_Business/Opening" title="Opening of the 44th Parliament">Opening of the 44th Parliament</a></li>
</ul></li>
						<li class="rootMenu" id="primaryNavSenatorsAndMembers"><a href="http://www.aph.gov.au/Senators_and_Members" title="Senators and Members"><span>Senators and Members</span></a>
							<ul class="subMenu">
								<li class="first"><a href="http://www.aph.gov.au/Senators_and_Members/Senators" title="Senators">Senators</a></li>
								<li><a href="http://www.aph.gov.au/Senators_and_Members/Members" title="Members">Members</a></li>
								<li><a href="http://www.aph.gov.au/Senators_and_Members/Guidelines_for_Contacting_Senators_and_Members" title="Contacting Senators and Members">Contacting Senators and Members</a></li>
</ul></li>
						<li class="rootMenu" id="primaryNavEvents"><a href="http://www.aph.gov.au/News_and_Events" title="News & Events"><span>News & Events</span></a>
							<ul class="subMenu">
								<li><a href="http://www.aph.gov.au/News_and_Events/Watch_Parliament" title="Watch Parliament">Watch Parliament</a></li>
								<li><a href="http://www.aph.gov.au/News_and_Events/Events_Calendar" title="Events Calendar">Events Calendar</a></li>
								<li><a href="http://www.aph.gov.au/myfirstspeech" title="My First Speech">My First Speech</a></li>
</ul></li>
						<li class="rootMenu" id="primaryNavAboutParliament"><a href="http://www.aph.gov.au/About_Parliament" title="About Parliament"><span>About Parliament</span></a>
							<ul class="subMenu">
								<li class="first"><a href="http://www.aph.gov.au/About_Parliament/Work_of_the_Parliament" title="Work of the Parliament">Work of the Parliament</a></li>
								<li><a href="http://www.aph.gov.au/About_Parliament/Senate" title="Senate">Senate</a></li>
								<li><a href="http://www.aph.gov.au/About_Parliament/House_of_Representatives" title="House of Representatives">House of Representatives</a></li>
								<li><a href="http://www.aph.gov.au/About_Parliament/Parliamentary_Departments" title="Parliamentary Departments">Parliamentary Departments</a></li>
								<li><a href="http://www.aph.gov.au/About_Parliament/International_Program" title="International Program">International Program</a></li>
								<li><a href="http://www.aph.gov.au/About_Parliament/Publications" title="Publications">Publications</a></li>
								<li><a href="http://www.aph.gov.au/About_Parliament/Employment" title="Employment">Employment</a></li>
								<li><a href="http://www.aph.gov.au/About_Parliament/Education_Resources" title="Education Resources">Education Resources</a></li>
								<li><a href="http://www.aph.gov.au/About_Parliament/Parliamentary_Friendship" title="Parliamentary Friendship Groups">Parliamentary Friendship Groups</a></li>
								<li><a href="http://www.aph.gov.au/About_Parliament/Sitting_Calendar" title="Sitting Calendar">Sitting Calendar</a></li>
</ul></li>
						<li class="rootMenu" id="primaryNavVisitParliament"><a href="http://www.aph.gov.au/Visit_Parliament" title="Visit Parliament"><span>Visit Parliament</span></a>
							<ul class="subMenu">
								<li class="first"><a href="http://www.aph.gov.au/Visit_Parliament/Planning_a_visit" title="Planning a visit">Planning a visit</a></li>
								<li><a href="http://www.aph.gov.au/Visit_Parliament/Media_Rules" title="Media Rules">Media Rules</a></li>
								<li><a href="http://www.aph.gov.au/Visit_Parliament/Tours" title="Tours">Tours</a></li>
								<li><a href="http://www.aph.gov.au/Visit_Parliament/Virtual_Tours" title="Virtual Tours of Parliament House">Virtual Tours of Parliament House</a></li>
								<li><a href="http://www.aph.gov.au/Visit_Parliament/Visitor_Events" title="Visitor Events">Visitor Events</a></li>
								<li><a href="http://www.aph.gov.au/Visit_Parliament/About_the_Building" title="About the Building">About the Building</a></li>
								<li><a href="http://www.aph.gov.au/Visit_Parliament/Parliament_House_Art_Collection" title="Parliament House Art Collection">Parliament House Art Collection</a></li>
								<li><a href="http://www.aph.gov.au/Visit_Parliament/Photo_gallery" title="Photo gallery">Photo gallery</a></li>
								<li><a href="http://www.aph.gov.au/Visit_Parliament/Food_and_Shop" title="Food and Shop">Food and Shop</a></li>
								<li><a href="http://www.aph.gov.au/Visit_Parliament/Venue_Hire" title="Venue Hire">Venue Hire</a></li>
</ul></li>
						
				   
                        <!-- No primary nav items will be in "active" state (i.e we are not in any of the primary IA while searching). This
                            means there is no active implamentation -->
					

                    </ul>
				</div>
<div id="secondaryNavWrapper"><div id="secondaryNav" class="clearfix"><h2 class="offLeft">Menu Options</h2><ul class="secondaryNavOff"><li class=""><a href="http://parlinfo.aph.gov.au/parlInfo/search/search.w3p;orderBy=none;query=TOCId%3A%22hansard80%2Fhansards80%2F1940-05-15%2Ftoc%22%3F%20Database%3ATOC;resCount=0"><span>Basic Search</span></a></li><li class=""><a href="http://parlinfo.aph.gov.au/parlInfo/search/search.w3p;adv=yes;orderBy=none;query=TOCId%3A%22hansard80%2Fhansards80%2F1940-05-15%2Ftoc%22%3F%20Database%3ATOC;resCount=0"><span>Advanced Search/Browse</span></a></li><li class=""><a href="http://parlinfo.aph.gov.au/parlInfo/guide/guide.w3p;orderBy=none;query=TOCId%3A%22hansard80%2Fhansards80%2F1940-05-15%2Ftoc%22%3F%20Database%3ATOC;resCount=0"><span>Guided Search</span></a></li><li class=""><a href="http://parlinfo.aph.gov.au/parlInfo/list/trolleyView.w3p;query=TOCId%3A%22hansard80%2Fhansards80%2F1940-05-15%2Ftoc%22%3F%20Database%3ATOC;rec=0;resCount=0" title="You have 0 items in your list"><span>My List (0)</span></a></li><li class=""><a href="http://parlinfo.aph.gov.au/parlInfo/register/account.w3p;orderBy=none;page=0;query=TOCId%3A%22hansard80%2Fhansards80%2F1940-05-15%2Ftoc%22%3F%20Database%3ATOC;resCount=0"><span>My Profile</span></a></li><li class=""><a class="menu" href="http://parlinfo.aph.gov.au/parlInfo/help/searchHelp.w3p;orderBy=none;query=TOCId%3A%22hansard80%2Fhansards80%2F1940-05-15%2Ftoc%22%3F%20Database%3ATOC;resCount=0" accesskey="6"><span>Help</span></a></li></ul></div></div></div><div id="content"><a name="startContent"></a><table border="0" class="fullWidth"><tr><td class="fullWidth"><h1 class="centerAlign">
                  Could not find the file 'hansard80/hansards80/1940-05-15/19400515_senate_15_163.xml'
                </h1></td></tr></table></div>      <div class="line" id="footer">
        <div class="unit" id="footerHouses">
          <h3 class="senate">Senate</h3>
            <ul class="senate">
				<li><a href="http://www.aph.gov.au/About_Parliament/Senate" title="Senate">Senate</a></li>
				<li><a href="http://www.aph.gov.au/Parliamentary_Business/Chamber_documents/Senate_chamber_documents" title="Senate chamber documents">Senate chamber documents</a></li>
				<li><a href="http://www.aph.gov.au/Parliamentary_Business/Dynamic_Red" title="Dynamic Red">Dynamic Red</a></li>
				<li><a href="http://www.aph.gov.au/Senators_and_Members/Senators" title="Senators">Senators</a></li>
				<li><a href="http://www.aph.gov.au/About_Parliament/Senate/Senate_Seating_Plan" title="Senate Seating Plan">Senate Seating Plan</a></li>

            </ul>

          <h3 class="hoRep">House of Representatives</h3>
          <ul class="hoRep">
				<li><a href="http://www.aph.gov.au/About_Parliament/House_of_Representatives" title="House of Representatives">House of Representatives</a></li>
				<li><a href="http://www.aph.gov.au/Parliamentary_Business/Chamber_documents/HoR" title="House of Representatives chamber and business documents">House of Representatives chamber and business documents</a></li>
				<li><a href="http://www.aph.gov.au/Parliamentary_Business/Chamber_documents/Live_Minutes_-_House" title="Live Minutes - House">Live Minutes - House</a></li>
				<li><a href="http://www.aph.gov.au/Senators_and_Members/Members" title="Members">Members</a></li>
				<li><a href="http://www.aph.gov.au/About_Parliament/House_of_Representatives/House_of_Representatives_Seating_Plan" title="House of Representatives Seating Plan">House of Representatives Seating Plan</a></li>

          </ul>
        </div>

        <div class="lastUnit" id="footerQuickLinks">
          <div class"line">
            <div class="unit size1of3">
              <h3 class="footer">Get informed</h3>
              <ul>
				<li><a href="http://www.aph.gov.au/News_and_Events" title="News & Events">News & Events</a></li>
				<li><a href="http://www.aph.gov.au/News_and_Events/Watch_Parliament" title="Watch Parliament">Watch Parliament</a></li>
				<li><a href="http://www.aph.gov.au/About_Parliament" title="About Parliament">About Parliament</a></li>
				<li><a href="http://www.aph.gov.au/About_Parliament/Education_Resources" title="Education Resources">Education Resources</a></li>
				<li><a href="http://www.aph.gov.au/About_Parliament/Parliamentary_Departments/Parliamentary_Library" title="Parliamentary Library">Parliamentary Library</a></li>
				<li><a href="http://www.aph.gov.au/About_Parliament/International_Program" title="International Program">International Program</a></li>
 
              </ul>

              <h3 class="footer">Bills</h3>
              <ul>
				<li><a href="http://www.aph.gov.au/Parliamentary_Business/Bills_Legislation/Bills_before_Parliament" title="Bills before Parliament">Bills before Parliament</a></li>
				<li><a href="http://www.aph.gov.au/Parliamentary_Business/Bills_Legislation/Assented_Bills_of_previous_Parliaments" title="Assented Bills of previous Parliaments">Assented Bills of previous Parliaments</a></li>
				<li><a href="http://www.aph.gov.au/Parliamentary_Business/Bills_Legislation/Tariff_Proposals" title="Tariff Proposals">Tariff Proposals</a></li>
				<li><a href="http://www.aph.gov.au/Parliamentary_Business/Bills_Legislation/leginstruments" title="Legislative Instruments">Legislative Instruments</a></li>

              </ul>

              <h3 class="footer">Committees</h3>
              <ul>
				<li><a href="http://www.aph.gov.au/Parliamentary_Business/Committees" title="Committees">Committees</a></li>

              </ul>
            </div>

            <div class="unit size1of3">
              <h3 class="footer">Get involved</h3>
              <ul>
				<li><a href="http://www.aph.gov.au/Parliamentary_Business/Committees/Getting_Involved_in_Parliamentary_Committees" title="Getting involved in Parliamentary Committees">Getting involved in Parliamentary Committees</a></li>
				<li><a href="http://www.aph.gov.au/Parliamentary_Business/Petitions" title="Petitions">Petitions</a></li>
				<li><a href="http://www.aph.gov.au/Help/Connect_with_us" title="Connect with us">Connect with us</a></li>
				<li><a href="http://www.aph.gov.au/Help/Contact" title="Contact">Contact</a></li>

              </ul>

              <h3 class="footer">Visit Parliament</h3>
              <ul>
				<li><a href="http://www.aph.gov.au/Visit_Parliament/Planning_a_visit" title="Planning a visit">Planning a visit</a></li>
				<li><a href="http://www.aph.gov.au/Visit_Parliament/Media_Rules" title="Media Rules">Media Rules</a></li>
				<li><a href="http://www.aph.gov.au/Visit_Parliament/About_the_Building" title="About the Building">About the Building</a></li>
				<li><a href="http://www.aph.gov.au/Visit_Parliament/Tours" title="Tours">Tours</a></li>
				<li><a href="http://www.aph.gov.au/News_and_Events/Events_Calendar" title="Events Calendar">Events Calendar</a></li>
				<li><a href="http://www.aph.gov.au/Visit_Parliament/Parliament_House_Art_Collection" title="Parliament House Art Collection">Parliament House Art Collection</a></li>
				<li><a href="http://www.aph.gov.au/Visit_Parliament/Photo_gallery" title="Photo gallery">Photo gallery</a></li>

              </ul>
            </div>

            <div class="lastUnit size1of3">
			<ul>
			   <div class="column">
			   <h3 class="footerNoIndent">APH Website features</h3>
                  <div>
<div>
<div>
<div>
<div>
<div>
<div>
<div>
<div>
<div>
<div>
<p>Track bills, Senators and Members. </p>
<p>Authorised Users | <a href="http://Remote.aph.gov.au" title="Remote Access for Authorised Users" target="_blank">Login</a><br />
Remote access for Parliamentary Computing Network account holders.</p>
<p><a href="http://parlinfo.aph.gov.au" title="ParlInfo Search" target="_blank">ParlInfo Search</a></p>
<p><a href="~/link.aspx?_id=F244620359D34A41A3C2B06BE18A4001&amp;_z=z">Information Requests</a></p>
<p><a href="https://www.surveymonkey.com/s/aphwebsite_feedback_010A" target="_blank">Parliament of Australia website survey</a></p>
</div>
</div>
</div>
</div>
</div>
</div>
</div>
</div>
</div>
</div>
</div>
				<li><a href="http://www.aph.gov.au/About_Parliament/Employment" title="Employment">Employment</a></li>
				<li><a href="http://www.aph.gov.au/Help/A_-_Z_Index" title="A - Z Index">A - Z Index</a></li>
				<li><a href="http://www.aph.gov.au/Help/Glossary" title="Glossary">Glossary</a></li>
				<li><a href="http://www.aph.gov.au/Help/RSS_feeds" title="RSS feeds">RSS feeds</a></li>
				<li><a href="parlinfo.aph.gov.au" title="parlinfo.aph.gov.au">parlinfo.aph.gov.au</a></li>

           

			</ul>
            </div>
          </div>
        </div>
      </div>
		<script type="text/javascript">
			var _gaq = _gaq || [];
			_gaq.push(['_setAccount', 'UA-30081640-1']);
			_gaq.push(['_trackPageview']);

			(function() {
			var ga = document.createElement('script'); ga.type = 'text/javascript'; ga.async = true;
			ga.src = ('https:' == document.location.protocol ? 'https://ssl' : 'http://www') + '.google-analytics.com/ga.js';
			var s = document.getElementsByTagName('script')[0]; s.parentNode.insertBefore(ga, s);
			})();
		</script>

<script type="text/javascript">
      statusTime("0.05");
    </script></div></body></html>