<?xml version="1.0" encoding="utf-8"?>
<hansard xsi:noNamespaceSchemaLocation="../../hansard.xsd" version="2.1" xmlns:xsi="http://www.w3.org/2001/XMLSchema-instance">
  <session.header>
    <date>1941-08-22</date>
    <parliament.no>16</parliament.no>
    <session.no>1</session.no>
    <period.no>4</period.no>
    <chamber>SENATE</chamber>
    <page.no>142</page.no>
    <proof>0</proof>
  </session.header>
  <chamber.xscript>
    <para class="block">Senate. </para>
    <business.start>
      <day.start>1941-08-22</day.start>
      <para>The <inline font-weight="bold">President (Senator the Hon.</inline></para>
      <para>J. Cunningham) took the chair at 11 a.m., and read prayers. </para>
    </business.start>
    <debate>
      <debateinfo>
        <title>QUESTION</title>
        <page.no>142</page.no>
        <type>Questions</type>
      </debateinfo>
      <subdebate.1>
        <subdebateinfo>
          <title>POWER ALCOHOL</title>
          <page.no>142</page.no>
        </subdebateinfo>
        <speech>
          <talk.start>
            <talker>
              <page.no>142</page.no>
              <time.stamp />
              <name.id>KTX</name.id>
              <electorate>SOUTH AUSTRALIA</electorate>
              <party>UAP</party>
              <role />
              <in.gov>0</in.gov>
              <first.speech>0</first.speech>
              <name role="metadata">MCLACHLAN, James</name>
              <name role="display">Senator JAMES McLACHLAN</name>
            </talker>
            <para />
          </talk.start>
          <para>Has the Minister for Supply and Development any comment to make on  the statement published in several sections of the press to the effect that from one ton of copra, costing about &#163;4, 100 gallons of second-grade motor spirit could be produced, and that this spirit would be quite useful when mixed with petrol? </para>
        </speech>
        <speech>
          <talk.start>
            <talker>
              <page.no>143</page.no>
              <time.stamp />
              <name.id>KUA</name.id>
              <electorate>SOUTH AUSTRALIA</electorate>
              <party>UAP</party>
              <role>Vice-President of the Executive Council</role>
              <in.gov>1</in.gov>
              <first.speech>0</first.speech>
              <name role="metadata">MCLEAY, George</name>
              <name role="display">Senator McLEAY</name>
            </talker>
            <para>- For some years the Government&#39;s technical advisers have been examining the possibility of manufacturing substitutes for petrol, but in the reports that I have had up to the present, the use of copra has not been recommended. It has been suggested that molasses, sugar and wheat are the most suitable products for the manufacture of power alcohol, but I have asked the technical officers to consider the possibility of obtaining power alcohol from copra, and to make inquiries whether it would be worth while developing such a proposal with the object of increasing the supply of much-needed motor spirit. </para>
          </talk.start>
        </speech>
        <speech>
          <talk.start>
            <talker>
              <page.no>143</page.no>
              <time.stamp />
              <name.id>KP8</name.id>
              <electorate>WESTERN AUSTRALIA</electorate>
              <party />
              <role />
              <in.gov>0</in.gov>
              <first.speech>0</first.speech>
              <name role="metadata">JOHNSTON, Edward</name>
              <name role="display">Senator E B JOHNSTON</name>
            </talker>
            <para>- Can the Minister for Supply and Development inform me whether thedistillery to be erected in Western Australia for the production of power alcohol from wheat will be located in a country town in or associated with the wheat-growing districts of that State? </para>
          </talk.start>
          <continue>
            <talk.start>
              <talker>
                <page.no>143</page.no>
                <time.stamp />
                <name.id>KUA</name.id>
                <electorate />
                <party />
                <role />
                <in.gov>0</in.gov>
                <first.speech>0</first.speech>
                <name role="metadata">MCLEAY, George</name>
                <name role="display">Senator McLEAY</name>
              </talker>
              <para>- Arrangements have been made for representatives of the various State governments concerned in the production of power alcohol from wheat to suggest to the Department of Supply and Development sites which they consider suitable for the establishment of the necessary distilleries. Those Governments have been advised as to essential features in connexion with the erection of these plants. They have been informed that it is desirable to build the plants on sites away from the seaboard, and certain sites have been recommended. The Government of Western Australia is anxious to confer with the technical officers of the Commonwealth Government regarding the large plant to be erected in that State, and the question asked by the honorable senator will receive due consideration when a decision is being made as to where the distillery shall be erected. It is proposed to provide a distillery in Western Australia capable of producing 3,000,000 gallons of motor spirit a year, and for defence reasons it is intended to build this plant first. </para>
            </talk.start>
          </continue>
        </speech>
      </subdebate.1>
    </debate>
    <debate>
      <debateinfo>
        <title>QUESTION</title>
        <page.no>143</page.no>
        <type>Questions</type>
      </debateinfo>
      <subdebate.1>
        <subdebateinfo>
          <title>CASE OF H. F. BROCKLEY</title>
          <page.no>143</page.no>
        </subdebateinfo>
        <speech>
          <talk.start>
            <talker>
              <page.no>143</page.no>
              <time.stamp />
              <name.id>KE4</name.id>
              <electorate>VICTORIA</electorate>
              <party />
              <role />
              <in.gov>0</in.gov>
              <first.speech>0</first.speech>
              <name role="metadata">KEANE, Richard</name>
              <name role="display">Senator KEANE</name>
            </talker>
            <para>- Can the Minister for Repatriation now furnish me with an answer to the question that I raised on the adjournment of the Senate on the 2nd July last regarding the case of Harold F. Brockley, a member of the Australian Imperial Force, who was killed in Egypt while absent without leave ? </para>
          </talk.start>
        </speech>
        <speech>
          <talk.start>
            <talker>
              <page.no>143</page.no>
              <time.stamp />
              <name.id>K7M</name.id>
              <electorate>WESTERN AUSTRALIA</electorate>
              <party>UAP</party>
              <role>Minister for Repatriation</role>
              <in.gov>1</in.gov>
              <first.speech>0</first.speech>
              <name role="metadata">COLLETT, Herbert</name>
              <name role="display">Senator COLLETT</name>
            </talker>
            <para>- When the honorable senator mentioned this matter previously, I told him that the circumstances of the case were such that questions of both law and fact had to be considered. The case is still under consideration, because there are some important features connected with it. These must be carefully investigated before definite action can be taken. </para>
          </talk.start>
          <para class="italic">
            <inline font-style="italic">Sitting suspended from 11.10 a.m. to 3.35 p.m.</inline>
          </para>
        </speech>
      </subdebate.1>
    </debate>
    <debate>
      <debateinfo>
        <title>FISHING INDUSTRY</title>
        <page.no>143</page.no>
        <type>miscellaneous</type>
      </debateinfo>
      <subdebate.1>
        <subdebateinfo>
          <title>Tariff Board Report</title>
          <page.no>143</page.no>
        </subdebateinfo>
        <para>
          <inline font-weight="bold">Senator LECKIE</inline>laid on the table the report and recommendations of the Tariff Board on the following subject: - </para>
        <quote>
          <para>Fishing industry. </para>
        </quote>
      </subdebate.1>
    </debate>
    <debate>
      <debateinfo>
        <title>ADJOURNMENT</title>
        <page.no>143</page.no>
        <type>adjournment</type>
      </debateinfo>
      <subdebate.1>
        <subdebateinfo>
          <title>Wheat: Acquisition of 1938-39 Crop; Personnel of Australian Wheat Board - Richmond Aerodrome: Trainees&#39; Conditions - International Aluminium Trust - Universal Trainees: Medical Examination</title>
          <page.no>143</page.no>
        </subdebateinfo>
        <para>Motion (by <inline font-weight="bold">Senator McLeay)</inline> proposed - </para>
        <quote>
          <para>That the Senate do now adjourn. </para>
        </quote>
        <speech>
          <talk.start>
            <talker>
              <page.no>143</page.no>
              <time.stamp />
              <name.id>KOL</name.id>
              <electorate>South AustraliaMinister for Munitions</electorate>
              <party>UAP</party>
              <role>Minister for Munitions</role>
              <in.gov>1</in.gov>
              <first.speech>0</first.speech>
              <name role="metadata">MCBRIDE, Philip</name>
              <name role="display">Senator McBRIDE</name>
            </talker>
            <para>. - This morning <inline font-weight="bold">Senator Fraser</inline> addressed the following question, <inline font-style="italic">upon notice,</inline> to the Minister representing the Minister for Commerce : - </para>
          </talk.start>
          <quote>
            <para>On what date previous to the outbreak of war were plans made to acquire the 1938-39 wheat crop, and what was the personnel of the Australian Wheat Board at the timet </para>
          </quote>
          <para>The Minister for Commerce has supplied the following answer : - </para>
          <quote>
            <para>The Australian Wheat Board did not exist prior to the outbreak of war, and no plans to acquire wheat were made prior to the outbreak of war. </para>
          </quote>
        </speech>
        <speech>
          <talk.start>
            <talker>
              <page.no>144</page.no>
              <time.stamp />
              <name.id>K0P</name.id>
              <electorate>New South Wales</electorate>
              <party />
              <role />
              <in.gov>0</in.gov>
              <first.speech>0</first.speech>
              <name role="metadata">ARTHUR, Thomas</name>
              <name role="display">Senator ARTHUR</name>
            </talker>
            <para>. - I direct the attention of the Minister representing the Minister for Air to a matter of the utmost gravity to  the  members of the Royal Australian Air Force who are undergoing training at the Richmond aerodrome. The condition of affairs of which I complain is due  to the  treatment received by the men from the officer in charge of the aerodrome. This officer, whose name is Wilson, has recently received a promotion, possibly because of the defects of his administration. Owing to the treatment received by the airmen employed there they decided to have a one-day sit-down strike on the 11th August. This matter came to my knowledge through a private individual who, when taking a morning stroll past the aerodrome, heard the commanding officer requesting the personnel at the aerodrome not <inline font-style="italic">to</inline> hold the proposed strike, because the fact might reach the ears of the enemy and be used as propaganda, which would help to undermine Australia&#39;s war effort. The men decided to strike because they had been granted shorter periods of leave than had been given to the personnel  at  other aerodromes. The personnel of the Richmond aerodrome were getting four days&#39; leave a month, whilst at other training centres, five and six days&#39; leave were allowed. The Air Board issued an instruction from Melbourne that the men at Richmond were to have four days&#39; leave, and later this was increased to five days. The commanding officer then decided that the men should be given two and a half days&#39; leave each fortnight. During the first fortnight, this arrangement was adhered to, but because some of the men desired to catch a particular train to enable them to get the benefit of their leave, their autocratic commanding officer cancelled the whole of their leave. I understand that he has since been promoted to the Central Area Command in New South Wales. If he is still adopting the same Hitler-like tactics there as he did at Richmond, he will cause considerable dissatisfaction among members of the air force. When the personnel ceased work on a recent occasion, rain was falling. The practice of the men, at the end of each day&#39;s training, is to wash their hands and parade in order to go to the mess. Owing to the fact that the men were hurrying to escape the rain, he marched thom backwards and forwards three or four times in the rain, and as recently as last Friday evening, this treatment was repeated, merely because they endeavoured to avoid the rain. </para>
          </talk.start>
          <para>I have also ascertained that when the men leave camp to catch a train at the Clarendon station, they have orders that they must not board the train from the railway platform. They have to climb into the carriages from, the end of the platform which is reserved for officers whose rank is above that of flightsergeant. The platform is at a long siding which is used for race trains. Two or three hundred yards away from the station there is a militia camp, and all of the militia-men are permitted to ascend the platform and wait for the train, but the air force personnel are noi allowed to do so because a &#34; Brass Hat &#34; named Wilson has so decreed. This state of affairs at the Richmond aerodrome cannot be permitted to continue. I urge the Government to take steps to see that the new commanding officer does not act in this autocratic manner towards the airmen. Harmony at this training centre should be restored. There is a stupid regulation which prevents a member of the Defence Forces from presenting complaints to members of this Parliament, and I suggest that conduct of that kind resembles what might be expected from Hitler. I hope that the Minister representing the Minister for Air will immediately bring this matter under the notice of the Government, so that the war effort may not be impaired by irritating tactics such as those to which I have referred. </para>
        </speech>
        <speech>
          <talk.start>
            <talker>
              <page.no>145</page.no>
              <time.stamp />
              <name.id>K0Z</name.id>
              <electorate>Tasmania</electorate>
              <party />
              <role />
              <in.gov>0</in.gov>
              <first.speech>0</first.speech>
              <name role="metadata">AYLETT, William</name>
              <name role="display">Senator AYLETT</name>
            </talker>
            <para>. - On the 9th July, last, I addressed the following questions to the Minister for Supply and Development <inline font-weight="bold">(Senator McLeay)</inline> :  - </para>
          </talk.start>
          <list type="decimal-dotted">
            <item label="1.">
              <para>Is it a fact- </para>
              <list type="loweralpha">
                <item label="(a)">
                  <para>that the great International  Aluminium Combine known in </para>
                </item>
              </list>
            </item>
          </list>
          <para>America as Alcoa has been indicted by the Government of America(or subversive action in that by keeping the production of aluminium low and the profits high it has prevented aluminium from being made in adequate quantities for munitions of war? </para>
          <list type="loweralpha">
            <item label="(b)">
              <para>that some of the directors are now released on bail pending further hearings? and </para>
            </item>
            <item label="(c)">
              <para>that <inline font-weight="bold">Mr. Ickes,</inline> on behalf of the Roosevelt Administration has declared that Alcoa was the most perfect monopoly ever devised by man? </para>
              <list type="decimal-dotted">
                <item label="2.">
                  <para>If so, will the Minister ask the Commonwealth representative in America to furnish immediately particulars of this indictment and a summary of the evidence for the information of the Government? </para>
                </item>
                <item label="3.">
                  <para>Is it a fact that the Aluminium Company of Canada, which is a subsidiary of Alcoa, is one of the principal shareholders of the Australian Aluminium Company? </para>
                </item>
                <item label="4.">
                  <para>If so, will the Government take steps to prevent the great International Aluminium Trust either directly or through its subsidiaries from obtaining a stranglehold on the infant Australian aluminium industry? </para>
                </item>
              </list>
            </item>
          </list>
          <para class="block">The replies which were posted to me when the Senate was not in session, are as follows :  - </para>
          <list type="decimal-dotted">
            <item label="1.">
              <para>It is general  ly known  that investigations are being made in America concerning the company mentioned, and that such references to the investigations have recently been published in the press. </para>
            </item>
            <item label="2.">
              <para>Yes. </para>
            </item>
            <item label="3.">
              <para>I understand that the Aluminium Union of Canada holds one-third of the shares in the Australian Aluminium Company. </para>
            </item>
            <item label="4.">
              <para>Yes. </para>
            </item>
          </list>
          <para class="block">Referring  to  the second question, I should like the Minister to inform the Senate whether he has been able to ascertain from the Commonwealth representative in the United States of America any further information on this matter. If he has, will he enlighten the Senate as to its nature? I have a considerable quantity of information in my possession regarding the history of the international aluminium combine known in America as Alcoa, but I do not desire to use it in advance of any particulars which the Minister may be able to furnish. If he has not yet obtained such information, I shall reserve, for the present, the details in my possession as to how the Australian Aluminium Company is interwoven with the great aluminium trust of America, which, until quite recently, was supplying every nation, whether friend or foe, with aluminium. </para>
        </speech>
        <speech>
          <talk.start>
            <talker>
              <page.no>145</page.no>
              <time.stamp />
              <name.id>KKR</name.id>
              <electorate>Western Australia</electorate>
              <party />
              <role />
              <in.gov>0</in.gov>
              <first.speech>0</first.speech>
              <name role="metadata">FRASER, James</name>
              <name role="display">Senator FRASER</name>
            </talker>
            <para>.- On the 25th June, I brought before the Senate the inconvenience and loss sustained by some universal trainees when called up to undergo a preliminary medical examination prior to entering militia camps. I referred particularly to lads in outback districts who lose a day&#39;s pay or portion of a day&#39;s pay and incur expenses in travelling to the nearest centre at which medical examinations take place. These lads are at a disadvantage compared with other young men who live in the vicinity of the depots where the examinations are conducted. The matter was referred to head-quarters in Western Australia, and I interviewed Colonel Hoad regarding it. I hope that the Minister representing the Minister for the Army will look into it and let me have a reply at an early date, as many representations have been made to me on the subject. To say the least, there has been considerable delay in announcing the policy of the Government in this matter. </para>
          </talk.start>
          <para>Question resolved in the affirmative. </para>
        </speech>
      </subdebate.1>
    </debate>
    <debate>
      <debateinfo>
        <title>PAPERS</title>
        <page.no>145</page.no>
        <type>papers</type>
      </debateinfo>
      <para>The following papers were pre sented :  - </para>
      <quote>
        <para>Abbco Bread Contract - Report of the Royal Commission appointed to inquire into the contract with the Abbco Bread Company Proprietary Limited. </para>
        <para>New Guinea - Report to the Council of the League of Nations on the Administration of the Territory of New Guinea, for the year 1939-40. </para>
        <para>Commonwealth Public Service Act - Regulations - Statutory Rules 1941, Nos. 148, 168. </para>
        <para>Lands Acquisition Act - Land acquired at Scottsdale, Tasmania - For Postal purposes. </para>
        <para>National Debt Sinking Fund Act - National Debt Commission - Eighteenth Annual Report, year 1940-41. </para>
        <para>Patents Act - Regulations - Statutory Rules 1941, No. 198. </para>
      </quote>
    </debate>
    <adjournment>
      <adjournmentinfo>
        <page.no>145</page.no>
        <time.stamp>15:49:00</time.stamp>
      </adjournmentinfo>
      <para class="block">Senate adjourned at 3.49 p.m. </para>
    </adjournment>
  </chamber.xscript>
</hansard>
