<?xml version="1.0" encoding="utf-8"?>
<hansard xsi:noNamespaceSchemaLocation="../../hansard.xsd" version="2.1" xmlns:xsi="http://www.w3.org/2001/XMLSchema-instance">
  <session.header>
    <date>1941-03-19</date>
    <parliament.no>16</parliament.no>
    <session.no>1</session.no>
    <period.no>2</period.no>
    <chamber>SENATE</chamber>
    <page.no>100</page.no>
    <proof>0</proof>
  </session.header>
  <chamber.xscript>
    <para class="block">Senate. </para>
    <business.start>
      <day.start>1941-03-19</day.start>
      <para>The <inline font-weight="bold">President (Senator the Hon. J. B. Hayes)</inline> took the chair at 3 p.m., and read prayers. </para>
    </business.start>
    <debate>
      <debateinfo>
        <title>WAR INDUSTRIES</title>
        <page.no>100</page.no>
        <type>miscellaneous</type>
      </debateinfo>
      <subdebate.1>
        <subdebateinfo>
          <title>Training of Technicians</title>
          <page.no>100</page.no>
        </subdebateinfo>
        <para>SenatorAMOUR. - In view of the  necessity to provide an uninterrupted flow of skilled tradesmen and technicians to Australia&#39;s war industries, I ask the Minister representing the Treasurer if the Government will provide immediately financial assistance in order to increase the number of technical colleges in the Commonwealth ? </para>
        <speech>
          <talk.start>
            <talker>
              <page.no>100</page.no>
              <time.stamp />
              <name.id>KOL</name.id>
              <electorate>SOUTH AUSTRALIA</electorate>
              <party>UAP</party>
              <role>Minister for Munitions</role>
              <in.gov>1</in.gov>
              <first.speech>0</first.speech>
              <name role="metadata">MCBRIDE, Philip</name>
              <name role="display">Senator McBRIDE</name>
            </talker>
            <para>- The Government has, in fact, already assisted in the setting up of some colleges ; but the matter is still under consideration. </para>
          </talk.start>
        </speech>
      </subdebate.1>
    </debate>
    <debate>
      <debateinfo>
        <title>QUESTION</title>
        <page.no>100</page.no>
        <type>Questions</type>
      </debateinfo>
      <subdebate.1>
        <subdebateinfo>
          <title>INCOME OF PENSIONERS</title>
          <page.no>100</page.no>
        </subdebateinfo>
        <speech>
          <talk.start>
            <talker>
              <page.no>100</page.no>
              <time.stamp />
              <name.id>JZH</name.id>
              <electorate>NEW SOUTH WALES</electorate>
              <party />
              <role />
              <in.gov>0</in.gov>
              <first.speech>0</first.speech>
              <name role="metadata">AMOUR, Stanley</name>
              <name role="display">Senator AMOUR</name>
            </talker>
            <para>- In view of the increased cost of living occasioned by the general rise of prices of all commodities, I ask the Minister representing the Treasurer if the Government will consider raising the amount which pensioners are now allowed to earn to a figure commensurate with the present changed conditions ? </para>
          </talk.start>
        </speech>
        <speech>
          <talk.start>
            <talker>
              <page.no>100</page.no>
              <time.stamp />
              <name.id>KOL</name.id>
              <electorate />
              <party>UAP</party>
              <role />
              <in.gov>1</in.gov>
              <first.speech>0</first.speech>
              <name role="metadata">MCBRIDE, Philip</name>
              <name role="display">Senator McBRIDE</name>
            </talker>
            <para>-  I shall bring the honorable senator&#39;s suggestion before the Treasurer. </para>
          </talk.start>
        </speech>
      </subdebate.1>
    </debate>
    <debate>
      <debateinfo>
        <title>QUESTION</title>
        <page.no>100</page.no>
        <type>Questions</type>
      </debateinfo>
      <subdebate.1>
        <subdebateinfo>
          <title>EASTERN GROUP SUPPLY COUNCIL</title>
          <page.no>100</page.no>
        </subdebateinfo>
        <speech>
          <talk.start>
            <talker>
              <page.no>100</page.no>
              <time.stamp />
              <name.id>JZH</name.id>
              <electorate />
              <party />
              <role />
              <in.gov>0</in.gov>
              <first.speech>0</first.speech>
              <name role="metadata">AMOUR, Stanley</name>
              <name role="display">Senator AMOUR</name>
            </talker>
            <para>- Has the Leader of the Senate yet received a reply to the question which I asked last week regarding <inline font-weight="bold">Mr. Lewis</inline> and his appointment to the staff of the Australian Delegation to Delhi? </para>
          </talk.start>
        </speech>
        <speech>
          <talk.start>
            <talker>
              <page.no>100</page.no>
              <time.stamp />
              <name.id>KUA</name.id>
              <electorate>SOUTH AUSTRALIA</electorate>
              <party>UAP</party>
              <role>Vice-President of the Executive Council</role>
              <in.gov>1</in.gov>
              <first.speech>0</first.speech>
              <name role="metadata">MCLEAY, George</name>
              <name role="display">Senator McLEAY</name>
            </talker>
            <para>-On the 12th March, the honorable senator asked me, as Minister representing the AttorneyGeneral, a question relating to <inline font-weight="bold">Mr. Lewis,</inline> who, the honorable senator stated, had  gone to Delhi as secretary to the Commonwealth delegation under <inline font-weight="bold">Sir Bertram</inline> Stevens. I have now received the following reply from the Attorney-General : - </para>
          </talk.start>
          <quote>
            <para>In the first place, <inline font-weight="bold">Mr. Lewis</inline> is not secretary to the Australian Delegation to Delhi. He is personal secretary to the leader of the delegation, and was appointed to that temporary office by the Commonwealth.  His  salary will be paid by the Commonwealth. The Investigation Branch has not been asked, nor has it made, at any time, any inquiry into <inline font-weight="bold">Mr. Lewis&#39;</inline> affiliations. Even if such an inquiry had been made, the nature of the inquiry would not, in accordance with the established practice, be made public. </para>
          </quote>
        </speech>
      </subdebate.1>
    </debate>
    <debate>
      <debateinfo>
        <title>QUESTION</title>
        <page.no>101</page.no>
        <type>Questions</type>
      </debateinfo>
      <subdebate.1>
        <subdebateinfo>
          <title>SALES TAX ON INSULIN</title>
          <page.no>101</page.no>
        </subdebateinfo>
        <speech>
          <talk.start>
            <talker>
              <page.no>101</page.no>
              <time.stamp />
              <name.id>KE4</name.id>
              <electorate>VICTORIA</electorate>
              <party />
              <role />
              <in.gov>0</in.gov>
              <first.speech>0</first.speech>
              <name role="metadata">KEANE, Richard</name>
              <name role="display">Senator KEANE</name>
            </talker>
            <para>asked the Minister representing the Treasurer, <inline font-style="italic">upon notice -</inline></para>
          </talk.start>
          <quote>
            <para>Will he consider the removal of the 5 per cent. sales tax on insulin? </para>
          </quote>
        </speech>
        <speech>
          <talk.start>
            <talker>
              <page.no>101</page.no>
              <time.stamp />
              <name.id>KOL</name.id>
              <electorate />
              <party>UAP</party>
              <role />
              <in.gov>1</in.gov>
              <first.speech>0</first.speech>
              <name role="metadata">MCBRIDE, Philip</name>
              <name role="display">Senator McBRIDE</name>
            </talker>
            <para>- The Treasurer has supplied the following answer : - </para>
          </talk.start>
          <quote>
            <para>This matter has been listed for consideration by the Parliamentary Committee which, it will be recalled, the Treasurer, on the occasion of the presentation of the budget, intimated would be set up to consider anomalies alleged to exist in the sales tax legislation. It is expected that the committee will be set up at an early date. </para>
          </quote>
        </speech>
      </subdebate.1>
    </debate>
    <debate>
      <debateinfo>
        <title>QUESTION</title>
        <page.no>101</page.no>
        <type>Questions</type>
      </debateinfo>
      <subdebate.1>
        <subdebateinfo>
          <title>COMMONWEALTH GRANTS COMMISSION</title>
          <page.no>101</page.no>
        </subdebateinfo>
        <speech>
          <talk.start>
            <talker>
              <page.no>101</page.no>
              <time.stamp />
              <name.id>JTR</name.id>
              <electorate>TASMANIA</electorate>
              <party />
              <role />
              <in.gov>0</in.gov>
              <first.speech>0</first.speech>
              <name role="metadata">DARCEY, Richard</name>
              <name role="display">Senator DARCEY</name>
            </talker>
            <para>asked the Minister representing the Acting Prime Minister, <inline font-style="italic">upon notice -</inline></para>
          </talk.start>
          <quote>
            <para>What was the total amount received by the  chairman  and his colleagues on the Commonwealth Grants Commission during the year 1938-39 ? </para>
          </quote>
        </speech>
        <speech>
          <talk.start>
            <talker>
              <page.no>101</page.no>
              <time.stamp />
              <name.id>KUA</name.id>
              <electorate />
              <party>UAP</party>
              <role />
              <in.gov>1</in.gov>
              <first.speech>0</first.speech>
              <name role="metadata">MCLEAY, George</name>
              <name role="display">Senator McLEAY</name>
            </talker>
            <para>- The Acting Prime Minister has supplied the following answer : - </para>
          </talk.start>
          <quote>
            <para>The salary, fees and travelling allowances paid to each member of the Commonwealth Grants Commission during the financial year 1938-39 were as follows: - </para>
          </quote>
          <para class="block">
            <graphic href="166332194103191_1_0.jpg" />
          </para>
        </speech>
      </subdebate.1>
    </debate>
    <debate>
      <debateinfo>
        <title>QUESTION</title>
        <page.no>101</page.no>
        <type>Questions</type>
      </debateinfo>
      <subdebate.1>
        <subdebateinfo>
          <title>GOLD TAX</title>
          <page.no>101</page.no>
        </subdebateinfo>
        <speech>
          <talk.start>
            <talker>
              <page.no>101</page.no>
              <time.stamp />
              <name.id>K0P</name.id>
              <electorate>NEW SOUTH WALES</electorate>
              <party />
              <role />
              <in.gov>0</in.gov>
              <first.speech>0</first.speech>
              <name role="metadata">ARTHUR, Thomas</name>
              <name role="display">Senator ARTHUR</name>
            </talker>
            <para>asked the Minister representing the Treasurer, <inline font-style="italic">upon notice -</inline></para>
          </talk.start>
          <list type="decimal-dotted">
            <item label="1.">
              <para>What is the amount the Commonwealth has received from the Gold Tax? </para>
            </item>
            <item label="2.">
              <para>Has all or part of this tax been allotted to any States? </para>
            </item>
            <item label="3.">
              <para>Ifso, what is the amount allotted to each State? </para>
            </item>
          </list>
        </speech>
        <speech>
          <talk.start>
            <talker>
              <page.no>101</page.no>
              <time.stamp />
              <name.id>KOL</name.id>
              <electorate />
              <party>UAP</party>
              <role />
              <in.gov>1</in.gov>
              <first.speech>0</first.speech>
              <name role="metadata">MCBRIDE, Philip</name>
              <name role="display">Senator McBRIDE</name>
            </talker>
            <para>- The Treasurer has supplied the following answers : - </para>
          </talk.start>
          <list type="decimal-dotted">
            <item label="1.">
              <para>Gold tax received to 30th June, 1940, amounted to &#163;1,214,621. For the eight months of this financial year to 28th February, 1941, gold tax has amounted to &#163;1,026,059, making the total gold tax received by the Commonwealth &#163;2,240,680. 2 and 3. No part of the gold tax has been allotted to any State. I would mention, however, that &#163;.150,000 was paid out of the Consolidated Revenue Fund to the States in August last under the Gold Mining Encouragement Act. </para>
            </item>
          </list>
        </speech>
      </subdebate.1>
    </debate>
    <debate>
      <debateinfo>
        <title>QUESTION</title>
        <page.no>101</page.no>
        <type>Questions</type>
      </debateinfo>
      <subdebate.1>
        <subdebateinfo>
          <title>APPLES</title>
          <page.no>101</page.no>
        </subdebateinfo>
        <para>Supply - Dumping at Moore Park: Photograph in Sydney &#34;Daily Telegraph &#34;. </para>
        <speech>
          <talk.start>
            <talker>
              <page.no>101</page.no>
              <time.stamp />
              <name.id>K7P</name.id>
              <electorate>QUEENSLAND</electorate>
              <party />
              <role />
              <in.gov>0</in.gov>
              <first.speech>0</first.speech>
              <name role="metadata">COLLINGS, Joseph</name>
              <name role="display">Senator COLLINGS</name>
            </talker>
            <para>asked the Minister representing the Minister for Commerce, <inline font-style="italic">upon notice -</inline></para>
          </talk.start>
          <list type="decimal-dotted">
            <item label="1.">
              <para>Is it a fact that in Government institutions in Canberra it is impossible even to see good apples at any price? </para>
            </item>
            <item label="2.">
              <para>Is it a fact that in every Australian capital city apples are unprocurable at less than 2d. each, and that the New South Wales Government has ordered 10,000 cases of apples which the Director of Marketing admitshe is unable to supply? </para>
            </item>
            <item label="3.">
              <para>If so, can the Minister inform the Senate just where the reported immense over-supply of apples, causing a serious glut in the market, is located? </para>
            </item>
          </list>
        </speech>
        <speech>
          <talk.start>
            <talker>
              <page.no>101</page.no>
              <time.stamp />
              <name.id>KOL</name.id>
              <electorate />
              <party>UAP</party>
              <role />
              <in.gov>1</in.gov>
              <first.speech>0</first.speech>
              <name role="metadata">MCBRIDE, Philip</name>
              <name role="display">Senator McBRIDE</name>
            </talker>
            <para>- The Minister for Commerce has supplied the following answers : - </para>
          </talk.start>
          <list type="decimal-dotted">
            <item label="1.">
              <para>The Department of the Interior provides regular supplies of fresh apples of good quality to all government boardingestablishments , in Canberra. </para>
            </item>
            <item label="2.">
              <para>No. Apples are procurable in every Australian capital city at less than 2d. each. The Apple and Pear Board has arranged to provide fruit free of charge to the New South Wales Government for distribution to charitable institutions, hospitals, &#38;c. Supplies of fruit to be provided under this scheme are being made available by the board according to requirements. </para>
            </item>
            <item label="3.">
              <para>The over-supply of apples resulting from the cessation of exports will be located mainly in the States of Tasmania and Western Australia and to a less extent in Victoria and South Australia. </para>
            </item>
          </list>
        </speech>
        <speech>
          <talk.start>
            <talker>
              <page.no>102</page.no>
              <time.stamp />
              <name.id>K6P</name.id>
              <electorate>QUEENSLAND</electorate>
              <party />
              <role />
              <in.gov>0</in.gov>
              <first.speech>0</first.speech>
              <name role="metadata">BROWN, Gordon</name>
              <name role="display">Senator BROWN</name>
            </talker>
            <para>asked the Minister representing the Minister for Commerce, <inline font-style="italic">upon notice -</inline></para>
          </talk.start>
          <list type="decimal-dotted">
            <item label="1.">
              <para>Has his notice been drawn to an illustration in the Sydney <inline font-style="italic">Daily Telegraph</inline> (11th March) of cases of apples being dumped at Moore Park? </para>
            </item>
            <item label="2.">
              <para>Instead of dumping such apples, would he take steps to distribute them among the troops or to people who are too poor to buy them ? </para>
            </item>
          </list>
          <continue>
            <talk.start>
              <talker>
                <page.no>102</page.no>
                <time.stamp />
                <name.id>KOL</name.id>
                <electorate />
                <party />
                <role />
                <in.gov>0</in.gov>
                <first.speech>0</first.speech>
                <name role="metadata">MCBRIDE, Philip</name>
                <name role="display">Senator McBRIDE</name>
              </talker>
              <para>- The Minister for Commerce has supplied the following answers : - </para>
            </talk.start>
          </continue>
          <list type="decimal-dotted">
            <item label="1.">
              <para>The notice of the Minister for Commerce has been drawn to an illustration in the newspaper mentioned. The illustration and the words accompanying it conveyed the impression that there was at Moore Park a huge dump of apples and that a lorry load of apples was being tipped into the dump. Knowing that, up to the present, only relatively small quantities of apples and pears have come on to the Sydney market, and those of high quality, the Apple and Pear Marketing Board was instructed to investigate the matter. It was found that the load shown in the picture contained an extremely small percentage of apples and, also, that very small quantities indeed of apples have been token from the markets to the dump at Moore Park. Apples rejected for fruit fly and codlin mothare destroyed by boiling at the Municipal Destructor. </para>
            </item>
            <item label="2.">
              <para>Steps have already been taken to arrange for supplies of apples for the Defence Forces. Substantial quantities of fruit are being donated by the Apple and Pear Marketing Board for distribution to charitable organizations. </para>
            </item>
          </list>
        </speech>
      </subdebate.1>
    </debate>
    <debate>
      <debateinfo>
        <title>QUESTION</title>
        <page.no>102</page.no>
        <type>Questions</type>
      </debateinfo>
      <subdebate.1>
        <subdebateinfo>
          <title>DEFENCE FORCES</title>
          <page.no>102</page.no>
        </subdebateinfo>
        <para>Allowances to Members of Parliament</para>
        <speech>
          <talk.start>
            <talker>
              <page.no>102</page.no>
              <time.stamp />
              <name.id>KQF</name.id>
              <electorate>TASMANIA</electorate>
              <party />
              <role />
              <in.gov>0</in.gov>
              <first.speech>0</first.speech>
              <name role="metadata">LAMP, Charles</name>
              <name role="display">Senator LAMP</name>
            </talker>
            <para>asked the Minister representing the Minister for the Army, <inline font-style="italic">upon notice -</inline></para>
          </talk.start>
          <quote>
            <para>When will the Minister be in a position to supply the Senate with an answer to the question asked by <inline font-weight="bold">Senator Lamp</inline> on 11th December last with regard to members of Parliament serving in the Forces? </para>
          </quote>
        </speech>
        <speech>
          <talk.start>
            <talker>
              <page.no>102</page.no>
              <time.stamp />
              <name.id>JZD</name.id>
              <electorate>QUEENSLAND</electorate>
              <party>UAP</party>
              <role>Minister for the Interior</role>
              <in.gov>1</in.gov>
              <first.speech>0</first.speech>
              <name role="metadata">FOLL, Hattil</name>
              <name role="display">Senator FOLL</name>
            </talker>
            <para>- The Acting Minister for Defence Co-ordination has advised me that a letter containing the information sought by the honorable senator has been despatched to him. </para>
          </talk.start>
        </speech>
      </subdebate.1>
    </debate>
    <debate>
      <debateinfo>
        <title>QUESTION</title>
        <page.no>102</page.no>
        <type>Questions</type>
      </debateinfo>
      <subdebate.1>
        <subdebateinfo>
          <title>GRANTS TO THE STATES</title>
          <page.no>102</page.no>
        </subdebateinfo>
        <speech>
          <talk.start>
            <talker>
              <page.no>102</page.no>
              <time.stamp />
              <name.id>KQF</name.id>
              <electorate />
              <party />
              <role />
              <in.gov>0</in.gov>
              <first.speech>0</first.speech>
              <name role="metadata">LAMP, Charles</name>
              <name role="display">Senator LAMP</name>
            </talker>
            <para>asked the Minister representing the Treasurer, <inline font-style="italic">upon notice -</inline></para>
          </talk.start>
          <quote>
            <para>What are the amounts of the grants by the Commonwealth to the various States for all purposes (excepting those recommended by the Commonwealth Grants Commission)? </para>
          </quote>
        </speech>
        <speech>
          <talk.start>
            <talker>
              <page.no>102</page.no>
              <time.stamp />
              <name.id>KOL</name.id>
              <electorate />
              <party>UAP</party>
              <role />
              <in.gov>1</in.gov>
              <first.speech>0</first.speech>
              <name role="metadata">MCBRIDE, Philip</name>
              <name role="display">Senator McBRIDE</name>
            </talker>
            <para>- The Treasurer has supplied the following answer : - </para>
          </talk.start>
          <quote>
            <para>The estimated expenditure for 1940-41 for grants by the Commonwealth to the various States is as under: - </para>
          </quote>
          <para class="block">
            <graphic href="166332194103191_2_0.jpg" />
          </para>
          <para>The above figures include &#163;1,000,000 for drought relief and other grants for relief of primary producers, but do not include special grants to South Australia, Western Australia and Tasmania, as recommended by the Commonwealth Grants Commission. In addition, &#163;750,000 has been provided from revenue for assistance to the apple and pear industry, but as the Apple and Pear Acquisition Scheme is on a Commonwealth-wide basis allocation of this amount amongst States is not practicable. </para>
        </speech>
      </subdebate.1>
    </debate>
    <debate>
      <debateinfo>
        <title>QUESTION</title>
        <page.no>102</page.no>
        <type>Questions</type>
      </debateinfo>
      <subdebate.1>
        <subdebateinfo>
          <title>CANBERRA</title>
          <page.no>102</page.no>
        </subdebateinfo>
        <para>Additional Office Accommodation</para>
        <speech>
          <talk.start>
            <talker>
              <page.no>102</page.no>
              <time.stamp />
              <name.id>JQP</name.id>
              <electorate>QUEENSLAND</electorate>
              <party />
              <role />
              <in.gov>0</in.gov>
              <first.speech>0</first.speech>
              <name role="metadata">COOPER, Walter</name>
              <name role="display">Senator COOPER</name>
            </talker>
            <para>asked the Minister for the Interior, <inline font-style="italic">upon notice -</inline></para>
          </talk.start>
          <list type="decimal-dotted">
            <item label="1.">
              <para>Is it a fact that &#163;80,000 is to be spent on two temporary secretariat buildings in Canberra ? </para>
            </item>
            <item label="2.">
              <para>If so, was consideration given to building a portion of the main secretariat building, the foundations of which have been completed for some time past? </para>
            </item>
            <item label="3.">
              <para>Was any advice tendered to the Government in regard to this matter ? </para>
            </item>
            <item label="4.">
              <para>If so, what was the nature of the advice? </para>
            </item>
          </list>
        </speech>
        <speech>
          <talk.start>
            <talker>
              <page.no>102</page.no>
              <time.stamp />
              <name.id>JZD</name.id>
              <electorate />
              <party>UAP</party>
              <role />
              <in.gov>1</in.gov>
              <first.speech>0</first.speech>
              <name role="metadata">FOLL, Hattil</name>
              <name role="display">Senator FOLL</name>
            </talker>
            <para>- The matters mentioned by the honorable senator are now being investigated by the Parliamentary Standing Committee on Public Works. </para>
          </talk.start>
        </speech>
      </subdebate.1>
    </debate>
    <debate>
      <debateinfo>
        <title>QUESTION</title>
        <page.no>103</page.no>
        <type>Questions</type>
      </debateinfo>
      <subdebate.1>
        <subdebateinfo>
          <title>SOLDIERS&#39; PARES</title>
          <page.no>103</page.no>
        </subdebateinfo>
        <speech>
          <talk.start>
            <talker>
              <page.no>103</page.no>
              <time.stamp />
              <name.id>K0Z</name.id>
              <electorate>TASMANIA</electorate>
              <party />
              <role />
              <in.gov>0</in.gov>
              <first.speech>0</first.speech>
              <name role="metadata">AYLETT, William</name>
              <name role="display">Senator AYLETT</name>
            </talker>
            <para>asked the Minister representing the Minister for the Army, upon <inline font-style="italic">notice -</inline></para>
          </talk.start>
          <quote>
            <para>Has anything yet been done to reduce the fares of soldiers travelling between the mainland and Tasmania when on leave? If not, is anything likely to be done, and if so, when? </para>
          </quote>
        </speech>
        <speech>
          <talk.start>
            <talker>
              <page.no>103</page.no>
              <time.stamp />
              <name.id>JZD</name.id>
              <electorate />
              <party>UAP</party>
              <role />
              <in.gov>1</in.gov>
              <first.speech>0</first.speech>
              <name role="metadata">FOLL, Hattil</name>
              <name role="display">Senator FOLL</name>
            </talker>
            <para>- The Minister for the Army has . supplied the following answer: - </para>
          </talk.start>
          <quote>
            <para>A 15 per cent, reduction in fare is allowed by the shipping company to members of the forces travelling between the mainland and Tasmania when on leave. </para>
          </quote>
          <continue>
            <talk.start>
              <talker>
                <page.no>103</page.no>
                <time.stamp />
                <name.id>K0Z</name.id>
                <electorate />
                <party />
                <role />
                <in.gov>0</in.gov>
                <first.speech>0</first.speech>
                <name role="metadata">AYLETT, William</name>
                <name role="display">Senator AYLETT</name>
              </talker>
              <para>asked the Minister representing the Minister for the Army, <inline font-style="italic">upon notice -</inline></para>
            </talk.start>
          </continue>
          <list type="decimal-dotted">
            <item label="1.">
              <para>Have any arrangements been made for service men from Flinders Island to travel by aeroplane when on leave from camp to enable them to visit their homes? </para>
            </item>
            <item label="2.">
              <para>If so, lias travel free of cost, or any substantial reduction in the present fare, been made available to them? </para>
            </item>
            <item label="3.">
              <para>If not, why not? </para>
            </item>
          </list>
          <continue>
            <talk.start>
              <talker>
                <page.no>103</page.no>
                <time.stamp />
                <name.id>JZD</name.id>
                <electorate />
                <party />
                <role />
                <in.gov>0</in.gov>
                <first.speech>0</first.speech>
                <name role="metadata">FOLL, Hattil</name>
                <name role="display">Senator FOLL</name>
              </talker>
              <para>- The Minister for the Army has supplied the following answers : - </para>
            </talk.start>
          </continue>
          <list type="decimal-dotted">
            <item label="1.">
              <para>Free travel by air is arranged for service men of Flinders Island when proceeding to their homes on p re-embarkation leave if surface transport is unsuitable. 2 and 3. Travelling to Flinders Island on ordinary leave is not free. The Air Lines make a reduction of 10 per cent, on production nf a leave pass. </para>
            </item>
          </list>
        </speech>
      </subdebate.1>
    </debate>
    <debate>
      <debateinfo>
        <title>QUESTION</title>
        <page.no>103</page.no>
        <type>Questions</type>
      </debateinfo>
      <subdebate.1>
        <subdebateinfo>
          <title>POTATO PRICES</title>
          <page.no>103</page.no>
        </subdebateinfo>
        <speech>
          <talk.start>
            <talker>
              <page.no>103</page.no>
              <time.stamp />
              <name.id>KQF</name.id>
              <electorate />
              <party />
              <role />
              <in.gov>0</in.gov>
              <first.speech>0</first.speech>
              <name role="metadata">LAMP, Charles</name>
              <name role="display">Senator LAMP</name>
            </talker>
            <para>asked the Minister representing the Minister for Trade and Customs, <inline font-style="italic">upon notice -</inline></para>
          </talk.start>
          <list type="decimal-dotted">
            <item label="1.">
              <para>Was the price of potatoes fixed last year by the Prices Commissioner, or by agreement with the Potato Board, representing tingrowers 7 </para>
            </item>
            <item label="2.">
              <para>What was the price fixed? </para>
            </item>
            <item label="3.">
              <para>Will the Government use the same machinery to fix a minimum price this year? </para>
            </item>
          </list>
        </speech>
        <speech>
          <talk.start>
            <talker>
              <page.no>103</page.no>
              <time.stamp />
              <name.id>KR9</name.id>
              <electorate>VICTORIA</electorate>
              <party>UAP</party>
              <role>Minister without portfolio assisting the Minister for Trade and Customs</role>
              <in.gov>1</in.gov>
              <first.speech>0</first.speech>
              <name role="metadata">LECKIE, John</name>
              <name role="display">Senator LECKIE</name>
            </talker>
            <para>- The Minister for Trade and Customs has supplied the following answers : - </para>
          </talk.start>
          <list type="decimal-dotted">
            <item label="1.">
              <para>The maximum prices of potatoes in New South Wales and Queensland were fixed by the Prices Commissioner on 22nd November, 1940. </para>
            </item>
            <item label="2.">
              <para>Such prices were specified in Prices Regulation Order No. 274. </para>
            </item>
            <item label="3.">
              <para>The question of the necessity for fixing minimum prices of potatoes is receiving consideration. </para>
            </item>
          </list>
        </speech>
      </subdebate.1>
    </debate>
    <debate>
      <debateinfo>
        <title>QUESTION</title>
        <page.no>103</page.no>
        <type>Questions</type>
      </debateinfo>
      <subdebate.1>
        <subdebateinfo>
          <title>TRANSPORT OF SAILORS</title>
          <page.no>103</page.no>
        </subdebateinfo>
        <speech>
          <talk.start>
            <talker>
              <page.no>103</page.no>
              <time.stamp />
              <name.id>K6N</name.id>
              <electorate>WESTERN AUSTRALIA</electorate>
              <party />
              <role />
              <in.gov>0</in.gov>
              <first.speech>0</first.speech>
              <name role="metadata">CLOTHIER, Robert</name>
              <name role="display">Senator CLOTHIER</name>
            </talker>
            <para>asked the Minister representing the Minister for the Navy, <inline font-style="italic">upon notice- ^</inline></para>
          </talk.start>
          <list type="decimal-dotted">
            <item label="1.">
              <para>Will the- Minister give consideration to making better provision for the transport of sailors from State to State? </para>
            </item>
            <item label="2.">
              <para>Is it a fact that on 9th January sailors leaving Western Australia to go to their ship (H.M.A.S. <inline font-style="italic">Hobart)</inline> had no food, and arrangements had to be made to pick up supplies on the way across? </para>
            </item>
            <item label="3.">
              <para>Is it a fact that many of these men had to sleep on the floor? </para>
            </item>
            <item label="4.">
              <para>Will lie see that in future when sailors have to report for duty better conditions are arranged for them on trains? </para>
            </item>
          </list>
        </speech>
        <speech>
          <talk.start>
            <talker>
              <page.no>103</page.no>
              <time.stamp />
              <name.id>JZD</name.id>
              <electorate />
              <party>UAP</party>
              <role />
              <in.gov>1</in.gov>
              <first.speech>0</first.speech>
              <name role="metadata">FOLL, Hattil</name>
              <name role="display">Senator FOLL</name>
            </talker>
            <para>- The Minister for the Navy has supplied the following answers : - </para>
          </talk.start>
          <list type="decimal-dotted">
            <item label="1.">
              <para>The matter will be fully investigated. 2 and 3. The facts as reported to the Minister are that a large party of rating? wished to travel on leave from Perth ti&#62; eastern States. There was congestion on tinrailways and the department could accept them only on condition that they would not require meals from the (lining car, and that they would travel sitting up. Sufficient food for tinjourney was provided by the Naval authorities, but unfortunately at Kalgoorlie the party had to travel in separate divisions of the train, and all the food remained in one division. Some food was eventually provided from the dining car, and some stores obtained <inline font-style="italic">en route.</inline> The incident is greatly to be regretted and as stated a searching inquiry will be instituted forthwith. </para>
            </item>
            <item label="4.">
              <para>Yes. </para>
            </item>
          </list>
        </speech>
      </subdebate.1>
    </debate>
    <debate>
      <debateinfo>
        <title>QUESTION</title>
        <page.no>103</page.no>
        <type>Questions</type>
      </debateinfo>
      <subdebate.1>
        <subdebateinfo>
          <title>WYNYARD AERODROME</title>
          <page.no>103</page.no>
        </subdebateinfo>
        <speech>
          <talk.start>
            <talker>
              <page.no>103</page.no>
              <time.stamp />
              <name.id>K0Z</name.id>
              <electorate />
              <party />
              <role />
              <in.gov>0</in.gov>
              <first.speech>0</first.speech>
              <name role="metadata">AYLETT, William</name>
              <name role="display">Senator AYLETT</name>
            </talker>
            <para>asked the Minister representing the Minister for Air, <inline font-style="italic">upon notice -</inline></para>
          </talk.start>
          <quote>
            <para>Will the Minister reconsider the matter of a further grant for the development of the Wynyard aerodrome? </para>
          </quote>
        </speech>
        <speech>
          <talk.start>
            <talker>
              <page.no>103</page.no>
              <time.stamp />
              <name.id>JZD</name.id>
              <electorate />
              <party>UAP</party>
              <role />
              <in.gov>1</in.gov>
              <first.speech>0</first.speech>
              <name role="metadata">FOLL, Hattil</name>
              <name role="display">Senator FOLL</name>
            </talker>
            <para>- The Minister for Air has supplied the following answer: - </para>
          </talk.start>
          <quote>
            <para>Certain improvements  of the Wynyard aerodrome are at present being carried out. The Commonwealth has recently provided funds for the acquisition of additional land on the west of the aerodrome, and the State authorities have made &#163;3,000 available from Loan Funds for the preparation of this additional land and the improvement of the exist-in?: landing ground. </para>
            <para>When this work is completed, the aerodrome will be considerably improved and landing dimensions increased. </para>
            <para>For Commonwealth purposes no addition r, improvements are considered to be justified under present conditions, and the Commonwealth does not propose to make a.ny further funds available.  </para>
          </quote>
        </speech>
      </subdebate.1>
    </debate>
    <debate>
      <debateinfo>
        <title>AUSTRALIAN BROADCASTING COMMISSION BILL 1941</title>
        <page.no>104</page.no>
        <type>bill</type>
      </debateinfo>
      <para>Motion (by <inline font-weight="bold">Senator McLeay)</inline> agreed to- </para>
      <quote>
        <para>That leave be given to introduce a bill for an act to amend the Australian Broadcasting Commission Act 1932-1940. </para>
      </quote>
      <para class="block">Bill brought up, and read a first time. </para>
      <para class="block">Standing and Sessional Orders suspended. </para>
      <subdebate.1>
        <subdebateinfo>
          <title>Second Reading</title>
          <page.no>104</page.no>
        </subdebateinfo>
        <speech>
          <talk.start>
            <talker>
              <page.no>104</page.no>
              <time.stamp />
              <name.id>KUA</name.id>
              <electorate>South Australia</electorate>
              <party>UAP</party>
              <role>Postmaster-General</role>
              <in.gov>1</in.gov>
              <first.speech>0</first.speech>
              <name role="metadata">MCLEAY, George</name>
              <name role="display">Senator McLEAY</name>
            </talker>
            <para>. - I move- </para>
          </talk.start>
          <quote>
            <para>That the bill be now read a second time. </para>
          </quote>
          <para>This bill proposes to make several important changes in the constitution and organization of the Australian Broadcasting Commission. The amendments to the act relate to the personnel of the commission, the employment of officers and servants, the powers and functions of the commission, and technical services. Before outlining the reasons for the proposed amendments, I shall, for the information of honorable senators, trace the operations of the commission since its inception. The Australian Broadcasting Commission was established under the provisions of the Australian Broadcasting Commission Act of May, 1932. In order to assess the measure of success achieved by the commission or of the system set up by the act, it is necessary to study the mandate given by Parliament to the commission. The commission was directed to provide and broadcast &#34; adequate and comprehensive programmes&#34;and&#34;to take in the interests of the community all such measures as, in the opinion of the commission, are conducive to the full development of suitable programmes &#34;. It was also directed to encourage local talent, and to establish orchestras, choirs and bands in such manner as it thought desirable, but in such a way as to confer the greatest benefit on broadcasting. It was empowered, at its discretion, to issue papers, pamphlets, books, &#38;c.,andto collect news. </para>
          <para>The act, as the quotations made demonstrate, was to provide a public service to be rendered by a comparatively independent commission. Members of Parliament stressed this idealistic aim throughout the debate on the bill in 1932. </para>
          <para class="block">One characteristic statement was that of the present Attorney-General <inline font-weight="bold">(Mr. Hughes)</inline> who said - </para>
          <quote>
            <para>The commission should be composed of men possessing qualities which will ensure that broadcasting will be used for not only the entertainment, but also the education of the people. It will have a potent influence on speech. That is most desirable, because slipshod speech connotes slipshod thinking: It will educate the people to an appreciation of the higher classes of music, and instruct them in literary, scientific and general knowledge. It will lend itself to the advancement of industry by disseminating far and wide those processes which from time to time science and expert knowledge are placing at the disposal of our producers. We want a national orchestra in Australia. It will have a direct and powerful influence on the character and spiritual life of our people. We want to encourage native-born talent in drama and music, both vocal and instrumental. </para>
          </quote>
          <para class="block">The late <inline font-weight="bold">Mr. W.</inline> A. Holman said- </para>
          <quote>
            <para class="block">The proposed commission is not to prepare a balance-sheet which is to be measured in pounds, shillings and pence. No doubt it will be expected to make broadcasting pay . . . but not by appealing to the most ignorant prejudices of the community and prostituting this new and extraordinarily scientific service to the baser instinct of the poorest, intellectually, of our community . . . This is an opportunity to revitalize the spiritual and intellectual life of the nation ... It is not an organization for selling sausages, but for the sale of ideas and the giving of inspiration. </para>
          </quote>
          <para>Let us see how far these aims have been realized. First, on the practical side, it is interesting to note that during the debate on the bill in 1932, members expressed the hope that some day the number of licences would be doubled. Actually they have &#39;been more than trebled since the commission was appointed. In 1932 the total number of licences was 369,936; and according to the latest available return the number to-day is 1 ,268,130. The growth in the magnitude of the commission&#39;s task is illustrated by the fact that in 1932 there were twelve national stations on the air, broadcasting for a total of about 50,000 hours, and by 1940 there were28 stations broadcasting for a total of 150,000 hours. </para>
          <para>The commission&#39;s activities extend over all States of the Commonwealth and, through the medium of shortwave broadcasting, to a number of countries overseas. Every possible type of human interest capable of communication by broadcasting has been provided in the programmes. The variety of this work may be seen by a glance at the following programme analysis given in the commission&#39;s annual report: - </para>
          <quote>
            <para>Music of all kinds, serious and light; orchestral, instrumental, vocal, operatic, community singing, dance music, and so on, play productions, including drama, comedy, children&#39;s plays, dramatized stories and talks, musical comedy, variety, revues, spoken transmissions over a wide range; general talks, stories for adults and children, talks on social  problems,  technical matters, science and arts,  book  reviews, women&#39;s and children&#39;s sessions, political talks, running descriptions, and talks about sport, news bulletins and commentaries, and essential services, especially for men on the land, such as weather and market reports, and religious broadcasts. </para>
          </quote>
          <para>A brief reference to the principal departments of the commission will give some idea of the development which has taken place : - </para>
          <para>When the commission was appointed in 1932 there were no full-time orchestras in Australia. The .Sydney studios had a small band of thirteen players and Melbourne fourteen, but there was no opportunity for Australian musicians to obtain regular experience in orchestral playing. Since then the commission has established a full-time orchestra, in each State. Other permanent units include a military band, two dance bands, and two choruses. The number of players in full-time employment is now more than 2S0; 66 others are under regular engagement, and, in addition, about ISO more are engaged  frequently  to augment the orchestras during&#39; the celebrity concert season of seven lo eight months each .year. The commission is the only organization able to give employment to resident musicians on such a scale, and in anything but a casual way. The commission also arranges individual engagements for a large number of Australian artists every year. In the year ended the 30th June, 1940, the number of engagements was 10,230, and the great majority of these were given to Australians. The fees paid in that period to overseas artists, including British, were &#163;26,810, whilst the fees paid to Australian artists were &#163;279,580. The commission has organized many studio and concert tours that provide valuable experience, particularly for young artists, and has brought back to this country for concert and studio engagements a number of Australian artists who have won distinc tion abroad. Auditions are held regularly in all States for all who seek engagements, and out of regard to listeners, a reasonably high standard is demanded. Artists who, although falling short of this standard at the first audition, show promise of better work, are encouraged to present themselves again at a later, date. </para>
          <para>As part of its development work, the. commission believes that it has a responsibility to bring to Australia a reasonable number of outstanding overseas artists, and in this view it has the support of responsible Australian musical bodies and the leaders of the various  conservatoria.  These visits give Australian audiences an opportunity to hear in person some of the world&#39;s greatest artists while they are in their prime. Even more important is the valuable stimulus to Australian music and the opportunity given to Australian musicians to work and study under conductors who are acknowledged leaders in the world of music. The commission has not, however, overlooked the need to maintain a proper balance between the number of overseas and local artists. Thus, in the five years 1936-40, approximately four-fifths of the studio and concert tours organized by the commission were arranged for resident artists and Australians returning from abroad. It should also be mentioned that the fees paid to non-British .artists during the year ended the 30th June, 1940, when&#39; offset by concert revenue, were less than 1 per cent, of the commission&#39;s licence revenue. </para>
          <para>An important feature of the commission&#39;s work has been the organization, in addition to the celebrity orchestral concert season, of young people&#39;s concerts, at which no charge is made, and of community symphony concerts in the suburbsof the capital cities, at which all seats are available at prices ranging from ls.; to 2s. The young people&#39;s concerts hav&#233; been particularly&#39; successful. Last year 26 such concerts were held, the total attendance being about 50,000 boys and girls from &#39;both State and private schools.&#39; The commission has been active in assisting Australian composers by arranging performances of their works and by bringing them to the notice of visiting celebrity artists from&#39; abroad. Other ways in which it contributed to the: development of Australian musical life have included co-operation with established musical bodies, assistance to musical competitions, and the arrangement of broadcasts for successful performers at the larger competitions. </para>
          <para>When <inline font-style="italic">the</inline> commission started in .1932, the presentation of plays was in an immature stage. There was no organized attempt to secure plays specially suited for broadcasting, to educate  playwriters  for radio work, or to train players and producers. Only three States had production staffs. Many productions were in charge of announcers or part-time amateur producers. The commission set up a productions department to put this important work on a proper national basis. Special staffs were secured or trained, and organized efforts were made to secure suitable material and to train players. Higher fees were paid to encourage playwrights and to raise the standard. Radio play competitions were held. A play-reading and advising department was created to search for and develop talent by advice and otherwise. The result of this policy has not only been to bring about a great improvement in the standard of play-writing and production, but has led to a remarkable development of Australian talent. Some idea of the work involved may be had from the following figures: - Last year 750 locally written plays of all kinds were submitted. These were carefully read ; 190 were purchased, and advice was given to authors of the remainder to help them to remedy defects in .their work. Some idea of the work involved in production may be had from the fact that more than 900 plays, including serious, light and musical plays, revues, arid sketches, were put on last year. The. number of engagements given to players in these productions totalled over 8,000. </para>
          <para>Talks cover an almost unlimited range of subjects and probably embrace every interest in the community. They cater for men, women and children, for city and country people; they deal with science, social and economic problems, art, national and international affairs, politics, books, and sport. In a great many cases they touch on controversial topics, and it is natural, therefore, that from time to time they draw protests from listeners who differ sharply from the views expressed. The commission has, however, always stressed the point that the views expressed are those of the speakers and not those of the commission ; that the discussion of controversial subjects, provided varying points of view are put by authoritative speakers, is a stimulus to thought, and an essential and valuable element in democratic communities. Indeed, this attitude towards freedom of discussion of controversial questions is not only characteristic of democratic peoples all over the world, but is also one of the features which distinguish democracy most sharply from totalitarian States. Some years ago, the House of Commons, discussing the activities of the British Broadcasting Corporation, resolved - </para>
          <quote>
            <para>That controversial matter is rightly not excluded from broadcast programmes, but that the Governors should ensure the effective expression of all important opinion relating thereto. </para>
          </quote>
          <para>Later, a representative committee of inquiry into broadcasting in England reaffirmed and enlarged on this view in the following words : - </para>
          <quote>
            <para>We think it important that controversial topics should continue to be discussed. If broadcasting is to present a reflection of its time, it must include matters which are in dispute. If it is to hold public interest, it must express living thought. If it is to educate public opinion, it must look upon the questions of the hour from many angles. </para>
          </quote>
          <para>Last year more than 4,700 talks were broadcast. About 1,100 individual speakers were engaged to broadcast these talks. The number of talks gives some idea of the amount of work involved when one remembers the necessity for arranging for speakers and scrutinizing the scripts carefully to avoid offending against the canons of good taste or public policy. The number of speakers engaged ensures the expression of a wide variety of opinions. An important development in connexion with talks has been the organizing of listening groups throughout the country. This experiment, which is being first tried out in New South Wales, has turned out a great success. Some 70 groups have been established, embracing more than 700 people. The groups meet regularly to discuss the subjects raised in various series of taits which have been organized specially for them, although, of course, intended to interest other listeners also. The commission has encouraged Australian writers of stories both by the purchase of their works and by prize competitions. During last year 176 stories and 11 serial stories were purchased from Australian authors. </para>
          <para>The increasing importance of news sessions has brought about almost a revolution in the scope and methods of presentation of news. Before 1936 nearly all the news sessions were State sessions, and many consisted of news read directly from a newspaper by an announcer. Since then the necessity for special writing for broadcasting has been increasingly recognized, and the news staffs have been strengthened and enlarged. The presentation of news has been improved and the sources of news have been extended. Up till 1936 the newspapers and the British official wireless service were the only sources of overseas news for Australian broadcasters. At the end of 1936 the commission arranged for a direct cable service from London to deal with events connected with the abdication of King Edward VIII. Results were successful and the next year direct cables on many happenings were received from a London representative. Later, a regular week-end cable service was arranged. </para>
          <para>After the outbreak of war, a fulltime news representative was appointed in London, and the commission also secured a service from the Exchange Telegraph Agency. In April, 1940, the commissi on dispensed with the Australian Associated Press service which, up to then, had been its main source of overseas news, and purchased the right to rebroadcast any or all of the British Broadcasting Corporation&#39;s bulletins in full. For this right; it agreed to be responsible for the payment to Australian Associated Press of &#163;3000 per annum, half of which was t.o be contributed by the Australian Federation of Commercial Broadcasting Stations which were thereby entitled to  rebroadcast  the British Broadcasting Corporation&#39;s news bulletins. It was then no longer handicapped by having to keep hack  overseas  news until it had appeared in ibr- newspapers. A cable service from </para>
          <para class="block">Kew York improved still further the news service to Australian listeners. </para>
          <para>The bulk of the Australian news is still taken from newspapers, but is now rewritten in a form suitable for broadcasting. An important addition to the service was the appointment early in 1939 of a federal roundsman with head-quarters at: Canberra. On Sunday afternoons, when&#39;no newspapers are issued,- the commission&#39;s staff in each State collects Australian news for the evening sessions. It may be of interest, as indicating thework involved, to note that last year over 11,000 &#39;bulletins, overseas and Australian, * were compiled by the commission&#39;s staff for broadcasting. News commentaries, of course, are the background of the news. These demand in the commentators a high degree of knowledge and experience.5 Last year over 500 locally-compiled news commentaries were broadcast, the number of individual commentators totalling about 40. </para>
          <para>Before the commission was appointed in 1932, there were no broadcast services for school children, except for some experimental work done for a few. months in Victoria. The commission appointed special &#39; school broadcasts officers in most States, and was fortunate,! eventually, in securing the fullest cooperation from the State and private educational bodies throughout Australia.As a result this important branch of <inline font-style="italic">its&#39;</inline> work has developed greatly. Last yearthe number of schools at &#34;which scholarsregularly listened totalled 1,900, and it is estimated that -the number of children- listening to the schoolsbroadcasts was about 100,000. Subjects selected are those in the school curriculum which lend themselves tobroadcast treatment. In addition, however, to the ordinary subjects, broadcasts of national series, such as &#34;Health and: Hygiene &#34;, &#34; The World We Live In &#34;, and &#34; Musical Appreciation &#34; bring the voices of doctors, commentators on inter-&#39; national affairs, and musicians, to the&#39; schoolroom. Plays are put on from the studio by first-class artists to illustratehistory and make it live in the minds pf the students. The commission also met another great need, namely, that of children in the outback who were unable toattend ordinary schools, and were dependent on correspondence instruction. </para>
          <para class="block">There are now approximately 4,000 such children listening to the school broadcasts. The commission has also pioneered another important development in school broadcasting, namely, audiovisual education. By arrangement with the school authorities, lantern-slides or films are shown, simultaneously with the talks, as illustrations. Reference has already been made to the valuable eductional work done among children through the medium of the orchestral concerts for young people in the capital cities. </para>
          <para>For some years the commission has been giving its own shortwave broadcasts. During 1939-40 Station VLR in Victoria transmitted, on an average, for fifteen hours daily, and from the 16th December, 1939, when it came into operation, Station VLW in Western Australia transmitted, on an average, for thirteen hours daily. These broadcasts are given primarily for the benefit of listeners in remote parts of Australia, but they are. also heard regularly in New Guinea and some Pacific islands, and reception reports have come in from all parts of the world. Station VLW was brought into operation last December to serve, particularly, the north-west of Western Australia, the Northern Territory, Northern Queensland and the islands north of Australia within this arc. Its programmes are . based on the Western Australian State programmes and national news sessions. Reception reports have been generally good. </para>
          <para>At the request of the Commonwealth Department of Information, the commission arranged in December, 1939, to broadcast short-wave programmes to certain overseas countries. This called for additional accommodation, extensive alteration to premises already occupied, and the engagement of a staff of translators, broadcasters, and assistants with the necessary language qualifications. The new service was opened on the 20th December, 1939, by the Prime Minister <inline font-weight="bold">(Mr. Menzies).</inline> The transmissions were in English, French, German, Dutch, and Spanish. In April, 1940, a translation in English and Afrikaans directed to South Africa began from the Perth studios. Soon afterwards Italian broadcasts were introduced. Later the Spanish broadcasts to South America were discontinued, and some alterations were  made in the times of the European transmissions. Each programme consists of a news bulletin, a talk, and music. The programmes vary from half an hour to an hour and a half in length. The Department of Information supplies the news and the talk, the commission the translations and music. The transmitters used are VLR and VLW, owned by the Postmaster-General&#39;s Department, and VLQ, owned by Amalgamated Wireless (Australasia) Limited. According to reports, reception has, on the whole, been excellent, and many letters commenting on the broadcasts have come from listeners overseas, particularly from those in North America. </para>
          <para>In addition to the special departments mentioned, the commission provides a wide range of services, such as religious broadcasts, women&#39;s and children&#39;s sessions, sport sessions, descriptive broadcasts, and recordings. </para>
          <para>The bill before the Senate provides for an increase of the number of members of the commission. The commission now consists of five members, and this number will be increased to seven. The question of a broader representation of interests on the commission has been the subject of much consideration, and it is thought that the amendment now suggested will provide an opportunity to extend the sphere of interests of the commission. The term of appointment of the present members of the commission expires on the 30th June, 1941, and, in suggesting that the number of members be increased from five to seven, it is proposed that the appointments should take effect as from the 1st July, 1941. It is desirable that some degree of continuity of policy be maintained in such a body, and for that reason it is thought that the term of appointment of all the commissioners should not expire at the same time. The commissioners should, therefore, be appointed for differing periods. It is proposed that the commission shall consist of - </para>
          <list type="loweralpha">
            <item label="(a)">
              <para>A chairman, who shall be appointed for a period of three years, with eligibility for re-appointment for further periods not exceeding three years. </para>
            </item>
            <item label="(b)">
              <para>A vice-chairman, who shall be appointed for a period of three years, with eligibility for reappointment for further periods not exceeding three years. (c)Five commissioners, who shall retire in rotation - two at the end of the first year, two at the end of the second year, and one at the end of the third year; each one upon the expiration of the term for which he was appointed to be eligible for reappointment for a period not exceeding three years. </para>
            </item>
          </list>
          <para>It is also proposed to modify the existing powers of the commission in relation to the appointment of officers. Section 15 of the Australian Broadcasting Commission Act provides that officers and servants appointed by the commission shall not be subject to the provisions of the Commonwealth Public Service Act, but shall be subject to such conditions, including tenure of office, as are determined by the commission. The employees of the commission, broadly, fall within two main categories - first, those whose employment is of a permanent character, and whose duties are of an executive or administrative nature, and, secondly, those whose duties are of a purely professional character. Naturally those within the second category are mostly part-time employees who are engaged mainly for programme purposes. </para>
          <para>During the early stages of the establishment of a semi-governmental activity such as the Australian Broadcasting Commission, there were, perhaps, many advantages in permitting those charged with the inauguration and ultimate establishment of the national broadcasting service complete freedom in the selection of employees and the determination of conditions of employment. Now, however, that the commission has been operating for over eight years, and its organization has been firmly established and some degree of permanency can bo foreseen in its method of operation, much can be said in support of the view that conditions governing the selection and employment of permanent staff should conform to those prescribed by the Commonwealth Public Service Act, either by bringing that section of the staff under that act or by having appropriate regulations issued under the Australian Broadcasting </para>
          <para class="block">Commission Act. Clause 10 of the bill provides that officers and servants appointed by the commission shall be subject to such conditions &#34; as are prescribed &#34; instead of, as at the present, &#34; as are determined by the commission &#34;. In other words, section 15, as amended, will enable regulations to be made to prescribe the conditions of employment of the officers of the commission. At present, officers of the Repatriation Commission and of the War Service Homes Commission are employed in accordance with regulations made under the acts under which those commissions are constituted. The appointment and tenure of office of officers of the Commonwealth Council for Scientific and Industrial Research are similarly governed by regulations. </para>
          <para>Section 16 of the principal act refers to the functions of the commission. Clause 11 of the bill defines more clearly the respective responsibilities of the commission and the Postal Department in the carrying out of the provisions of the act. It also provides the necessary authority for holding public entertainments by the commission. This amendment has resulted from the doubt raised from time to time as to the legality of public entertainments held by the commission. Legal proceedings were instituted against the commission at one stage in order to prevent the commission from holding public entertainments, but the action did not reach court. </para>
          <para>I now propose to comment briefly on the technical services associated with the national broadcasting system. As honorable senators are aware, these services are provided by the Postal Department. From time to time, however, certain criticism has been raised respecting this aspect of broadcasting, and at times some resentment has been expressed that the Postal Department should be permitted to take any part in the actual technical work of broadcasting. In order to appreciate the degree to which the Postal Department&#39;s organization and itsplant are bound up with broadcasting, it is necessary to bear in mind that Commonwealth territory covers nearly 3,000,000 square miles, with a widely-scattered population outside the capital cities. The Postal Department hasstablished telephone facilities throughout the whole of the settled portions of Australia and has trained technical staffs located in almost every town and village. It is in a position, therefore, to perform the technical services associated with broadcasting in an efficient manner and with a minimum of expenditure. More important still, it is able to make such services available at all hours of the day and night at very short notice. The provision of the technical services associated with broadfasting is so closely interwoven with the activities of the Postal Department that it \* the only authority adequately equipped to undertake this service. Any other arrangement would obviously lead to duplication of plant and personnel, and would involve enormous expenditure of time and money. In these circumstances, the Government does not propose to make any change in the responsibility for the provision of the technical services required. </para>
          <para>It was the intention in the original actthat the Postal Department should provide all technical services in the studios at the cost of that department. Since the commencement of the act, however, many advancements have been made in technical science, and, consequently, the provisions of section 46 and 47 of the act do not define precisely the position of the Postal Department and the commission in this connexion. Provision is therefore being made in the bill to cover that and other minor points concerned with the technical services. </para>
          <para>Clause 17 of the bill provides that &#34; the Governor-General may, if he is satisfied that it is necessary in the public interest so to do, by notice in writing, direct the commission to refrain from taking any action in the exercise of any of its powers conferred by this act &#34;. It is recognized that there are many advantages in allowing the commission to exercise the widest possible powers ; but in the light, of experience it is considered that occasions may arise when the Government may find it essential to direct the commission in some particular sphere of the commission&#39;s activity. It is desired that the commission shall continue to lay down its own policy, and that it shall be free from the control of the Minister </para>
          <para>
            <inline font-style="italic">Sena lor McLean.</inline>in the conduct of the normal business of the commission. This clause has been framed with the intention that the commission shall act under the powers conferred on it by the act, and shall be subject to restraint only when any of the actions of the commission are considered to be at variance with national or imperial policy or in conflict with public interest. </para>
          <para>Honorable senators will admit thatduring the past nine years enormous development has taken place, and that, despite whatever mistakes may have been made, the Australian Broadcasting Commission has never allowed party politics to  influencee  its deliberations. I hope, therefore, that, in view of its great national and international importance, broadcasting will never become the plaything of party politics. I commend the -bill to the favorable consideration of honorable senators. </para>
          <para>Debate (on motion by <inline font-weight="bold">Senator COLLINGS)</inline> adjourned. </para>
        </speech>
      </subdebate.1>
    </debate>
    <debate>
      <debateinfo>
        <title>AID TO DEMOCRACIES ACT : PRESIDENT ROOSEVELT&#39;S SPEECH</title>
        <page.no>110</page.no>
        <type>miscellaneous</type>
      </debateinfo>
      <subdebate.1>
        <subdebateinfo>
          <title>Ministerial Statement</title>
          <page.no>110</page.no>
        </subdebateinfo>
        <speech>
          <talk.start>
            <talker>
              <page.no>110</page.no>
              <time.stamp />
              <name.id>KUA</name.id>
              <electorate>South Australia</electorate>
              <party>UAP</party>
              <role>Postmaster-General</role>
              <in.gov>1</in.gov>
              <first.speech>0</first.speech>
              <name role="metadata">MCLEAY, George</name>
              <name role="display">Senator McLEAY</name>
            </talker>
            <para>. - <inline font-style="italic">by leave</inline> - read a copy of the ministerial statement delivered in the House of Representatives by the Acting Prime Minister <inline font-weight="bold">(Mr. Fadden)</inline><inline font-style="italic">(vide</inline> page 118). </para>
          </talk.start>
        </speech>
      </subdebate.1>
    </debate>
    <debate>
      <debateinfo>
        <title>AUSTRALIAN ADVISORY WAR COUNCIL</title>
        <page.no>110</page.no>
        <type>miscellaneous</type>
      </debateinfo>
      <speech>
        <talk.start>
          <talker>
            <page.no>110</page.no>
            <time.stamp />
            <name.id>KUA</name.id>
            <electorate>South AustraliaPostmasterGeneral</electorate>
            <party>UAP</party>
            <role />
            <in.gov>1</in.gov>
            <first.speech>0</first.speech>
            <name role="metadata">MCLEAY, George</name>
            <name role="display">Senator McLEAY</name>
          </talker>
          <para>- <inline font-style="italic">by leave</inline> - I desire to inform the Senate that on Friday last, the 14th March, the honorable member for Barton, <inline font-weight="bold">Mr. H.</inline> V. Evatt, K.C., was sworn in as a member of the Australian Advisory War Council. The representatives of the Opposition on the council are now as follows: - <inline font-weight="bold">Mr. John</inline> Curtin, M.P., the  Hon.  F. M. Forde, M.P., <inline font-weight="bold">Mr. H.</inline> V. Evatt, K.C., M.P., <inline font-weight="bold">Mr. N.</inline> J. 0. Makin, M.P.. and the  Hon.  J. A. Beasley M.P. </para>
        </talk.start>
      </speech>
    </debate>
    <debate>
      <debateinfo>
        <title>SPECIAL ADJOURNMENT</title>
        <page.no>110</page.no>
        <type>special adjournment</type>
      </debateinfo>
      <para class="block">Motion (by <inline font-weight="bold">Senator McLeay)</inline> agreed to- </para>
      <quote>
        <para>That tin: Senate, at its rising, adjourn till Wednesday next at 3 p.m. </para>
      </quote>
    </debate>
    <debate>
      <debateinfo>
        <title>ADJOURNMENT</title>
        <page.no>111</page.no>
        <type>adjournment</type>
      </debateinfo>
      <subdebate.1>
        <subdebateinfo>
          <title>Soldiers&#39; Fares</title>
          <page.no>111</page.no>
        </subdebateinfo>
        <para>Motion (by <inline font-weight="bold">Senator McLeay)</inline> proposed - </para>
        <quote>
          <para>That the Senate do now adjourn. </para>
        </quote>
        <speech>
          <talk.start>
            <talker>
              <page.no>111</page.no>
              <time.stamp />
              <name.id>K0Z</name.id>
              <electorate>Tasmania</electorate>
              <party />
              <role />
              <in.gov>0</in.gov>
              <first.speech>0</first.speech>
              <name role="metadata">AYLETT, William</name>
              <name role="display">Senator AYLETT</name>
            </talker>
            <para>.- The answer that I was given  to-day  to a question about the fares charged soldiers travelling between Tasmania and the mainland was a deliberate attempt to evade the question. </para>
          </talk.start>
          <para>The <inline font-weight="bold">PRESIDENT (Senator the Hon. J. B. Hayes).</inline> - Order! The honorable senator must not accuse a Minister of deliberate evasion. </para>
          <continue>
            <talk.start>
              <talker>
                <page.no>111</page.no>
                <time.stamp />
                <name.id>K0Z</name.id>
                <electorate />
                <party />
                <role />
                <in.gov>0</in.gov>
                <first.speech>0</first.speech>
                <name role="metadata">AYLETT, William</name>
                <name role="display">Senator AYLETT</name>
              </talker>
              <para>- I withdraw the word &#34; deliberate &#34;, and say that the Minister for the Army <inline font-weight="bold">(Mr. Spender),</inline> whose answer was transmitted to me through the Minister for the Interior <inline font-weight="bold">(Senator Foll),</inline> entirely misunderstood my question. In the recess I made representations to the Minister for the Army, the Minister  for  the Navy <inline font-weight="bold">(Mr. Hughes)</inline> and the Minister for Air <inline font-weight="bold">(Mr. McEwen)</inline> for more equitable fares for soldiers, sailors and air force men crossing Bass Strait on leave. My representations were acknowledged, and it was stated that  the  Ministers concerned would confer in order to ascertain what could be done to meet my requests, but it would appear from  the  answer that was supplied to me to-day that nothing has yet been done. The position to-day is that members of the forces, Tasmanians encamped in other States and men from other States encamped in Tasmania, are discriminated against in comparison with those on the mainland who  are  encamped in mainland States other than their home States.Whereas  the  men who have to cross to Tasmania when going home on leave have to pay full fare, less 10 per cent. by air and less 15 per cent. by sea, men who go home on leave on the mainland are given concessions of much greater value. Moreover, a Tasmanian training at Duntroon has  to  pay 14s.10d. return fare to Melbourne in addition to the fare across Bass Strait, whereas a Victorian training at Duntroon is charged only 5s. return between Canberra and his home town. The men in  the  forces are equally imbued with the desire to fight for democracy and the preservation of this country and they should all, therefore, receive equal treatment. No member of the forces should be placed at a disadvantage in respect of fares merely because of geographical considerations. Discrimination, bad in any circumstances, becomes worse when one man is enabled to go on leave from a camp in Victoria to his home in New South Wales for 5s. return, whereas a Victorian who crosses Bass Strait on leave from a camp in Tasmania is compelled to pay a minimum of &#163;3 10s. 3d. return. About 180 Victorians, in camp in Tasmania for a few months, had to pay &#163;3 10s. 3d. each when they first went home on leave. On the second occasion, because there were insufficient secondclass berths on the boat, some had to go first class and some second class. The cost of their <inline font-style="italic">passages</inline> was pooled and the fares averaged &#163;4 3s. a head. In the few months in which those men were in Tasmania they paid about &#163;1,300 in fares to the shipping company to enable them to see their families in Victoria. A good many of them were married men. Honorable senators will readily imagine the inroads that their fares would make into the small amount of money that would be available from their small wage on which many have to maintain homes. </para>
            </talk.start>
          </continue>
          <interjection>
            <talk.start>
              <talker>
                <page.no>111</page.no>
                <time.stamp />
                <name.id>KE4</name.id>
                <electorate />
                <party />
                <role />
                <in.gov>0</in.gov>
                <first.speech>0</first.speech>
                <name role="metadata">KEANE, Richard</name>
                <name role="display">Senator Keane</name>
              </talker>
              <para>-Why  not carry them free? </para>
            </talk.start>
          </interjection>
          <continue>
            <talk.start>
              <talker>
                <page.no>111</page.no>
                <time.stamp />
                <name.id>K0Z</name.id>
                <electorate />
                <party />
                <role />
                <in.gov>0</in.gov>
                <first.speech>0</first.speech>
                <name role="metadata">AYLETT, William</name>
                <name role="display">Senator AYLETT</name>
              </talker>
              <para>- I have made that suggestion to the Government, and I. shall make it again before I conclude. Another aspect of this matter concerns soldiers from the mainland serving on certain islands. These men obtain leave for the same period as other members of the military forces, but, owing to the limited time available, and because of the infrequent boat services operating between these islands and the mainland, it is absolutely impossible for them to return from leave within the specified time. As a result, they are liable to punishment for being absent without leave. I have placed this matter before the Government, and have asked that the aeroplane services be made available to them. The council clerk at Flinders Island has written to me saying very definitely that the men are told that they cannot travel by air and must use the boat service. In reply to a question  which I asked in this chamber, I was informed that the men could travel by air, but that is not so. I do not know of any reason why they should not be granted passages by aeroplane, either free, or at rates equivalent to those applying to soldiers travelling interstate on the mainland. Why should there be discrimination against them merely because they are Tasmanians and live in an isolated portion of the Commonwealth? Surely there should be equality among all men who are serving their country. They are prepared, if necessary, to give their lives in the defence of this country, and the least that any democratic government can do is to place them all on the same basis. </para>
            </talk.start>
          </continue>
          <interjection>
            <talk.start>
              <talker>
                <page.no>112</page.no>
                <time.stamp />
                <name.id>K7M</name.id>
                <electorate />
                <party />
                <role />
                <in.gov>0</in.gov>
                <first.speech>0</first.speech>
                <name role="metadata">COLLETT, Herbert</name>
                <name role="display">Senator Collett</name>
              </talker>
              <para>- How often do they get leave? </para>
            </talk.start>
          </interjection>
          <continue>
            <talk.start>
              <talker>
                <page.no>112</page.no>
                <time.stamp />
                <name.id>K0Z</name.id>
                <electorate />
                <party />
                <role />
                <in.gov>0</in.gov>
                <first.speech>0</first.speech>
                <name role="metadata">AYLETT, William</name>
                <name role="display">Senator AYLETT</name>
              </talker>
              <para>- I am not concerned about that. They are just as much entitled as are any other soldiers, sailors, or airmen, to visit their homes and to see their loved ones as frequently as possible. </para>
            </talk.start>
          </continue>
          <interjection>
            <talk.start>
              <talker>
                <page.no>112</page.no>
                <time.stamp />
                <name.id>K7M</name.id>
                <electorate />
                <party />
                <role />
                <in.gov>0</in.gov>
                <first.speech>0</first.speech>
                <name role="metadata">COLLETT, Herbert</name>
                <name role="display">Senator Collett</name>
              </talker>
              <para>- I merely asked how often they obtain leave. </para>
            </talk.start>
          </interjection>
          <continue>
            <talk.start>
              <talker>
                <page.no>112</page.no>
                <time.stamp />
                <name.id>K0Z</name.id>
                <electorate />
                <party />
                <role />
                <in.gov>0</in.gov>
                <first.speech>0</first.speech>
                <name role="metadata">AYLETT, William</name>
                <name role="display">Senator AYLETT</name>
              </talker>
              <para>- That does not affect the case that I am putting to the Senate. </para>
            </talk.start>
          </continue>
          <interjection>
            <talk.start>
              <talker>
                <page.no>112</page.no>
                <time.stamp />
                <name.id>K7M</name.id>
                <electorate />
                <party />
                <role />
                <in.gov>0</in.gov>
                <first.speech>0</first.speech>
                <name role="metadata">COLLETT, Herbert</name>
                <name role="display">Senator Collett</name>
              </talker>
              <para>- It is half the case. </para>
            </talk.start>
          </interjection>
          <continue>
            <talk.start>
              <talker>
                <page.no>112</page.no>
                <time.stamp />
                <name.id>K0Z</name.id>
                <electorate />
                <party />
                <role />
                <in.gov>0</in.gov>
                <first.speech>0</first.speech>
                <name role="metadata">AYLETT, William</name>
                <name role="display">Senator AYLETT</name>
              </talker>
              <para>- They may, for instance, allow their monthly leave to accumulate in order to go home, say, every three months. It is not fair that they should be required to pay up to ten times as much as is paid by other soldiers to reach their homes, merely because they are stationed in remote parts of the Commonwealth. That is something that should not be tolerated by a democratic government. </para>
            </talk.start>
          </continue>
          <interjection>
            <talk.start>
              <talker>
                <page.no>112</page.no>
                <time.stamp />
                <name.id>K7M</name.id>
                <electorate />
                <party />
                <role />
                <in.gov>0</in.gov>
                <first.speech>0</first.speech>
                <name role="metadata">COLLETT, Herbert</name>
                <name role="display">Senator Collett</name>
              </talker>
              <para>- Does the Tasmanian Government carry them free? </para>
            </talk.start>
          </interjection>
          <continue>
            <talk.start>
              <talker>
                <page.no>112</page.no>
                <time.stamp />
                <name.id>K0Z</name.id>
                <electorate />
                <party />
                <role />
                <in.gov>0</in.gov>
                <first.speech>0</first.speech>
                <name role="metadata">AYLETT, William</name>
                <name role="display">Senator AYLETT</name>
              </talker>
              <para>- The Government of Tasmania has made a greater contribution to the transport of the soldiers than this Government has ever made. </para>
            </talk.start>
          </continue>
          <interjection>
            <talk.start>
              <talker>
                <page.no>112</page.no>
                <time.stamp />
                <name.id>K7M</name.id>
                <electorate />
                <party />
                <role />
                <in.gov>0</in.gov>
                <first.speech>0</first.speech>
                <name role="metadata">COLLETT, Herbert</name>
                <name role="display">Senator Collett</name>
              </talker>
              <para>- Does the Government of Tasmania carry them free? </para>
            </talk.start>
          </interjection>
          <continue>
            <talk.start>
              <talker>
                <page.no>112</page.no>
                <time.stamp />
                <name.id>K0Z</name.id>
                <electorate />
                <party />
                <role />
                <in.gov>0</in.gov>
                <first.speech>0</first.speech>
                <name role="metadata">AYLETT, William</name>
                <name role="display">Senator AYLETT</name>
              </talker>
              <para>- I am asking if the Commonwealth Government intends to carry them free? Representations which I have made on this matter have been evaded. </para>
            </talk.start>
          </continue>
          <interjection>
            <talk.start>
              <talker>
                <page.no>112</page.no>
                <time.stamp />
                <name.id>K7M</name.id>
                <electorate />
                <party />
                <role />
                <in.gov>0</in.gov>
                <first.speech>0</first.speech>
                <name role="metadata">COLLETT, Herbert</name>
                <name role="display">Senator Collett</name>
              </talker>
              <para>- To what Minister is the honorable senator referring? </para>
            </talk.start>
          </interjection>
          <continue>
            <talk.start>
              <talker>
                <page.no>112</page.no>
                <time.stamp />
                <name.id>K0Z</name.id>
                <electorate />
                <party />
                <role />
                <in.gov>0</in.gov>
                <first.speech>0</first.speech>
                <name role="metadata">AYLETT, William</name>
                <name role="display">Senator AYLETT</name>
              </talker>
              <para>- I am referring to the Minister for the Navy, the Minister for the Army, the Minister for Air, and the Ministers representing those Ministers in this chamber. To-day I asked a question on this matter and the Minister <inline font-weight="bold">(Senator Collett)</inline> knew perfectly well the import of my question. It read - </para>
            </talk.start>
          </continue>
          <quote>
            <para>Has anything yet been done to reduce the fares of soldiers travelling between the mainland and Tasmania when on leave? If not. is anything likely to be done, and if so, when? </para>
          </quote>
          <para>The answer given by the Ministerrepresenting the Minister for the Army read - </para>
          <quote>
            <para>A fifteen percent. reduction in fare is allowed by a shipping company to members of the forces travelling between the mainland and Tasmania when on leave. </para>
          </quote>
          <para>The 15 per cent. reduction has always been allowed. I want to know if the Minister will approach the shipping companies with a view to obtaining a further reduction, and also will he consider granting free transport, to which the sailors, soldiers, and airmen are justly entitled. </para>
          <para>When a soldier enlists for service in the defence of his country and is prepared, if necessary, to give his life for. the preservation of democracy, surely he is entitled to some consideration. Quite apart from his final leave, he should be able to visit his home as frequently as possible. When the180 Victorians in Tasmania objected to paying their fares at Christmas time, and trouble seemed likely to develop in the camp, the Government said that it would grant them a free fare home, but it would be regarded as their final leave. Under those conditions, should a soldier be in camp for a further four or five months, he would have to pay his own fare home. I am aware that soldiers are provided with their fares home when they go on final leave. These boys are prepared to give their lives in the defence of this country, and when they areon leave surely they are entitled to free rail transport such as is available to members of Parliament. </para>
        </speech>
        <speech>
          <talk.start>
            <talker>
              <page.no>112</page.no>
              <time.stamp />
              <name.id>KUA</name.id>
              <electorate>South Australia</electorate>
              <party>UAP</party>
              <role>Postmaster-General</role>
              <in.gov>1</in.gov>
              <first.speech>0</first.speech>
              <name role="metadata">MCLEAY, George</name>
              <name role="display">Senator McLEAY</name>
            </talker>
            <para>. - <inline font-style="italic">in reply -</inline> The suggestions made by <inline font-weight="bold">Senator Aylett</inline> will be considered by the Government. </para>
          </talk.start>
          <para class="block">Question resolved in the affirmative. </para>
        </speech>
      </subdebate.1>
    </debate>
    <debate>
      <debateinfo>
        <title>PAPERS</title>
        <page.no>113</page.no>
        <type>papers</type>
      </debateinfo>
      <para>The following papers were pre sented : - </para>
      <quote>
        <para>Northern Territory - Report on Administration ofthe Northern Territory, for year 1930-40. </para>
        <para>Australian Broadcasting Commission Act - Eighth Annual Report and Balance-sheet of the Australian Broadcasting Commission, for year 1939-40. </para>
        <para>Commonwealth Public Service Act - Appointment - Department of Commerce - G.E. Fewster. </para>
        <para>Customs Act - Proclamations prohibiting the exportation (except under certain conditions) of - </para>
        <para>Fish Livers (dated 12th March, 1941). </para>
        <para>Worsted Woollen or knitted goods or any other goods made wholly or partly from wool (dated 11th March, 1941). </para>
        <para>Medical Research Endowment Act - Report by National Health and Medical Research Council on work done under the Act during the year 1940. </para>
        <para>National Security Act - National Security (General ) Regulations - Orders - </para>
        <para>Prohibiting work on Land. </para>
        <para>Protected area. </para>
        <para>Taking possession of Land, &#38;c. (98). </para>
        <para>Use of Land (19). </para>
      </quote>
    </debate>
    <adjournment>
      <adjournmentinfo>
        <page.no>113</page.no>
        <time.stamp>16:16:00</time.stamp>
      </adjournmentinfo>
      <para>Senate adjourned at 4.16 p.m. </para>
    </adjournment>
  </chamber.xscript>
</hansard>