<?xml version="1.0" encoding="utf-8"?>
<hansard xsi:noNamespaceSchemaLocation="../../hansard.xsd" version="2.1" xmlns:xsi="http://www.w3.org/2001/XMLSchema-instance">
  <session.header>
    <date>1941-10-01</date>
    <parliament.no>16</parliament.no>
    <session.no>1</session.no>
    <period.no>4</period.no>
    <chamber>SENATE</chamber>
    <page.no>598</page.no>
    <proof>0</proof>
  </session.header>
  <chamber.xscript>
    <para class="block">Senate. </para>
    <business.start>
      <day.start>1941-10-01</day.start>
      <para>The <inline font-weight="bold">President (Senator theHon. J.</inline> Cunningham) took the chair at 3 p.m., and read prayers. </para>
    </business.start>
    <debate>
      <debateinfo>
        <title>BUSINESS OF THE SENATE</title>
        <page.no>598</page.no>
        <type>miscellaneous</type>
      </debateinfo>
      <speech>
        <talk.start>
          <talker>
            <page.no>598</page.no>
            <time.stamp />
            <name.id>KUA</name.id>
            <electorate>South Australia</electorate>
            <party>UAP</party>
            <role>Minister for Supply and Development</role>
            <in.gov>0</in.gov>
            <first.speech>0</first.speech>
            <name role="metadata">MCLEAY, George</name>
            <name role="display">Senator McLEAY</name>
          </talker>
          <para>. - In view of the nature of the business to be brought before the Senate, and the amendment foreshadowed in the House of Representa- tives, I suggest that the sitting be suspended until the ringing of the bells, which will be not earlier than 5.30 p.m. </para>
        </talk.start>
        <para class="italic">
          <inline font-style="italic">Sitting suspended from3.2 to</inline>
          <inline font-style="italic">5.30</inline>
          <inline font-style="italic">p.m.</inline>
        </para>
      </speech>
    </debate>
    <debate>
      <debateinfo>
        <title>ASSENT TO BILLS</title>
        <page.no>598</page.no>
        <type>bill</type>
      </debateinfo>
      <para>Assent to the following bills re  ported :  - </para>
      <para>Raw Cotton Bounty Bill (No. 2) 1941. </para>
      <para>Cable and Wire Bounty Bill 1941. </para>
    </debate>
    <debate>
      <debateinfo>
        <title>TOBRUK GARRISON</title>
        <page.no>598</page.no>
        <type>miscellaneous</type>
      </debateinfo>
      <speech>
        <talk.start>
          <talker>
            <page.no>598</page.no>
            <time.stamp />
            <name.id>10000</name.id>
            <electorate />
            <party />
            <role />
            <in.gov>0</in.gov>
            <first.speech>0</first.speech>
            <name role="metadata">PRESIDENT, The</name>
            <name role="display">The PRESIDENT</name>
          </talker>
          <para>- I have received  from the Prime Minister a letter conveying, on behalf of General <inline font-weight="bold">Sir Thomas</inline> Blarney, General Officer Commanding the Australian Imperial Force in the Middle East, and all ranks underhis command, sincere appreciation of the congratulatory message sent by the Commonwealth Parliament to the men of Tobruk. <inline font-weight="bold">Sir Thomas</inline> Blarney embodied in his reply a special message of thanks from Major-General Morshead on behalf of the personnel at Tobruk. </para>
        </talk.start>
      </speech>
    </debate>
    <debate>
      <debateinfo>
        <title>DEATH OF DR. MILLICE CULPIN</title>
        <page.no>598</page.no>
        <type>miscellaneous</type>
      </debateinfo>
      <speech>
        <talk.start>
          <talker>
            <page.no>598</page.no>
            <time.stamp />
            <name.id>10000</name.id>
            <electorate />
            <party />
            <role />
            <in.gov>0</in.gov>
            <first.speech>0</first.speech>
            <name role="metadata">PRESIDENT, The</name>
            <name role="display">The PRESIDENT</name>
          </talker>
          <para>- I have received from <inline font-weight="bold">Dr. Ernest</inline> Culpin a letter of thanks for the resolution of sympathy and condolence passed by the Senate on the occasion of the death of <inline font-weight="bold">Dr. Millice</inline> Culpin. </para>
        </talk.start>
      </speech>
    </debate>
    <debate>
      <debateinfo>
        <title>LIBRARY COMMITTEE</title>
        <page.no>598</page.no>
        <type>miscellaneous</type>
      </debateinfo>
      <para>The  PRESIDENT  announced the receipt of a letter from <inline font-weight="bold">Senator James</inline> McLachlan tendering his resignation as a member of the Library Committee. </para>
      <para>Motion (by <inline font-weight="bold">Senator McLeay)</inline> - <inline font-style="italic">by leave</inline> - agreed to - </para>
      <para>That <inline font-weight="bold">Senator James</inline> McLachlan be discharged from attendance on the Library Committee, and that Senators J. B. Hayes and Sampsonbe appointed to fill the vacancies on the Committee. </para>
    </debate>
    <debate>
      <debateinfo>
        <title>PRINTING COMMITTEE</title>
        <page.no>598</page.no>
        <type>miscellaneous</type>
      </debateinfo>
      <para>Motion (by <inline font-weight="bold">Senator McLeay)-</inline><inline font-style="italic">by leave</inline> - agreed to - </para>
      <para>That <inline font-weight="bold">Senator Cunningham</inline> be discharged from attendance on the Printing Committee, and that Senators Arnold and J. B. Hayes be appointed to fill the vacancies on the Committee. </para>
    </debate>
    <debate>
      <debateinfo>
        <title>SECRET FUNDS ROYAL COMMISSION</title>
        <page.no>599</page.no>
        <type>miscellaneous</type>
      </debateinfo>
      <speech>
        <talk.start>
          <talker>
            <page.no>599</page.no>
            <time.stamp />
            <name.id>KUA</name.id>
            <electorate>South Australia</electorate>
            <party>UAP</party>
            <role>Minister for Supply and Development</role>
            <in.gov>0</in.gov>
            <first.speech>0</first.speech>
            <name role="metadata">MCLEAY, George</name>
            <name role="display">Senator McLEAY</name>
          </talker>
          <para>
            <inline font-style="italic">. - by leave</inline>- I have to inform the Senate that, at the request of the Commonwealth Government, the Government of New South Wales has made available the services of <inline font-weight="bold">Sir Percival</inline> Halse Rogers, a justice of the Supreme Court of New South Wales, to act as a royal commissioner to inquire into certain matters affecting public administration which were referred to in Parliament last week. </para>
        </talk.start>
        <para>The Commissioner will inquire into and report upon - </para>
        <list type="decimal-dotted">
          <item label="1.">
            <para>The circumstances under which public moneys were used for or in connexion with the activities of the Australian Democratic Front, and to whom and for what purpose such moneys were paid. </para>
          </item>
          <item label="2.">
            <para>By whom, to whom, for what purposes and under what circumstances payments totalling &#163;300 were made in the month of March, 1941, to one J. Winkler; and what became of such moneys. </para>
          </item>
          <item label="3.">
            <para>The circumstances attendant upon the making of trunk line telephone calls from the rooms of the Minister for Defence Coordination at Canberra on Friday, the 12th September, 1941, and Saturday, the 13th September, 1941, and in particular whether in the course of such conversations or any of them there was any disclosure of the Government&#39;s budget or financial proposals to any and what per-  son. </para>
          </item>
          <item label="4.">
            <para>What material the printers and/or publishers of the following newspapers, namely: - The <inline font-style="italic">Advertiser,</inline> Adelaide; the <inline font-style="italic">Herald,</inline> Melbourne; the <inline font-style="italic">Telegraph,</inline> Brisbane ; the <inline font-style="italic">Sun News-Pictorial,</inline> Melbourne; and the <inline font-style="italic">CourierWait,</inline> Brisbane; had before them when they published in their issues of the following dates respectively: - the 18th September, 1941; the 19th September, 1941; the 19th September, 1941; the 20th September, 1941; and the 20th September, 1941, paragraphs referring to such trunk line telephone calls, and from whom, by whom and under what circumstances such material was obtained. </para>
          </item>
        </list>
        <para>A preliminary hearing of the royal commissionwill take place at the Supreme Court, Sydney, at 10.30 a.m. on Friday, the 3rd October, at which persons who desire to be represented before the commission should attend. As announced by the Attorney-General <inline font-weight="bold">(Mr. Hughes) Mr. W.</inline> W. Monahan. K.C., and Mr.E. J. Hooke, of the Sydney Bar, have been briefed to assist the commission. It is anticipated that the taking of evidence by the commission will commence in Canberra on Wednesday, the8th October, at an hour to be fixed. </para>
      </speech>
    </debate>
    <debate>
      <debateinfo>
        <title>SPECIAL ADJOURNMENT</title>
        <page.no>599</page.no>
        <type>special adjournment</type>
      </debateinfo>
      <para>Motion (by <inline font-weight="bold">Senator McLeay)</inline> agreed to- </para>
      <quote>
        <para>That the Senate, at its rising, adjourn till a date and hour to be fixed by the  President,  which time of meeting shall be notified to each <inline font-weight="bold">Senator by</inline> telegram or letter. </para>
      </quote>
    </debate>
    <debate>
      <debateinfo>
        <title>ADJOURNMENT</title>
        <page.no>599</page.no>
        <type>adjournment</type>
      </debateinfo>
      <para>Censorship of Film &#34;Love on the Dole &#34; - Aluminium Production - Questions on Notice - Australian Imperial Force: Butter Supplies; Cashiering in 1914-18 - <inline font-weight="bold">Mr. W.</inline> J. Smith : Statement by <inline font-weight="bold">Mr. Carlton</inline> M.L.A. - Fighter Aeroplanes - Compulsory Military Training: Medical Examination. </para>
      <para>Motion (by <inline font-weight="bold">Senator McLeay)</inline> proposed - </para>
      <quote>
        <para>That the Senate do now adjourn. </para>
      </quote>
      <speech>
        <talk.start>
          <talker>
            <page.no>599</page.no>
            <time.stamp />
            <name.id>K6P</name.id>
            <electorate>Queensland</electorate>
            <party />
            <role />
            <in.gov>0</in.gov>
            <first.speech>0</first.speech>
            <name role="metadata">BROWN, Gordon</name>
            <name role="display">Senator BROWN</name>
          </talker>
          <para>. - I ask the Minister for Information <inline font-weight="bold">(Senator Foll)</inline> whether he will give me the reasons why a ban has been placed upon the public screening of the British film &#34;Love on the Dole&#34;? I notice from a. report in the <inline font-style="italic">Sunday Telegraph</inline> that the showing of this picture has been prohibited by the Chief Commonwealth Film Censor, <inline font-weight="bold">Mr. Cresswell</inline> O&#39;Reilly. I am informed that the film, which deals with the period of the last war, is most interesting. The following extracts from various newspapers support that opinion :  - </para>
        </talk.start>
        <quote>
          <para>
            <inline font-style="italic">The Observer.</inline>- &#34; &#39; Love on the Dole &#39; is a fine, wise picture . . . less of a show than a rich human experience.&#34; </para>
          <para>
            <inline font-style="italic">Sunday Dispatch.</inline>- &#34;The film is one of the most moving and most significant ever made in Britain.&#34; </para>
          <para>
            <inline font-style="italic">Sunday Pictorial.</inline>- &#34; If every man and woman in Britain could see this film, I don&#39;t think we would ever go back to those dreadful pre-war years when two million men and women were allowed to rot in idleness . . . the film is flawless and it will win world fame.&#34; </para>
        </quote>
        <para class="block">I could cite similar opinions from other newspapers. I was born in the Old Country, and spent my early years there. From England I went to the United </para>
        <para class="block">States of America. I landed in Australia in 1912. During my life in Great Britain I came into close contact with the people there. I have slept in work-houses and have mixed with the bottom dogs, so I have an intimate knowledge of the fearful conditions of life of many people who lived in England years ago. I slept in workhouses not because 1 was compelled to - I could always get a good bed in my own home - but because, like Jack London and others, I was anxious to meet the people who constituted the submerged tenth of Great Britain. I knew the deplorable conditions under which millions of men and women existed. They travelled from town to town and from workhouse to workhouse. If they applied twice for accommodationat the same workhouse there was a possibility that they would be charged with vagrancy and have to go to gaol. I lived amongst the people and had intimate experience of the fearful conditions that operated in those days. Even prior to this war millions of men and women were on the dole. Certainly their conditions were a little better than those operating at the time of which I speak. At least they had the dole, whereas in the earlier days people had to beg for sufficient to maintain life; they had to go from door to door and from town to town, asking their fellow men for a few pence to buy sufficient food to keep life in their bodies. Subsequently a more humane government was able to bring in measures which made it possible <inline font-style="italic">to</inline> pay these people enough to buy the bare necessities of life. I cannot understand why the Chief Commonwealth Film Censor, <inline font-weight="bold">Mr. Cresswell</inline> O&#39;Reilly, should have banned this film, which deals so strikingly with the conditions of the poor. 1 should like the Minister for Information to tell the people of Australia why the film was banned. If it can be&#39; shown in England, where the people are in the very heart of the struggle which is now being waged against totalitarianism and know what is going on, why cannot it be screened in Australia ? </para>
        <interjection>
          <talk.start>
            <talker>
              <page.no>600</page.no>
              <time.stamp />
              <name.id>JZD</name.id>
              <electorate />
              <party />
              <role />
              <in.gov>0</in.gov>
              <first.speech>0</first.speech>
              <name role="metadata">FOLL, Hattil</name>
              <name role="display">Senator Foll</name>
            </talker>
            <para>- Has an appeal been made to the Appeal Board ? </para>
          </talk.start>
        </interjection>
        <continue>
          <talk.start>
            <talker>
              <page.no>600</page.no>
              <time.stamp />
              <name.id>K6P</name.id>
              <electorate />
              <party />
              <role />
              <in.gov>0</in.gov>
              <first.speech>0</first.speech>
              <name role="metadata">BROWN, Gordon</name>
              <name role="display">Senator BROWN</name>
            </talker>
            <para>- I understand that such an appeal is being made, but surely an appeal can also be made to the Minister, who, I feel sure, will say, &#34; Certainly, this film shall be shown &#34;. I am strongly of the opinion that the conditions under which people live in the Old Country should be shown to the Australian public. Our boys are going overseas to fight for democracy, and for a promised &#34; new order &#34;, and we should understand something of the faults of the old order so that we may help to ensure that even in England men and women are given a fair deal and an opportunity to earn a decent livelihood. This film would be splendid propaganda, and I cannot understand why the censor banned it. 1 hope that the Minister will look into the matter and see that the people of Australia have an opportunity to witness this epic film. </para>
          </talk.start>
        </continue>
      </speech>
      <speech>
        <talk.start>
          <talker>
            <page.no>600</page.no>
            <time.stamp />
            <name.id>K0Z</name.id>
            <electorate>Tasmania</electorate>
            <party />
            <role />
            <in.gov>0</in.gov>
            <first.speech>0</first.speech>
            <name role="metadata">AYLETT, William</name>
            <name role="display">Senator AYLETT</name>
          </talker>
          <para>. - I should like some information from the Minister for Supply and Development <inline font-weight="bold">(Senator McLeay)</inline> in regard to a question which I asked in this chamber last week. I asked the Minister if he had received a report from the Commonwealth representatives in the United States of America in regard to charges which were alleged to have been made against the great aluminium combine known as Alcoa. The Minister replied in the affirmative. I am interested to know whether the allegations were correct because only one-third of the capital of the Australian Aluminium Company Proprietary Limited is held in Australia, and only one-third of the directors are Australians, the other two-thirds in each case being controlled by overseas interests which indirectly are representatives of Alcoa. I should like to know if there is any truth in the props report that representatives of Alcoa were arrested and &#39; charged by the Government of the United States of America with having engaged in subversive activities, inasmuch as they had held up supplies of aluminium needed for the British war effort. If so, what were the findings? That is a matter of great importance to Australia in view of the interest which Alcoa holds in the Australian Aluminium Company Proprieta ry Limited. </para>
        </talk.start>
        <para>I should like to know also if replies are available to questions appearing on to-day&#39;s notice-paper, and, if not, will replies be forwarded to honorable senators at the earliest possible date. </para>
      </speech>
      <speech>
        <talk.start>
          <talker>
            <page.no>601</page.no>
            <time.stamp />
            <name.id>JZD</name.id>
            <electorate>Queensland</electorate>
            <party>UAP</party>
            <role>Minister for Information</role>
            <in.gov>0</in.gov>
            <first.speech>0</first.speech>
            <name role="metadata">FOLL, Hattil</name>
            <name role="display">Senator FOLL</name>
          </talker>
          <para>. - I have a number of answers to questions appearing on to-day&#39;s notice-paper, and, with the approval of the Senate, I shall have them incorporated in <inline font-style="italic">Hansard.</inline> The answers to other questions will be forwarded to honorable senators at the earliest possible date. </para>
        </talk.start>
        <para>With regard to the remarks of <inline font-weight="bold">Senator Brown,</inline> I should like to point out that the censorship of, films does not come under the jurisdiction of my department, but is controlled by the Department of Trade and Customs. Films come under the purview of the censorship branch of the Department of Information only when questions of national security arise. T understand that the film &#34;Love on the Dole &#34; has been rejected by the Commonwealth Censor, as has been pointed out by <inline font-weight="bold">Senator Brown,</inline> but there is an opportunity for an. appeal to be made, and I have no doubt that those who desire to exhibit the film will make an appeal. </para>
        <interjection>
          <talk.start>
            <talker>
              <page.no>601</page.no>
              <time.stamp />
              <name.id>K6P</name.id>
              <electorate />
              <party />
              <role />
              <in.gov>0</in.gov>
              <first.speech>0</first.speech>
              <name role="metadata">BROWN, Gordon</name>
              <name role="display">Senator Brown</name>
            </talker>
            <para>-  National security is not the reason for the rejection of the film. </para>
          </talk.start>
        </interjection>
        <continue>
          <talk.start>
            <talker>
              <page.no>601</page.no>
              <time.stamp />
              <name.id>JZD</name.id>
              <electorate />
              <party />
              <role />
              <in.gov>0</in.gov>
              <first.speech>0</first.speech>
              <name role="metadata">FOLL, Hattil</name>
              <name role="display">Senator FOLL</name>
            </talker>
            <para>- In that case the matter would not come within the jurisdiction of the Department of Information. It would be entirely a matter for the Department of Trade and Customs. </para>
          </talk.start>
        </continue>
        <para>Some days ago, <inline font-weight="bold">Senator Sampson</inline> stated that a member of the Australian Imperial Force in the Western Desert had asked him to correct publicly a statement made by the Minister for the Army <inline font-weight="bold">(Mr. Spender)</inline> that no margarine was being used or had been used by the Army, and that margarine did not appear on the contract list of the Australian Force or lists of supplies from British  depot3  to Australian troops serving abroad. This statement appeared in the press on the 30th May last, and on the 6th June, it was amplified by the Minister for the Army who said: &#34;Arrangements made by the Commonwealth Government with the British authorities for food supplies to the Australian Imperial Force do not include any issue of margarine. The actual position is that the Commonwealth Government, through the Military Board, has an arrangement with the British authorities for the daily supply of rations to the Australian Forces abroad. The daily scale of rations is adhered to whenever humanly possible, but the exigencies of modern warfare and the rapid movement associated with it, carried on over extended lines of communication and, in the case of the Middle East, in extreme heat, would frequently place the British supply depots in a most difficult position in respect of the supply of butter to our forces. Only in those cases when it is impossible to obtain butter would our troops be issued with margarine, but it must be understood that this is an emergency measure &#34;. On behalf of the Minister for the Army, I now inform the Senate that the position is that supplies of butter are despatched to the Middle East on every transport which leaves Australia for that destination. These supplies are landed on arrival and handed over to British depots for distribution to Australian troops as required and when practicable. The honorable senator will readily understand that butter can be distributed to the troops only when conditions permit its transportation. Except when troops are located adjacent to suitable storage facilities, butter cannot be supplied to them in the hot weather, as it rapidly becomes unfit for human consumption, and transport difficulties frequently prevent its distribution to troops in the period which would unavoidably elapse between removal from storage and delivery in. the field. Margarine does not become unfit for human consumption under the same conditions, and the practice has been adopted of issuing vitamized margarine where, for reasons already stated, butter cannot be made available. However, butter is issued to the troops whenever it is possible to do so. </para>
        <para>I am sure the honorable senator will appreciate that climatic conditions and the exigencies of the service must frequently prevent the distribution of butter to troops in the field, which, in hot weather, must be determined by the distance of the troops from suitable storage and the  transportation facilities available. Adverse climatic conditions and transportation difficulties must frequently render delivery of butter to the troops impossible under active service conditions. At present the Department of the Army is, with the assistance of the Council for Scientific and Industrial Research, conducting experiments with concentrated dehydrated butter, and a quantity of this product has been issued to troops in various places to test their reactions to this type of butter. This product retains all the food value of fresh butter and without refrigeration can be stored for long periods without losing its palatability. Should this test prove satisfactory, it is anticipated that our present difficulties will he, to a great extent, overcome and that the necessity to use margarine, on occasions, as a substitute will in future be obviated. </para>
        <para>On the 25th September, <inline font-weight="bold">Senator Sampson</inline> asked the following question, <inline font-style="italic">upon notice :  -</inline></para>
        <list type="decimal-dotted">
          <item label="1.">
            <para>Is it a fact that during the war of 1914-18 the Battalion Commander, two Majors, the Adjutant and seven Subalterns of the 18th Battalion, Australian Imperial Force, were cashiered for cowardice? </para>
          </item>
          <item label="2.">
            <para>Is the Minister aware that a statement to the above effect was made in the Senate on 20th June, 1941, toy <inline font-weight="bold">Senator S.</inline> K. Amour? </para>
          </item>
        </list>
        <para>The Minister for the Army has supplied the following answer:- </para>
        <quote>
          <para>No officer of the 18th Battalion was cashiered for cowardice, nor was any officer of that battalion charged with that offence. </para>
        </quote>
        <para>On the 17th September, <inline font-weight="bold">Senator Fraser</inline> referred to the matter of young men called up for service under the Defence Act being compelled to travel long distances in order to undergo preliminary medical examination, without being recompensed for the possible loss of wages involved, and asked if it were proposed to compensate these young men for time lost in this way. </para>
        <para>The Minister for the Army has supplied the following reply: - </para>
        <quote>
          <para class="block">It has been the practice to send the Area Staff to centres, in order to enable those in distant places to have a minimum of time involved in reporting, and, wherever possible, not more than a ten miles&#39; journey for each person.Rail or transport warrants are provided, but no provision exists for the pay- ment of compensation for loss of wages or time. </para>
          <para>Instructions are being issued to commands, that every effort is to be made at all times to bring examination centres as near as possible to the persons to be called up for service, so that it will not be necessary for these young men to travel any greater distance than can possibly be avoided. </para>
        </quote>
        <para>I undertake to bring to the notice of my colleague, the Minister for Supply and Development <inline font-weight="bold">(Senator McLeay),</inline> the remarks of <inline font-weight="bold">Senator Aylett</inline> concerning aluminium. </para>
        <para>In the Parliament of New South Wales last week, <inline font-weight="bold">Mr. Carlton,</inline> in the course of a speech in which he made a charge against <inline font-weight="bold">Mr. W.</inline> J. Smith, Director of Gun Ammunition in the Ministry of Munitions, said that a statement had been secured by a <inline font-weight="bold">Mr. Ralfe</inline> from the Department of Information, and had subsequently been made available to <inline font-weight="bold">Mr. Smith.</inline> I wish to make it perfectly clear that <inline font-weight="bold">Mr. Carlton</inline> is in error, and that his attention has been drawn to the fact. He appears to have confused the Department of Information with the Department of Investigation which is attached to either the Army Department or the Department of the Attorney-General, because no statement of any kind was secured by any one from any officer of the Department of Information, nor has that department attached to it an investigation section. I make this clear injustice to the officers of the department. </para>
      </speech>
      <speech>
        <talk.start>
          <talker>
            <page.no>602</page.no>
            <time.stamp />
            <name.id>K0C</name.id>
            <electorate>New South Wales</electorate>
            <party />
            <role />
            <in.gov>0</in.gov>
            <first.speech>0</first.speech>
            <name role="metadata">ARMSTRONG, John Ignatius</name>
            <name role="display">Senator ARMSTRONG</name>
          </talker>
          <para>. - I regret that the Minister for Aircraft Production <inline font-weight="bold">(Senator Leckie)</inline> is not present. Over a period of many months, both inside and outside this chamber, I have repeatedly asked for definite information to be furnished to me concerning the production of fighter aeroplanes in Australia, and the answer has always been that plans were in course of being completed, and that within a very few days the honorable gentleman would be able to announce details of production in Australia. I asked a question on the subject in this chamber only a fortnight ago. The Minister for Aircraft Production then informed the Senate that within a very few days he would make details available to the country. This matter is becoming more and more important as time passes. The most vital factor influencing the minds of soldiers returning from service abroad, arising from their actual experiences on the battlefront, is the need for more and more fighter aeroplanes. This country cannot be placed soon enough in full production of these most important adjuncts to our defence and a successful offensive. I should therefore like the Minister to make a definite statement at once. If the plans are not approaching completion, he should at least tell the country that the stage is not near when the production of fighter aeroplanes will be commenced. Why should he continue to hoodwink the people, by saying that within a very few days he will make details available, when it is apparent that such is not the case? I personally have been humbugged for nearly twelve months, particularly since the honorable senator in question became a Minister. A statement should be made as to whether the Government is or is not ready to commence the production of these machines. </para>
        </talk.start>
      </speech>
      <speech>
        <talk.start>
          <talker>
            <page.no>603</page.no>
            <time.stamp />
            <name.id>KKR</name.id>
            <electorate>Western Australia</electorate>
            <party />
            <role />
            <in.gov>0</in.gov>
            <first.speech>0</first.speech>
            <name role="metadata">FRASER, James</name>
            <name role="display">Senator FRASER</name>
          </talker>
          <para>. - I thank the Minister <inline font-weight="bold">(Senator Foll)</inline> for his statement in regard to compulsory military trainees, but I am still not convinced that the proper thing has been done by these lads. The setting up of medical boards, so that men will not have to travel more than 10 miles does not overcome the difficulty. I particularly instance the gold-fields, and the centres of rural industries, where men have to travel a far greater distance than 10 miles in order to reach the nearest office at which a medical examination may be conducted.These men are losing money thereby; they are not in receipt of wages during the period of their absence in order to undergo a preliminary examination. In the light of these facts, I ask the Minister again to bring the matter to the notice of the Minister for the Army <inline font-weight="bold">(Mr. Spender).</inline> In Western Australia particularly, men are affected in the timber country, the mining areas, and on the different farms. The Government should grant compensation in respect of loss of wages. The men do not enter camp immediately upon passing the medical examination, but have to return to their work until they are called up. </para>
        </talk.start>
        <para class="block">That aspect of the matter should be stressed strongly with the Minister for the Army. I can see no reason for these men being obliged to lose their wages while engaged in the performance of a national duty. </para>
        <interjection>
          <talk.start>
            <talker>
              <page.no>603</page.no>
              <time.stamp />
              <name.id>JZD</name.id>
              <electorate />
              <party />
              <role />
              <in.gov>0</in.gov>
              <first.speech>0</first.speech>
              <name role="metadata">FOLL, Hattil</name>
              <name role="display">Senator Foll</name>
            </talker>
            <para>-I undertake to do as the honorable senator suggests, and also to bring to the notice of the Minister for Aircraft Production the remarks of <inline font-weight="bold">Senator Armstrong.</inline></para>
          </talk.start>
        </interjection>
        <para>Question resolved in the affirmative. </para>
      </speech>
    </debate>
    <debate>
      <debateinfo>
        <title>PAPERS</title>
        <page.no>603</page.no>
        <type>papers</type>
      </debateinfo>
      <para>The following papers were presented :  - </para>
      <quote>
        <para>Arbitration (Public Service) Act - Determinations by the Arbitrator, &#38;c. - </para>
      </quote>
      <para>No. 24 of 1941 - Australian Journalists&#39; Association. </para>
      <para>No. 25 of 1941 - Amalgamated Postal Workers&#39; Union of Australia and others; Arms, Explosives and Munition Workers&#39; Federation of Australia; Commonwealth Storemen and Packers&#39; Union; and Commonwealth Naval Storehousemen&#39;s Association. </para>
      <para>Australian Soldiers&#39; Repatriation Act - Regulations - Statutory Rules 1941, No. 160. </para>
      <para>Commonwealth Public Service Act - </para>
      <para>Appointments - Department of - </para>
      <para>Labour and National Service - G. G. Firth. </para>
      <para>Postmaster -General - B. M. Kennelly. </para>
      <para>Regulations - Statutory Rules 1941, No. 224. </para>
      <para>Defence Act - Royal Military College - Report for 1940. </para>
      <para>Lands Acquisition Act - Land acquired at - </para>
      <para>Benalla, Victoria - For Defence purposes. </para>
      <para>Mortlake, New South Wales - For Defence purposes. </para>
      <para>Narrabeen, New South Wales - For Defence purposes. </para>
      <para>Nowra, New South Wales- For Defence purposes. </para>
      <para>Point Lonsdale, Victoria - For Defence purposes. </para>
      <para>National Security Act - </para>
      <para>National Security (Exchange Control) Regulations - Orders - </para>
      <para>Exemption. </para>
      <para>Sterling Areas (Syria and Lebanon). </para>
      <para>National Security (General) Regulations - Orders - </para>
      <para>Control of lights and traffic (6). </para>
      <para>Control of overseas postal communications (Prisoners of War). </para>
      <para>Control of photography. </para>
      <para>Prohibited places. </para>
      <para>Taking possession of land, &#38;c. ( 32 ) . </para>
      <para>Use of land (9). </para>
      <para>National Security (Internment Camps) Regulations - Camp Rules (3). </para>
      <para>National Security (Prisoners of War) Regulations - Order - Prisoners of War Camp (No. 1). </para>
      <para>New Guinea Act - Ordinances of 1941 - </para>
      <para>No. 15 - Workers&#39; Compensation (No. 2). </para>
      <para>No. 16 - Treasury. </para>
      <para>Quarantine Act - Regulations - Statutory Rules 1941, No. 235. </para>
      <para>Seat of Government Acceptance Act and Seat of Government (Administration) Act- </para>
      <para>Ordinances of 1941 - </para>
      <para>No. 7 - Inflammable Liquids. </para>
      <para>No. 10- Church of England Trust Property. </para>
      <para>No. 11 - Juvenile Offenders. </para>
      <para>No. 12 - Child Welfare Agreement. </para>
      <para>No. 13 - Industrial Board (No. 2). </para>
      <para>No.14 - Seat of Government (Ad ministration) . </para>
      <para>No. 15 - Canberra Community Hospital (No. 2). </para>
      <para>Regulations of 1941 - </para>
      <para>No.6 - (Leases Ordinance). </para>
      <para>No. 7 - (Canberra Community Hospi tal Ordinance). </para>
      <para>No. 8 - (Workmen&#39;s Compensation Ordinance). </para>
      <para>War-time (Company) Tax Assessment Act - Regulations - Statutory Rules 1941, No. 237. </para>
      <para>Senate adjourned at6 p.m. till a date and hour to be fixed by the  President,  and to be notified to each senator by telegram or letter. </para>
    </debate>
  </chamber.xscript>
  <answers.to.questions>
    <debate>
      <debateinfo>
        <title>ANSWERS TO QUESTIONS</title>
        <page.no>604</page.no>
        <type>ANSWERS TO QUESTIONS</type>
      </debateinfo>
      <para class="italic">
        <inline font-style="italic">The following answers to questions were circulated-: -</inline>
      </para>
      <subdebate.1>
        <subdebateinfo>
          <title>Commonwealth Employees&#39; Compensation Act: Flax Industry</title>
          <page.no>604</page.no>
        </subdebateinfo>
        <question>
          <talk.start>
            <talker>
              <page.no>604</page.no>
              <time.stamp />
              <name.id>K0Z</name.id>
              <electorate />
              <party />
              <role />
              <in.gov>0</in.gov>
              <first.speech>0</first.speech>
              <name role="metadata">AYLETT, William</name>
              <name role="display">Senator Aylett</name>
            </talker>
            <para>asked the Minister representing the Treasurer, <inline font-style="italic">upon notice -</inline></para>
          </talk.start>
          <list type="decimal-dotted">
            <item label="1.">
              <para>Are flax employees in Tasmania, when receiving compensation under the Commonwealth Employees&#39; Compensation Act, entitled to medical and nursing expenses when they have been injured in the course of their duty? </para>
            </item>
            <item label="2.">
              <para>Does section 11 of the Commonwealth Employees Compensation Act of 1930 cover such a case? </para>
            </item>
          </list>
        </question>
        <answer>
          <talk.start>
            <talker>
              <page.no>604</page.no>
              <name.id>KOL</name.id>
              <electorate>SOUTH AUSTRALIA</electorate>
              <party>UAP</party>
              <role>Minister for Munitions</role>
              <in.gov>0</in.gov>
              <first.speech>0</first.speech>
              <name role="metadata">MCBRIDE, Philip</name>
              <name role="display">Senator McBride</name>
            </talker>
            <para>- The Treasurer has supplied the following answers: - </para>
          </talk.start>
          <list type="decimal-dotted">
            <item label="1.">
              <para>Section 11 of the Commonwealth Employees Compensation Act provides that, in addition to any compensation payable under the act, the Commonwealth shall pay the cost, not exceeding in any case the sum of &#163;100, of such medical, surgical and hospital treatment in relation to the injury as is, in the opinion of the commissioner (or his delegate), reasonably necessary. The flax employees referred to are therefore entitled to that benefit. </para>
            </item>
            <item label="2.">
              <para>See answer to No. 1. </para>
            </item>
          </list>
        </answer>
      </subdebate.1>
      <subdebate.1>
        <subdebateinfo>
          <title>Compulsory Military Training : Medical Examination</title>
          <page.no>604</page.no>
        </subdebateinfo>
        <question>
          <talk.start>
            <talker>
              <page.no>604</page.no>
              <time.stamp />
              <name.id>K0W</name.id>
              <electorate>NEW SOUTH WALES</electorate>
              <party />
              <role />
              <in.gov>0</in.gov>
              <first.speech>0</first.speech>
              <name role="metadata">ASHLEY, William</name>
              <name role="display">Senator Ashley</name>
            </talker>
            <para>asked the Minister representing the Minister for the Army, <inline font-style="italic">upon notice -</inline></para>
          </talk.start>
          <list type="decimal-dotted">
            <item label="1.">
              <para>Is it a fact that trainees for the Militia are being called up for medical examination twice within two months despite the fact that on the first occasion they may have received first-class passes? </para>
            </item>
            <item label="2.">
              <para>If so, why is no consideration given to the inconvenience and expense caused to the trainees, and also the added cost to the Department of the Army? </para>
            </item>
          </list>
        </question>
        <answer>
          <talk.start>
            <talker>
              <page.no>604</page.no>
              <name.id>JZD</name.id>
              <electorate />
              <party>UAP</party>
              <role />
              <in.gov>0</in.gov>
              <first.speech>0</first.speech>
              <name role="metadata">FOLL, Hattil</name>
              <name role="display">Senator Foll</name>
            </talker>
            <para>- The Minister for the Army has supplied the following answer :  - </para>
          </talk.start>
          <quote>
            <para>Men who are liable to be called up for military service are medically examined at the area in which they enlist. If classified there as Class 1 they are allotted to units. On arrival in camp they are required to go before&#39; a medical board for confirmation of Area Medical Officer&#39;s classification. Men who are considered by Area Medical Officer to be temporarily medically unfit, but whom it is considered would be fit Class 1 within a definite period would be called upon at the end of that period to undergo further medical examination. </para>
          </quote>
        </answer>
      </subdebate.1>
      <subdebate.1>
        <subdebateinfo>
          <title>General Sir Thomas Blamey: Home In Egypt</title>
          <page.no>604</page.no>
        </subdebateinfo>
        <question>
          <talk.start>
            <talker>
              <page.no>604</page.no>
              <time.stamp />
              <name.id>JZH</name.id>
              <electorate>NEW SOUTH WALES</electorate>
              <party />
              <role />
              <in.gov>0</in.gov>
              <first.speech>0</first.speech>
              <name role="metadata">AMOUR, Stanley</name>
              <name role="display">Senator Amour</name>
            </talker>
            <para>asked the Minister representing the Minister for the Army, <inline font-style="italic">upon notice -</inline></para>
          </talk.start>
          <list type="decimal-dotted">
            <item label="1.">
              <para>Is it a fact that a home, costing approximately &#163;7,000, was built for General Blarney and Lady Blamey somewhere in Egypt? </para>
            </item>
            <item label="2.">
              <para>If so, who provided the money? </para>
            </item>
          </list>
        </question>
        <answer>
          <talk.start>
            <talker>
              <page.no>604</page.no>
              <name.id>JZD</name.id>
              <electorate />
              <party>UAP</party>
              <role />
              <in.gov>0</in.gov>
              <first.speech>0</first.speech>
              <name role="metadata">FOLL, Hattil</name>
              <name role="display">Senator Foll</name>
            </talker>
            <para>- The Minister for the Army has supplied the following answers :  - </para>
          </talk.start>
          <list type="decimal-dotted">
            <item label="1.">
              <para>No. </para>
            </item>
            <item label="2.">
              <para>See answer to 1. </para>
            </item>
          </list>
        </answer>
      </subdebate.1>
      <subdebate.1>
        <subdebateinfo>
          <title>Bendigo Showgrounds</title>
          <page.no>604</page.no>
        </subdebateinfo>
        <question>
          <talk.start>
            <talker>
              <page.no>604</page.no>
              <time.stamp />
              <name.id>L8E</name.id>
              <electorate>VICTORIA</electorate>
              <party />
              <role />
              <in.gov>0</in.gov>
              <first.speech>0</first.speech>
              <name role="metadata">CAMERON, Donald</name>
              <name role="display">Senator Cameron</name>
            </talker>
            <para>asked the Minister representing the Minister for the Army, <inline font-style="italic">upon notice -</inline></para>
          </talk.start>
          <quote>
            <para>What amount of money, if any, is being paid by the Army Department as rent to the Bendigo Agricultural Society for the use of its showgrounds as a military camp. </para>
          </quote>
        </question>
        <answer>
          <talk.start>
            <talker>
              <page.no>604</page.no>
              <name.id>JZD</name.id>
              <electorate />
              <party>UAP</party>
              <role />
              <in.gov>0</in.gov>
              <first.speech>0</first.speech>
              <name role="metadata">FOLL, Hattil</name>
              <name role="display">Senator Foll</name>
            </talker>
            <para>- The Minister for the Army state&#39; that compensation for use of the Bendigo Showgrounds for the year ending the 30th June, 1942, is &#163;589, payable quarterly. </para>
          </talk.start>
        </answer>
      </subdebate.1>
      <subdebate.1>
        <subdebateinfo>
          <title>Wool Prices</title>
          <page.no>605</page.no>
        </subdebateinfo>
        <question>
          <talk.start>
            <talker>
              <page.no>605</page.no>
              <time.stamp />
              <name.id>K6N</name.id>
              <electorate>WESTERN AUSTRALIA</electorate>
              <party />
              <role />
              <in.gov>0</in.gov>
              <first.speech>0</first.speech>
              <name role="metadata">CLOTHIER, Robert</name>
              <name role="display">Senator Clothier</name>
            </talker>
            <para>asked the Minister representing the Acting Minister for Commerce, <inline font-style="italic">upon notice -</inline></para>
          </talk.start>
          <quote>
            <para>With reference to the early departure of SirEarle Page for London, and having regard to the substantial increase in the costs of wool production in Australia - what action, if any, has the Government taken with the British Government to have a review of wool prices for the purpose of enabling continued production in Australia of wool without loss to the growers. </para>
          </quote>
        </question>
        <answer>
          <talk.start>
            <talker>
              <page.no>605</page.no>
              <name.id>KOL</name.id>
              <electorate />
              <party>UAP</party>
              <role />
              <in.gov>0</in.gov>
              <first.speech>0</first.speech>
              <name role="metadata">MCBRIDE, Philip</name>
              <name role="display">Senator McBride</name>
            </talker>
            <para>- The Acting Minister for Commerce has supplied the following answer: - </para>
          </talk.start>
          <quote>
            <para>The arrangement made with the United Kingdom provides that either Government may initiate in May of any year a review of the agreement, particularly in relation to the price. In view of the great advantage conferred on Australian wool-growers by the guarantee of purchase of their totalwool clip for the term of the war and one year thereafter, and the heavy financial responsibility which will rest on the United Kingdom Government in respect of unsold stocks, the Commonwealth Government has not heretofore sought a review of the price. The right remains, however, to initiate a review in May of any future year. It is, of course, possible that, at any review, the United Kingdom Government might seek a reduction in price. </para>
          </quote>
        </answer>
      </subdebate.1>
      <subdebate.1>
        <subdebateinfo>
          <title>Royal Australianair Force: Education Scheme</title>
          <page.no>605</page.no>
        </subdebateinfo>
        <question>
          <talk.start>
            <talker>
              <page.no>605</page.no>
              <time.stamp />
              <name.id>K0N</name.id>
              <electorate>NEW SOUTH WALES</electorate>
              <party />
              <role />
              <in.gov>0</in.gov>
              <first.speech>0</first.speech>
              <name role="metadata">ARNOLD, James</name>
              <name role="display">Senator Arnold</name>
            </talker>
            <para>asked the Minister representing  the  Minister for Air; <inline font-style="italic">upon notice -</inline></para>
          </talk.start>
          <quote>
            <para>Would the Minister inform the Senate what progress has been made with the education scheme organized by Flight Lieutenant McLean in the Royal Australian Air Force, the curriculum decided upon, and the tutors engaged upon this work. </para>
          </quote>
        </question>
        <answer>
          <talk.start>
            <talker>
              <page.no>605</page.no>
              <name.id>JZD</name.id>
              <electorate />
              <party>UAP</party>
              <role />
              <in.gov>0</in.gov>
              <first.speech>0</first.speech>
              <name role="metadata">FOLL, Hattil</name>
              <name role="display">Senator Foll</name>
            </talker>
            <para>- The Minister for Air has supplied the following answer :  - </para>
          </talk.start>
          <quote>
            <para>A rehabilitation scheme for members of the Royal Australian Air Force has been approved in principle. The implementationof the scheme, including the precise details of the curriculum and the tutors to be engaged upon the work is now awaiting the selection and appointment of a suitable person to take charge of the scheme. </para>
            <para>The importance and nature of the scheme is such that the selection of a man to take charge of it is of the utmost importance, and it is expected that a suitable appointee will be obtained in the near future. In the meantime, certain preliminary work has been and  is  being done by Flight Lieutenant McLean who is a junior officer on the Education Staff of the Royal Australian Air Force. When the appointment of the officer to take charge of the scheme has been made, the preliminary work which has already been done will be  Rifted  and co-ordinated and the scheme put into operation without delay. </para>
          </quote>
        </answer>
      </subdebate.1>
      <subdebate.1>
        <subdebateinfo>
          <title>Launceston Munitions Annexe</title>
          <page.no>605</page.no>
        </subdebateinfo>
        <question>
          <talk.start>
            <talker>
              <page.no>605</page.no>
              <time.stamp />
              <name.id>KQF</name.id>
              <electorate>TASMANIA</electorate>
              <party />
              <role />
              <in.gov>0</in.gov>
              <first.speech>0</first.speech>
              <name role="metadata">LAMP, Charles</name>
              <name role="display">Senator Lamp</name>
            </talker>
            <para>asked the Minister for Munitions, upon notice - </para>
          </talk.start>
          <list type="decimal-dotted">
            <item label="1.">
              <para>Is the necessary machinery available for the munitions annexe at the Launceston Railway Work Shops? </para>
            </item>
            <item label="2.">
              <para>If so, when will installation, commence? </para>
            </item>
          </list>
        </question>
        <answer>
          <talk.start>
            <talker>
              <page.no>605</page.no>
              <name.id>KOL</name.id>
              <electorate />
              <party>UAP</party>
              <role />
              <in.gov>0</in.gov>
              <first.speech>0</first.speech>
              <name role="metadata">MCBRIDE, Philip</name>
              <name role="display">Senator McBride</name>
            </talker>
            <para>- The answers to the honorable senator&#39;s questions are as follows :  - </para>
          </talk.start>
          <list type="decimal-dotted">
            <item label="1.">
              <para>and 2. Approximately 70 per cent, of machine tools have been received and installed. The balance (30 per cent.) is scheduled for delivery by the end of September and will be installed as each item  is  received at the annexe.  voluntaryaid Detachments. </para>
            </item>
          </list>
        </answer>
        <question>
          <talk.start>
            <talker>
              <page.no>605</page.no>
              <time.stamp />
              <name.id>KQF</name.id>
              <electorate />
              <party />
              <role />
              <in.gov>0</in.gov>
              <first.speech>0</first.speech>
              <name role="metadata">LAMP, Charles</name>
              <name role="display">Senator Lamp</name>
            </talker>
            <para>asked the Minister representing the Minister for the Army, <inline font-style="italic">upon notice -</inline></para>
          </talk.start>
          <quote>
            <para>What are the salaries and allowances paid to members of the nursing staff of the Australian Imperial Force, and to Voluntary Aid Detachments ?. </para>
          </quote>
        </question>
        <answer>
          <talk.start>
            <talker>
              <page.no>605</page.no>
              <name.id>JZD</name.id>
              <electorate />
              <party>UAP</party>
              <role />
              <in.gov>0</in.gov>
              <first.speech>0</first.speech>
              <name role="metadata">FOLL, Hattil</name>
              <name role="display">Senator Foll</name>
            </talker>
            <para>- The Minister for the. Army has supplied the following answer :  - </para>
          </talk.start>
        </answer>
        <para class="block">
          <graphic href="168332194110010_7_0.jpg" />
        </para>
        <para class="block">
          <graphic href="168332194110010_8_0.jpg" />
        </para>
        <para>Nurses&#39; Dependants Allowance. - Amounts not exceeding 3s. where only one dependant, and not exceeding 5s. 6d. where there are two dependants, are payable, and, in addition, an amount not exceeding1s. 6d. is available for each additional dependant. The foregoing amounts are payable only in cases of satisfactory proof of dependence on the member. </para>
        <para>Nurses and Voluntary Aid Detachments - Field Allowance. -1s. 6d. per day is paid when serving abroad or when in camp or bivouac in Australia. </para>
        <para>Nurses - Outfit and Uniform Allowance. - If appointed - (1) For service outside Australia shall be paid &#163;40; (2) For continuous fulltime duty in Australia - (a) At a camp dressing station or a military hospital, &#163;20; (b) For employment on administrative duties at Army Head-quarters, or at the head-quarters of a command or military district, &#163;13. An annual maintenance allowance of &#163;5 is allowed. </para>
        <para>Voluntary Air Detachments - Outfit and Uniform Allowance. - &#163;37 is authorized for purchase, with an annual maintenance allowance of &#163;5.  against recently in a Tasmanian police court on a charge of gross disloyalty? Is it a fact that, in accordance with an instruction issued by the AttorneyGeneral of Tasmania, the proceedings in connexion with the prosecution were discontinued? If so. will the honorable gentleman endeavour to ascertain why such an instruction was issued? </para>
        <question>
          <talk.start>
            <talker>
              <page.no>606</page.no>
              <time.stamp />
              <name.id>10000</name.id>
              <electorate />
              <party />
              <role />
              <in.gov>0</in.gov>
              <first.speech>0</first.speech>
              <name role="metadata" />
              <name role="display">Mr SPENDER</name>
            </talker>
            <para>R. - A prosecution was commenced by the State police of Tasmania against the man Paddon mentioned by the honorable member, and after an adjournment the proceedings were ultimately adjourned <inline font-style="italic">sine die.</inline> On whose instructions that was done I do not know, but the result was, I understand, the discontinuance of the action. I shall institute inquiries in order to ascertain on whose instructions the prosecution was discontinued. </para>
          </talk.start>
        </question>
      </subdebate.1>
    </debate>
  </answers.to.questions>
</hansard>
