<?xml version="1.0" encoding="utf-8"?>
<hansard xsi:noNamespaceSchemaLocation="../../hansard.xsd" version="2.1" xmlns:xsi="http://www.w3.org/2001/XMLSchema-instance">
  <session.header>
    <date>1941-08-27</date>
    <parliament.no>16</parliament.no>
    <session.no>1</session.no>
    <period.no>4</period.no>
    <chamber>SENATE</chamber>
    <page.no>169</page.no>
    <proof>0</proof>
  </session.header>
  <chamber.xscript>
    <para class="block">Senate. </para>
    <business.start>
      <day.start>1941-08-27</day.start>
      <para>The <inline font-weight="bold">President (Senator the Hon. J. Cunningham)</inline> took the chair at 3 p.m., and read prayers. </para>
    </business.start>
    <debate>
      <debateinfo>
        <title>COMMITTEE OF DISPUTED RETURNS AND QUALIFICATIONS</title>
        <page.no>169</page.no>
        <type>miscellaneous</type>
      </debateinfo>
      <para>The  PRESIDENT  read and laid on the table his warrant appointing <inline font-weight="bold">Senator Sampson</inline> a member of the Committee of Disputed Returns and Qualifications to fill a vacancy existing on the committee. </para>
    </debate>
    <debate>
      <debateinfo>
        <title>QUESTION</title>
        <page.no>169</page.no>
        <type>Questions</type>
      </debateinfo>
      <subdebate.1>
        <subdebateinfo>
          <title>PRODUCTION OF MAGNESIUM</title>
          <page.no>169</page.no>
        </subdebateinfo>
        <speech>
          <talk.start>
            <talker>
              <page.no>169</page.no>
              <time.stamp />
              <name.id>K0Z</name.id>
              <electorate>TASMANIA</electorate>
              <party />
              <role />
              <in.gov>0</in.gov>
              <first.speech>0</first.speech>
              <name role="metadata">AYLETT, William</name>
              <name role="display">Senator AYLETT</name>
            </talker>
            <para>- Six months ago the Minister for Supply and Development informed the Senate that Broken Hill Proprietary Company Limited would be producing magnesium about the middle of this year. Can the Minister now inform the Senate how much magnesium, if any, has been produced? If none has been produced, has any factory,machinery, or other equipment been installed for its production? If not, have any plans been made by Broken Hill Proprietary Company Limited or the Government for the production of magnesium in Australia ? </para>
          </talk.start>
        </speech>
        <speech>
          <talk.start>
            <talker>
              <page.no>169</page.no>
              <time.stamp />
              <name.id>KOL</name.id>
              <electorate>SOUTH AUSTRALIA</electorate>
              <party>UAP</party>
              <role>Minister for Munitions</role>
              <in.gov>1</in.gov>
              <first.speech>0</first.speech>
              <name role="metadata">MCBRIDE, Philip</name>
              <name role="display">Senator McBRIDE</name>
            </talker>
            <para>- Broken Hill Proprietary Company Limited has a plant in operation, and it has produced magnesium. I shall ascertain the quantity produced, and shall supply the information to the honorable senator. </para>
          </talk.start>
          <continue>
            <talk.start>
              <talker>
                <page.no>169</page.no>
                <time.stamp />
                <name.id>K0Z</name.id>
                <electorate />
                <party />
                <role />
                <in.gov>0</in.gov>
                <first.speech>0</first.speech>
                <name role="metadata">AYLETT, William</name>
                <name role="display">Senator AYLETT</name>
              </talker>
              <para>- Was the magnesium to which the Minister has referred produced by a pilot plant, or was it manufactured on a commercial scale? </para>
            </talk.start>
          </continue>
          <continue>
            <talk.start>
              <talker>
                <page.no>169</page.no>
                <time.stamp />
                <name.id>KOL</name.id>
                <electorate />
                <party />
                <role />
                <in.gov>0</in.gov>
                <first.speech>0</first.speech>
                <name role="metadata">MCBRIDE, Philip</name>
                <name role="display">Senator McBRIDE</name>
              </talker>
              <para>- It was produced by means of an industrial plant of a substantial capacity. </para>
            </talk.start>
          </continue>
        </speech>
      </subdebate.1>
    </debate>
    <debate>
      <debateinfo>
        <title>QUESTION</title>
        <page.no>169</page.no>
        <type>Questions</type>
      </debateinfo>
      <subdebate.1>
        <subdebateinfo>
          <title>MINISTER FOR INFORMATION</title>
          <page.no>169</page.no>
        </subdebateinfo>
        <speech>
          <talk.start>
            <talker>
              <page.no>169</page.no>
              <time.stamp />
              <name.id>K0P</name.id>
              <electorate>NEW SOUTH WALES</electorate>
              <party />
              <role />
              <in.gov>0</in.gov>
              <first.speech>0</first.speech>
              <name role="metadata">ARTHUR, Thomas</name>
              <name role="display">Senator ARTHUR</name>
            </talker>
            <para>- Will the Minister for Information inform the Senate whether, during his visit to Bali and Singapore, he found that the flavour of peanuts was improved when eaten from agold plate? </para>
          </talk.start>
        </speech>
        <speech>
          <talk.start>
            <talker>
              <page.no>169</page.no>
              <time.stamp />
              <name.id>JZD</name.id>
              <electorate>QUEENSLAND</electorate>
              <party>UAP</party>
              <role>Minister for the Interior</role>
              <in.gov>1</in.gov>
              <first.speech>0</first.speech>
              <name role="metadata">FOLL, Hattil</name>
              <name role="display">Senator FOLL</name>
            </talker>
            <para>- The question is a stupid one. </para>
          </talk.start>
        </speech>
      </subdebate.1>
    </debate>
    <debate>
      <debateinfo>
        <title>QUESTION</title>
        <page.no>169</page.no>
        <type>Questions</type>
      </debateinfo>
      <subdebate.1>
        <subdebateinfo>
          <title>GOVERNMENT EMPLOYMENT</title>
          <page.no>169</page.no>
        </subdebateinfo>
        <speech>
          <talk.start>
            <talker>
              <page.no>169</page.no>
              <time.stamp />
              <name.id>K0C</name.id>
              <electorate>NEW SOUTH WALES</electorate>
              <party />
              <role />
              <in.gov>0</in.gov>
              <first.speech>0</first.speech>
              <name role="metadata">ARMSTRONG, John Ignatius</name>
              <name role="display">Senator ARMSTRONG</name>
            </talker>
            <para>- I recently asked the Leader of the Senate if he could supply the names of those persons whose services were being used by the Commonwealth Government, but whose remunerations were not wholly paid by it. As the information is not yet to hand, I should like to know if the Minister intends to supply an answer to my question. </para>
          </talk.start>
        </speech>
        <speech>
          <talk.start>
            <talker>
              <page.no>169</page.no>
              <time.stamp />
              <name.id>KUA</name.id>
              <electorate>SOUTH AUSTRALIA</electorate>
              <party>UAP</party>
              <role>Vice-President of the Executive Council</role>
              <in.gov>1</in.gov>
              <first.speech>0</first.speech>
              <name role="metadata">MCLEAY, George</name>
              <name role="display">Senator McLEAY</name>
            </talker>
            <para>- The matter has been referred to the Prime Minister&#39;s Department, and I shall ascertain whether the department proposes to supply an answer. I understand that the reply formerly given was that the information would be supplied as soon as possible. An enormous volume of work is entailed by inquiries of this kind, and I dare say the department is putting first things first. </para>
          </talk.start>
        </speech>
      </subdebate.1>
    </debate>
    <debate>
      <debateinfo>
        <title>QUESTION</title>
        <page.no>169</page.no>
        <type>Questions</type>
      </debateinfo>
      <subdebate.1>
        <subdebateinfo>
          <title>PAIRS</title>
          <page.no>169</page.no>
        </subdebateinfo>
        <speech>
          <talk.start>
            <talker>
              <page.no>169</page.no>
              <time.stamp />
              <name.id>KE4</name.id>
              <electorate>VICTORIA</electorate>
              <party />
              <role />
              <in.gov>0</in.gov>
              <first.speech>0</first.speech>
              <name role="metadata">KEANE, Richard</name>
              <name role="display">Senator KEANE</name>
            </talker>
            <para>- Will you, <inline font-weight="bold">Mr. President,</inline> examine the method by which pairs are listed in the <inline font-style="italic">Hansard</inline> reports of the proceedings in this chamber? On a number of occasions I have given a pair, but the fact that I have paired has not been shown in the <inline font-style="italic">Hansard</inline> record. On one occasion my name did not appear either in the division list or the list of pairs. </para>
          </talk.start>
        </speech>
        <speech>
          <talk.start>
            <talker>
              <page.no>169</page.no>
              <time.stamp />
              <name.id>10000</name.id>
              <electorate />
              <party />
              <role />
              <in.gov>0</in.gov>
              <first.speech>0</first.speech>
              <name role="metadata">PRESIDENT, The</name>
              <name role="display">The PRESIDENT</name>
            </talker>
            <para>- I shall have inquiries made, and the honorable senator will be furnished with a reply later. </para>
          </talk.start>
        </speech>
      </subdebate.1>
    </debate>
    <debate>
      <debateinfo>
        <title>QUESTION</title>
        <page.no>169</page.no>
        <type>Questions</type>
      </debateinfo>
      <subdebate.1>
        <subdebateinfo>
          <title>CONVERSION LOAN</title>
          <page.no>169</page.no>
        </subdebateinfo>
        <speech>
          <talk.start>
            <talker>
              <page.no>169</page.no>
              <time.stamp />
              <name.id>JTR</name.id>
              <electorate>TASMANIA</electorate>
              <party />
              <role />
              <in.gov>0</in.gov>
              <first.speech>0</first.speech>
              <name role="metadata">DARCEY, Richard</name>
              <name role="display">Senator DARCEY</name>
            </talker>
            <para>- Will the Minister representing the Treasurer obtain the information sought by me recently regarding the Commonwealth conversion loan that was floated on the London market on the 21st June last? I asked to be informed as to the conversion costs, and why the loan was issued at &#163;99 instead of at &#163;100. </para>
          </talk.start>
        </speech>
        <speech>
          <talk.start>
            <talker>
              <page.no>169</page.no>
              <time.stamp />
              <name.id>KOL</name.id>
              <electorate />
              <party>UAP</party>
              <role />
              <in.gov>1</in.gov>
              <first.speech>0</first.speech>
              <name role="metadata">MCBRIDE, Philip</name>
              <name role="display">Senator McBRIDE</name>
            </talker>
            <para>- The information is not yet to hand, but I shall make inquiries regarding the matter, and endeavour to obtain an answer for the honorable senator. </para>
          </talk.start>
        </speech>
      </subdebate.1>
    </debate>
    <debate>
      <debateinfo>
        <title>QUESTION</title>
        <page.no>170</page.no>
        <type>Questions</type>
      </debateinfo>
      <subdebate.1>
        <subdebateinfo>
          <title>DEPARTMENT OF INFORMATION</title>
          <page.no>170</page.no>
        </subdebateinfo>
        <para>Assistance by Press and Radio Stations. </para>
        <speech>
          <talk.start>
            <talker>
              <page.no>170</page.no>
              <time.stamp />
              <name.id>K7P</name.id>
              <electorate>QUEENSLAND</electorate>
              <party />
              <role />
              <in.gov>0</in.gov>
              <first.speech>0</first.speech>
              <name role="metadata">COLLINGS, Joseph</name>
              <name role="display">Senator COLLINGS</name>
            </talker>
            <para>asked the Minister for Information, <inline font-style="italic">upon notice -</inline></para>
          </talk.start>
          <list type="decimal-dotted">
            <item label="1.">
              <para>What amount, if any, does the press of Australia pay to the Department of Information for the privilege of publishing photographs supplied by the Department? </para>
            </item>
            <item label="2.">
              <para>What amount, if any, do Australian commercial B class broadcasting stations pay to the Department of Information for the privilege of broadcasting material supplied by the department? </para>
            </item>
          </list>
        </speech>
        <speech>
          <talk.start>
            <talker>
              <page.no>170</page.no>
              <time.stamp />
              <name.id>JZD</name.id>
              <electorate />
              <party>UAP</party>
              <role />
              <in.gov>1</in.gov>
              <first.speech>0</first.speech>
              <name role="metadata">FOLL, Hattil</name>
              <name role="display">Senator FOLL</name>
            </talker>
            <para>- The answers to the honorable senator&#39;s questions are as follows :  - </para>
          </talk.start>
          <list type="decimal-dotted">
            <item label="1.">
              <para>The newspapers of Australia do not pay the Department of Information for the privilege of publishing photographs supplied by the department. </para>
            </item>
            <item label="2.">
              <para>The Australian commercial B class broad- . casting stations do not pay the Department of Information for the privilege of broadcasting material supplied by the department. </para>
            </item>
          </list>
          <para class="block">I desire to add that the department regards the publication of these photographs to be of great value as propaganda, and as a means of disseminating information. The B class radio stations also are assisting the war effort considerably by arranging for free broadcasts in favour of recruiting, the value of which cannot be assessed in terms of money. </para>
        </speech>
      </subdebate.1>
    </debate>
    <debate>
      <debateinfo>
        <title>QUESTION</title>
        <page.no>170</page.no>
        <type>Questions</type>
      </debateinfo>
      <subdebate.1>
        <subdebateinfo>
          <title>ARMY FIREWOOD CONTRACTS</title>
          <page.no>170</page.no>
        </subdebateinfo>
        <speech>
          <talk.start>
            <talker>
              <page.no>170</page.no>
              <time.stamp />
              <name.id>K0P</name.id>
              <electorate />
              <party />
              <role />
              <in.gov>0</in.gov>
              <first.speech>0</first.speech>
              <name role="metadata">ARTHUR, Thomas</name>
              <name role="display">Senator ARTHUR</name>
            </talker>
            <para>asked the Minister for Supply and Development, <inline font-style="italic">upon notice -</inline></para>
          </talk.start>
          <list type="decimal-dotted">
            <item label="1.">
              <para>What was the price paid for firewood delivered duringDecember, 1940, and January and February, 1941, to military camps at South Head, Mosman, North Head, Showground, and other places within a 15-miles radius of Macquarie-place, Sydney. </para>
            </item>
            <item label="2.">
              <para>What is the present contract price for firewood delivered at the above camps? </para>
            </item>
            <item label="3.">
              <para>What is the present price paid for firewood delivered to the following defence camps: - Walgrove, Ingleburn, Liverpool, Holdsworthy, Narellan, Richmond, and Bankstown, all in New South Wales? </para>
            </item>
            <item label="4.">
              <para>Is the price paid for firewood delivered to military camps based on the cost-plus system of costing? </para>
            </item>
            <item label="5.">
              <para>If the answer to No. 4 is in the affirmative, what are the sectional costs paid in respect of royalty, cutters, bush to mill, sawyers, and delivery to eachindividual camp? </para>
            </item>
          </list>
        </speech>
        <speech>
          <talk.start>
            <talker>
              <page.no>170</page.no>
              <time.stamp />
              <name.id>KUA</name.id>
              <electorate />
              <party>UAP</party>
              <role />
              <in.gov>1</in.gov>
              <first.speech>0</first.speech>
              <name role="metadata">MCLEAY, George</name>
              <name role="display">Senator McLEAY</name>
            </talker>
            <para>- The answers to the honorable senator&#39;s questions are as follows :  - </para>
          </talk.start>
          <list type="decimal-dotted">
            <item label="1.">
              <para>At South Head, Mosman and North Head prices for December, 1940, and January and February, 1941, were constant at 35s. a ton. At the Showground 26s. for December, 1940, and 23s. for January and February, 1941. </para>
            </item>
            <item label="2.">
              <para>All places, 30s. </para>
            </item>
            <item label="3.">
              <para>Walgrove 26s. 6d., Ingleburn, Liverpool, Holdsworthy, and Narellan 21s. The contract for Richmond was at the rate of 20s. until April when it expired. Since the date of expiration, firewood has been purchased under local authority on the open market at prices varying between 20s. and 24s. a ton. Bankstown, 28s.0d. </para>
            </item>
            <item label="4.">
              <para>No. </para>
            </item>
            <item label="5.">
              <para>See 4. </para>
            </item>
          </list>
        </speech>
      </subdebate.1>
    </debate>
    <debate>
      <debateinfo>
        <title>QUESTION</title>
        <page.no>170</page.no>
        <type>Questions</type>
      </debateinfo>
      <subdebate.1>
        <subdebateinfo>
          <title>INCOME TAX DEDUCTIONS</title>
          <page.no>170</page.no>
        </subdebateinfo>
        <speech>
          <talk.start>
            <talker>
              <page.no>170</page.no>
              <time.stamp />
              <name.id>K0Z</name.id>
              <electorate />
              <party />
              <role />
              <in.gov>0</in.gov>
              <first.speech>0</first.speech>
              <name role="metadata">AYLETT, William</name>
              <name role="display">Senator AYLETT</name>
            </talker>
            <para>asked the Minister representing the Treasurer, <inline font-style="italic">upon notice -</inline></para>
          </talk.start>
          <list type="decimal-dotted">
            <item label="1.">
              <para>Has any regulation been made abolishing exemptions allowed over and above a wife and one child for income tax purposes? </para>
            </item>
            <item label="2.">
              <para>If not, who instructed the Commissioner of Taxation to circularize taxpayers to the effect that the only family deductions allowed are for a wife and one child; and under whose authority were such instructions issued? </para>
            </item>
            <item label="3.">
              <para>If the reply to No. 1 is in the affirmative, is it not a grave injustice to the taxpayers to disallow such deductions on last year&#39;s return, seeing that child endowment was not in operation in 1940-41? </para>
            </item>
          </list>
        </speech>
        <speech>
          <talk.start>
            <talker>
              <page.no>170</page.no>
              <time.stamp />
              <name.id>KOL</name.id>
              <electorate />
              <party>UAP</party>
              <role />
              <in.gov>1</in.gov>
              <first.speech>0</first.speech>
              <name role="metadata">MCBRIDE, Philip</name>
              <name role="display">Senator McBRIDE</name>
            </talker>
            <para>- The Treasurer has supplied the following answers - </para>
          </talk.start>
          <list type="decimal-dotted">
            <item label="1.">
              <para>No such regulation has been made. </para>
            </item>
            <item label="2.">
              <para>The Commissioner of Taxation did not so circularize taxpayers. The Treasury Department, however, has circularized all paying officers in the Commonwealth Public Service to limit the concessional deductions to the wife and one child when calculating the instalment deduction to be made for purposes of the Commonwealth Public Service group scheme. It has been done with the Treasurer&#39;s authority. Pending an amendment of the law, however, deductions for all dependent children will be allowed in any actual assessments which may be made. </para>
            </item>
            <item label="3.">
              <para>The approval set out in No. 2 does not do any grave injustice to any taxpayer having regard to the group scheme of instalment deductions. </para>
            </item>
          </list>
        </speech>
      </subdebate.1>
    </debate>
    <debate>
      <debateinfo>
        <title>QUESTION</title>
        <page.no>170</page.no>
        <type>Questions</type>
      </debateinfo>
      <subdebate.1>
        <subdebateinfo>
          <title>PORT AUGUSTA TO PERTH TELEPHONE SERVICE</title>
          <page.no>170</page.no>
        </subdebateinfo>
        <speech>
          <talk.start>
            <talker>
              <page.no>170</page.no>
              <time.stamp />
              <name.id>KP8</name.id>
              <electorate>WESTERN AUSTRALIA</electorate>
              <party />
              <role />
              <in.gov>0</in.gov>
              <first.speech>0</first.speech>
              <name role="metadata">JOHNSTON, Edward</name>
              <name role="display">Senator E B JOHNSTON</name>
            </talker>
            <para>asked the Minister representing the PostmasterGeneral, <inline font-style="italic">upon notice -</inline></para>
          </talk.start>
          <quote>
            <para>With reference to the proposed second telephone wire between Perth and Port Augusta, which has been approved, when will the extra wire be installed? </para>
          </quote>
        </speech>
        <speech>
          <talk.start>
            <talker>
              <page.no>171</page.no>
              <time.stamp />
              <name.id>KUA</name.id>
              <electorate />
              <party>UAP</party>
              <role />
              <in.gov>1</in.gov>
              <first.speech>0</first.speech>
              <name role="metadata">MCLEAY, George</name>
              <name role="display">Senator McLEAY</name>
            </talker>
            <para>- The PostmasterGeneral has supplied the following answer :  - </para>
          </talk.start>
          <quote>
            <para>It is not possible to indicate at present when the installation of additional telephone and telegraph channels between Adelaide and Perth can be undertaken for the reason that the War Cabinet in authorizing the project as a defence measure stipulated that the work could be carried out only if it did not interfere with or delay more important defence communication requirements which must be given priority in respect of supplies of essential materials. The position regarding the supply of materials for the Adelaide-Perth proposal is now being examined and the honorable senator may rest assured that the work will bo proceeded with at the earliest possible moment. </para>
          </quote>
        </speech>
      </subdebate.1>
    </debate>
    <debate>
      <debateinfo>
        <title>QUESTION</title>
        <page.no>171</page.no>
        <type>Questions</type>
      </debateinfo>
      <subdebate.1>
        <subdebateinfo>
          <title>ROYAL AUSTRALIAN AIR FORCE</title>
          <page.no>171</page.no>
        </subdebateinfo>
        <para>Rehabilitation of Airmen in Civil Life. </para>
        <speech>
          <talk.start>
            <talker>
              <page.no>171</page.no>
              <time.stamp />
              <name.id>JQP</name.id>
              <electorate>QUEENSLAND</electorate>
              <party />
              <role />
              <in.gov>0</in.gov>
              <first.speech>0</first.speech>
              <name role="metadata">COOPER, Walter</name>
              <name role="display">Senator COOPER</name>
            </talker>
            <para>asked the Minister representing the Minister for Air, <inline font-style="italic">upon notice -</inline></para>
          </talk.start>
          <list type="decimal-dotted">
            <item label="1.">
              <para>What provision is made for an airman of the Royal Australian Air Force who has given up his occupation, passed the necessary training and, while stationed at Canberra, has developed goitre, thus becoming medically unfit for service in any military capacity? </para>
            </item>
            <item label="2.">
              <para>If such a person is rejected by the Repatriation Department on the grounds of his disability not having been contracted on war service, what action is taken by the Government to rehabilitate such a case  in  civil life? </para>
            </item>
          </list>
        </speech>
        <speech>
          <talk.start>
            <talker>
              <page.no>171</page.no>
              <time.stamp />
              <name.id>JZD</name.id>
              <electorate />
              <party>UAP</party>
              <role />
              <in.gov>1</in.gov>
              <first.speech>0</first.speech>
              <name role="metadata">FOLL, Hattil</name>
              <name role="display">Senator FOLL</name>
            </talker>
            <para>- The Minister for Air has supplied the following answers :  - </para>
          </talk.start>
          <list type="decimal-dotted">
            <item label="1.">
              <para>If his service was wholly  in  Australia, even though enlisted for service at home or abroad,  it  would be necessary before there is any responsibility under the Australian Soldiers&#39; Repatriation Act for the disability to be regarded as directly attributable to his employment as a member of the Forces, but if he served for at leastsix months, and the conditions of his war service contributed  in  any material degree to his incapacity (provided the disability was not due to his default or wilful act), responsibility may be accepted by the Repatriation Commission for treatment or war pension. </para>
            </item>
            <item label="2.">
              <para>Provision exists for assistance to obtain employment and for the payment of sustenance for members who have served overseas with satisfactory record and the Government is now considering the scope and nature of assistance in placement and training of other discharged members of the Forces. </para>
            </item>
          </list>
        </speech>
      </subdebate.1>
    </debate>
    <debate>
      <debateinfo>
        <title>HOUR OF MEETING</title>
        <page.no>171</page.no>
        <type>miscellaneous</type>
      </debateinfo>
      <para>Motion (by <inline font-weight="bold">Senator McLeay)</inline> agreed to - </para>
      <quote>
        <para>That the Senate, at its  rising, adjourn  till to-morrow at 2 p.m. </para>
      </quote>
    </debate>
    <debate>
      <debateinfo>
        <title>ADJOURNMENT</title>
        <page.no>171</page.no>
        <type>adjournment</type>
      </debateinfo>
      <para>&#34; Official History of Australia in the War of 1914-1918 &#34; - Conversion Loan - Port Augusta to Norseman Military Road. </para>
      <para>Motion (by <inline font-weight="bold">Senator McLeay)</inline> proposed - </para>
      <quote>
        <para>That the Senate do now adjourn. </para>
      </quote>
      <speech>
        <talk.start>
          <talker>
            <page.no>171</page.no>
            <time.stamp />
            <name.id>JZD</name.id>
            <electorate>Queensland</electorate>
            <party>UAP</party>
            <role>Minister for the Interior</role>
            <in.gov>1</in.gov>
            <first.speech>0</first.speech>
            <name role="metadata">FOLL, Hattil</name>
            <name role="display">Senator FOLL</name>
          </talker>
          <para>. - On the 21st August, <inline font-weight="bold">Senator Lamp</inline> asked when volume No. 6 of the <inline font-style="italic">Official History of Australia in the War of</inline> 1914-1918 would be published. </para>
        </talk.start>
        <para>The following reply has been furnished by the Minister for the Army: - </para>
        <quote>
          <para>The delay in the production of the final volume of the Australian official history of the last war has been largely due to the fact that the official historian was for some months employed by the Government on important work connected with the present war. He is, however, now completing the last chapter of the volume, most of which is already in the hands of the printer, and  it  is anticipated that the book will be published in December. For the information of the honorable senator it should perhaps be mentioned that the Australian . official history is, in comparison with histories of similar scope and quality, the most advanced of those of the belligerent nations of the last war. </para>
        </quote>
      </speech>
      <speech>
        <talk.start>
          <talker>
            <page.no>171</page.no>
            <time.stamp />
            <name.id>KOL</name.id>
            <electorate>South Australia</electorate>
            <party>UAP</party>
            <role>Minister for Munitions</role>
            <in.gov>1</in.gov>
            <first.speech>0</first.speech>
            <name role="metadata">MCBRIDE, Philip</name>
            <name role="display">Senator McBRIDE</name>
          </talker>
          <para>. - Some time ago <inline font-weight="bold">Senator Darcy</inline> asked the following questions - </para>
        </talk.start>
        <list type="decimal-dotted">
          <item label="1.">
            <para>What were total conversion  costs  in  connexion  with the Australian loan in June last? </para>
          </item>
          <item label="2.">
            <para>Why was this loan converted at 99 instead of at par? </para>
          </item>
          <item label="3.">
            <para>How much was taken up by the British Government? </para>
          </item>
          <item label="4.">
            <para>Why was the interest rate raised to 4 per cent. ? </para>
          </item>
        </list>
        <para>The Treasurer has furnished the following replies: - </para>
        <list type="decimal-dotted">
          <item label="1.">
            <para>As the operation has only just been concluded, having been spread over the last few months, information regarding cost of  conversion  is not yet available. </para>
          </item>
          <item label="2.">
            <para>The decision to issue the conversion loan at a discount of 1 per cent. was made on the advice of the British Government and the Commonwealth&#39;s financial advisers in London, having regard to market prices of similar securities. </para>
          </item>
          <item label="3.">
            <para>In a normal conversion loan new cash is sought to pay off those holders who do not convert. In view of the special nature of this transaction, new cash was not asked for, but the British Government has agreed to lend the Commonwealth the money required to redeem the securities of those holders who do not convert. The amount involved will be approximately &#163;6,000,000. </para>
          </item>
          <item label="4.">
            <para>The interest rate on the new loan is 3&#189;, per cent. The interest rates on the loans converted were 4&#190; per cent. and5 per cent. </para>
          </item>
        </list>
      </speech>
      <speech>
        <talk.start>
          <talker>
            <page.no>172</page.no>
            <time.stamp />
            <name.id>KP8</name.id>
            <electorate>Western Australia</electorate>
            <party />
            <role />
            <in.gov>0</in.gov>
            <first.speech>0</first.speech>
            <name role="metadata">JOHNSTON, Edward</name>
            <name role="display">Senator E B JOHNSTON</name>
          </talker>
          <para>. - Some months ago the Government made a pronouncement that a military road was to be constructed from Port Augusta to Norseman to connect the eastern States with Western Australia. That pronouncement was received with a good deal of pleasure. I understand that some progress has already been made with this work, but I recall that other main roads required for military purposes, notably the one connecting Port Darwin with the south were very rapidly completed and progress reports were issued from time to time giving details of the work. 1 trust that the Minister for the Interior <inline font-weight="bold">(Senator Foll)</inline> will arrange for this important main military road to the western State to be constructed with the same expedition as was shown by his officers in connexion with other main military roads. I shall be pleased if the Minister will report to the Senate as to the progress being made with this work. </para>
        </talk.start>
        <interjection>
          <talk.start>
            <talker>
              <page.no>172</page.no>
              <time.stamp />
              <name.id>JZD</name.id>
              <electorate />
              <party />
              <role />
              <in.gov>0</in.gov>
              <first.speech>0</first.speech>
              <name role="metadata">FOLL, Hattil</name>
              <name role="display">Senator Foll</name>
            </talker>
            <para>- I shall make inquiries and inform the honorable senator in regard to the matter. </para>
          </talk.start>
        </interjection>
        <para>Question resolved in the affirmative. </para>
      </speech>
    </debate>
    <debate>
      <debateinfo>
        <title>PAPERS</title>
        <page.no>172</page.no>
        <type>papers</type>
      </debateinfo>
      <para>The following papers were pre sented :  - </para>
      <para>Nauru - Report to the Council of the League of Nations on the Administration of Nauru, during the year 1940. </para>
      <para>Commonwealth Public Service Act - AppointmentsDapartment of - </para>
      <para>Civil Aviation- C. H. Tuckfleld. </para>
      <para>Commerce - W. M. Carne. </para>
      <para>Customs Act - Proclamation, dated 20th August, 1941, prohibiting the exportation (except under certain conditions) of Antiques; Fur skins, dressed and goods manufactured from fur skins; Jewellery; Pearls; Platinum; Postage Stamps; Precious and semi-precious stones; Watches with cases of precious metal; Works of art. </para>
      <para>Defence Act - Regulations - Statutory Rules 1941, No. 205. </para>
      <para>National Security Act- </para>
      <para>Butter and Cheese Acquisition RegulationsOrder - Acquisition of cheese. </para>
      <para>National Security (General) Regulations - Orders - </para>
      <para>Control of bootmanufacture. </para>
      <para>Control of flax. </para>
      <para>Control of screw wire. </para>
      <para>Munitions establishments (search). </para>
      <para>Taking possession of land, &#38;c. (83). </para>
      <para>National Security (Liquid Fuel) Regula  tions - Order - Liquid Fuel (Stocks of motor spirit and drums). </para>
      <para>Regulations - Statutory Rules 1941, Nos. 189, 192, 193, 196, 197, 199, 200, 201,  202, 203, 206. </para>
      <para>Northern Territory Acceptance Act and Northern Territory (Administration) Act- </para>
      <para>Ordinances of 1941 - </para>
      <para> No. 11 - Aboriginals. </para>
      <para> No. 12 -Dangerous drugs. </para>
      <para>Regulations of 1941 - </para>
      <para>No. 7 (Marine Ordinance). </para>
      <para>No. 8 (Public Service Ordinance). </para>
    </debate>
    <adjournment>
      <adjournmentinfo>
        <page.no>172</page.no>
        <time.stamp>21:49:00</time.stamp>
      </adjournmentinfo>
      <para>Senate adjourned at 9.49 p.m. </para>
    </adjournment>
  </chamber.xscript>
</hansard>