<?xml version="1.0" encoding="utf-8"?>
<hansard xsi:noNamespaceSchemaLocation="../../hansard.xsd" version="2.1" xmlns:xsi="http://www.w3.org/2001/XMLSchema-instance">
  <session.header>
    <date>1945-02-21</date>
    <parliament.no>17</parliament.no>
    <session.no>3</session.no>
    <period.no>1</period.no>
    <chamber>REPS</chamber>
    <page.no>17</page.no>
    <proof>0</proof>
  </session.header>
  <chamber.xscript>
    <para class="block">House of Representatives. </para>
    <business.start>
      <day.start>1945-02-21</day.start>
      <para>The, House met at 3 p.m. pursuant to the proclamation of HisRoyal Highness the Governor-General. </para>
      <para class="block">The  Clerk  read the proclamation. </para>
      <para class="block">
        <inline font-weight="bold">Mr. Speaker (Hon. J. S.Rosevear)</inline>took the chair, and read prayers. </para>
    </business.start>
    <debate>
      <debateinfo>
        <title>OPENING OF THE SESSION</title>
        <page.no>17</page.no>
        <type>miscellaneous</type>
      </debateinfo>
      <para>The Usher of the Black Rod, being announced, was admitted, and delivered the message that  His  Royal Highness the Governor-General desired the attendance of honorable members in the Senate Chamber forthwith . </para>
      <para>
        <inline font-weight="bold">Mr. Speaker</inline>and honorable members attended accordingly, and having returned, </para>
    </debate>
    <debate>
      <debateinfo>
        <title>SCIENCE AND INDUSTRY RESEARCH BILL 1945</title>
        <page.no>17</page.no>
        <type>bill</type>
      </debateinfo>
      <para class="block">Motion (by <inline font-weight="bold">Mr. Curtin)</inline> agreed to - </para>
      <quote>
        <para class="block">That leave be given to bring in a Bill for an Act to amend the Science and Industry Research Act 1920-1939. </para>
      </quote>
      <para>Bill presented, and read a first time. </para>
    </debate>
    <debate>
      <debateinfo>
        <title>DEATH OF MR. SAMUEL DENNIS</title>
        <page.no>17</page.no>
        <type>miscellaneous</type>
      </debateinfo>
      <speech>
        <talk.start>
          <talker>
            <page.no>17</page.no>
            <time.stamp />
            <name.id>009FQ</name.id>
            <electorate>Fremantle</electorate>
            <party>ALP</party>
            <role>Prime Minister and Minister for Defence</role>
            <in.gov>1</in.gov>
            <first.speech>0</first.speech>
            <name role="metadata">CURTIN, John</name>
            <name role="display">Mr CURTIN</name>
          </talker>
          <para>. - I regret to inform honorable members of the death of <inline font-weight="bold">Mr. Samuel</inline> Dennis, a former member of this House,which occurred in Melbourne on the 28th January. </para>
        </talk.start>
        <para>The late gentleman was elected to the House of Representatives for the Division of Batman at the general elections in 1931, and was defeated at the general elections in 1934. I was not a member of the House during the period that he occupied a seat, consequently I had not personally made his acquaintance; but I know of his work, and of the high personal esteem in which he was held by his fellow members. </para>
        <para>It was, however, more particularly in the sphere of local government that <inline font-weight="bold">Mr. Dennis</inline> gave outstanding service. He was for 36 years a member of the Northcote Council, and twice during that period occupied the position of mayor. He represented the council on the Melbourne and Metropolitan Board of Works for many years, and acted as vicechairman of the board. He was also closely associated with church and sporting club organizations, and his loss will be severely felt throughout the district in which he resided. Our sympathy goes out to the widow and family of one who has left behind a valuable record of public service. I move - </para>
        <quote>
          <para>That this House records itssincere regret at the death of <inline font-weight="bold">Mr. Samuel</inline> Dennis, a former member of the House of Representatives for the Division of Batman, places on record its appreciation of his meritorious public service and tendersits deep sympathy to his widow and the members of his family in their bereavement. </para>
        </quote>
      </speech>
      <speech>
        <talk.start>
          <talker>
            <page.no>17</page.no>
            <time.stamp />
            <name.id>N76</name.id>
            <electorate>Kooyong</electorate>
            <party />
            <role>Leader of the Opposition</role>
            <in.gov>0</in.gov>
            <first.speech>0</first.speech>
            <name role="metadata">MENZIES, Robert</name>
            <name role="display">Mr MENZIES</name>
          </talker>
          <para>. - I second the motion. As the Prime Minister <inline font-weight="bold">(Mr. Curtin)</inline> has pointed out, the great bulk of a long period of public service rendered by the late gentleman was rendered in municipal politics; though he was in this House for  a period of three years. In addition to his work in municipal affairs, he was a man with very close and  a  variety of interests in church work, and in sporting bodies. Ina dozen ways he showed himself to be a good citizen. He is, perhaps, one of many proofs which we have had in Australia, that the foundation of a healthy public life is healthy, disinterested, honest local government. He played his part in that respect, and left behind him, particularly in his own city, a record which any man might envy. </para>
        </talk.start>
        <para>Mr.FADDEN (Darling DownsLeader of the Australian Country party). -The Australian Country party associates itself with the sentiments that have been expressed, and the motion that has been moved and seconded. </para>
        <para>Question resolved in the affirmative, honorable members standing in their places. </para>
        <para>HIS ROYAL HIGHNESS THE GOVERNOR-GENERAL. </para>
        <para>
          <inline font-weight="bold">Mr. CURTIN</inline>(Fremantle - Prime Ministerand Minister for Defence). - I desire formally to announce that  His  Royal Highness the Duke of Gloucester, accompanied by  Her  Royal Highness the Duchess of Gloucester and their two children, Prince William and Prince Richard, arrived in Australia on the 28th January,1945. </para>
        <para>His Royal Highness was sworn in as Governor-General and CommanderinChief in and over the Commonwealth of Australia,at Canberra, on the 30th January. </para>
        <para>MINISTERIAL CHANGES. </para>
        <para>
          <inline font-weight="bold">Mr. CURTIN</inline>(Fremantle - Prime </para>
        <para>Ministerand Minister for Defence). - I formally announce that, consequent on changes which have been effected in the organization of Commonwealth departments of State, the Ministry is now constituted as follows: - </para>
        <para>Prime Minister and Minister for Defence - The Right Honorable John Curtin. </para>
        <para>Minister for the Army (and Deputy Prime Minister)- The Right Honorable F. M. Forde. </para>
        <para>Treasurer - The Honorable J. B. Chifley. </para>
        <para>Attorney-General and Minister for External Affairs- The Right Honorable H. V. Evatt, LL.D., D.Litt., K.C. </para>
        <para>Vice-President of the Executive Council - The Honorable J. A. Beasley. </para>
        <para>Minister for the Navy, Minister for Munitions and Minister for Aircraft Production - The Honorable. N. J.O. Makin. </para>
        <para>Minister for Trade and Customs - <inline font-weight="bold">Senator the</inline> Honorable R. V. Keane. </para>
        <para>Minister for Labour and National Service - The HonorableE. J. Holloway. </para>
        <para>Minister for Air and Minister for Civil Aviation - The Honorable A. S. Drakeford. </para>
        <para>Minister for Commerce and AgricultureThe Honorable W. J. Scully. </para>
        <para>Minister for Supply and Shipping - <inline font-weight="bold">Senator the</inline> Honorable W. P. Ashley. </para>
        <para>Minister for Post-war Reconstruction and Minister in charge of the Council for Scientific and Industrial Research - The Honorable J. J. Dedman. </para>
        <para>Minister for the Interior - <inline font-weight="bold">Senator the</inline> Honorable J. S. Collings. </para>
        <para>Minister for Transport and Minister for External Territories - The Honorable E. J. Ward. </para>
        <para>Minister for Health and Minister for Social Services-Senator the HonorableJ. M.Fraser. </para>
        <para>Minister for Repatriation and Minister in charge of War Service Homes - The Honorable C. W. Frost. </para>
        <para>Minister for Home Security and Minister for Works - The Honorable H. P. Lazzarini. </para>
        <para>Postmaster-General - <inline font-weight="bold">Senator the</inline> Honorable D. Cameron. </para>
        <para>Minister for Information - The Honorable A. A. Calwell. </para>
        <para>The members of the War Cabinet are - </para>
        <para>
          <inline font-weight="bold">Mr. Curtin, Mr. Forde, Mr. Chifley, Dr. Evatt, Mr. Beasley, Mr. Makin, Mr. Drakeford</inline>and <inline font-weight="bold">Mr. Dedman.</inline></para>
        <para>Ministerial representation in the two chambers will be as follows : - </para>
        <para>In the House ofRepresentatives - </para>
        <para>TheRight Honorable F. M. Forde will represent the Minister for Trade and Customs. </para>
        <para>The Honorable J. A. Beasley will represent the Minister for Supply and Shipping. </para>
        <para>The Honorable E. J. Holloway will represent the Minister for Health and Minister for Social Services. </para>
        <para>The Honorable H. P. Lazzarini will represent the Minister for the Interior. </para>
        <para>The Honorable A. A. Calwell will represent the Postmaster-General. </para>
        <para>In the Senate - </para>
        <para>
          <inline font-weight="bold">Senator the</inline>HonorableR. V. Keane will represent the Prime Minister and Minister for Defence, the Treasurer, the Minister for Post-war Reconstruction and the Minister in charge of the Council for Scientific and IndustrialResearch. </para>
        <para>
          <inline font-weight="bold">Senator the</inline>Honorable W. P. Ashley will represent the Attorney-General and Minister for External Affairs, the Minister for theNavy, and Minister for Munitions, the Minister for Labour and National Service, and the Minister for Information. </para>
        <para>
          <inline font-weight="bold">Senator the</inline>Honorable J. S. Collings will represent the Minister for Transport and Minister for External Territories and the Minister  for  Home Security and Minister for Works. </para>
        <para>
          <inline font-weight="bold">Senator the</inline>Honorable J. M. Fraser will represent the Minister for the Army and the Minister for Commerce and Agriculture. </para>
        <para>
          <inline font-weight="bold">Senator the</inline>Honorable D. Cameron will represent the Minister for Air and Minister for Civil Aviation, the Minister for Aircraft Production, the Minister for Expatriation and Minister in charge of War Service Homes. </para>
      </speech>
    </debate>
    <debate>
      <debateinfo>
        <title>LIBERAL PARTY OF AUSTRALIA</title>
        <page.no>19</page.no>
        <type>miscellaneous</type>
      </debateinfo>
      <speech>
        <talk.start>
          <talker>
            <page.no>19</page.no>
            <time.stamp />
            <name.id>N76</name.id>
            <electorate>Kooyong</electorate>
            <party />
            <role>Leader of the Opposition</role>
            <in.gov>0</in.gov>
            <first.speech>0</first.speech>
            <name role="metadata">MENZIES, Robert</name>
            <name role="display">Mr MENZIES</name>
          </talker>
          <para>. - <inline font-style="italic">by leave</inline> - I have to announce that, in consequence of the formation of the Liberal party of Australia, those who sit with me in this House desire to be known in future as members of the Liberal party. </para>
        </talk.start>
      </speech>
    </debate>
    <debate>
      <debateinfo>
        <title>GOVERNOR-GENERAL&#39;S SPEECH</title>
        <page.no>19</page.no>
        <type>miscellaneous</type>
      </debateinfo>
      <para class="block">Address-in-reply. </para>
      <speech>
        <talk.start>
          <talker>
            <page.no>19</page.no>
            <time.stamp />
            <name.id>L08</name.id>
            <electorate>DALLEY, NEW SOUTH WALES</electorate>
            <party />
            <role />
            <in.gov>0</in.gov>
            <first.speech>0</first.speech>
            <name role="metadata">ROSEVEAR, John</name>
            <name role="display">Mr SPEAKER (Hon J S Rosevear</name>
          </talker>
          <para>- I have to report that the House this day attended HisRoyal Highness the Governor-General in the Senate chamber, where HisRoyal Highness was pleased to make a speech to both Houses of the Parliament of which I have received a copy (vide page 5). </para>
        </talk.start>
        <para>Motion (by <inline font-weight="bold">Mr. Curtin)</inline> agreed to - </para>
        <quote>
          <para>That a committee, consisting of <inline font-weight="bold">Mr. Fraser, Mr. Burke,</inline> and the mover, be appointed to prepare an Address- in-Reply to the speech delivered by  His  Royal Highness the GovernorGeneral to both Houses of the Parliament, and that the committee do report at the next sitting. </para>
        </quote>
      </speech>
    </debate>
    <debate>
      <debateinfo>
        <title>SPECIAL ADJOURNMENT</title>
        <page.no>19</page.no>
        <type>special adjournment</type>
      </debateinfo>
      <para>Motion (by Mr.Curtin) agreed to - </para>
      <quote>
        <para>That the House, at its rising, adjourn to to-morrow, at 2.30 p.m. </para>
      </quote>
    </debate>
    <debate>
      <debateinfo>
        <title>PAPERS</title>
        <page.no>19</page.no>
        <type>papers</type>
      </debateinfo>
      <para>The  following papers were presented  : - </para>
      <para>Arbitration (Public Service) Act - Determinationsby the Arbitrator, &#38;c. - </para>
      <para>1944- </para>
      <para>No. 29 - Commonwealth Storemen and Packers&#39; Union of Australia and Commonwealth Naval Storehousemen&#39;s Association. </para>
      <para>No. 30 - Commonwealth Storemen and Packers&#39; Union and Commonwealth Naval Storehousemen&#39;s Association. </para>
      <para>No. 31 - Commonwealth Foremen&#39;s Association. </para>
      <para>No. 32 - Federated Engine Drivers&#39; and Firemen&#39;s Association of Australasia and Arms, Explosives and Munition Workers&#39; Federation of Australia. </para>
      <para>1945- </para>
      <para>No. 1 - Plumbers and Gasfitters Employees&#39; Union of Australia. </para>
      <para>No. 2 - Professional Officers&#39; Association, Commonwealth Public Service. </para>
      <para>Canned Fruits Export Charges Act - Regulations - Statutory Rules 1 945, No. 5. </para>
      <para>Commonwealth Public Service Act - Appointment - Department of the Treasury - C. Campbell-Smith. </para>
      <para>Commonwealth Railways Act - By-law No. 85. </para>
      <para>Commonwealth Shipping Act - Commonwealth Shipping Board - Cockatoo Island Dockyard - Balance-sheet and Liquidation Account, together with Auditor-General&#39;s report thereon, for year ended 29th February, 1944. </para>
      <para>Customs Act - Customs Proclamations - Nos. 612,614-618. </para>
      <para>Customs Act and Commerce (Trade Descriptions) Act - Regulations - Statutory Rules 1944, No. 177. </para>
      <para>Defence Act - Regulations - Statutory Rules- 1944, Nos. 170, 171,180, 185. 1945, No.6. </para>
      <para class="block">Electoral - Referendums - Statistical Returns in relation to the submission to the Electors of a Proposed Law for the Alteration of the Constitution entitled &#34; Constitution Alteration (Post-war Reconstruction and Democratic Rights) 1944&#34;; together with Summaries of Referendums, 1906-1944. </para>
      <para class="block">High Commissioner Act - Regulations - Statutory Rules 1944, No. 172. </para>
      <para class="block">Lands Acquisition Act or Lands Acquisition Act and National Security (Supplementary) Regulations - Land acquired for - </para>
      <para class="block">Commonwealth purposes - </para>
      <para>Adelaide River, Northern Territory. </para>
      <para>Albany, Western Australia. </para>
      <para>Albury, New South Wales. </para>
      <para>Amberley, Queensland (2). </para>
      <para>Bendigo, Victoria. </para>
      <para>Broken Bay, New South Wales. </para>
      <para>Bulimba, Queensland. </para>
      <para>Camden, New South Wales. </para>
      <para>Camooweal, Queensland. </para>
      <para>Cecil Plains, Queensland. </para>
      <para>Ceduna, South Australia. </para>
      <para>Charters Towers, Queensland (2). </para>
      <para>Colac, Victoria. </para>
      <para>Corowa, New South Wales. </para>
      <para>Darwin, Northern Territory. </para>
      <para>Dubbo, New South Wales. </para>
      <para>Eagle Farm, Queensland. </para>
      <para>Laverton, Victoria. </para>
      <para>Lidcombe, New South Wales. </para>
      <para>Maribyrnong, Victoria. </para>
      <para>Muswellbrook, New South Wales. </para>
      <para>Normanton, Queensland. </para>
      <para>North Ryde, New South Wales. </para>
      <para>Oakey, Queensland. </para>
      <para>Orange, New South Wales. </para>
      <para>Penshurst, Victoria. </para>
      <para>Port Melbourne, Victoria. </para>
      <para>Truganina. Victoria. </para>
      <para>Warracknabeal, Victoria. </para>
      <para>Woolloomooloo, New South Wales. </para>
      <para>Postal purposes - </para>
      <para>Adelaide, South Australia. </para>
      <para>Bowen, Queensland. </para>
      <para>Brisbane, Queensland. </para>
      <para>Carmila, Queensland. </para>
      <para>Dalby, Queensland. </para>
      <para>Gretna, Tasmania. </para>
      <para>Hartwell, Victoria. </para>
      <para>Hunter&#39;s Hill, New South Wales. </para>
      <para>Hurstville, New South Wales. </para>
      <para>Melbourne, Victoria. </para>
      <para>Morwell, Victoria. </para>
      <para>Newtown, New South Wales. </para>
      <para class="block">South Melbourne, Victoria. </para>
      <para class="block">West Maitland, New South Wales (2). </para>
      <para class="block">Wonthaggi, Victoria. </para>
      <para class="block">Telephonic purposes - Manilla, New </para>
      <para>South Wales. </para>
      <para class="block">National Security Act - </para>
      <para>National Security (Agricultural Aids) Regulations - Orders - </para>
      <para>Hay, straw, and chaff (New South Wales ) . </para>
      <para>Hay, straw and chaff (Victoria). </para>
      <para>National Security (Agricultural Machin  ery ) Regulations - Order - Agricultural machinery (No. 4). </para>
      <para>National Security (Apple and Pear Acquisition ) Regulations - Order - Apple and pear acquisition 1944-1945. </para>
      <para>National Security (Building Operations) Regulations - Order - Building operations (Northern Territory). </para>
      <para>National Security (Capital Issues) Regulations - Orders - Exemption (2). </para>
      <para>National Security (Emergency Control) Regulations - Orders - </para>
      <para>Papua and New Guinea (Administration) (No. 3). </para>
      <para>Thursday Island Compensation Board (Cancellation ) . </para>
      <para>National Security (Food Control) Regulations - Orders - Nos. 11-17. </para>
      <para>National Security (General) Regulations - Orders - </para>
      <para>Chain manufacture. </para>
      <para>Control of - </para>
      <para>Elastic materials (No. 2). </para>
      <para>Essential materials (Nos. 11, 12). </para>
      <para>Machine tools (No. 3). </para>
      <para>Overseas communications (Otherwise than by post). </para>
      <para>Overseas postal communications. </para>
      <para>Overseas postal communications (Prisoners of war). </para>
      <para>Packages ( No. 2 ) . </para>
      <para>Feminine outerwear. </para>
      <para>Fish (Estimates and returns). </para>
      <para>Fishing industry secondary operatives  ( Registration ) ( Revocation ) . </para>
      <para>Heating and cooking appliances (Control of manufacture) (Revocation). </para>
      <para>Heating and cooking appliances (Retail sales) (Revocation). </para>
      <para>Knitted goods. </para>
      <para>Male outerwear. </para>
      <para>Navigation (Brisbane River and Moreton Bay - small craft) (No. 2). </para>
      <para>Navigation (Control of public traffic) (No. 5). </para>
      <para>Prohibited places (10). </para>
      <para>Protected areas. </para>
      <para>Shirts, collars and pyjamas. </para>
      <para>Steam boilers (No. 2). </para>
      <para>Taking possession of land, &#38;c.( 167). </para>
      <para>Traffic on roads. </para>
      <para>Use of land (29). </para>
      <para>Wireless stations control. </para>
      <para>Woven underwear. </para>
      <para>Orders by State Premiers - </para>
      <para>New South Wales (Nos. 51, 52). </para>
      <para>South Australia (No. 5 of 1944). </para>
      <para>Tasmania (No. 30). </para>
      <para>National Security (Man Power) Regulations - Orders - Protected undertakings (124). </para>
      <para>National Security (Maritime Industry) Regulations - Orders - Nos. 48, 49. </para>
      <para>National Security (Prices) Regulations - </para>
      <para>Declarations - Nos. 149-153. </para>
      <para>Orders- Nos. 1747-1899. National Security (Rationing) Regulations - Orders - Nos. 56-72. </para>
      <para>National Security (Shipping Coordination) Regulations - Orders - Nos. 76-80. </para>
      <para>National Security (Supplementary) Regulations - </para>
      <para class="block">Orders by State Premiers - </para>
      <para>Queensland (dated17th January, 1945). </para>
      <para>South Australia No. 1 of 1945). </para>
      <para>Regulations - Statutory Rules - 1944, Nos. 166, 167, 168, 169, 174, 175, 176, 187, 188, 189, 190, 191, 192. 1945, Nos. 1, 2, 3, 4, 7, 8, 9, 11, 13. </para>
      <para>Statement of Australian Banking Statistics for the five quarters ended 31st December, 1944. </para>
      <para>Naval Defence Act - Regulations - Statutory Rules 1944, Nos. 182, 183. </para>
      <para>Navigation Act - Regulations - Statutory Rules 1944, No. 178. </para>
      <para>Post and Telegraph Act - Regulations - Statutory Rules 1945, No. 10. </para>
      <para>Quarantine Act - Regulations - Statutory Rules 1944, No. 184. </para>
      <para>Science and Industry Endowment Act - Report by the Auditor-General on the accounts of the Science and Industry Endowment Fund for year 1943-44. </para>
      <para>Seat of Government Acceptance Act and Seat of Government (Administration) Act- </para>
      <para>Ordinances - </para>
      <para>1944- </para>
      <para>No. 10 - Police Superannuation. </para>
      <para>No. 11 - Trustee. </para>
      <para>1945- </para>
      <para>No. 1 - Careless use of fire. </para>
      <para>No. 2 - Race-courses. </para>
      <para>Regulations - 1944 - No.6 (City Area </para>
      <para>Leases Ordinance). </para>
      <para>Women&#39;s Employment Act - Regulations - Statutory Rules 1944, No. 179. </para>
    </debate>
    <adjournment>
      <adjournmentinfo>
        <page.no>21</page.no>
        <time.stamp>15:51:00</time.stamp>
      </adjournmentinfo>
      <para>House adjourned at 3.51 p.m. </para>
    </adjournment>
  </chamber.xscript>
  <answers.to.questions>
    <debate>
      <debateinfo>
        <title>ANSWERS TO QUESTIONS</title>
        <page.no>21</page.no>
        <type>ANSWERS TO QUESTIONS</type>
      </debateinfo>
      <para class="italic">
        <inline font-style="italic">The following answers to questions were circulated: -</inline>
      </para>
      <subdebate.1>
        <subdebateinfo>
          <title>Wheat Industry</title>
          <page.no>21</page.no>
        </subdebateinfo>
        <question>
          <talk.start>
            <talker>
              <page.no>21</page.no>
              <time.stamp />
              <name.id>KQB</name.id>
              <electorate>GWYDIR, NEW SOUTH WALES</electorate>
              <party>ALP</party>
              <role>Minister for Commerce and Agriculture</role>
              <in.gov>1</in.gov>
              <first.speech>0</first.speech>
              <name role="metadata">SCULLY, William</name>
              <name role="display">Mr Scully</name>
            </talker>
            <para>y. - On the 22nd November, 1944, the honorable member for Indi <inline font-weight="bold">(Mr. McEwen)</inline> asked the following questions, <inline font-style="italic">upon notice : -</inline></para>
          </talk.start>
          <list type="decimal-dotted">
            <item label="1.">
              <para>What quantity of wheat, bulk and bagged, has been received into each of the No. 5, No. 6 and No. 7 pools? </para>
            </item>
            <item label="2.">
              <para>What quantity of wheat, bulk and bagged, has been sold . from each of those pools, and what has been the average realization per bushel and total realization value - (a) for gristing into Hour for consumption in Australia; (b) for use for breakfast food manufacture in Australia; (c) for use by power alcohol distilleries; (d) for stock feed and the produce trade; (e) for sale under United Kingdom Government contract, showing each contract price and realization separately; (f) for other export contracts separately; and (g) for any other sales. </para>
            </item>
            <item label="3.">
              <para>What quantity of wheat remains unsold in each of those pools, showing - (a) unsold wheat, the subject of a contract; and (b) unsold wheat not the subject of any contract? </para>
            </item>
            <item label="4.">
              <para>What is the present estimate of wheat deliveries to the Australian Wheat Board from the forthcoming harvest? </para>
            </item>
            <item label="5.">
              <para>What quantity of wheat is estimated to be sold by the Australian Wheat Board as seed for next season&#39;s sowing? </para>
            </item>
            <item label="6.">
              <para>What is the estimated quantity of wheat which will be disposed of prior to the 1945-46 harvest for use for the various above purposes in Australia, and for export, and what is the estimated sale price of such wheat? </para>
            </item>
            <item label="7.">
              <para>What subsidies, per bushel, and in total value, have been paid to the Australian Wheat Board by the Commonwealth Government on wheat sold for stock feed and to the produce trade or on account of wheat sold for any other purpose? </para>
            </item>
            <item label="8.">
              <para>What payments per bushel, and total payments, have been made to growers on account of quota and non-quota wheat in the above pools ? </para>
            </item>
            <item label="9.">
              <para>What is the present estimated total realization, bagged and bulk, of the No. 5, No. 6 and No. 7 pools, taking into account the present government subsidy, on wheat sold for stock feed? </para>
            </item>
            <item label="10.">
              <para>What would be the estimated realization on each of those pools, and on the present estimated deliveries to the No. 8 pool, if wheat sold for stock feed, breakfast food manufacture and power alcohol and any other &#34; concession &#34; sales, were valued at the export value prevailing at the time of sale? </para>
            </item>
            <item label="11.">
              <para>What would be the estimated realization on each of those pools, and on the present estimated deliveries to the No. 8 pool, if wheat sold for stock feed, breakfast food manufacture and power alcohol and any other &#34; concession &#34; sales, were valued at the export value prevailing at the time of sale, and if wheat sold for gristing into flour for Australian consumption were sold at export value when such value washigher than the home price as at present determined ? </para>
            </item>
          </list>
          <para>The answers to the honorable member&#39;s questions are as follows : - </para>
          <list type="decimal-dotted">
            <item label="1.">
              <para>Net receivals up to the 4th November, 1944 (bushels) - </para>
            </item>
          </list>
        </question>
        <para class="block">
          <graphic href="181331194502216_4_0.jpg" />
        </para>
        <para class="block">2.- </para>
        <para class="block">
          <graphic href="181331194502216_5_0.jpg" />
        </para>
        <para class="block">
          <graphic href="181331194502216_5_1.jpg" />
        </para>
        <list type="decimal-dotted">
          <item label="3.">
            <para>Unsold wheat at the 4th November, 1944- </para>
          </item>
        </list>
        <para>No. 5 Pool- (a) Nil; (b) nil. </para>
        <para>No.6 Pool -(a) Sold but not shipped under Ministry of Food Contracts, 18,811,000 bushels; (b) unsold, 4,301,000 bushels. </para>
        <para>No. 7 Pool - (a) Sold but not shipped, nil; (b) unsold, 62,779,000 bushels. </para>
        <list type="decimal-dotted">
          <item label="4.">
            <para>Estimated new crop 1944-45 deliveries, 37,500,000 bushels. </para>
          </item>
          <item label="5.">
            <para>No wheat will be sold as seed but where needed it will be re-delivered to growers. </para>
          </item>
          <item label="6.">
            <para>Estimated quantity of wheat which will be disposed of before the 1945-46 harvest (not including sold but not shipped shown in 3.) - Local flour, 37,000,000 bushels, 3s.11&#188;d. silo basis, plus flour tax (f.o.r. trucks terminal basis). Other supplies will be allocated according to need from time to time during the season. The price cannot be forecast. </para>
          </item>
          <item label="7.">
            <para>The subsidies paid by the Commonwealth Government on wheat sold for stock and poultry feed have been - </para>
          </item>
        </list>
        <para class="block">
          <graphic href="181331194502216_5_2.jpg" />
        </para>
        <list type="decimal-dotted">
          <item label="8.">
            <para>Payments on pools - </para>
          </item>
        </list>
        <para class="block">
          <graphic href="181331194502216_5_3.jpg" />
        </para>
        <para class="block">
          <graphic href="181331194502216_5_4.jpg" />
        </para>
        <para class="block">
          <graphic href="181331194502216_6_0.jpg" />
        </para>
        <para>These include advances paid in December, 1944. No. 5 pool payments are less freight. </para>
        <list type="decimal-dotted">
          <item label="9.">
            <para>Estimated total realizations - </para>
          </item>
        </list>
        <para>No. 5 Fool. - 3s. 5.2d. per bushel at country stations - Bulk basis. </para>
        <para>No. 6 Pool- </para>
        <para>Quota wheat, 3s. 8.5d. per bushel at country stations - Bulk basis. </para>
        <para>Non-quota wheat, 3s. 8.5d. per bushel at country stations - Bulk basis. </para>
        <para>No. 7 Pool- </para>
        <para>Quota wheat, 3s. 8.9d. per bushel at country stations - Bulk basis. </para>
        <para>Non-quota wheat, 3s. 8.9d. per bushel at country stations - Bulk basis. </para>
        <list type="decimal-dotted">
          <item label="10.">
            <para>No. 5 Pool - 3s.6&#188;d. at siding - Bulk basis. </para>
          </item>
        </list>
        <para>No.6 Pool - 4s. 4&#188;d. at siding- Bulk basis. </para>
        <para>No. 7 Pool - 4s.9&#188;d. at siding- Bulk basis. </para>
        <para>No. 8 Pool - It is estimated that all the wheat received into No. 8 Pool will be sold for local flour and that the realization will be approximately 4s.0.6d. bulk basis at country stations. </para>
        <list type="decimal-dotted">
          <item label="11.">
            <para>No. 5 Pool and No. 6 Pool - Same as 10. </para>
          </item>
        </list>
        <para>No. 7 Pool - 5s.1&#188;d. at sidings - Silo basis. </para>
        <para>No. 8 Pool - Same as 10. </para>
        <para>Supply of Foodstuffs to United Kingdom. </para>
        <question>
          <talk.start>
            <talker>
              <page.no>23</page.no>
              <time.stamp />
              <name.id>KQB</name.id>
              <electorate />
              <party>ALP</party>
              <role />
              <in.gov>1</in.gov>
              <first.speech>0</first.speech>
              <name role="metadata">SCULLY, William</name>
              <name role="display">Mr Scully</name>
            </talker>
            <para>y. - On the 17th November, 1944, the honorable member for Barker <inline font-weight="bold">(Mr. Archie Cameron)</inline> asked the following questions, <inline font-style="italic">without notice: -</inline></para>
          </talk.start>
          <list type="decimal-dotted">
            <item label="1.">
              <para>How many war-time foodstuff contracts have been entered into with the United Kingdom Government? 2.What was the total supply of each commodity in each contract for which the Commonwealth Government committed itself? </para>
            </item>
            <item label="3.">
              <para>By how much did the supplied commodity exceed or fall short of the contract? </para>
            </item>
          </list>
          <para>The answer to the honorable member&#39;s questions is as follows: - </para>
          <quote>
            <para>The supply of foodstuffs to the United Kingdomhas in many cases been arranged as purchases of exportable surpluses. Therefore, it may more satisfactorily suit the honorable member&#39;s purpose if answers to his question be set out as follows : - </para>
            <para>
              <inline font-style="italic">Sugar.</inline>- At the outbreak of war the British Government arrangedto purchase all the exportable surpluses of sugar from the Dominions and Colonies, and to allocate it in accordance with the needs of the United Nations. It has been the practice to obtain an early estimate of the sugar crop prospects for the season, and to give the British Government an intimation of the amount of sugar that can probably be made available. </para>
            <para>
              <inline font-style="italic">Dried Fruits.</inline>- The quantities of dried fruits contracted for and delivered were: 1940, 49,779 tons; 1941, 33,276 tons; 1942, 44,009 tons; 1943, 42,810 tons; 1944, 44,570 tons. </para>
            <para>
              <inline font-style="italic">Canned Fruits.</inline>- The quantities offered to and accepted by the British Government and distributedin accordance with instructions from London are: 1940, 982,780 cases; 1941, 644,087 cases; 1942, 58,250 cases; 1943, nil; 1944, 300,000 cases, of which 100,000 cases have been shipped as instructed by London, and 200,000 cases are awaiting shipment. </para>
            <para>
              <inline font-style="italic">Wheat and Flour.</inline>- Contracts entered into with the United Kingdom Government are as follows: - </para>
          </quote>
        </question>
        <para class="block">
          <graphic href="181331194502216_6_1.jpg" />
        </para>
        <para class="block">With the exception of the last wheat contract (6th October, 1944), and the last Hour contract (19th January, 1944), the quantity contracted for has been supplied in all cases. The two last contracts are not yet completed, but it is anticipated that the full quantities will be supplied. </para>
        <para>
          <inline font-style="italic">Eggs.</inline>-T he contract for the season 1939-40 was 900,000 long hundreds (300,000 cases, each 30 dozen eggs), and the quantity shipped was 340,641 cases. For 1940-41 the contract was for 412,000 cases, and 587,831 cases were shipped. </para>
        <para>Early in 1941 the British Government advised that refrigerated space would not be available for eggs in shell, and the Commonwealth Government then undertook to arrange for the processing of available eggs into dried powder. However, contracts for 200,000 cases in shell and 700 tons of pulp were accepted for the 1041-42 season, and the shipments made totalled 100,004 cases in shell together with the equivalent of 34,000 cases as egg pulp, 700 tons egg pulp, and 1,415 tons egg powder. </para>
        <para>During 1042-43, owing to the heavy increase in service demands in the Pacific area, only 115 tons egg powder were shipped. </para>
        <para>For 1943-44 no quantity was contracted for beyond any egg power available after providing for greatly increased service needs, and none was shipped. </para>
        <para>The British Government recently undertook to purchase the whole of the exportable surplus of eggs as powder, or, if circumstances permit, a? eggs in shell, for the seasons 1944-45 and 1345-46, and a quantity not exceeding 1,000,000 cases each 30 dozen eggs or their equivalent in egg powder for the season 1946-47. </para>
        <para>
          <inline font-style="italic">Dairy Products.</inline>- 1939-40: The contract which covered the period November, 1939 to June, 1940, provided for 75,000 tons of butter and 13,000 tons of cheese, against which &#171;0,8S2 tons of butter and 11,063 tons of cheese were shipped. 1040-41 : Despite the  difficulties  of supplying refrigerated shipping space, the British Go- vernment requested that 100,000 tons of butter and 20,000 tons of cheese be shipped. However, man-power difficulties were already being experienced and only 77,843 tons of butter and 10,118 tons of cheese were exported under the contra et. 11141-42: This year there was a change in the policy of the British Government in that the principal demand was for cheese, which mcn nt that manufacturers of butter were asked to install cheese plants. The contract covered up to 57,000 tons of butter and 40,000 tons of cheese, and the quantities shipped were 46,847 tons of butter and 6,569 tons of cheese. 1942- 43: During the year the demand again changed back to butter as being first priority, but heavy demands were made on Australian production . by the Australian and Allied services based on Australia. The quantities asked for by the United Kingdom were 70,000 t.ms of butter and 10,000 tons of cheese, whilst the shipments were 48,911 tons of butter and 6.067 tons of cheese. 1943- 44: In this year, whilst the British Government did first mention 55,000 tons of butter, the final allocation was arrived at after agreement between the Governments of the United Kingdom, the United States of America and Australia on the basis of the maximum quantity available, viz., 40,000 tons. The actual shipments totalled 41,564 tons. </para>
        <para>Wherever possible, the necessary diversions of whole milk to condenseries to meet the condensed and dried milk demands of the services wore made from cheese factories as the United Kingdom Government had indicated that after the butter quota had been met it would take any surplus up to 10,000 tons of cheese. A quantity of 3,750 tons of cheese was shipped. 1044-45&#34;. The position for this year is that the British Government requires 50,000 tons cf butter and any cheese that is available. </para>
        <para>However, it is estimated that the heavy demands of the services on the reduced production owing to the long drought will only permit the export of a maximum of 40,000 tons of butter. </para>
        <para>
          <inline font-style="italic">Meat.</inline>- 1939-40: The contract provided for 240,000 tons of carcass meat, against which shipments totalled 272,000 tons. 1940- 41: The quantity originally mentioned for this year was 81,000 tons including 54,000 tons for the services. This big reduction from the previous year was suggested because of shipping difficulties. Subsequently, quantities were increased to 154,000 tons and then to 198,000 tons. Actual shipments were recorded at 200,500 tons. 1941- 42: The British Government informed the Commonwealth Government that the maximum refrigerated tonnage which could be made available for shipment of meat from Australia would be 110,000 tons for the contract year. At the same time a request was made for Australia to endeavour to ship meat in other than fresh frozen form, namely canned and dehydrated. Shipments of fresh frozen meat made from Australia were 112,703 tons. 1942- 43: Refrigerated shipping space was the predominant factor in this year, during which increasingly heavy demands were being made on this country for supplies for our own armed forces and for American and Allied forces based on Australia. </para>
        <para>The British Government requested from Australia maximum quantities of meat available after Australian civilian and all service requirements had been mct. </para>
        <para>Shipments of fresh frozen meat totalled 105,751 tons, against the nominal contract figure of 110,000 tons, while the carcass equivalent of canned meats was 28,000 tons, and dehydrated moat 4,321 tons, the over-all total being 138,072 tons carcass equivalent. These figures do not include British Admiralty requirements which were met in full. 194.3-44: A slightly different procedure was adopted in regard to 1944, when the Commonwealth Government, after consultation and agreement with the Governments of the United Kingdom and the United States of America, allocated 1944 meat production on the basis of demands. </para>
        <para>The United Kingdom allocation for 1944 was - </para>
        <para class="block">
          <graphic href="181331194502216_7_6.jpg" />
        </para>
        <para class="block">Actual shipments against this allocation were - </para>
        <para class="block">
          <graphic href="181331194502216_7_7.jpg" />
        </para>
        <para class="block">These figures do not include shipments against British Admiralty requirements, which arc additional. </para>
      </subdebate.1>
    </debate>
  </answers.to.questions>
</hansard>