<?xml version="1.0" encoding="utf-8"?>
<hansard xsi:noNamespaceSchemaLocation="../../hansard.xsd" version="2.1" xmlns:xsi="http://www.w3.org/2001/XMLSchema-instance">
  <session.header>
    <date>1914-10-16</date>
    <parliament.no>6</parliament.no>
    <session.no>1</session.no>
    <period.no>0</period.no>
    <chamber>SENATE</chamber>
    <page.no>240</page.no>
    <proof>0</proof>
  </session.header>
  <chamber.xscript>
    <para>Senate. </para>
    <business.start>
      <day.start>1914-10-16</day.start>
      <para>The  President  took the chair at 11 a.m., and read prayers. </para>
    </business.start>
    <debate>
      <debateinfo>
        <title>QUESTION</title>
        <page.no>240</page.no>
        <type>Questions</type>
      </debateinfo>
      <subdebate.1>
        <subdebateinfo>
          <title>RAILWAY SLEEPERS</title>
          <page.no>240</page.no>
        </subdebateinfo>
        <speech>
          <talk.start>
            <talker>
              <page.no>240</page.no>
              <time.stamp />
              <name.id>K18</name.id>
              <electorate>TASMANIA</electorate>
              <party />
              <role />
              <in.gov>0</in.gov>
              <first.speech>0</first.speech>
              <name role="metadata">BAKHAP, Thomas</name>
              <name role="display">Senator BAKHAP</name>
            </talker>
            <para>- Arising out of the answer given yesterday to a question by <inline font-weight="bold">Senator Ready,</inline> can the Minister representing the Minister of Home Affairs tell me the date of the contract entered into with the Tasmanians who were to supply sleepers for the transcontinental railway? </para>
          </talk.start>
        </speech>
        <speech>
          <talk.start>
            <talker>
              <page.no>240</page.no>
              <time.stamp />
              <name.id>K3E</name.id>
              <electorate>VICTORIA</electorate>
              <party>ALP</party>
              <role>Assistant Minister</role>
              <in.gov>1</in.gov>
              <first.speech>0</first.speech>
              <name role="metadata">RUSSELL, Edward</name>
              <name role="display">Senator RUSSELL</name>
            </talker>
            <para>- The 28th August, 1914. </para>
          </talk.start>
        </speech>
      </subdebate.1>
    </debate>
    <debate>
      <debateinfo>
        <title>QUESTION</title>
        <page.no>240</page.no>
        <type>Questions</type>
      </debateinfo>
      <subdebate.1>
        <subdebateinfo>
          <title>AUSTRALIAN EXPEDITIONARY FORCES</title>
          <page.no>240</page.no>
        </subdebateinfo>
        <speech>
          <talk.start>
            <talker>
              <page.no>240</page.no>
              <time.stamp />
              <name.id>KPE</name.id>
              <electorate>TASMANIA</electorate>
              <party />
              <role />
              <in.gov>0</in.gov>
              <first.speech>0</first.speech>
              <name role="metadata">KEATING, John</name>
              <name role="display">Senator KEATING</name>
            </talker>
            <para>- Arising out of the reply given to my question yesterday, on the subject of deferred pay, will the Minister of Defence take into consideration the advisableness of encouraging members of future Expeditionary Forces to concur if it is necessary with the Government in a system which will defer a larger proportion of their pay in order that it may be available to them at the termination of their service, the advantage of such a course being obvious both in the present and in the future? </para>
          </talk.start>
        </speech>
        <speech>
          <talk.start>
            <talker>
              <page.no>240</page.no>
              <time.stamp />
              <name.id>K0F</name.id>
              <electorate>WESTERN AUSTRALIA</electorate>
              <party>ALP</party>
              <role>Minister for Defence</role>
              <in.gov>1</in.gov>
              <first.speech>0</first.speech>
              <name role="metadata">PEARCE, George</name>
              <name role="display">Senator PEARCE</name>
            </talker>
            <para>- Yes. I may say that the honorable senator has put his views on this subject to. me, and I think there is a great deal to commend them. I shall take them into consideration. </para>
          </talk.start>
        </speech>
      </subdebate.1>
    </debate>
    <debate>
      <debateinfo>
        <title>QUESTION</title>
        <page.no>240</page.no>
        <type>Questions</type>
      </debateinfo>
      <subdebate.1>
        <subdebateinfo>
          <title>INTER-STATE COMMISSION</title>
          <page.no>240</page.no>
        </subdebateinfo>
        <para>Reports on theTariff. </para>
        <speech>
          <talk.start>
            <talker>
              <page.no>240</page.no>
              <time.stamp />
              <name.id>JZ9</name.id>
              <electorate>TASMANIA</electorate>
              <party />
              <role />
              <in.gov>0</in.gov>
              <first.speech>0</first.speech>
              <name role="metadata">O&#39;KEEFE, David</name>
              <name role="display">Senator O&#39;KEEFE</name>
            </talker>
            <para>- I ask the Min  ister representing the Minister of Trade and Customs whether the Government have yet received any progress reports from the Inter-State Commission, con-  cerning their investigations on the Tariff, and, if so, whether honorable senators can be supplied with printed copies! </para>
          </talk.start>
        </speech>
        <speech>
          <talk.start>
            <talker>
              <page.no>241</page.no>
              <time.stamp />
              <name.id>K3E</name.id>
              <electorate />
              <party>ALP</party>
              <role />
              <in.gov>1</in.gov>
              <first.speech>0</first.speech>
              <name role="metadata">RUSSELL, Edward</name>
              <name role="display">Senator RUSSELL</name>
            </talker>
            <para>- I have no information about this matter, but I shall be pleased to make inquiries and let the honorable senator know the result at a later stage. </para>
          </talk.start>
        </speech>
      </subdebate.1>
    </debate>
    <debate>
      <debateinfo>
        <title>QUESTION</title>
        <page.no>241</page.no>
        <type>Questions</type>
      </debateinfo>
      <subdebate.1>
        <subdebateinfo>
          <title>INTERNED GERMAN STEAMERS</title>
          <page.no>241</page.no>
        </subdebateinfo>
        <speech>
          <talk.start>
            <talker>
              <page.no>241</page.no>
              <time.stamp />
              <name.id>K2D</name.id>
              <electorate>TASMANIA</electorate>
              <party />
              <role />
              <in.gov>0</in.gov>
              <first.speech>0</first.speech>
              <name role="metadata">READY, Rudolph</name>
              <name role="display">Senator READY</name>
            </talker>
            <para>asked the Minister representing the Minister of External Affairs, <inline font-style="italic">upon notice -</inline></para>
          </talk.start>
          <list type="decimal-dotted">
            <item label="1.">
              <para>In view of the action now proposed by the American Government to establish a governmentallyowned line of steam-ships, has the Commonwealth Governmentyet considered the advisability and practicability of using captured German steamers for general overseas trade purposes} </para>
            </item>
            <item label="2.">
              <para>If the proposal is entertained will the Government consider the necessity of using such steamers for the carriage of fruit and other perishable products overseas? </para>
            </item>
          </list>
        </speech>
        <speech>
          <talk.start>
            <talker>
              <page.no>241</page.no>
              <time.stamp />
              <name.id>KKZ</name.id>
              <electorate>NEW SOUTH WALES</electorate>
              <party>ALP</party>
              <role>Vice-President of the Executive Council</role>
              <in.gov>1</in.gov>
              <first.speech>0</first.speech>
              <name role="metadata">GARDINER, Albert</name>
              <name role="display">Senator GARDINER</name>
            </talker>
            <para>- The question of using the interned ships is under consideration. </para>
          </talk.start>
        </speech>
      </subdebate.1>
    </debate>
    <debate>
      <debateinfo>
        <title>QUESTION</title>
        <page.no>241</page.no>
        <type>Questions</type>
      </debateinfo>
      <subdebate.1>
        <subdebateinfo>
          <title>WIRELESS TELEGRAPHY</title>
          <page.no>241</page.no>
        </subdebateinfo>
        <speech>
          <talk.start>
            <talker>
              <page.no>241</page.no>
              <time.stamp />
              <name.id>KPE</name.id>
              <electorate />
              <party />
              <role />
              <in.gov>0</in.gov>
              <first.speech>0</first.speech>
              <name role="metadata">KEATING, John</name>
              <name role="display">Senator KEATING</name>
            </talker>
            <para>asked the Minister representing the Postmaster-General, <inline font-style="italic">upon notice -</inline></para>
          </talk.start>
          <para>Relative to the offer made by the Government for the establishment and maintenance of wireless communication with King Island by means of the existing privately-owned installation - </para>
          <list type="decimal">
            <item label="(1)">
              <para>Is the Government aware that all efforts to get into communication with the private owner or owners have failed, and no acknowledgment or response of or to any letter or telegram bearing upon such offer, and , forwarded to the supposed owner, has been received? </para>
            </item>
            <item label="(2)">
              <para>Will the Government ascertain from such owner or owners, whetherthe proposals contained in the offer referred to will be agreed to by him or them? </para>
            </item>
            <item label="(3)">
              <para>Failing agreement, will the Government provide its own wireless installation for use by the public? </para>
            </item>
          </list>
        </speech>
        <speech>
          <talk.start>
            <talker>
              <page.no>241</page.no>
              <time.stamp />
              <name.id>KKZ</name.id>
              <electorate />
              <party>ALP</party>
              <role />
              <in.gov>1</in.gov>
              <first.speech>0</first.speech>
              <name role="metadata">GARDINER, Albert</name>
              <name role="display">Senator GARDINER</name>
            </talker>
            <para>- The answer is - </para>
          </talk.start>
          <para>The offer made by the Government referred to in my reply of the 14th inst. does not apply to the existing privately-owned installation on Sing Island, but to a station which the Department is prepared to erect and control, provided the persons interested are prepared to guarantee a revenue of &#163;150 for, say, seven years, make a deposit of that sum,and provide the necessary building. </para>
        </speech>
      </subdebate.1>
    </debate>
    <debate>
      <debateinfo>
        <title>BANKRUPTCY BILL</title>
        <page.no>241</page.no>
        <type>bill</type>
      </debateinfo>
      <para>Motion (by <inline font-weight="bold">Senator Gardiner)</inline> agreed to - </para>
      <para>That leave be given to introduce a Bill for an Act relating to Bankruptcy. </para>
      <para>Bill presented and read a first time. </para>
    </debate>
    <debate>
      <debateinfo>
        <title>PRINTING COMMITTEE</title>
        <page.no>241</page.no>
        <type>miscellaneous</type>
      </debateinfo>
      <para>Motion (by <inline font-weight="bold">Senator Russell)</inline> agreed to- </para>
      <para>That <inline font-weight="bold">Senator Senior</inline> be appointed a member of the Printing Committee, in the placeof <inline font-weight="bold">Senator McDougall,</inline> discharged from attendance as a member of such Committee. </para>
    </debate>
    <debate>
      <debateinfo>
        <title>POSTAL COMMISSION</title>
        <page.no>241</page.no>
        <type>miscellaneous</type>
      </debateinfo>
      <para>Motion (by <inline font-weight="bold">Senator Keating)</inline> agreed to- </para>
      <para>That a return be prepared and laid upon the table of the Senate, showing - </para>
      <list type="decimal">
        <item label="(1)">
          <para>The recommendations of the Royal Commission onPostal, Telegraphic, and Telephonic Services. </para>
        </item>
        <item label="(2)">
          <para>The action taken to date in respect of each. </para>
        </item>
      </list>
    </debate>
    <debate>
      <debateinfo>
        <title>ADJOURNMENT</title>
        <page.no>241</page.no>
        <type>adjournment</type>
      </debateinfo>
      <para>Bankruptcy Bill: Date Stamp on Letters. </para>
      <speech>
        <talk.start>
          <talker>
            <page.no>241</page.no>
            <time.stamp />
            <name.id>K0F</name.id>
            <electorate>Western Australia</electorate>
            <party>ALP</party>
            <role>Minister of Defence</role>
            <in.gov>1</in.gov>
            <first.speech>0</first.speech>
            <name role="metadata">PEARCE, George</name>
            <name role="display">Senator PEARCE</name>
          </talker>
          <para>. - I move - </para>
        </talk.start>
        <para>That the Senate  do  now  adjourn. </para>
        <para>I regret to have to take this course, but honorable senators understand the reason. There has not been time to get copies of the Bankruptcy Bill printed for the Senate, but there are printed copies which were prepared for another place. The Billhas been withdrawn from that House, and the attendants of the Senate have the printed copies, so that every honorable senator will be able to obtain a copy to-day. Fresh copies are being printed for the use of the Senate, and will be sent to honorable senatorswith their papers. </para>
      </speech>
      <speech>
        <talk.start>
          <talker>
            <page.no>241</page.no>
            <time.stamp />
            <name.id>JYT</name.id>
            <electorate>Queensland</electorate>
            <party />
            <role />
            <in.gov>0</in.gov>
            <first.speech>0</first.speech>
            <name role="metadata">FERRICKS, Myles</name>
            <name role="display">Senator FERRICKS</name>
          </talker>
          <para>. - In the interest of honorable senators generally there is a little matter on which I desireto obtain some information, and it is one concerning which I was questioned several times during the recent campaign. If the Vice-President of the Executive Council, who represents the Postmaster-General here, is able to tell me; I would like to know the reason why the date stamp is not now put on letters at the offices of destination. Previously  it was thecustom to stamp letters at the office at which they were posted, and at the office of destination, but for some reason or other the date stamp is not now used at the latter office. The disuse of this stamp did not appeal to me until the recent campaign, when the inconvenience was brought under my notice. I was questioned on the subject several times then, and it was brought home&#39; forcibly to me the other day when I returned from Queensland, after an absence of a few weeks&#39;. My complaint has not much application to letters to or from capitals, because honorable senators generally, and I suppose business people too, know quite well how long a letter takes to reach a capital or other place of importance by the regular means of communication. But the position is somewhat difficult when one receives a letter, say, from Papua or from the Northern Territory. In my box the other day, after an absence of a fortnight from Melbourne, I found two letters, one bearing the postmark of Darwin and the other that of Port Moresby. I hadno way of finding out how long the letters had lain in the box. This is a matter of some consequence to honorable senators, because sometimes letters contain requests to do certain things which they would do by wire if they thought that the letters had lain in the box for any length of time. I dare say that there is a good and sufficient reason for this omission, and if the Vice-President of the Executive Council can re-assure me on this point, he will satisfy the curiosity of a number of electors throughout the Commonwealth. </para>
        </talk.start>
      </speech>
      <speech>
        <talk.start>
          <talker>
            <page.no>242</page.no>
            <time.stamp />
            <name.id>KKZ</name.id>
            <electorate>New South Wales</electorate>
            <party>ALP</party>
            <role>Vice-President of the Executive Council</role>
            <in.gov>1</in.gov>
            <first.speech>0</first.speech>
            <name role="metadata">GARDINER, Albert</name>
            <name role="display">Senator GARDINER</name>
          </talker>
          <para>. - I have in my possession the information which the honorable senator desires, and I am happy to supply it. I am informed that - </para>
        </talk.start>
        <list type="decimal-dotted">
          <item label="1.">
            <para>Letters posted within the Commonwealth for delivery therein are not date stamped at office of destination, unless they remain undelivered at the office twenty-four hours after receipt. </para>
          </item>
          <item label="2.">
            <para>The system of date stamping letters at time of receipt at office of destination was discontinued by reason of the considerable expenditure of time and labour thereon without any appreciable benefit. The system of date stamping correspondence at offices of destination has been discontinued in America, New Zealand, and other places. </para>
          </item>
        </list>
        <para>Question resolved in the affirmative. </para>
      </speech>
    </debate>
    <adjournment>
      <adjournmentinfo>
        <page.no>242</page.no>
        <time.stamp>23:12:00</time.stamp>
      </adjournmentinfo>
      <para>Senate adjourned at  11.12  p.m. </para>
    </adjournment>
  </chamber.xscript>
</hansard>