<?xml version="1.0" encoding="utf-8"?>
<hansard xsi:noNamespaceSchemaLocation="../../hansard.xsd" version="2.1" xmlns:xsi="http://www.w3.org/2001/XMLSchema-instance">
  <session.header>
    <date>1928-03-14</date>
    <parliament.no>10</parliament.no>
    <session.no>1</session.no>
    <period.no>3</period.no>
    <chamber>REPS</chamber>
    <page.no>1</page.no>
    <proof>0</proof>
  </session.header>
  <chamber.xscript>
    <para class="block">House of Representatives. </para>
    <business.start>
      <day.start>1928-03-14</day.start>
      <para>
        <inline font-weight="bold">Mr.</inline>Speaker <inline font-weight="bold">(Hon. Sir Littleton Groom)</inline> took the chair at  3  p.m., and read prayers. </para>
    </business.start>
    <debate>
      <debateinfo>
        <title>QUESTION</title>
        <page.no>1</page.no>
        <type>Questions</type>
      </debateinfo>
      <subdebate.1>
        <subdebateinfo>
          <title>CAPTAIN HERBERT HINKLER, A.F.C</title>
          <page.no>1</page.no>
        </subdebateinfo>
        <speech>
          <talk.start>
            <talker>
              <page.no>1</page.no>
              <time.stamp />
              <name.id>F4B</name.id>
              <electorate>FLINDERS, VICTORIA</electorate>
              <party>NAT</party>
              <role>Minister for External Affairs</role>
              <in.gov>1</in.gov>
              <first.speech>0</first.speech>
              <name role="metadata">BRUCE, Stanley</name>
              <name role="display">Mr BRUCE</name>
            </talker>
            <para>- As a compliment to the very distinguished aviator, Captain Hinkler, who is being welcomed to-day in the Capital City of the Commonwealth, and to enable honorable members to attend the various functions that have been arranged in his honour, I move- </para>
          </talk.start>
          <quote>
            <para>That the House do now adjourn. </para>
          </quote>
          <para>Question resolved in the affirmative. </para>
          <para>House adjourned at 3.2 p.m. </para>
        </speech>
      </subdebate.1>
    </debate>
  </chamber.xscript>
</hansard>