<?xml version="1.0" encoding="utf-8"?>
<hansard xsi:noNamespaceSchemaLocation="../../hansard.xsd" version="2.1" xmlns:xsi="http://www.w3.org/2001/XMLSchema-instance">
  <session.header>
    <date>1918-09-18</date>
    <parliament.no>7</parliament.no>
    <session.no>2</session.no>
    <period.no>0</period.no>
    <chamber>SENATE</chamber>
    <page.no>6227</page.no>
    <proof>0</proof>
  </session.header>
  <chamber.xscript>
    <para>Senate. </para>
    <business.start>
      <day.start>1918-09-18</day.start>
      <para>The  President <inline font-weight="bold">(Senator the Hon. T. Givens)</inline> took the chair at 3 p.m., and read prayers. </para>
    </business.start>
    <debate>
      <debateinfo>
        <title>QUESTION</title>
        <page.no>6227</page.no>
        <type>Questions</type>
      </debateinfo>
      <subdebate.1>
        <subdebateinfo>
          <title>DEATH OF LORD FORREST</title>
          <page.no>6227</page.no>
        </subdebateinfo>
        <speech>
          <talk.start>
            <talker>
              <page.no>6227</page.no>
              <time.stamp />
              <name.id>KUL</name.id>
              <electorate>New  South Wales.</electorate>
              <party>NAT</party>
              <role>Minister for Repatriation</role>
              <in.gov>1</in.gov>
              <first.speech>0</first.speech>
              <name role="metadata">MILLEN, Edward</name>
              <name role="display">Senator MILLEN</name>
            </talker>
            <para>.- .By leave, I move - </para>
          </talk.start>
          <quote>
            <para>That this Senate places on record its profound regret at the loss the Commonwealth lias, sustained in the death of the Right Honorable . Lord Forrest, P.O., G.G.M.G., LL.D., F.R.G.S., P.G.S., F.L.S., whose great public services as Premier of the State of Western Australia from its constitution as a selfgoverningcolony as a member of the Federal Convention, as a member of the House of Representatives since the inauguration of Federation, as a Minister, of State for the .Commonwealth, and as Acting Prime Minister, are sincerely appreciated by the-people of Australia. This Sen-, ate tenders its deepest sympathy to the sorrowing widow and relatives of a distinguished explorer and statesman whose devotion to duty was combined with a kindliness and courtesy which endeared him to all with whom he was associated. </para>
          </quote>
          <para class="block">In submitting this motion I feel that it is quite unnecessary , to make any reference to the position which the .right honorable gentleman occupied in the affection and esteem of the members of this and the other branch of the Federal Parliament. Looking over his distinguished career, I prefer rather to refer to his public acts, both in h.is own State of Western Australia and in the Commonwealth. </para>
          <para>Lord Forrest&#39;s whole life was one of action, and that action was represented by service to &#39;his .country. In rendering that service he not only did much to insure the progress and development of Australia, but created for &#39; himself a reputation, which, I venture to say; will endure. </para>
          <para class="block"> By his exploring expeditions, with their attendant dangers, he added vast areas&#39; to his State, and later played - a dominant part in its government, both before and&#39; after the entry of that State -into the  family of self-governing colonies. He indelibly impressed  his name and his personality upon the history of Western Australia, as upon the regard and esteem of its people, leaving the  domain of State affairs only when the higher call of the Commonwealth summoned him to the seat of National government. , </para>
          <para>His entry into Federal politics furnished him with a further opportunity for service, arid in discharging -that service he added to his reputation and completed his claim to be regarded as one of the builders of this new Empire. Throughout,- though taking the larger Common-wealth view, he was still deeply attached to, and &#39;careful of, the interests of his own State, the- State &#39; which he .had done so much to create, to develop, and to guide. </para>
          <para>Big in . heart, resolute of - purpose, with -infinite faith in the future of Australia, Lord Forrest .passes from us full&#39; of years as of honours, leaving behind the story pf a useful life  spent in the interests of his country, and assured of an abiding place in the esteem of its people. - </para>
          <para>It adds a little to our grief that Lord Forrest&#39; should have met his end so far from the country he loved so well. He lies buried to-day in a distant island. It is the desire of the Government, subject to the wishes of .Lord Forrest&#39;s relatives being in harmony with that desire, that, at a suitable time, his remains shall -be1- brought to&#39; Australia to find a permanent resting place in the country for which he- did so much. </para>
          <para>The resolution I have moved very properly extends to Lady Forrest and the other relatives of the deceased statesman the sympathy of this Chamber. I need hardly say that that sympathy is both deep and sincere. &#39; Although it is not expressly provided for in the motion, &#39;I take it that the Senate will request you, sir, to convey a copy of the resolution to Lady Forrest. &#39; . </para>
          <para>
            <inline font-weight="bold">Senator GARDINER</inline>(Kew South Wales) &#91;3.5J. - I associate -myself and the party on this side with all that the Leader of the Senate has said with regard to the late Lord Forrest. I assure the honorable senator that .we appreciate and admire the kindly references he has made. I recognise that his long&#39; and intimate acquaintance with Lord Forrest has enabled him to express- sincerely the views we all hold, and the depth of sympathy we all feel towards Lady Forrest and the other relatives of the deceased statesman. </para>
          <para>Western Australia has .much to remember Lord Forrest for. He reached in the Parliament of that State the highest pinnacle of preferment, and played a big part, not only in moulding the destiny of that State, but in assisting with other very distinguished Australians to fashion the instrument of government which called into existence this Federal Parliament,&#39; which now  does &#39; honour to itself in the passing of the resolution submitted by the Minister for Repatriation. I am sure that it will be- carried by the &#39;Senate as conveying to : those outside the deep sympathy we feel- because of his death, and the great respect and appreciation we always entertained for, shall I say, John- Forrest. </para>
          <para>In conclusion, may I be permitted to say df his .last voyage to that England which he loved not less because he loved Australia more, that there is a -tinge of regret that, he was not permitted to take his seat in the House of Lords, which would have been a splendid finish to&#39; a. great parliamentary career. However, regrets are useless. We on this side of the chamber join with, honorable senators opposite in support of the resolution so ably moved by <inline font-weight="bold">Senator Millen,</inline> feeling sure that it expresses the sincere desire of the Senate. </para>
          <para>Question unanimously resolved in the affirmative, honorable senators standing in their places. </para>
        </speech>
      </subdebate.1>
    </debate>
    <debate>
      <debateinfo>
        <title>DEATH OF SIR GEORGE REID</title>
        <page.no>6228</page.no>
        <type>miscellaneous</type>
      </debateinfo>
      <speech>
        <talk.start>
          <talker>
            <page.no>6228</page.no>
            <time.stamp />
            <name.id>KUL</name.id>
            <electorate>New South Wales</electorate>
            <party>NAT</party>
            <role>Minister for Repatriation</role>
            <in.gov>1</in.gov>
            <first.speech>0</first.speech>
            <name role="metadata">MILLEN, Edward</name>
            <name role="display">Senator MILLEN</name>
          </talker>
          <para>. - By leave, I move - </para>
        </talk.start>
        <quote>
          <para>That this Senate places on record its high appreciation of the eminent public services rendered by the late Bight Honorable <inline font-weight="bold">Sir George</inline> Houstoun Reid,  P.O., G.C.B., G.C.M.G., D.C.L., K.C., as Premier of the State of New South Wales, as a member of the Federal- Convention, as Prime Minister of the Commonwealth, and as the first&#39; High Commissioner in London. This Senate tenders to Lady Reid . and the members of his family its deepest sympathy in their bereavement, and assures them of the regret felt throughout Australia at the death of one who was for many- years a leader in the  political  life of this country, was held in the highest esteem by its citizens, and with marked ability represented the Commonwealth at the centre of the Empire. </para>
        </quote>
        <para>By this resolution we place on record our sense of loss sustained in the death of another of Australia&#39;s distinguished public men. As Premier of New South Wales <inline font-weight="bold">Sir GeorgeReid</inline> has left an enduring mark upon, the&#39; legislative history of that. State. He it was that introduced  legislation which constituted a distinct break from past, ideas,and opened the door to much that has followed. Whatever views were held at that time regarding these measures it will- now be . readily admitted that the legislation with which he was associated was inspired by a sincere regard for the interests of the great mass of the people and. a clear recognition of the spirit of Australian Democracy. He played an important&#39; part, under peculiarly difficult circumstances, in bringing the Australian Commonwealth into being, seeking throughout -to obtain such a Con-&#39; stitution as would afford the fullest opportunity for the development of Australian national sentiment. </para>
        <para>
          <inline font-weight="bold">His</inline>position in Federal politics was Unique. Circumstances did* not permit of his assuming Ministerial responsibility for other than a brief period, but no one with so limited a Ministerial record has represented so potent- an influence, . both in Parliament and&#39; with the public as he did. That he was not more frequently in office is a testimony to the steadfastness with which he held to his political beliefs. Had he displayed any tendency to compromise with these he could easily have had opportunity of Ministerial service. It makes his career the more brilliant that, without the advantages of office, he stood as a commanding figure in the public life of his country.. &#39; </para>
        <para>As the first High Commissioner for the Commonwealth in -Great Britain, a position to which he was appointed with widespread approval, he rendered most distinguished service both to this country and the Empire. By his personal qualities he endeared himself to the whole community. There can be no. greater monument to any man than that it can be said that, in spite of difference of politics, he hadsecured the regard&#39;, confidence, and admiration of his fellow-citizens. &#39; That monument stands to-day to keep fresh the memory of <inline font-weight="bold">Sir GeorgeReid,</inline> erected by his ability, his genial temperament; &#39; and his long and faithful public service. </para>
        <para class="block"> This resolution, like the former, also conveys to the immediate relatives of the deceased statesman an expression of the sympathy of this Chamber. Many of us - most of. us, I assume- have had personalacquaintance with Lady-Reid, and we can only express the hope-that the resolution which we now pass will, in some slight measure, tend to soften the blow that has fallen upon her. And on this, as on the former occasion, may I say, <inline font-weight="bold">Mr. President,</inline> that you will be carrying out the wishes of the Senate if you will convey a copy of the- resolution to that lady. </para>
      </speech>
      <speech>
        <talk.start>
          <talker>
            <page.no>6229</page.no>
            <time.stamp />
            <name.id>KKZ</name.id>
            <electorate>New South Wales</electorate>
            <party />
            <role />
            <in.gov>0</in.gov>
            <first.speech>0</first.speech>
            <name role="metadata">GARDINER, Albert</name>
            <name role="display">Senator GARDINER</name>
          </talker>
          <para>. -  May I again, as representing the whole of the members of this side of the Senate, say that we associate ourselves with all that the Leader of the Senate has just said in . regard to the splendid services rendered to the State of New South Wales and to the Commonwealth by the late <inline font-weight="bold">Sir George</inline> Reid. It was my privilege to be a member of the Parliament of New South Wales in 1891, when the leadership of his party was thrust upon <inline font-weight="bold">Mr. GeorgeReid.</inline> At the following elections he secured not only the indorsement of his personal leadership, but also of his&#39; party&#39;s policy. I can pay no greater tribute to &#39; the respect and. esteem in which he was held by the whole of the Labour -movement of New South Wales than to say that for five years he maintained its support and confidence, which enabled him as Leader of that Government to place many beneficial and democratic&#39; measures on the statute-book. </para>
        </talk.start>
        <para> And, like Lord Forrest, he shared with other brilliant Australians in the work&#39; of shaping the instrument of government which called into existence this Federal Parliament. If there could have been any solace to the closing years of a strenuous life it must have been the thought that would come, not only to <inline font-weight="bold">Sir George</inline> Reid, but equally to Lord Forrest, that, in this world-racking struggle, they were, able to see the splendid achievement of Australia, due, as it was, . so largely to their own work, in that it had made united action possible. I can- say nothing further than to join most heartily in voicing our appreciation of the late statesman and to  express  with the Leader of the Senate our deep sympathy with LadyReid and the members of her family. &#39; Like the name of Lord Forrest, that of <inline font-weight="bold">Sir George</inline> Reid will be ever dearly remembered. We who came closely into contact with him felt how often; his genial disposition, bis generous sympathy and feeling sweetened what was too often, the enmity of party  strife. </para>
        <para>Question unanimously resolved in the affirmative, honorable senators standing in their places. </para>
      </speech>
    </debate>
    <debate>
      <debateinfo>
        <title>ADJOURNMENT</title>
        <page.no>6230</page.no>
        <type>adjournment</type>
      </debateinfo>
      <speech>
        <talk.start>
          <talker>
            <page.no>6230</page.no>
            <time.stamp />
            <name.id>KUL</name.id>
            <electorate>New South Wales</electorate>
            <party>NAT</party>
            <role>Minister for Repatriation</role>
            <in.gov>1</in.gov>
            <first.speech>0</first.speech>
            <name role="metadata">MILLEN, Edward</name>
            <name role="display">Senator MILLEN</name>
          </talker>
          <para>. -  As a mark of . respect to the memory of the gentlemen with regard to - whom the Senate has just carried - the two resolutions, I beg. to move - </para>
        </talk.start>
        <quote>
          <para>That the Senate do now adjourn. </para>
        </quote>
        <para class="block">Question resolved in the affirmative.  </para>
      </speech>
    </debate>
    <adjournment>
      <adjournmentinfo>
        <page.no>6230</page.no>
        <time.stamp>15:17:00</time.stamp>
      </adjournmentinfo>
      <para class="block">Senate adjourned at 3.17 p.m. </para>
    </adjournment>
  </chamber.xscript>
</hansard>