<?xml version="1.0" encoding="utf-8"?>
<hansard xsi:noNamespaceSchemaLocation="../../hansard.xsd" version="2.1" xmlns:xsi="http://www.w3.org/2001/XMLSchema-instance">
  <session.header>
    <date>1918-01-17</date>
    <parliament.no>7</parliament.no>
    <session.no>2</session.no>
    <period.no>0</period.no>
    <chamber>SENATE</chamber>
    <page.no>3097</page.no>
    <proof>0</proof>
  </session.header>
  <chamber.xscript>
    <para class="block">Senate. </para>
    <business.start>
      <day.start>1918-01-17</day.start>
      <para>The <inline font-weight="bold">President (Senator the Hon. T. Givens)</inline> took the chair at 3 p.m., and read prayers. </para>
    </business.start>
    <debate>
      <debateinfo>
        <title>SUPPLY BILL (No. 4) 1917-18</title>
        <page.no>3097</page.no>
        <type>bill</type>
      </debateinfo>
      <para>Assent reported, </para>
    </debate>
    <debate>
      <debateinfo>
        <title>SPECIAL ADJOURNMENT</title>
        <page.no>3097</page.no>
        <type>special adjournment</type>
      </debateinfo>
      <speech>
        <talk.start>
          <talker>
            <page.no>3097</page.no>
            <time.stamp />
            <name.id>KUL</name.id>
            <electorate>New South WalesMinister for Repatriation</electorate>
            <party>NAT</party>
            <role>Minister for Repatriation</role>
            <in.gov>1</in.gov>
            <first.speech>0</first.speech>
            <name role="metadata">MILLEN, Edward</name>
            <name role="display">Senator MILLEN</name>
          </talker>
          <para>. - I move - </para>
        </talk.start>
        <quote>
          <para>That the Senate, at its rising, adjourn until 3 p.m. on Tuesday next. </para>
        </quote>
        <para class="block">Honorable senators will recollect that at our last meeting it was impossible to say definitely when business from another place would be available for transaction here. </para>
        <interjection>
          <talk.start>
            <talker>
              <page.no>3097</page.no>
              <time.stamp />
              <name.id>JZ9</name.id>
              <electorate />
              <party />
              <role />
              <in.gov>0</in.gov>
              <first.speech>0</first.speech>
              <name role="metadata">O&#39;KEEFE, David</name>
              <name role="display">Senator O&#39;Keefe</name>
            </talker>
            <para>- I rise to a point of order. If the motion now submitted by the Minister is carried, will it not preclude the asking of questions? </para>
          </talk.start>
        </interjection>
      </speech>
      <speech>
        <talk.start>
          <talker>
            <page.no>3097</page.no>
            <time.stamp />
            <name.id>KLS</name.id>
            <electorate>QUEENSLAND</electorate>
            <party />
            <role />
            <in.gov>0</in.gov>
            <first.speech>0</first.speech>
            <name role="metadata">GIVENS, Thomas</name>
            <name role="display">The PRESIDENT (Senator the Hon T Givens</name>
          </talker>
          <para>- No. The Standing Orders permit the Minister leading the Government in the Senate to submit a motion concerning the conduct of the business of the Senate at any time. When the motion now submitted is disposed of, notices of motion and questions may still be dealt with. </para>
        </talk.start>
        <continue>
          <talk.start>
            <talker>
              <page.no>3097</page.no>
              <time.stamp />
              <name.id>KUL</name.id>
              <electorate />
              <party />
              <role />
              <in.gov>0</in.gov>
              <first.speech>0</first.speech>
              <name role="metadata">MILLEN, Edward</name>
              <name role="display">Senator MILLEN</name>
            </talker>
            <para>- I was explaining the circumstances under which our last sitting was adjourned. Honorable senators opposite will possibly be as well informed as I am concerning the progress made elsewhere. </para>
          </talk.start>
        </continue>
        <interjection>
          <talk.start>
            <talker>
              <page.no>3097</page.no>
              <time.stamp />
              <name.id>K2L</name.id>
              <electorate />
              <party />
              <role />
              <in.gov>0</in.gov>
              <first.speech>0</first.speech>
              <name role="metadata">REID, Matthew</name>
              <name role="display">Senator Reid</name>
            </talker>
            <para>- Does the Minister call it progress? </para>
          </talk.start>
        </interjection>
        <continue>
          <talk.start>
            <talker>
              <page.no>3097</page.no>
              <time.stamp />
              <name.id>KUL</name.id>
              <electorate />
              <party />
              <role />
              <in.gov>0</in.gov>
              <first.speech>0</first.speech>
              <name role="metadata">MILLEN, Edward</name>
              <name role="display">Senator MILLEN</name>
            </talker>
            <para>- I do, having to speak within the limits of debate defined by the Standing Orders. The position so far as I can size it up, is that there is not likely to be any business available for transaction by the Senate this week. At the same time it is reasonable to assume that another place will have completed the important business on which it is now engaged, and will also have passed the Supply Bill, which is next on the businesspaper there, by the termination of this week. Ordinarily, we should meet again on Wednesday next, but I am taking the liberty of inviting honorable senators to meet a day earlier. I am satisfied that the Supply Bill will be before us then, and we shall thus be able to deal with it a day earlier than if we adopted the usual course. </para>
          </talk.start>
        </continue>
        <interjection>
          <talk.start>
            <talker>
              <page.no>3097</page.no>
              <time.stamp />
              <name.id>KRX</name.id>
              <electorate />
              <party />
              <role />
              <in.gov>0</in.gov>
              <first.speech>0</first.speech>
              <name role="metadata">LONG, James</name>
              <name role="display">Senator Long</name>
            </talker>
            <para>- Does the Minister not contemplate a change of Government? </para>
          </talk.start>
        </interjection>
        <continue>
          <talk.start>
            <talker>
              <page.no>3097</page.no>
              <time.stamp />
              <name.id>KUL</name.id>
              <electorate />
              <party />
              <role />
              <in.gov>0</in.gov>
              <first.speech>0</first.speech>
              <name role="metadata">MILLEN, Edward</name>
              <name role="display">Senator MILLEN</name>
            </talker>
            <para>- There has been a change of Government so recently that I see no necessity to contemplate another. Honorable senators know the reasons underlying this motion, and I invite their co-operation in carrying it. </para>
          </talk.start>
        </continue>
        <para>Question resolved in the affirmative. </para>
      </speech>
    </debate>
    <debate>
      <debateinfo>
        <title>QUESTION</title>
        <page.no>3097</page.no>
        <type>Questions</type>
      </debateinfo>
      <subdebate.1>
        <subdebateinfo>
          <title>COMMONWEALTH POLICE</title>
          <page.no>3097</page.no>
        </subdebateinfo>
        <speech>
          <talk.start>
            <talker>
              <page.no>3097</page.no>
              <time.stamp />
              <name.id>KSU</name.id>
              <electorate>QUEENSLAND</electorate>
              <party />
              <role />
              <in.gov>0</in.gov>
              <first.speech>0</first.speech>
              <name role="metadata">MAUGHAN, William</name>
              <name role="display">Senator MAUGHAN</name>
            </talker>
            <para>- I ask the Min ister representing the Prime Minister, without notice - </para>
          </talk.start>
          <list type="decimal-dotted">
            <item label="1.">
              <para>How many Commonwealth police officers have been appointed for the State of Queensland? </para>
            </item>
            <item label="2.">
              <para>What is the nature of their duties? </para>
            </item>
            <item label="3.">
              <para>What are the expenses entailed to date? </para>
            </item>
          </list>
        </speech>
        <speech>
          <talk.start>
            <talker>
              <page.no>3097</page.no>
              <time.stamp />
              <name.id>KUL</name.id>
              <electorate />
              <party>NAT</party>
              <role />
              <in.gov>1</in.gov>
              <first.speech>0</first.speech>
              <name role="metadata">MILLEN, Edward</name>
              <name role="display">Senator MILLEN</name>
            </talker>
            <para>- I remind the honorable senator that it is not the practice to answer questions when a vote of censure of the Government is in progress. </para>
          </talk.start>
        </speech>
      </subdebate.1>
    </debate>
    <debate>
      <debateinfo>
        <title>PAPUAN OIL FIELDS</title>
        <page.no>3097</page.no>
        <type>miscellaneous</type>
      </debateinfo>
      <para>Report of the Standing Committee on </para>
      <para>Public Accounts upon the Papuan Oil Fields presented by <inline font-weight="bold">Senator Earle,</inline> and ordered to be printed. </para>
    </debate>
    <debate>
      <debateinfo>
        <title>QUESTION</title>
        <page.no>3097</page.no>
        <type>Questions</type>
      </debateinfo>
      <subdebate.1>
        <subdebateinfo>
          <title>CENSORSHIP OF WAR MESSAGES</title>
          <page.no>3097</page.no>
        </subdebateinfo>
        <speech>
          <talk.start>
            <talker>
              <page.no>3097</page.no>
              <time.stamp />
              <name.id>JZ9</name.id>
              <electorate />
              <party />
              <role />
              <in.gov>0</in.gov>
              <first.speech>0</first.speech>
              <name role="metadata">O&#39;KEEFE, David</name>
              <name role="display">Senator O&#39;KEEFE</name>
            </talker>
            <para>- I ask the Minister representing the Minister for Defence whether long-distance wireless messages are received at wireless stations in Australia containing information of great importance to members of Parliament, and are censored, because it is considered inadvisable by the Defence Department to make them public? Would it be possible for members of Parliament to be given access to such messages in a confidential way? </para>
          </talk.start>
          <interjection>
            <talk.start>
              <talker>
                <page.no>3097</page.no>
                <time.stamp />
                <name.id>K8L</name.id>
                <electorate>NEW SOUTH WALES</electorate>
                <party>NAT</party>
                <role />
                <in.gov>0</in.gov>
                <first.speech>0</first.speech>
                <name role="metadata">THOMAS, Josiah</name>
                <name role="display">Senator THOMAS</name>
              </talker>
              <para>- What would be the good of that? </para>
            </talk.start>
          </interjection>
          <continue>
            <talk.start>
              <talker>
                <page.no>3097</page.no>
                <time.stamp />
                <name.id>JZ9</name.id>
                <electorate />
                <party />
                <role />
                <in.gov>0</in.gov>
                <first.speech>0</first.speech>
                <name role="metadata">O&#39;KEEFE, David</name>
                <name role="display">Senator O&#39;KEEFE</name>
              </talker>
              <para>- I am asking the question. Is it a fact that such messages are received, and are censored for reasons connected with the conduct of the war? Is there any means by which members of this Parliament could be given confidential access to the information contained in those messages, so that they might be informed concerning many things that it would be advisable for them to know? </para>
            </talk.start>
          </continue>
        </speech>
        <speech>
          <talk.start>
            <talker>
              <page.no>3098</page.no>
              <time.stamp />
              <name.id>KUL</name.id>
              <electorate />
              <party>NAT</party>
              <role />
              <in.gov>1</in.gov>
              <first.speech>0</first.speech>
              <name role="metadata">MILLEN, Edward</name>
              <name role="display">Senator MILLEN</name>
            </talker>
            <para>- I intimated in reply to a question put by <inline font-weight="bold">Senator Maughan-and Senator O&#39;Keefe,</inline> as an old parliamentarian, should be aware of the fact - that it is not the practice of members of the Government to answer questions in the circumstances under which we are meeting to-day. </para>
          </talk.start>
        </speech>
      </subdebate.1>
    </debate>
    <debate>
      <debateinfo>
        <title>PAPERS</title>
        <page.no>3098</page.no>
        <type>papers</type>
      </debateinfo>
      <para>Thefollowing papers were presented: - </para>
      <quote>
        <para>Audit, Act 1901-1917.- Transfers of amounts approved by the Governor-General in Council - financial year 1916-17- Dated 27th December, 1917. </para>
      </quote>
      <para>Judiciary Act 1903-1.910 and. High Court Procedure Act 1903. - Rules of Court (Admiralty Rules)-Statutory Rules 1917, No. 322. </para>
      <para>Naturalization Act 1903-1917.- Return of number of persons to whom naturalization certificates were granted during 1917. </para>
      <para>Public Service Act 1902-1916.- PromotionsHome and Territories Department - </para>
      <para>H. C. Green. </para>
      <para>A. H.Lumsden. </para>
      <para>Department of Defence - </para>
      <para>G. P. Embelton. </para>
      <para>W. Howie. </para>
      <para>Department of Trade and Customs - H. W. Bennett. </para>
      <para>Trade Marks Act. 1905-1912.- Regulations amended, &#38;c.- Statutory Rules 1917, No. 291. </para>
      <para>Unlawful Associations Act 1916-17. - Regulations amended, <inline font-style="italic">&#38;c.</inline> - Statutory Rules 1917, No. 264. </para>
      <para>War Precautions Act 1914-1916,- Regulations amended - Statutory Rules 1917, Nos. 253, 254, 265, 271, 281, 282, 283, 290, 302, 304, 306, 308, 314, 315, 316, 319, 323, 324, 326. </para>
    </debate>
    <debate>
      <debateinfo>
        <title>QUESTION</title>
        <page.no>3098</page.no>
        <type>Questions</type>
      </debateinfo>
      <subdebate.1>
        <subdebateinfo>
          <title>RETURNED SOLDIERS</title>
          <page.no>3098</page.no>
        </subdebateinfo>
        <speech>
          <talk.start>
            <talker>
              <page.no>3098</page.no>
              <time.stamp />
              <name.id>K1L</name.id>
              <electorate>VICTORIA</electorate>
              <party />
              <role />
              <in.gov>0</in.gov>
              <first.speech>0</first.speech>
              <name role="metadata">BARNES, John</name>
              <name role="display">Senator BARNES</name>
            </talker>
            <para>- &#39;Will the Leader of the Senate state if the Government are taking any steps for the protection of returned soldiers who are being dismissed by private employers for the action they took in fighting conscription? </para>
          </talk.start>
          <interjection>
            <talk.start>
              <talker>
                <page.no>3098</page.no>
                <time.stamp />
                <name.id>KRZ</name.id>
                <electorate />
                <party />
                <role />
                <in.gov>0</in.gov>
                <first.speech>0</first.speech>
                <name role="metadata">LYNCH, Patrick</name>
                <name role="display">Senator Lynch</name>
              </talker>
              <para>- And <inline font-style="italic">vice versa.</inline></para>
            </talk.start>
          </interjection>
          <continue>
            <talk.start>
              <talker>
                <page.no>3098</page.no>
                <time.stamp />
                <name.id>K1L</name.id>
                <electorate />
                <party />
                <role />
                <in.gov>0</in.gov>
                <first.speech>0</first.speech>
                <name role="metadata">BARNES, John</name>
                <name role="display">Senator BARNES</name>
              </talker>
              <para>- The honorable senator canput it that way if he likes. </para>
            </talk.start>
          </continue>
        </speech>
        <speech>
          <talk.start>
            <talker>
              <page.no>3098</page.no>
              <time.stamp />
              <name.id>KUL</name.id>
              <electorate />
              <party>NAT</party>
              <role />
              <in.gov>1</in.gov>
              <first.speech>0</first.speech>
              <name role="metadata">MILLEN, Edward</name>
              <name role="display">Senator MILLEN</name>
            </talker>
            <para>- I regret that, in view of the nature of the question, I am obliged to give the honorable senator the same answer as I gave to the two previous questions. </para>
          </talk.start>
        </speech>
      </subdebate.1>
    </debate>
    <debate>
      <debateinfo>
        <title>ADJOURNMENT</title>
        <page.no>3098</page.no>
        <type>adjournment</type>
      </debateinfo>
      <subdebate.1>
        <subdebateinfo>
          <title>Commonwealth Police</title>
          <page.no>3098</page.no>
        </subdebateinfo>
        <para>Motion (by <inline font-weight="bold">Senator Millen)</inline> proposed - </para>
        <quote>
          <para class="block">That the Senate do now adjourn. </para>
        </quote>
        <speech>
          <talk.start>
            <talker>
              <page.no>3098</page.no>
              <time.stamp />
              <name.id>JYT</name.id>
              <electorate>Queensland</electorate>
              <party />
              <role />
              <in.gov>0</in.gov>
              <first.speech>0</first.speech>
              <name role="metadata">FERRICKS, Myles</name>
              <name role="display">Senator FERRICKS</name>
            </talker>
            <para>. -I wish to bring under notice the action of the Prime Minister <inline font-weight="bold">(Mr. Hughes),</inline> the Minister for Defence <inline font-weight="bold">(Senator Pearce),</inline> or whoever is responsible in delaying the tabling of regulation 325, authorizing the Attorney-General to constitute a Commonwealth police force throughout Australia. I listened to the list of regulations under the War Precautions Act as read out by the Leader of the Senate. I noticed that he went to No. 322, then back to No. 264, and then jumped in stages up to 326. So far as I could ascertain before the Senate met, No. 325 has not yet been tabled. It is not fair for the Government to withhold it until the closing hours, or minutes, of a session, as has been done on previous occasions. My inquiries as to the tabling were hurried, and it may already have been put before the Senate ; but if it has not, the Government ought, at the first opportunity, even before this sitting terminates, to put it before the Senate.. It has been in honorable senators&#39;&#39; boxes for some time, and the order in the <inline font-style="italic">Government Gazette,</inline> following the issue of that regulation on 11th December, has been published in the newspapers. I am sure honorable senators would welcome the opportunity of saying whether they indorse the action of the Government, the Prime Minister, or the Attorney-General, in going to the extent of the action taken on that occasion. The general impression appears to be that the constitution of this police force in Queensland has been one of the greatest farces perpetrated since the inception of the Commonwealth, and it is due to honorable senators opposite, as well as to those on this side, to be allowed an opportunity to say whether they are prepared to back up the continuance of that farce or not. If the Government are not prepared to table the regulation at once they should end the farce, which has gone much too far. </para>
          </talk.start>
          <interjection>
            <talk.start>
              <talker>
                <page.no>3098</page.no>
                <time.stamp />
                <name.id>JZD</name.id>
                <electorate />
                <party />
                <role />
                <in.gov>0</in.gov>
                <first.speech>0</first.speech>
                <name role="metadata">FOLL, Hattil</name>
                <name role="display">Senator Foll</name>
              </talker>
              <para>- My experience was that the State force was ratherafarce. </para>
            </talk.start>
          </interjection>
          <continue>
            <talk.start>
              <talker>
                <page.no>3098</page.no>
                <time.stamp />
                <name.id>JYT</name.id>
                <electorate />
                <party />
                <role />
                <in.gov>0</in.gov>
                <first.speech>0</first.speech>
                <name role="metadata">FERRICKS, Myles</name>
                <name role="display">Senator FERRICKS</name>
              </talker>
              <para>- I believe the honorable senator had some experience in </para>
            </talk.start>
          </continue>
          <para class="block">Northern Queensland that would lead him to that conclusion. I appeal to the Minister to let us have the regulation, if it has not already been tabled,before the closing hours of the session. </para>
        </speech>
        <speech>
          <talk.start>
            <talker>
              <page.no>3099</page.no>
              <time.stamp />
              <name.id>KUL</name.id>
              <electorate>New South Wales</electorate>
              <party>NAT</party>
              <role>Minister forRepatriation</role>
              <in.gov>1</in.gov>
              <first.speech>0</first.speech>
              <name role="metadata">MILLEN, Edward</name>
              <name role="display">Senator MILLEN</name>
            </talker>
            <para>. - The honorable senator will readily understand that I am not aware of the particular regulations to which the numbers I read out apply. I shall make inquiries on the point he has raised. </para>
          </talk.start>
          <para>Question resolved in the affirmative. </para>
          <para>Senate adjourned 3.15 p.m. </para>
        </speech>
      </subdebate.1>
    </debate>
  </chamber.xscript>
</hansard>
