<?xml version="1.0" encoding="utf-8"?>
<hansard xsi:noNamespaceSchemaLocation="../../hansard.xsd" version="2.1" xmlns:xsi="http://www.w3.org/2001/XMLSchema-instance">
  <session.header>
    <date>1918-01-09</date>
    <parliament.no>7</parliament.no>
    <session.no>2</session.no>
    <period.no>0</period.no>
    <chamber>SENATE</chamber>
    <page.no>2871</page.no>
    <proof>0</proof>
  </session.header>
  <chamber.xscript>
    <para class="block">Senate. </para>
    <business.start>
      <day.start>1918-01-09</day.start>
      <para>The <inline font-weight="bold">President (Senator the Hon. T. Givens)</inline> took the chair at 3 p.m., and read prayers. </para>
    </business.start>
    <debate>
      <debateinfo>
        <title>ADJOURNMENT</title>
        <page.no>2871</page.no>
        <type>adjournment</type>
      </debateinfo>
      <subdebate.1>
        <subdebateinfo>
          <title>Resignation of Ministry</title>
          <page.no>2871</page.no>
        </subdebateinfo>
        <para>
          <inline font-weight="bold">Senator MILLEN</inline>(New South Wales- </para>
        <para>Acting Minister for Repatriation). - It will be within theknowledge of honorable senators that the Hughes Government have resigned, and, in order to allow time for the situation to be resolved, I move: - That the Senate do now adjourn. </para>
        <para>Question resolved in the affirmative. </para>
        <para>Senate adjourned at  3.1  p.m. </para>
      </subdebate.1>
    </debate>
  </chamber.xscript>
</hansard>