<?xml version="1.0" encoding="utf-8"?>
<hansard xsi:noNamespaceSchemaLocation="../../hansard.xsd" version="2.1" xmlns:xsi="http://www.w3.org/2001/XMLSchema-instance">
  <session.header>
    <date>1918-01-11</date>
    <parliament.no>7</parliament.no>
    <session.no>2</session.no>
    <period.no>0</period.no>
    <chamber>SENATE</chamber>
    <page.no>2917</page.no>
    <proof>0</proof>
  </session.header>
  <chamber.xscript>
    <para class="block">Senate. </para>
    <business.start>
      <day.start>1918-01-11</day.start>
      <para>The <inline font-weight="bold">President (Senator the Hon. T. J. Givens)</inline> took the chair at 11 a.m., and read prayers. </para>
    </business.start>
    <debate>
      <debateinfo>
        <title>PAPERS</title>
        <page.no>2917</page.no>
        <type>papers</type>
      </debateinfo>
      <para>The following paperswere presented :  - </para>
      <quote>
        <para>Copy of memorandum by the GovernorGeneral, dated 9th January, 1918, relative, to the change of Government. </para>
        <para>Report of the Resolutions and Proceedings  of the Conference of Commonwealth and States TaxationOfficers, held at Melbourne, March, 1917. </para>
        <para>Pursuant to Statute - </para>
        <para>Papua.- Ordinance No. 9 of 1917- Supplementary Appropriation 1916-1917 (No. 4). </para>
      </quote>
    </debate>
    <debate>
      <debateinfo>
        <title>QUESTION</title>
        <page.no>2917</page.no>
        <type>Questions</type>
      </debateinfo>
      <subdebate.1>
        <subdebateinfo>
          <title>SHIPBUILDING PROPOSAL</title>
          <page.no>2917</page.no>
        </subdebateinfo>
        <speech>
          <talk.start>
            <talker>
              <page.no>2917</page.no>
              <time.stamp />
              <name.id>KRX</name.id>
              <electorate>TASMANIA</electorate>
              <party />
              <role />
              <in.gov>0</in.gov>
              <first.speech>0</first.speech>
              <name role="metadata">LONG, James</name>
              <name role="display">Senator LONG</name>
            </talker>
            <para>- I ask the Leader of the Government in the Senate whether, in connexion with the projected shipbuilding scheme, the Government propose to utilize the wonderful natural facilities that exist in the State of Tasmania for shipbuilding purposes. I noticed from a statement in the press that a certain gentleman recently visited Tasmania, and, perhaps, the Minister will say whether ho had any authority from the Commonwealth Government to investigate the facilities I have referred to. . </para>
          </talk.start>
        </speech>
        <speech>
          <talk.start>
            <talker>
              <page.no>2917</page.no>
              <time.stamp />
              <name.id>KUL</name.id>
              <electorate>NEW SOUTH WALES</electorate>
              <party>NAT</party>
              <role>Minister for Repatriation</role>
              <in.gov>1</in.gov>
              <first.speech>0</first.speech>
              <name role="metadata">MILLEN, Edward</name>
              <name role="display">Senator MILLEN</name>
            </talker>
            <para>- I know nothing of the gentleman referred to, but if the honorable senator will repeat the question next week I shall endeavour to get the information for him. </para>
          </talk.start>
        </speech>
      </subdebate.1>
    </debate>
    <debate>
      <debateinfo>
        <title>SUPPLY BILL (No. , 4) 1917-18</title>
        <page.no>2917</page.no>
        <type>bill</type>
      </debateinfo>
      <para>Bill received from the House of Representatives. </para>
      <para>Standing and Sessional Orders suspended to enable the Bill to be passed through all its stages without delay. </para>
    </debate>
    <debate>
      <debateinfo>
        <title>QUESTION</title>
        <page.no>2917</page.no>
        <type>Questions</type>
      </debateinfo>
      <subdebate.1>
        <subdebateinfo>
          <title>COST OF COMMONWEALTH RAILWAYS</title>
          <page.no>2917</page.no>
        </subdebateinfo>
        <speech>
          <talk.start>
            <talker>
              <page.no>2917</page.no>
              <time.stamp />
              <name.id>KMP</name.id>
              <electorate>NEW SOUTH WALES</electorate>
              <party />
              <role />
              <in.gov>0</in.gov>
              <first.speech>0</first.speech>
              <name role="metadata">GRANT, John</name>
              <name role="display">Senator GRANT</name>
            </talker>
            <para>asked the Minister representing the Minister for Works and Railways, <inline font-style="italic">upon notice -</inline></para>
          </talk.start>
          <quote>
            <para>What is the total cost to date, and the estimated annual loss <inline font-style="italic">on -</inline></para>
            <list type="decimal-dotted">
              <item label="1.">
                <para>Port Augusta to Kalgoorlie Railway? </para>
              </item>
              <item label="2.">
                <para>Port Augusta to Oodnadatta Railway? </para>
              </item>
              <item label="3.">
                <para>Northern Territory Railway? </para>
              </item>
              <item label="4.">
                <para>Canberra Railway? </para>
              </item>
            </list>
          </quote>
        </speech>
        <speech>
          <talk.start>
            <talker>
              <page.no>2917</page.no>
              <time.stamp />
              <name.id>K3E</name.id>
              <electorate>VICTORIA</electorate>
              <party>NAT</party>
              <role>Honorary Minister</role>
              <in.gov>1</in.gov>
              <first.speech>0</first.speech>
              <name role="metadata">RUSSELL, Edward</name>
              <name role="display">Senator RUSSELL</name>
            </talker>
            <para>- The information will be prepared and laid on the table of the Senate asa return. </para>
          </talk.start>
        </speech>
      </subdebate.1>
    </debate>
    <debate>
      <debateinfo>
        <title>QUESTION</title>
        <page.no>2917</page.no>
        <type>Questions</type>
      </debateinfo>
      <subdebate.1>
        <subdebateinfo>
          <title>CENSORSHIP</title>
          <page.no>2917</page.no>
        </subdebateinfo>
        <para>Prosecutions under War Precautions Act. </para>
        <speech>
          <talk.start>
            <talker>
              <page.no>2917</page.no>
              <time.stamp />
              <name.id>KMP</name.id>
              <electorate />
              <party />
              <role />
              <in.gov>0</in.gov>
              <first.speech>0</first.speech>
              <name role="metadata">GRANT, John</name>
              <name role="display">Senator GRANT</name>
            </talker>
            <para>asked the Minister representing the Prime Minister, upon <inline font-style="italic">notice -</inline></para>
          </talk.start>
          <list type="decimal-dotted">
            <item label="1.">
              <para>How many newspapers published in the Commonwealth have been proceeded against under the provisions of the WarPrecautions Act or Regulations thereunderfor the publication of articles or advertisements since 1st November till31st December, 1917? </para>
            </item>
            <item label="2.">
              <para>What are the names of such newspapers? </para>
            </item>
            <item label="3.">
              <para>What is the total amount offines imposed, and to what extent bare they been paid? </para>
            </item>
            <item label="4.">
              <para>How many actions are pending&#39;? </para>
            </item>
            <item label="5.">
              <para>How many editors or managers of newspapers have been proceeded against for similar reasons? </para>
            </item>
            <item label="6.">
              <para>Sow many have been fined? </para>
            </item>
            <item label="7.">
              <para>What was the name of each person fined? </para>
            </item>
            <item label="8.">
              <para>What is the amount of each fine? </para>
            </item>
            <item label="9.">
              <para>What is the total amount of such fine? </para>
            </item>
            <item label="10.">
              <para>How many actions are still pending? </para>
            </item>
            <item label="11.">
              <para>What are the names of the members of - </para>
              <list type="loweralpha">
                <item label="(a)">
                  <para>the Senate; </para>
                </item>
                <item label="(c)">
                  <para>the Legislative Assemblies; </para>
                </item>
                <item label="(e)">
                  <para>and of private citizens (excluding editors and managers of newspapers) whosince the passing of the War Precautions Act and Regulations thereunder have been proceeded against far making statements contrary to the provisions of the said Act and Regulations? </para>
                </item>
              </list>
            </item>
          </list>
          <para>The name of each person fined and the amount in each case? </para>
          <para>The total amount of such fines? </para>
          <list type="decimal-dotted">
            <item label="12.">
              <para>How many persons are now in gaol for offences under the War Precautions Act and Regulations thereunder? </para>
            </item>
          </list>
        </speech>
        <speech>
          <talk.start>
            <talker>
              <page.no>2918</page.no>
              <time.stamp />
              <name.id>KUL</name.id>
              <electorate />
              <party>NAT</party>
              <role />
              <in.gov>1</in.gov>
              <first.speech>0</first.speech>
              <name role="metadata">MILLEN, Edward</name>
              <name role="display">Senator MILLEN</name>
            </talker>
            <para>- I suggest to the honorable senator that the information sought by a question of this kind should be moved for as a return. I should like honorable senators . generally to accept the intimation that if questions of this character are submitted on the Thursday, it is impossible for the Departments concerned to obtain replies to them on the Friday. . For the convenience of the Senate and of MinistersI trust that, so far as possible, honorable senators submitting such questions will put them on the notice-paper for the first day of the following week. </para>
          </talk.start>
        </speech>
      </subdebate.1>
    </debate>
    <debate>
      <debateinfo>
        <title>QUESTION</title>
        <page.no>2918</page.no>
        <type>Questions</type>
      </debateinfo>
      <subdebate.1>
        <subdebateinfo>
          <title>REINFORCEMENTS REFERENDUM</title>
          <page.no>2918</page.no>
        </subdebateinfo>
        <para>Soldiers&#39; Votes</para>
        <speech>
          <talk.start>
            <talker>
              <page.no>2918</page.no>
              <time.stamp />
              <name.id>JXJ</name.id>
              <electorate>WESTERN AUSTRALIA</electorate>
              <party />
              <role />
              <in.gov>0</in.gov>
              <first.speech>0</first.speech>
              <name role="metadata">NEEDHAM, Edward</name>
              <name role="display">Senator NEEDHAM</name>
            </talker>
            <para>asked the Minister representing, the Minister for Home, and Territories, <inline font-style="italic">upon notice -</inline></para>
          </talk.start>
          <list type="decimal-dotted">
            <item label="1.">
              <para>The total number of votescast in the recent referendum by members of the Australian Imperial Forces? </para>
            </item>
            <item label="2.">
              <para>The total number in each subdivision in the Commonwealth? </para>
            </item>
            <item label="3.">
              <para>Tier total number in each division in the Commonwealth ?. </para>
            </item>
          </list>
        </speech>
        <speech>
          <talk.start>
            <talker>
              <page.no>2918</page.no>
              <time.stamp />
              <name.id>K3E</name.id>
              <electorate />
              <party>NAT</party>
              <role />
              <in.gov>1</in.gov>
              <first.speech>0</first.speech>
              <name role="metadata">RUSSELL, Edward</name>
              <name role="display">Senator RUSSELL</name>
            </talker>
            <para>- The answers are - </para>
          </talk.start>
          <list type="decimal-dotted">
            <item label="1.">
              <para>The count in respect of members of the Forces (as defined by the regulations) inclusive of members voting overseas, on warships, and within Australia, is as follows :  -Yes, 103,443; No, 93,794. A small number of votes have yet to be counted. 2 and 3. The rotes (taken on the military roll) have not been allocated to subdivisions or divisions. When the voting is complete a statement will be prepared showing the allocation to States. </para>
            </item>
          </list>
        </speech>
      </subdebate.1>
    </debate>
    <debate>
      <debateinfo>
        <title>SUPPLY BILL (No. 4) 1917-18</title>
        <page.no>2918</page.no>
        <type>bill</type>
      </debateinfo>
      <speech>
        <talk.start>
          <talker>
            <page.no>2918</page.no>
            <time.stamp />
            <name.id>KUL</name.id>
            <electorate>New South Wales</electorate>
            <party>NAT</party>
            <role>Minister for Repatriation</role>
            <in.gov>1</in.gov>
            <first.speech>0</first.speech>
            <name role="metadata">MILLEN, Edward</name>
            <name role="display">Senator MILLEN</name>
          </talker>
          <para>. - I move - </para>
        </talk.start>
        <quote>
          <para class="block">That this Bill bo now read a first time. </para>
        </quote>
        <para class="block">The proposed appropriation covers a period of one month, and provides for the ordinary services of Government and war services, so far. as they are payable out of revenue. The total amount of the schedule is &#163;1,211,615; omitting refunds of revenue, &#163;45,000, the total is &#163;1,166,615. The amount thus asked for is less than one-twelfth of the total estimated expenditure under annual votes, namely, &#163;1,308,960. Supply has alreadybeen granted up to the 31st December of last  year.  The amount provided, omitting Treusurer&#39;s Advance and Refunds of Revenue, is &#163;6,913,386. Excluding Treasurer&#39;s Advance and Refunds of Revenue, the total provision which will bo available to meet expenditure to the 31st January, 1918, is &#163;8,080,001. I remind honorable senators that the total amount provided on the Estimates previously submitted amounts to &#163;15,707,522. Deducting from that amount certain items, for which no provision appears in this month&#39;s Supply Bill, the available appropriation amounts to &#163;14,129,852. Seven-twelfths of that amount is &#163;8,242,413, but the total provision which will be made if the Senate approves of this Bill will only be &#163;8,080,001. It will thus be seen that the proposed expenditure for the seven months is less than seven-twelf ths of the total expenditure for the year <inline font-style="italic">set</inline> out in the Estimates. No provision has been made in the Bill for any service which has not previously been approved  by  Parliament. In connexion with increases to salaries, provision has only  been  made for such increases as fall due under Arbitration Court awards, or which are aulomatic under the Public Service Act. Provision has not been made for increases to salaries   in the higher divisions of the Service. These increases will not be paid until the Estimates are passed by Parliament. </para>
        <para class="block">Question resolved in the affirmative. Bill read a first time, and passed through its remaining stages. </para>
      </speech>
    </debate>
    <debate>
      <debateinfo>
        <title>SPECIAL ADJOURNMENT</title>
        <page.no>2919</page.no>
        <type>special adjournment</type>
      </debateinfo>
      <speech>
        <talk.start>
          <talker>
            <page.no>2919</page.no>
            <time.stamp />
            <name.id>KUL</name.id>
            <electorate>New South Wales</electorate>
            <party>NAT</party>
            <role>Minister for Repatriation</role>
            <in.gov>1</in.gov>
            <first.speech>0</first.speech>
            <name role="metadata">MILLEN, Edward</name>
            <name role="display">Senator MILLEN</name>
          </talker>
          <para>. - I beg to move - </para>
        </talk.start>
        <quote>
          <para>That the Senate at its rising adjourn until 3 o&#39;clock on Thursday of next week. </para>
        </quote>
        <interjection>
          <talk.start>
            <talker>
              <page.no>2919</page.no>
              <time.stamp />
              <name.id>KKZ</name.id>
              <electorate />
              <party />
              <role />
              <in.gov>0</in.gov>
              <first.speech>0</first.speech>
              <name role="metadata">GARDINER, Albert</name>
              <name role="display">Senator Gardiner</name>
            </talker>
            <para>- Why do you want to make it next week? </para>
          </talk.start>
        </interjection>
        <continue>
          <talk.start>
            <talker>
              <page.no>2919</page.no>
              <time.stamp />
              <name.id>KUL</name.id>
              <electorate />
              <party />
              <role />
              <in.gov>0</in.gov>
              <first.speech>0</first.speech>
              <name role="metadata">MILLEN, Edward</name>
              <name role="display">Senator MILLEN</name>
            </talker>
            <para>- Because I cannot say what may happen elsewhere, and if there is a possibility of business being available for the Senate, it is desirable  that this Chamber should be ready to transact it. </para>
          </talk.start>
        </continue>
        <interjection>
          <talk.start>
            <talker>
              <page.no>2919</page.no>
              <time.stamp />
              <name.id>KKZ</name.id>
              <electorate />
              <party />
              <role />
              <in.gov>0</in.gov>
              <first.speech>0</first.speech>
              <name role="metadata">GARDINER, Albert</name>
              <name role="display">Senator Gardiner</name>
            </talker>
            <para>- In view of the probabilities in another place, I would suggest that the Senate be adjourned until the following week. </para>
          </talk.start>
        </interjection>
        <continue>
          <talk.start>
            <talker>
              <page.no>2919</page.no>
              <time.stamp />
              <name.id>KUL</name.id>
              <electorate />
              <party />
              <role />
              <in.gov>0</in.gov>
              <first.speech>0</first.speech>
              <name role="metadata">MILLEN, Edward</name>
              <name role="display">Senator MILLEN</name>
            </talker>
            <para>- There is nothing to prevent the honorable senator making that suggestion, but I am not sure that it is advisable to adopt it. </para>
          </talk.start>
        </continue>
        <interjection>
          <talk.start>
            <talker>
              <page.no>2919</page.no>
              <time.stamp />
              <name.id>KKZ</name.id>
              <electorate />
              <party />
              <role />
              <in.gov>0</in.gov>
              <first.speech>0</first.speech>
              <name role="metadata">GARDINER, Albert</name>
              <name role="display">Senator Gardiner</name>
            </talker>
            <para>- I anticipate that a vote of censure will be debated in the other House next week, and .then there will be another Supply Bill, so it is not likely that the Senate will have any business. </para>
          </talk.start>
        </interjection>
        <continue>
          <talk.start>
            <talker>
              <page.no>2919</page.no>
              <time.stamp />
              <name.id>KUL</name.id>
              <electorate />
              <party />
              <role />
              <in.gov>0</in.gov>
              <first.speech>0</first.speech>
              <name role="metadata">MILLEN, Edward</name>
              <name role="display">Senator MILLEN</name>
            </talker>
            <para>- In this case, I am merely doing what I think is  necessary  to meet the convenience of honorable  senators. At the same time we must not overlook an obligation which is upon us to deal with the country&#39;s business when jit is available. I admit it is extremely difficult for me to forecast the happenings even in this Chamber, let alone the other branch of the Legislature, so I am unable, at the present moment, to do more than submit the motion in the terms indicated, because I think it would be regarded as a reflection on this Chamber, and we might be charged with a dereliction of duty if it should happen that the other House was prepared to send business to the Senate, and we were not ready to receive it. In these circumstances, I think it is better that honorable senators should suffer some little inconvenience rather than cause delay in the transaction of public business. An adjournment is necessary, but I shrink from placing this Chamber in the position of being absent if there should he work for us to do. </para>
          </talk.start>
        </continue>
      </speech>
      <speech>
        <talk.start>
          <talker>
            <page.no>2919</page.no>
            <time.stamp />
            <name.id>KKZ</name.id>
            <electorate>New SouthWales</electorate>
            <party />
            <role />
            <in.gov>0</in.gov>
            <first.speech>0</first.speech>
            <name role="metadata">GARDINER, Albert</name>
            <name role="display">Senator GARDINER</name>
          </talker>
          <para>. - My only reason for suggesting to the Leader of the Senate that we should adjourn till the following week was the futility of calling us together next Thursday. It has been the custom hot to transact business in the Senate while a censure motion is under discussion in another place. A no-confidence motion ha3 been accepted by the Government, and the debate on it will occupy^ the ordinary sitting days of next week. </para>
        </talk.start>
        <interjection>
          <talk.start>
            <talker>
              <page.no>2919</page.no>
              <time.stamp />
              <name.id>KUL</name.id>
              <electorate />
              <party />
              <role />
              <in.gov>0</in.gov>
              <first.speech>0</first.speech>
              <name role="metadata">MILLEN, Edward</name>
              <name role="display">Senator Millen</name>
            </talker>
            <para>- May I suggest to the* honorable senator that the other House may meet a little earlier next week ? </para>
          </talk.start>
        </interjection>
        <continue>
          <talk.start>
            <talker>
              <page.no>2919</page.no>
              <time.stamp />
              <name.id>KKZ</name.id>
              <electorate />
              <party />
              <role />
              <in.gov>0</in.gov>
              <first.speech>0</first.speech>
              <name role="metadata">GARDINER, Albert</name>
              <name role="display">Senator GARDINER</name>
            </talker>
            <para>- Well, that would only prolong the debate. </para>
          </talk.start>
        </continue>
        <interjection>
          <talk.start>
            <talker>
              <page.no>2919</page.no>
              <time.stamp />
              <name.id>KUL</name.id>
              <electorate />
              <party />
              <role />
              <in.gov>0</in.gov>
              <first.speech>0</first.speech>
              <name role="metadata">MILLEN, Edward</name>
              <name role="display">Senator Millen</name>
            </talker>
            <para>- Does the honorable senator say that an earlier sitting will prolong the debate? </para>
          </talk.start>
        </interjection>
        <continue>
          <talk.start>
            <talker>
              <page.no>2919</page.no>
              <time.stamp />
              <name.id>KKZ</name.id>
              <electorate />
              <party />
              <role />
              <in.gov>0</in.gov>
              <first.speech>0</first.speech>
              <name role="metadata">GARDINER, Albert</name>
              <name role="display">Senator GARDINER</name>
            </talker>
            <para>- I am simply stating the fact that the debate will be prolonged, and if we are to meet on Thursday next, it will only be for the purpose of securing another adjournment, as it is extremely improbable there will be any business for us. After the censure motion has been disposed of, the Government, I understand, intend to introduce a Supply Bill for two months, and that measure is not likely to get through the other House either on Thursday or Friday. Honorable &#39; senators opposite must understand that we have placed a restraint upon ourselves on the present occasion, but when the other. Supply Bill comes before the Senate they cannot expect us to pass what has been done during the past three months without a full-dress debate. Personally, I am quite sure that if we meet on Thursday next, we shall have to adjourn till &#39;the following Wednesday, because it will not be possible in the time between Thursday and the following Wednesday to deal with the old Government that went out of office. </para>
          </talk.start>
        </continue>
        <interjection>
          <talk.start>
            <talker>
              <page.no>2919</page.no>
              <time.stamp />
              <name.id>KUL</name.id>
              <electorate />
              <party />
              <role />
              <in.gov>0</in.gov>
              <first.speech>0</first.speech>
              <name role="metadata">MILLEN, Edward</name>
              <name role="display">Senator Millen</name>
            </talker>
            <para>- The only thing I am asking the honorable senator to keep in mind- is that it is not advisable to keep public business waiting. That may happen if his forecast is wrong. </para>
          </talk.start>
        </interjection>
        <continue>
          <talk.start>
            <talker>
              <page.no>2919</page.no>
              <time.stamp />
              <name.id>KKZ</name.id>
              <electorate />
              <party />
              <role />
              <in.gov>0</in.gov>
              <first.speech>0</first.speech>
              <name role="metadata">GARDINER, Albert</name>
              <name role="display">Senator GARDINER</name>
            </talker>
            <para>- There will be no business available for the .Senate next Thursday, and I want to meet the convenience of honorable senators from Queensland, Smith Australia, and my  own State. There is no reasonable prospect of the Senate finishing its work next week, &#39;because the other Supply Bill will not be treated like the one we have just passed. </para>
          </talk.start>
        </continue>
        <interjection>
          <talk.start>
            <talker>
              <page.no>2920</page.no>
              <time.stamp />
              <name.id>KUL</name.id>
              <electorate />
              <party />
              <role />
              <in.gov>0</in.gov>
              <first.speech>0</first.speech>
              <name role="metadata">MILLEN, Edward</name>
              <name role="display">Senator Millen</name>
            </talker>
            <para>-  I admit that, like <inline font-weight="bold">Senator Gardiner,</inline> I can only speculate as to what will occur in the other place, &#39;but I am willing to meet the convenience 01&#39; honorable senators, and, with the permission of the Senate, will withdraw the motion, and :ask you, <inline font-weight="bold">Mr. President,</inline> to suspend the sitting until half-past 2 o&#39;clock, when possibly we will be able to ascertain what has taken place elsewhere, and then be able to fix a date for the resumption of Senate business. </para>
          </talk.start>
        </interjection>
        <continue>
          <talk.start>
            <talker>
              <page.no>2920</page.no>
              <time.stamp />
              <name.id>KKZ</name.id>
              <electorate />
              <party />
              <role />
              <in.gov>0</in.gov>
              <first.speech>0</first.speech>
              <name role="metadata">GARDINER, Albert</name>
              <name role="display">Senator GARDINER</name>
            </talker>
            <para>- Thank you. </para>
          </talk.start>
        </continue>
      </speech>
      <speech>
        <talk.start>
          <talker>
            <page.no>2920</page.no>
            <time.stamp />
            <name.id>KRX</name.id>
            <electorate>Tasmania</electorate>
            <party />
            <role />
            <in.gov>0</in.gov>
            <first.speech>0</first.speech>
            <name role="metadata">LONG, James</name>
            <name role="display">Senator LONG</name>
          </talker>
          <para>.- May I point out to the Leader of the Senate that it is possible he has overlooked a distinct arrangement entered into &#39;between the two parties in the other House last night? Part of that agreement has been given effect to by the transaction of business in the Senate this morning. I understand that a discussion took place regarding the period for which Supply should be granted, and that one month&#39;s Supply was to be given at once without debate, and that the Government would accept a want of confidence motion, upon which they would give five clear days&#39; debate. </para>
        </talk.start>
        <interjection>
          <talk.start>
            <talker>
              <page.no>2920</page.no>
              <time.stamp />
              <name.id>KUL</name.id>
              <electorate />
              <party />
              <role />
              <in.gov>0</in.gov>
              <first.speech>0</first.speech>
              <name role="metadata">MILLEN, Edward</name>
              <name role="display">Senator Millen</name>
            </talker>
            <para>-  Five days? </para>
          </talk.start>
        </interjection>
        <continue>
          <talk.start>
            <talker>
              <page.no>2920</page.no>
              <time.stamp />
              <name.id>KRX</name.id>
              <electorate />
              <party />
              <role />
              <in.gov>0</in.gov>
              <first.speech>0</first.speech>
              <name role="metadata">LONG, James</name>
              <name role="display">Senator LONG</name>
            </talker>
            <para>- Yes, five full days&#39; debate was to be allowed the no-confidence motion. If the Leader of the Senate will refer to the newspaper reports of the debate, he will find a verification of what I am saying. I am not accusing him of wishing to go behind that contract ; I am merely pointing out that&#39; possibly he has overlooked it. </para>
          </talk.start>
        </continue>
        <interjection>
          <talk.start>
            <talker>
              <page.no>2920</page.no>
              <time.stamp />
              <name.id>KUL</name.id>
              <electorate />
              <party />
              <role />
              <in.gov>0</in.gov>
              <first.speech>0</first.speech>
              <name role="metadata">MILLEN, Edward</name>
              <name role="display">Senator Millen</name>
            </talker>
            <para>-  I was not aware that any period had been settled. </para>
          </talk.start>
        </interjection>
        <continue>
          <talk.start>
            <talker>
              <page.no>2920</page.no>
              <time.stamp />
              <name.id>KRX</name.id>
              <electorate />
              <party />
              <role />
              <in.gov>0</in.gov>
              <first.speech>0</first.speech>
              <name role="metadata">LONG, James</name>
              <name role="display">Senator LONG</name>
            </talker>
            <para>- The Prime Minister <inline font-weight="bold">(Mr. Hughes)</inline> said that if members of the Opposition wanted -more than five days they would have a lot &#39;to say. I submit, therefore, that if the agreement is to . be given effect to in the other Chamber there will be five full days&#39; debate, and obviously it would &#39;be unfair to bring senators from the other States back to Melbourne on Thursday when there is so little prospect of the no-confidence debate terminating before the latter end1 of next week at the earliest. I invite <inline font-weight="bold">Senator Millen,</inline> therefore, to adjourn until a later hour in the day, and ascertain if- a contract has not been entered into between the parties, and1 thus obviate any inconvenience to members living in tie other States by requiring them to attend here next week. </para>
          </talk.start>
        </continue>
      </speech>
      <speech>
        <talk.start>
          <talker>
            <page.no>2920</page.no>
            <time.stamp />
            <name.id>KUL</name.id>
            <electorate>New South Wales</electorate>
            <party>NAT</party>
            <role>Minister for Repatriation</role>
            <in.gov>1</in.gov>
            <first.speech>0</first.speech>
            <name role="metadata">MILLEN, Edward</name>
            <name role="display">Senator MILLEN</name>
          </talker>
          <para>. - In view of what I have said by interjection, I ask permission of the Senate to withdraw the motion with a view to requesting <inline font-weight="bold">Mr. President</inline> to suspend the sitting until 2.30 p.m., in order to enable me to ascertain in the meantime what are the probabilities in the other Chamber. I might add that I am the last to ask any honorable senators to attend if there is no prospect of &#39;business. </para>
        </talk.start>
        <para>Motion, by leave, withdrawn. </para>
      </speech>
      <speech>
        <talk.start>
          <talker>
            <page.no>2920</page.no>
            <time.stamp />
            <name.id>10000</name.id>
            <electorate />
            <party />
            <role />
            <in.gov>0</in.gov>
            <first.speech>0</first.speech>
            <name role="metadata">PRESIDENT, The</name>
            <name role="display">The PRESIDENT</name>
          </talker>
          <para>- In accordance with the procedure of the Senate, and in order to meet the convenience of honorable senators, I suspend the sitting until half-past 2 o&#39;clock, at which hour I shall resume the chair. </para>
        </talk.start>
        <para class="italic">
          <inline font-style="italic">Sitting suspended from. 11. 2J/..- to 2.30 p.m.</inline>
        </para>
      </speech>
      <speech>
        <talk.start>
          <talker>
            <page.no>2920</page.no>
            <time.stamp />
            <name.id>KUL</name.id>
            <electorate>New South Wales</electorate>
            <party>NAT</party>
            <role>Minister for Repatriation</role>
            <in.gov>1</in.gov>
            <first.speech>0</first.speech>
            <name role="metadata">MILLEN, Edward</name>
            <name role="display">Senator MILLEN</name>
          </talker>
          <para>. - Honorable Senators will recollect that be fore the sitting was suspended I had moved a motion that the Senate at its rising adjourn until Thursday next. The purpose of the suspension of the sitting was- to enable me, if possible, to form a more accurate forecast as to what was likely to be the course of events in another branch of the Legislature. I have done what I could to ascertain the probabilities&#39;&#34; there, but I now find myself unable to do anything more than resubmit the motion which, with the sanction of honorable senators, I previously withdrew. I therefore move - </para>
        </talk.start>
        <quote>
          <para>That the Senate at its rising adjourn until Thursday next at 3 p.m. </para>
        </quote>
        <para class="block">I should like to admit at once that I can conceive .that it will be quit&#169; possible that when honorable senators re-assemble on Thursday next I may then have to ask them to adjourn to the following day. On the other hand, it is also possible that if the Senate adjourned over the following week there might be public business waiting and no Senate to deal with it. Faced with &#39;these alternatives, I believe that honorable senators will agree with me that it is better that we should be inconvenienced a little than that public business should have to wait. </para>
        <para class="block">Question resolved in the affirmative. </para>
      </speech>
    </debate>
    <adjournment>
      <adjournmentinfo>
        <page.no>2921</page.no>
        <time.stamp>14:33:00</time.stamp>
      </adjournmentinfo>
      <para class="block">Senate adjourned at 2.33 p.m. </para>
    </adjournment>
  </chamber.xscript>
</hansard>