<?xml version="1.0" encoding="utf-8"?>
<hansard xsi:noNamespaceSchemaLocation="../../hansard.xsd" version="2.1" xmlns:xsi="http://www.w3.org/2001/XMLSchema-instance">
  <session.header>
    <date>1936-12-09</date>
    <parliament.no>14</parliament.no>
    <session.no>1</session.no>
    <period.no>5</period.no>
    <chamber>REPS</chamber>
    <page.no>2883</page.no>
    <proof>0</proof>
  </session.header>
  <chamber.xscript>
    <para class="block">House of Representatives. </para>
    <business.start>
      <day.start>1936-12-09</day.start>
      <para>The House of Representatives, on the 4th December, adjourned until a day and hour to be fixed by <inline font-weight="bold">Mr. Speaker,</inline> and notified by him to each honorable member. The House met pursuant to such notification. </para>
      <para>
        <inline font-weight="bold">Mr. SPEAKER (Hon. G. J. Bell)</inline>took the chair at 10.30 a.m., and read prayers. </para>
    </business.start>
    <debate>
      <debateinfo>
        <title>ASSENT TO BILLS</title>
        <page.no>2883</page.no>
        <type>bill</type>
      </debateinfo>
      <para>Assent to the following bills reported : - </para>
      <para>Customs Tariff (No. 2) 1036. </para>
      <para>Customs Tariff (Exchange Adjustment) </para>
      <para>Bill (No. 2) 1936. Customs Tariff (Canadian Preference) (No. </para>
      <list type="decimal">
        <item label="2)">
          <para>1930. </para>
        </item>
      </list>
      <para>States Grants (Unemployment Relief) Bill 1936. </para>
      <para>Commonwealth Public Service Bill 1930. Financial Relief Bill (No. 3) 1930. Bills of Exchange Bill 1936. Trade Harks Bill 1936. Customs Tariff (No. 3) 1936. </para>
      <para>Customs Tariff (Exchange Adjustment) </para>
      <para>Bill (No. 3) 1936. Sales Tax Amendment Bill 1936. Trade Agreement (France) Bill 1936. Customs Tariff (No. 4) 1936. </para>
      <para> Customs Tariff (Exchange Adjustment) Bill (No. 4) 1936. </para>
      <para>Customs Tariff (Industries Preservation) Bill 1936. </para>
      <para>Papua and New Guinea Bounties Bill  1930.  Customs Tariff (Papua and New Guinea </para>
      <para>Preference) 1936. Customs Bill 1936. Coinage Bill 193G. Commonwealth Bail ways Bill 1936. Income Tax Assessment Bill (No. 2) 1936. Petroleum Oil Search Bill (No. 2) 1936. Colonial Light Dues Collection Bill 1936. Colonial Light Dues (Rates) Bill 1936. Commonwealth Public Works Committee </para>
      <para>Bill 1936. Air Navigation Bill 1936. Wine Overseas Marketing Bill 1936. </para>
    </debate>
    <debate>
      <debateinfo>
        <title>QUESTION</title>
        <page.no>2884</page.no>
        <type>Questions</type>
      </debateinfo>
      <subdebate.1>
        <subdebateinfo>
          <title>BRITISH CONSTITUTIONAL CRISIS</title>
          <page.no>2884</page.no>
        </subdebateinfo>
        <para>Question of the King&#39;s  MARRIAGE </para>
        <speech>
          <talk.start>
            <talker>
              <page.no>2884</page.no>
              <time.stamp />
              <name.id>F4O</name.id>
              <electorate>Wilmot</electorate>
              <party>UAP</party>
              <role>Prime Minister</role>
              <in.gov>1</in.gov>
              <first.speech>0</first.speech>
              <name role="metadata">LYONS, Joseph Aloysius</name>
              <name role="display">Mr LYONS</name>
            </talker>
            <para>. - It is not the intention of the Government to submit any business to the Parliament to-day, or to reply to questions without notice. I ask leave to make a brief statement of the reason for the recall of honorable members. </para>
          </talk.start>
          <para>Leave granted. </para>
          <continue>
            <talk.start>
              <talker>
                <page.no>2884</page.no>
                <time.stamp />
                <name.id>F4O</name.id>
                <electorate />
                <party />
                <role />
                <in.gov>0</in.gov>
                <first.speech>0</first.speech>
                <name role="metadata">LYONS, Joseph Aloysius</name>
                <name role="display">Mr LYONS</name>
              </talker>
              <para>- Shortly after the Parliament rose last week, the possibilities of a serious constitutional problem relating to the suggested marriage of  His  Majesty the King became apparent. The position is still uncertain, though we all profoundly hope that a crisis may be averted. In. the circumstances, it seemed wise to the Government to recall honorable members, as we would desire to be in a position to consult the Parliament without delay in relation to any course of action which proved to be necessary. </para>
            </talk.start>
          </continue>
          <para>As the matter stands, and pending His Gracious Majesty&#39;s decision, parliamentary discussions could do nothing but harm. </para>
          <para>All that I need say as to the particular issues involved is, that the Commonwealth Government concurs in the decision of the Government of the United Kingdom not to legislate for something In the nature of a morganatic marriage. </para>
          <para>In a state of affairs so delicate, so fraught with possibilities of good or ill for the future of all of us, a respectful and sympathetic silence in Parliament is the best contribution we can offer to a happy solution. May&#39; God strengthen His Majesty, and guide his decision aright. </para>
        </speech>
      </subdebate.1>
    </debate>
    <debate>
      <debateinfo>
        <title>ADJOURNMENT</title>
        <page.no>2884</page.no>
        <type>adjournment</type>
      </debateinfo>
      <para>Motion (by <inline font-weight="bold">Mr. Lyons)</inline> proposed - </para>
      <quote>
        <para>That the House do now adjourn. </para>
      </quote>
      <speech>
        <talk.start>
          <talker>
            <page.no>2884</page.no>
            <time.stamp />
            <name.id>009FQ</name.id>
            <electorate>Fremantle</electorate>
            <party />
            <role />
            <in.gov>0</in.gov>
            <first.speech>0</first.speech>
            <name role="metadata">CURTIN, John</name>
            <name role="display">Mr CURTIN</name>
          </talker>
          <para>.- The Parliament nas been called together to-day so that the Government might consult with&#39; it on a matter of supreme moment to Australia and to the other dominions comprising the British Commonwealth of Nations, as well as to the United Kingdom itself. That consultation, I think, should commence with a full, complete, and unfettered intimation to the Parliament of the whole extent -of the communications that have passed between- the Prime Minister and the Government of the United Kingdom. </para>
        </talk.start>
        <para>Opposition Members.  -  Hear, hear .&#39; </para>
        <continue>
          <talk.start>
            <talker>
              <page.no>2884</page.no>
              <time.stamp />
              <name.id>009FQ</name.id>
              <electorate />
              <party />
              <role />
              <in.gov>0</in.gov>
              <first.speech>0</first.speech>
              <name role="metadata">CURTIN, John</name>
              <name role="display">Mr CURTIN</name>
            </talker>
            <para>- All the facts, so far as it is possible for the Parliament to have them given to it at present, should now be made available. The Opposition holds strong views upon this very difficult and, as the Prime Minister has said, delicate matter. To begin with, it says that there must be no coercion, by Ministers of this dominion, or - of any other dominion, of the King, in the choosing, of his wife. </para>
          </talk.start>
        </continue>
        <para>Opposition Members.  -  Hear, hear ! </para>
        <continue>
          <talk.start>
            <talker>
              <page.no>2884</page.no>
              <time.stamp />
              <name.id>009FQ</name.id>
              <electorate />
              <party />
              <role />
              <in.gov>0</in.gov>
              <first.speech>0</first.speech>
              <name role="metadata">CURTIN, John</name>
              <name role="display">Mr CURTIN</name>
            </talker>
            <para>- The King, on the other hand, must not ask Parliament for any special legislation to suit his convenience in the choosing of a wife. He must choose his wife from among those ladies who may lawfully be married to him as the law stands at present. In. respect of any matter involving legislation, the King must accept the advice of his Ministers of State. Furthermore, we would object to tho King or to the Parliaments, in the King&#39;s choice of a wife, arranging to confer upon that lady a lesser status than that of Queen. </para>
          </talk.start>
        </continue>
        <para class="block">Opposition Members.  -  Hear, hear ! </para>
        <continue>
          <talk.start>
            <talker>
              <page.no>2885</page.no>
              <time.stamp />
              <name.id>009FQ</name.id>
              <electorate />
              <party />
              <role />
              <in.gov>0</in.gov>
              <first.speech>0</first.speech>
              <name role="metadata">CURTIN, John</name>
              <name role="display">Mr CURTIN</name>
            </talker>
            <para>- The King must not be permitted to alter in any way the status of the lady whom he would choose to be bis wife; because he is the King, his wife should and must be the Queen. Furthermore, the King must be fully prepared to accept all the natural and logical consequences of his marriage. If there be children of that marriage, then they must come in the first line of succession to the British throne. The Opposition will leave the King unfettered in the choice of his wife. It will not agree that his selection in that matter should be impaired by any influence of any sort. But the King must accept full responsibility to his conscience and to the Empire for the choice that he makes. We shall not interfere with him, but we shall not convenience him, in the choosing of his wife. This Australian Labour party hopes that the present King will remain upon the throne of England. </para>
          </talk.start>
        </continue>
        <para>Opposition Members.  -  Hear, hear ! </para>
        <continue>
          <talk.start>
            <talker>
              <page.no>2885</page.no>
              <time.stamp />
              <name.id>009FQ</name.id>
              <electorate />
              <party />
              <role />
              <in.gov>0</in.gov>
              <first.speech>0</first.speech>
              <name role="metadata">CURTIN, John</name>
              <name role="display">Mr CURTIN</name>
            </talker>
            <para>- It desires to remain, as it willremain, loyal to King Edward VIII. </para>
          </talk.start>
        </continue>
      </speech>
      <speech>
        <talk.start>
          <talker>
            <page.no>2885</page.no>
            <time.stamp />
            <name.id>F4O</name.id>
            <electorate>Wilmot</electorate>
            <party>UAP</party>
            <role>Prime Minister</role>
            <in.gov>1</in.gov>
            <first.speech>0</first.speech>
            <name role="metadata">LYONS, Joseph Aloysius</name>
            <name role="display">Mr LYONS</name>
          </talker>
          <para>. - <inline font-weight="bold">Mr. Speaker-</inline></para>
        </talk.start>
        <para>
          <inline font-weight="bold">Mr. SPEAKER (Hon. G. J. Bell).The</inline>right honorable gentleman will close the debate. </para>
        <continue>
          <talk.start>
            <talker>
              <page.no>2885</page.no>
              <time.stamp />
              <name.id>F4O</name.id>
              <electorate />
              <party />
              <role />
              <in.gov>0</in.gov>
              <first.speech>0</first.speech>
              <name role="metadata">LYONS, Joseph Aloysius</name>
              <name role="display">Mr LYONS</name>
            </talker>
            <para>- I had hoped to do so. </para>
          </talk.start>
        </continue>
      </speech>
      <speech>
        <talk.start>
          <talker>
            <page.no>2885</page.no>
            <time.stamp />
            <name.id>JOM</name.id>
            <electorate>West Sydney</electorate>
            <party />
            <role />
            <in.gov>0</in.gov>
            <first.speech>0</first.speech>
            <name role="metadata">BEASLEY, John</name>
            <name role="display">Mr BEASLEY</name>
          </talker>
          <para>. - There is one point that I want to make on this motion for the adjournment of the House. </para>
        </talk.start>
        <para>Motion (by <inline font-weight="bold">Sir Archdaleparkhill)</inline> proposed - </para>
        <quote>
          <para>That the question be now put. </para>
        </quote>
        <interjection>
          <talk.start>
            <talker>
              <page.no>2885</page.no>
              <time.stamp />
              <name.id>JOM</name.id>
              <electorate />
              <party />
              <role />
              <in.gov>0</in.gov>
              <first.speech>0</first.speech>
              <name role="metadata">BEASLEY, John</name>
              <name role="display">Mr Beasley</name>
            </talker>
            <para>-  This is a fine way to induce us to remain silent. </para>
          </talk.start>
        </interjection>
      </speech>
      <speech>
        <talk.start>
          <talker>
            <page.no>2885</page.no>
            <time.stamp />
            <name.id>10000</name.id>
            <electorate />
            <party />
            <role />
            <in.gov>0</in.gov>
            <first.speech>0</first.speech>
            <name role="metadata">SPEAKER, Mr</name>
            <name role="display">Mr SPEAKER</name>
          </talker>
          <para>- Order ! The honorable member for West Sydney is out of order in interjecting when I am on my feet and about to put a question to the House. </para>
        </talk.start>
        <interjection>
          <talk.start>
            <talker>
              <page.no>2885</page.no>
              <time.stamp />
              <name.id>JOM</name.id>
              <electorate />
              <party />
              <role />
              <in.gov>0</in.gov>
              <first.speech>0</first.speech>
              <name role="metadata">BEASLEY, John</name>
              <name role="display">Mr Beasley</name>
            </talker>
            <para>-  We have been brought here- </para>
          </talk.start>
        </interjection>
        <continue>
          <talk.start>
            <talker>
              <page.no>2885</page.no>
              <time.stamp />
              <name.id>10000</name.id>
              <electorate />
              <party />
              <role />
              <in.gov>0</in.gov>
              <first.speech>0</first.speech>
              <name role="metadata">SPEAKER, Mr</name>
              <name role="display">Mr SPEAKER</name>
            </talker>
            <para>- Order ! I ask honorable members to be silent. </para>
          </talk.start>
        </continue>
        <interjection>
          <talk.start>
            <talker>
              <page.no>2885</page.no>
              <time.stamp />
              <name.id>KX7</name.id>
              <electorate />
              <party />
              <role />
              <in.gov>0</in.gov>
              <first.speech>0</first.speech>
              <name role="metadata">WARD, Edward</name>
              <name role="display">Mr Ward</name>
            </talker>
            <para>-  Matters have not progressed as the Prime Minister expected. </para>
          </talk.start>
        </interjection>
        <continue>
          <talk.start>
            <talker>
              <page.no>2885</page.no>
              <time.stamp />
              <name.id>10000</name.id>
              <electorate />
              <party />
              <role />
              <in.gov>0</in.gov>
              <first.speech>0</first.speech>
              <name role="metadata">SPEAKER, Mr</name>
              <name role="display">Mr SPEAKER</name>
            </talker>
            <para>- The honorablemember for East Sydney must preservesilence. </para>
          </talk.start>
        </continue>
        <interjection>
          <talk.start>
            <talker>
              <page.no>2885</page.no>
              <time.stamp />
              <name.id>KJQ</name.id>
              <electorate />
              <party />
              <role />
              <in.gov>0</in.gov>
              <first.speech>0</first.speech>
              <name role="metadata">JAMES, Rowland</name>
              <name role="display">Mr James</name>
            </talker>
            <para>-  You gagged me on another occasion, <inline font-weight="bold">Mr. Speaker,</inline> and would not allow me to mention the King&#39;s name. </para>
          </talk.start>
        </interjection>
        <para class="italic">
          <inline font-style="italic">Honorable members interjecting,</inline>
        </para>
        <continue>
          <talk.start>
            <talker>
              <page.no>2885</page.no>
              <time.stamp />
              <name.id>10000</name.id>
              <electorate />
              <party />
              <role />
              <in.gov>0</in.gov>
              <first.speech>0</first.speech>
              <name role="metadata">SPEAKER, Mr</name>
              <name role="display">Mr SPEAKER</name>
            </talker>
            <para>- Order! I ask honorable members to observe the respect that is due to the Chair, and to maintain order when a question is being put. </para>
          </talk.start>
        </continue>
        <interjection>
          <talk.start>
            <talker>
              <page.no>2885</page.no>
              <time.stamp />
              <name.id>JOM</name.id>
              <electorate />
              <party />
              <role />
              <in.gov>0</in.gov>
              <first.speech>0</first.speech>
              <name role="metadata">BEASLEY, John</name>
              <name role="display">Mr Beasley</name>
            </talker>
            <para>-  The Government is not showing us any respect. I would not have given leave for any statement to be made had I known that it was to be under these conditions. I shall not again give leave. </para>
          </talk.start>
        </interjection>
        <continue>
          <talk.start>
            <talker>
              <page.no>2885</page.no>
              <time.stamp />
              <name.id>10000</name.id>
              <electorate />
              <party />
              <role />
              <in.gov>0</in.gov>
              <first.speech>0</first.speech>
              <name role="metadata">SPEAKER, Mr</name>
              <name role="display">Mr SPEAKER</name>
            </talker>
            <para>- Order ! </para>
          </talk.start>
        </continue>
        <para>Question put - </para>
        <para>That the question be now put. </para>
      </speech>
      <division>
        <division.header>
          <time.stamp />
          <para>The House divided. (Mr. Speaker - Hon. G. J. Bell.) .</para>
        </division.header>
        <division.data>
          <ayes>
            <num.votes>40</num.votes>
            <title>AYES</title>
          </ayes>
          <noes>
            <num.votes>23</num.votes>
            <title>NOES</title>
          </noes>
        </division.data>
        <para>Majority .. ..17 </para>
        <para>AYES</para>
        <para class="block">
          <graphic href="152331193612091_2_1_1_A.jpg" />
        </para>
        <para>NOES</para>
        <para class="block">
          <graphic href="152331193612091_3_1_2_N.jpg" />
        </para>
        <division.result>
          <para>Question so resolved in the affirmative. </para>
        </division.result>
      </division>
      <division>
        <division.header>
          <time.stamp />
          <para>Original question put. The House divided. (Mr. Speaker - How.G.J. Bell.)</para>
        </division.header>
        <division.data>
          <ayes>
            <num.votes>42</num.votes>
            <title>AYES</title>
          </ayes>
          <noes>
            <num.votes>21</num.votes>
            <title>NOES</title>
          </noes>
        </division.data>
        <para>Majority . . 21 </para>
        <para>AYES</para>
        <para class="block">
          <graphic href="152331193612091_3_2_1_A.jpg" />
        </para>
        <para>NOES</para>
        <para class="block">
          <graphic href="152331193612091_3_2_2_N.jpg" />
        </para>
        <division.result>
          <para class="block">Question so resolved in the affirmative. </para>
        </division.result>
      </division>
    </debate>
    <adjournment>
      <adjournmentinfo>
        <page.no>2886</page.no>
        <time.stamp>10:50:00</time.stamp>
      </adjournmentinfo>
      <para class="block">House adjourned  at  10.50 a.m. </para>
    </adjournment>
  </chamber.xscript>
</hansard>