<?xml version="1.0" encoding="utf-8"?>
<hansard xsi:noNamespaceSchemaLocation="../../hansard.xsd" version="2.1" xmlns:xsi="http://www.w3.org/2001/XMLSchema-instance">
  <session.header>
    <date>1936-12-10</date>
    <parliament.no>14</parliament.no>
    <session.no>1</session.no>
    <period.no>5</period.no>
    <chamber>REPS</chamber>
    <page.no>2889</page.no>
    <proof>0</proof>
  </session.header>
  <chamber.xscript>
    <para class="block">House of Representatives. </para>
    <business.start>
      <day.start>1936-12-10</day.start>
      <para>
        <inline font-weight="bold">Mr. Speaker</inline>(Hon.G. J. Bell) took the chair at 2.30 p.m., and read prayers. </para>
    </business.start>
    <debate>
      <debateinfo>
        <title>ADJOURNMENT</title>
        <page.no>2889</page.no>
        <type>adjournment</type>
      </debateinfo>
      <para>British Constitutionalcrisis: Question ofthe King&#39;s Marriage. </para>
      <para>Mr.LYONS (Wilmot- Prime Minister) &#91;2.30&#93;.  -  It is not the intention to-day to reply to questions without notice or to proceed with any other business, I move - </para>
      <quote>
        <para>That the House do now adjourn. </para>
      </quote>
      <para class="block">In doing so, I wish to say, in connexion with the matter mentioned in this chamber yesterday, that I have no further information to supply to honorable members, but that I expect to make a definite statement to the House when it meets to-morrow. </para>
      <speech>
        <talk.start>
          <talker>
            <page.no>2890</page.no>
            <time.stamp />
            <name.id>009FQ</name.id>
            <electorate>Fremantle</electorate>
            <party />
            <role />
            <in.gov>0</in.gov>
            <first.speech>0</first.speech>
            <name role="metadata">CURTIN, John</name>
            <name role="display">Mr CURTIN</name>
          </talker>
          <para>.- This is the second day on which the House has assembled and the Prime Minister <inline font-weight="bold">(Mr. Lyons)</inline> has immediately moved &#34; That the House do now adjourn.&#34; The right honorable gentleman has made no informative statement, other than that the Parliament was recalled in order to deal with a certain matter. Apparently that certain matter has not yet arisen. . Obviously, however, steps have been taken somewhere, and may be taken by this Government, which may lead to a decision that will be definite and irrevocable. Surely this Parliament, since it was called together, has had time to deliberate upon whether or not that decision is one with which it agrees or to which it is opposed ! </para>
        </talk.start>
        <para>I would submit, <inline font-weight="bold">Mr. Speaker,</inline> that the. Parliament of Australia cannot be blind to the statements that have appeared in the newspapers; nor can its ears be deaf to the rumours that are even now in circulation. We are as good as told, unofficially, that there is to be effected, either to-day or to-morrow, a certain event of which this Parliament will then be called upon to take cognizance, but without any competence to advise as to whether the course chosen is desirable or undesirable. </para>
        <para>Opposition Members.  -  Hear, hear ! </para>
        <continue>
          <talk.start>
            <talker>
              <page.no>2890</page.no>
              <time.stamp />
              <name.id>009FQ</name.id>
              <electorate />
              <party />
              <role />
              <in.gov>0</in.gov>
              <first.speech>0</first.speech>
              <name role="metadata">CURTIN, John</name>
              <name role="display">Mr CURTIN</name>
            </talker>
            <para>- Furthermore, the opinions which other dominions have apparently expressed upon this matter are recorded in the newspapers, whereas there appears to be no information concerning whatever opinion the Commonwealth of Australia may have in regard to it. Yesterday, I asked the Prime Minister to make available to the House and to the country the whole extent of the communications or intimations that have passed between himself, as the Prime Minister of Australia, and the Government of the United Kingdom. There has been no response to that request. <inline font-style="italic">We</inline> do not know what advice this Government has tendered to the Prime Minister of England, or to His Majesty the King - who, I would point out, as far as this Parliament is concerned, is the King of Australia. </para>
          </talk.start>
        </continue>
        <para>Opposition Members.  -Hear,  hear ! </para>
        <continue>
          <talk.start>
            <talker>
              <page.no>2890</page.no>
              <time.stamp />
              <name.id>009FQ</name.id>
              <electorate />
              <party />
              <role />
              <in.gov>0</in.gov>
              <first.speech>0</first.speech>
              <name role="metadata">CURTIN, John</name>
              <name role="display">Mr CURTIN</name>
            </talker>
            <para>- I therefore suggest, that, by reason of the course which the Prime Minister is taking, this Parliament is being silenced in regard to a matter of major importance to the Throne, to the succession to the Throne, and to Australia&#39;s membership of the British Commonwealth of Nations. It is idle for us to say that this Parliament is to be silent while discussions and negotiations are proceeding, and presumably advice is being tendered to  His  Majesty in this connexion, and tendered in circumstances which make it impossible for  His  Majesty to intimate to this Parliament his personal wishes in the matter. I have to record that the Opposition is very much dissatisfied with the whole situation-. </para>
          </talk.start>
        </continue>
        <para>Opposition Members.  -  Hear, hear ! </para>
        <para>Mr.CURTIN. - The members of the Opposition feel that there is a great distinction between reticence on a grave and delicate matter, and the discharge of that major responsibility which rests upon this Government and this Parliament, and that the Prime Minister owed it to the Parliament to-day, to perhaps a much greater extent than he did yesterday, to make known what advice he has tendered to  His  Majesty, and what  His  Majesty has had to say in response to that advice. Furthermore, the right honorable gentleman owed it to this Parliament to make known the origin of the present difficulty - whether it was the result of representations made to  His  Majesty, or the outcome of representations or suggestions which  His  Majesty made to the Government of the United Kingdom and, so far as we are concerned, to the Government of Australia. I object to the Parliament of this selfgoverning dominion - this Commonwealth of Australia - which, in every major matter that pertains to this Commonwealth, has the right directly to  advise His Majesty, being reduced to the status of having merely to legalize whatever action may be taken in another parliament, and without reference to this Parliament. </para>
        <para>Opposition Members. - Hear, hear ! </para>
        <continue>
          <talk.start>
            <talker>
              <page.no>2891</page.no>
              <time.stamp />
              <name.id>009FQ</name.id>
              <electorate />
              <party />
              <role />
              <in.gov>0</in.gov>
              <first.speech>0</first.speech>
              <name role="metadata">CURTIN, John</name>
              <name role="display">Mr CURTIN</name>
            </talker>
            <para>- We are not here to subordinate our relations to His Majesty the King to the relations that exist between the Government of the United Kingdom and the King. We are here, in the first place, to discharge the entire nature of the relations of this Commonwealth of Australia to the Throne. Had the Prime Minister not moved for the adjournment of the House, I should have asked leave to move the following motion: - </para>
          </talk.start>
        </continue>
        <quote>
          <para>That the following resolution be transmitted through  His Excellency  the GovernorGeneral to  His  Majesty the King: - &#34; We, the members of the House of Representatives in the Parliament of the Commonwealth of Australia, desire to assure Your Majesty of our loyalty and allegiance, and to express our earnest hope that Your Majesty will not relinquish the Throne.&#34; </para>
        </quote>
        <para>Opposition Members. - Hear, hear ! </para>
        <continue>
          <talk.start>
            <talker>
              <page.no>2891</page.no>
              <time.stamp />
              <name.id>009FQ</name.id>
              <electorate />
              <party />
              <role />
              <in.gov>0</in.gov>
              <first.speech>0</first.speech>
              <name role="metadata">CURTIN, John</name>
              <name role="display">Mr CURTIN</name>
            </talker>
            <para>- That is the view of the Opposition. We sincerely hope that His Majesty will not relinquish the Throne. </para>
          </talk.start>
        </continue>
        <para>Honorable Members. - Hear, hear! </para>
        <continue>
          <talk.start>
            <talker>
              <page.no>2891</page.no>
              <time.stamp />
              <name.id>009FQ</name.id>
              <electorate />
              <party />
              <role />
              <in.gov>0</in.gov>
              <first.speech>0</first.speech>
              <name role="metadata">CURTIN, John</name>
              <name role="display">Mr CURTIN</name>
            </talker>
            <para>- We desire this Parliament to direct the Government to tender that advice to  His  Majesty. It expresses the wish of the Australian Labour movement. As the circumstances in which I find myself preclude me from asking for leave to move that motion, I now move, as an amendment to the motion of the Prime Minister - </para>
          </talk.start>
        </continue>
        <quote>
          <para>That all the words after the word &#34; That. &#34; be omitted, with a view to insert in lieu thereof the following words: - &#34; the following resolution be transmitted through His Excellency the Governor-General to His Majesty the King: - </para>
          <para> We, the members of the House of Representatives in the Parliament of the Commonwealth of Australia desire to assure Your Majesty of our loyalty and allegiance and to express our earnesthope that Your Majesty will not relinquish the Throne.&#39;.&#34; </para>
        </quote>
        <para class="block">That is a specific statement of the wishes of the Opposition in connexion with the present grave and delicate situation. &#39;We say that no other advice which the Government of this Commonwealth has tendered to His Majesty should be acceptable to this Parliament. </para>
        <para>
          <inline font-weight="bold">Mr. SPEAKER (Hon. 6. J. Bell).There</inline>can be no amendment to the motion -&#34; That the House do now adjourn.&#34; </para>
      </speech>
      <speech>
        <talk.start>
          <talker>
            <page.no>2891</page.no>
            <time.stamp />
            <name.id>JOM</name.id>
            <electorate>West Sydney</electorate>
            <party />
            <role />
            <in.gov>0</in.gov>
            <first.speech>0</first.speech>
            <name role="metadata">BEASLEY, John</name>
            <name role="display">Mr BEASLEY</name>
          </talker>
          <para>. - <inline font-weight="bold">Mr. Speaker-</inline></para>
        </talk.start>
        <para>Motion (by <inline font-weight="bold">Mr. Thompson)</inline> proposed - </para>
        <quote>
          <para>That the question be now put. </para>
        </quote>
        <interjection>
          <talk.start>
            <talker>
              <page.no>2891</page.no>
              <time.stamp />
              <name.id>JOM</name.id>
              <electorate />
              <party />
              <role />
              <in.gov>0</in.gov>
              <first.speech>0</first.speech>
              <name role="metadata">BEASLEY, John</name>
              <name role="display">Mr Beasley</name>
            </talker>
            <para>- Honorable membersopposite are a lot of cowards if they do this, and some of them are hypocrites. </para>
          </talk.start>
        </interjection>
      </speech>
      <speech>
        <talk.start>
          <talker>
            <page.no>2891</page.no>
            <time.stamp />
            <name.id>10000</name.id>
            <electorate />
            <party />
            <role />
            <in.gov>0</in.gov>
            <first.speech>0</first.speech>
            <name role="metadata">SPEAKER, Mr</name>
            <name role="display">Mr SPEAKER</name>
          </talker>
          <para>- The honorable member for West Sydney <inline font-weight="bold">(Mr. Beasley)</inline> must withdraw the word &#34;hypocrites.&#34; </para>
        </talk.start>
        <interjection>
          <talk.start>
            <talker>
              <page.no>2891</page.no>
              <time.stamp />
              <name.id>JOM</name.id>
              <electorate />
              <party />
              <role />
              <in.gov>0</in.gov>
              <first.speech>0</first.speech>
              <name role="metadata">BEASLEY, John</name>
              <name role="display">Mr Beasley</name>
            </talker>
            <para>- I withdraw it. </para>
          </talk.start>
        </interjection>
        <interjection>
          <talk.start>
            <talker>
              <page.no>2891</page.no>
              <time.stamp />
              <name.id>JSC</name.id>
              <electorate />
              <party />
              <role />
              <in.gov>0</in.gov>
              <first.speech>0</first.speech>
              <name role="metadata">BRENNAN, Frank</name>
              <name role="display">Mr Brennan</name>
            </talker>
            <para>- Are honorable members opposite opposed to this motion of loyalty to the King? </para>
          </talk.start>
        </interjection>
        <interjection>
          <talk.start>
            <talker>
              <page.no>2891</page.no>
              <time.stamp />
              <name.id>KNX</name.id>
              <electorate>WENTWORTH, NEW SOUTH WALES</electorate>
              <party>UAP; LP from 1944</party>
              <role />
              <in.gov>0</in.gov>
              <first.speech>0</first.speech>
              <name role="metadata">HARRISON, Eric</name>
              <name role="display">Mr E J HARRISON</name>
            </talker>
            <para>- It ill becomes the honorable member for Batman <inline font-weight="bold">(Mr. Brennan)</inline> to take a political advantage of this situation. </para>
          </talk.start>
        </interjection>
      </speech>
      <division>
        <division.header>
          <time.stamp />
          <para>Question put - That the question be now put. The House divided. (Mr. Speaker - Hon. G.J. Bell.)</para>
        </division.header>
        <division.data>
          <ayes>
            <num.votes>39</num.votes>
            <title>AYES</title>
          </ayes>
          <noes>
            <num.votes>22</num.votes>
            <title>NOES</title>
          </noes>
        </division.data>
        <para>Majority 17 </para>
        <para>AYES</para>
        <para class="block">
          <graphic href="152331193612102_2_1_1_A.jpg" />
        </para>
        <para class="block">
          <graphic href="152331193612102_3_1_3_A.jpg" />
        </para>
        <para>NOES</para>
        <para class="block">
          <graphic href="152331193612102_3_1_4_N.jpg" />
        </para>
        <para class="block">
          <graphic href="152331193612102_3_1_2_N.jpg" />
        </para>
        <division.result>
          <para>Question so resolved in the affirmative. </para>
        </division.result>
      </division>
      <division>
        <division.header>
          <time.stamp />
          <para>Original question put. The House divided. (Mr. Speaker - Hon. G. J. Bell.)</para>
        </division.header>
        <division.data>
          <ayes>
            <num.votes>39</num.votes>
            <title>AYES</title>
          </ayes>
          <noes>
            <num.votes>22</num.votes>
            <title>NOES</title>
          </noes>
        </division.data>
        <para>Majority ..17 </para>
        <para>AYES</para>
        <para>NOES</para>
        <division.result>
          <para class="block">Question so resolved in the affirmative. </para>
        </division.result>
      </division>
    </debate>
    <adjournment>
      <adjournmentinfo>
        <page.no>2892</page.no>
        <time.stamp>14:52:00</time.stamp>
      </adjournmentinfo>
      <para class="block">House adjourned at 2.52  p.m. </para>
    </adjournment>
    <debate>
      <debateinfo>
        <title>QUESTION</title>
        <page.no>2892</page.no>
        <type>Questions</type>
      </debateinfo>
      <subdebate.1>
        <subdebateinfo>
          <title>ANSWER TO QUESTION</title>
          <page.no>2892</page.no>
        </subdebateinfo>
        <para class="italic">
          <inline font-style="italic">The following answer to a question was circulated: -</inline>
        </para>
        <para>
          <inline font-weight="bold">Sir Geoffrey</inline>Whiskard: Presence at Cabinet Meetings. </para>
        <interjection>
          <talk.start>
            <talker>
              <page.no>2892</page.no>
              <time.stamp />
              <name.id>K9C</name.id>
              <electorate />
              <party />
              <role />
              <in.gov>0</in.gov>
              <first.speech>0</first.speech>
              <name role="metadata">GARDEN, John</name>
              <name role="display">Mr Garden</name>
            </talker>
            <para>asked the Prime Minister, <inline font-style="italic">upon notice -</inline></para>
          </talk.start>
        </interjection>
        <quote>
          <list type="decimal-dotted">
            <item label="1.">
              <para>Is the press statement correct that <inline font-weight="bold">Sir Geoffrey</inline> Whiskard sat with the Cabinet during any of its recent discussions on a certain matter ? </para>
            </item>
            <item label="2.">
              <para>If so, will the Prime Minister explain what right <inline font-weight="bold">Sir Geoffrey</inline> had to participate in any discussions of an Australian Cabinet? </para>
            </item>
            <item label="3.">
              <para>Was the Government instructed by the British Government to admit <inline font-weight="bold">Sir Geoffrey</inline> to its discussions? </para>
            </item>
            <item label="4.">
              <para>Is it a fact that the proposed legislation was submitted to <inline font-weight="bold">Sir Geoffrey</inline> Whiskard? </para>
            </item>
          </list>
        </quote>
        <interjection>
          <talk.start>
            <talker>
              <page.no>2892</page.no>
              <time.stamp />
              <name.id>F4O</name.id>
              <electorate />
              <party />
              <role />
              <in.gov>0</in.gov>
              <first.speech>0</first.speech>
              <name role="metadata">LYONS, Joseph Aloysius</name>
              <name role="display">Mr Lyons</name>
            </talker>
            <para>- The answers to the honorable member&#39;s questions are as follows :  -  2 and 3. See answer to 1. </para>
          </talk.start>
        </interjection>
        <list type="decimal-dotted">
          <item label="4.">
            <para>No. </para>
          </item>
        </list>
      </subdebate.1>
    </debate>
  </chamber.xscript>
</hansard>
