<?xml version="1.0" encoding="utf-8"?>
<hansard xsi:noNamespaceSchemaLocation="../../hansard.xsd" version="2.1" xmlns:xsi="http://www.w3.org/2001/XMLSchema-instance">
  <session.header>
    <date>1929-08-14</date>
    <parliament.no>11</parliament.no>
    <session.no>1</session.no>
    <period.no>2</period.no>
    <chamber>REPS</chamber>
    <page.no>6</page.no>
    <proof>0</proof>
  </session.header>
  <chamber.xscript>
    <para class="block">House of Representatives. </para>
    <business.start>
      <day.start>1929-08-14</day.start>
      <para>
        <inline font-weight="bold">Mr. Speaker</inline>(Sob. <inline font-weight="bold">Sir Littleton</inline> Groom) took the chair at 3 p.m., and read prayers. </para>
    </business.start>
    <debate>
      <debateinfo>
        <title>NEW MEMBER</title>
        <page.no>6</page.no>
        <type>miscellaneous</type>
      </debateinfo>
      <speech>
        <talk.start>
          <talker>
            <page.no>6</page.no>
            <time.stamp />
            <name.id>10000</name.id>
            <electorate />
            <party />
            <role />
            <in.gov>0</in.gov>
            <first.speech>0</first.speech>
            <name role="metadata">SPEAKER, Mr</name>
            <name role="display">Mr SPEAKER</name>
          </talker>
          <para>- I have to inform the House that, during the adjournment, I received from the Right Honorable W. A. Watt a letter dated the 5th July, 1929, resigning his seat as member for the electoral division of Balaclava, in the State of Victoria, and that on the 11th July I issued a writ for the election of a member to serve for the said electoral division. I have received a return to that writ, and, by the endorsement thereon, it appears that Thomas Walter White has been elected. </para>
        </talk.start>
        <para>
          <inline font-weight="bold">Mr. White</inline>made and subscribed the oath of allegiance. </para>
      </speech>
    </debate>
    <debate>
      <debateinfo>
        <title>ASSENT TO BILLS</title>
        <page.no>6</page.no>
        <type>bill</type>
      </debateinfo>
      <para>Assent to the following  bills  reported- </para>
      <para>Wine Overseas Marketing Bill, 1929. </para>
      <para>Wine Grapes Charges Bill, 1929. </para>
      <para>Supply Bill (No. 1) 1929-30. </para>
      <para>Economic Research Bill, 1929. </para>
      <para>Seat of Government Acceptance Bill, 1929. </para>
      <para>Income Tax Assessment Bill, 1929. </para>
      <para>Dried Fruits Export Charges Bill, 1929. </para>
      <para>War Service Homes Bill, 1929. </para>
      <para>Australian Soldiers&#39; Repatriation Bill, 1929. </para>
      <para>Dairy Produce Export Charges Bill, 1929. </para>
      <para>Canned Fruits Export Charges Bill, 1929. </para>
      <para>National Debt Sinking Fund Bill, 1929. </para>
      <para>THE LATE HON. J. H. McCOLL. </para>
      <speech>
        <talk.start>
          <talker>
            <page.no>6</page.no>
            <time.stamp />
            <name.id>10000</name.id>
            <electorate />
            <party />
            <role />
            <in.gov>0</in.gov>
            <first.speech>0</first.speech>
            <name role="metadata">SPEAKER, Mr</name>
            <name role="display">Mr SPEAKER</name>
          </talker>
          <para>- I have received from the widow of the late Honorable James Hiers McColl a letter thanking the House for its resolution of sympathy. </para>
        </talk.start>
      </speech>
    </debate>
    <debate>
      <debateinfo>
        <title>WITHDRAWAL OF PROSECUTION</title>
        <page.no>6</page.no>
        <type>miscellaneous</type>
      </debateinfo>
      <para>Motion of Want of Confidence. </para>
      <speech>
        <talk.start>
          <talker>
            <page.no>6</page.no>
            <time.stamp />
            <name.id>KVS</name.id>
            <electorate>DALLEY, NEW SOUTH WALES</electorate>
            <party />
            <role />
            <in.gov>0</in.gov>
            <first.speech>0</first.speech>
            <name role="metadata">THEODORE, Edward</name>
            <name role="display">Mr THEODORE</name>
          </talker>
          <para>- I give notice that to-morrow I shall move - </para>
        </talk.start>
        <quote>
          <para>That, by its withdrawal of the lockout prosecution against the wealthy colliery proprietor, John Brown, after its vigorous prosecutions of trade unionists, the Government has shown that in the administration of the law it unjustly discriminates between the rich and the poor; and that as a consequence the Government has forfeited the confidence of this House. </para>
        </quote>
      </speech>
      <speech>
        <talk.start>
          <talker>
            <page.no>6</page.no>
            <time.stamp />
            <name.id>F4B</name.id>
            <electorate>FLINDERS, VICTORIA</electorate>
            <party>NAT</party>
            <role>Minister for External Affairs</role>
            <in.gov>1</in.gov>
            <first.speech>0</first.speech>
            <name role="metadata">BRUCE, Stanley</name>
            <name role="display">Mr BRUCE</name>
          </talker>
          <para>- The Deputy Leader of the Opposition having given notice of a direct motion of want of confidence in the Government I, in accordance with parliamentary practice, move - </para>
        </talk.start>
        <quote>
          <para>That the House do now adjourn. </para>
        </quote>
        <para>Question resolved in the affirmative. </para>
        <para>House adjourned  at  8.8 p.m. </para>
      </speech>
    </debate>
  </chamber.xscript>
</hansard>