<?xml version="1.0" encoding="utf-8"?>
<hansard xsi:noNamespaceSchemaLocation="../../hansard.xsd" version="2.1" xmlns:xsi="http://www.w3.org/2001/XMLSchema-instance">
  <session.header>
    <date>1929-09-11</date>
    <parliament.no>11</parliament.no>
    <session.no>1</session.no>
    <period.no>2</period.no>
    <chamber>REPS</chamber>
    <page.no>867</page.no>
    <proof>0</proof>
  </session.header>
  <chamber.xscript>
    <para class="block">House of Representatives. </para>
    <business.start>
      <day.start>1929-09-11</day.start>
      <para>
        <inline font-weight="bold">Mr. Speaker (Hon. Sir Littleton Groom)</inline>took the chair at 3 p.m., and read prayers. </para>
    </business.start>
    <debate>
      <debateinfo>
        <title>ADJOURNMENT</title>
        <page.no>867</page.no>
        <type>adjournment</type>
      </debateinfo>
      <para>Position of the Government. </para>
      <speech>
        <talk.start>
          <talker>
            <page.no>867</page.no>
            <time.stamp />
            <name.id>F4B</name.id>
            <electorate>Flinders</electorate>
            <party>NAT</party>
            <role>Prime Minis ter and Minister for External Affairs</role>
            <in.gov>1</in.gov>
            <first.speech>0</first.speech>
            <name role="metadata">BRUCE, Stanley</name>
            <name role="display">Mr BRUCE</name>
          </talker>
          <para>. - <inline font-style="italic">(By leave.)</inline> -Last night, subsequent to, and in consequence of, thevote that was taken in committee on the Maritime Industries Bill, I stated that theGovernment desired time to consider its position, and moved the adjournment of the House. </para>
        </talk.start>
        <para>The Government, having considered its position, I, this morning, had an interview with His Excellency the GovernorGeneral, at which I tendered to him certain advice. His Excellency is now considering that advice; consequently, there is no further statement which I can make at the. moment. I, therefore, move - </para>
        <quote>
          <para>That the House do now adjourn. </para>
          <para>House adjourned  at  3.2 p.m. </para>
        </quote>
      </speech>
    </debate>
  </chamber.xscript>
</hansard>