<?xml version="1.0" encoding="utf-8"?>
<hansard xsi:noNamespaceSchemaLocation="../../hansard.xsd" version="2.1" xmlns:xsi="http://www.w3.org/2001/XMLSchema-instance">
  <session.header>
    <date>1925-06-24</date>
    <parliament.no>9</parliament.no>
    <session.no>3</session.no>
    <period.no>0</period.no>
    <chamber>SENATE</chamber>
    <page.no>300</page.no>
    <proof>0</proof>
  </session.header>
  <chamber.xscript>
    <para class="block">Senate. </para>
    <business.start>
      <day.start>1925-06-24</day.start>
      <para>The  President <inline font-weight="bold">(Senator the Hon.</inline> T.  Givens) took the chair at 3 p.m., and read prayers. </para>
    </business.start>
    <debate>
      <debateinfo>
        <title>PUBLIC WORKS COMMITTEE</title>
        <page.no>300</page.no>
        <type>miscellaneous</type>
      </debateinfo>
      <subdebate.1>
        <subdebateinfo>
          <title>Sewerage, Canberra -Automatic Telephone Exchanges</title>
          <page.no>300</page.no>
        </subdebateinfo>
        <para>
          <inline font-weight="bold">Senator LYNCH</inline>brought up the reports of the Parliamentary Standing Committee on Public Works, together with minutes of evidence relating to the proposed construction of the northern main sewer, Canberra, sewage treatment works at the Federal Capital, and automatic telephone exchanges atWest Adelaide, South Australia, and at Lakemba and Manly, New South Wales. </para>
      </subdebate.1>
    </debate>
    <debate>
      <debateinfo>
        <title>PAPER</title>
        <page.no>300</page.no>
        <type>miscellaneous</type>
      </debateinfo>
      <para>The following paper was presented: - </para>
      <quote>
        <para>Auditor-General&#39;s special report, being supplementary to the report upon theaccounts for 1923-4. </para>
      </quote>
    </debate>
    <debate>
      <debateinfo>
        <title>ADJOURNMENT</title>
        <page.no>300</page.no>
        <type>adjournment</type>
      </debateinfo>
      <para class="block">No-confidence Motion. </para>
      <speech>
        <talk.start>
          <talker>
            <page.no>300</page.no>
            <time.stamp />
            <name.id>K0F</name.id>
            <electorate>Western AustraliaMinister for Home and Territories</electorate>
            <party>NAT</party>
            <role>Minister of Home and Territories</role>
            <in.gov>1</in.gov>
            <first.speech>0</first.speech>
            <name role="metadata">PEARCE, George</name>
            <name role="display">Senator PEARCE</name>
          </talker>
          <para>. - In view of the fact that a motion of want of confidence has been tabled in another place on the Supply Bill, the Government does not propose to proceed with any business in the Senate to-day. I therefore move- </para>
        </talk.start>
        <quote>
          <para>That theSenate do now adjourn. </para>
        </quote>
      </speech>
      <speech>
        <talk.start>
          <talker>
            <page.no>300</page.no>
            <time.stamp />
            <name.id>KMP</name.id>
            <electorate>NEW SOUTH WALES</electorate>
            <party>ALP</party>
            <role />
            <in.gov>0</in.gov>
            <first.speech>0</first.speech>
            <name role="metadata">GRANT, John</name>
            <name role="display">Senator GRANT</name>
          </talker>
          <para>. - This is not the first intimation I  have  had of the fact that the Government has decided to regard as a censure motion an amendment moved on a Supply Bill in another place, quite irrespective of what the result may  be;  but I think the Senate will not do justice to itself, or to those who sendus here, if it adjourns as suggested. There are many matters that could very easily be discussed with advantage by this chamber at the present time. Therefore, I protest against the proposal to adjourn for the reason given. </para>
        </talk.start>
        <para>Question resolved in the affirmative. </para>
        <para>Sena te adjourned at 3.6 p.m. </para>
      </speech>
    </debate>
  </chamber.xscript>
</hansard>
