<?xml version="1.0" encoding="utf-8"?>
<hansard xsi:noNamespaceSchemaLocation="../../hansard.xsd" version="2.1" xmlns:xsi="http://www.w3.org/2001/XMLSchema-instance">
  <session.header>
    <date>1929-11-20</date>
    <parliament.no>12</parliament.no>
    <session.no>1</session.no>
    <period.no>1</period.no>
    <chamber>REPS</chamber>
    <page.no>10</page.no>
    <proof>0</proof>
  </session.header>
  <chamber.xscript>
    <para class="block">House of  Representatives. </para>
    <business.start>
      <day.start>1929-11-20</day.start>
    </business.start>
    <debate>
      <debateinfo>
        <title>PROCLAMATION</title>
        <page.no>10</page.no>
        <type>proclamations</type>
      </debateinfo>
      <para>The House met at 10.30 a.m., pursuant to the proclamation of His Excellency the Governor-General. </para>
      <para>The  Clerk  read the proclamation. </para>
    </debate>
    <debate>
      <debateinfo>
        <title>OPENING OF THE PARLIAMENT</title>
        <page.no>10</page.no>
        <type>miscellaneous</type>
      </debateinfo>
      <para>The Usher of the Black Rod, being announced, was admitted, and delivered the message that the Deputies of the Governor-General for the opening of the Parliament requested the attendance of honorable members in the Senate chamber forthwith. </para>
      <para>Honorable members attended accordingly, and, having returned, </para>
      <para>The Deputy authorized by the GovernorGeneral to administer the oath entered the chamber. </para>
      <para>The Clbbk read the commission, under the Great Seal of the Commonwealth, authorizing the Eight Honorable <inline font-weight="bold">Sir Isaac</inline> Isaacs, P.O., K.O.M.G., a Justice of the High Court of Australia, to administer the oath, or affirmation, pf allegiance to the King required by the Constitution to be taken or made by members of the House of Representatives </para>
    </debate>
    <debate>
      <debateinfo>
        <title>MEMBERS SWORN</title>
        <page.no>11</page.no>
        <type>miscellaneous</type>
      </debateinfo>
      <para>The Clbbk announced that he had received from the Military Secretary to the Governor-General returns to the 76 writs for the election of members of the House of Representatives, held on the 12th October, 1929. </para>
      <para>The following members made and subscribed the oath of allegiance: - </para>
      <para>Anstey, Hon. Frank, Bourke, Victoria. </para>
      <para>Bayley, James Garfield, Esquire, Oxley, Queensland. </para>
      <para>Beasley, Hon. John Albert, West Sydney, New South Wales. </para>
      <para>Bell, George John, Esquire, O.M.G., D.S.O., <inline font-style="italic">V.D.,</inline> Darwin, Tasmania. </para>
      <para>Blakeley, Hon. Arthur, Darling, New South Wales. </para>
      <para>Brennan, Hon. Frank, Batman, Victoria. </para>
      <para>Cameron, Donald Charles, Esquire, C.M.G., D.S.O.,.V.D., Brisbane, Queensland. </para>
      <para>Cameron, Malcolm Duncan, Esquire, Barker, South Australia. </para>
      <para>Chifley, Joseph Benedict, Esquire, Macquarie, New South Wales. </para>
      <para>Coleman, Percy Edmund, Esquire, Reid, New South Wales. </para>
      <para>Corser, Bernard Henry, Esquire, Wide Bay, Queensland. </para>
      <para>Crouch,  Hon.  Richard Armstrong, Corangamite, Victoria. </para>
      <para>Culley, Charles Ernest, Esquire, Denison, Tasmania. </para>
      <para>Cunningham, Lucien Lawrence, Esquire, Gwydir, New South Wales. </para>
      <para>Curtin, John, Esquire, Fremantle, Western Australia. </para>
      <para>Cusack, John Joseph, Esquire, EdenMonaro, New South Wales. </para>
      <para>Eldridge, John Chambers, Esquire, Martin, New South Wales. </para>
      <para>Fenton, Hon. James Edward, Maribyrnong, Victoria. </para>
      <para>Forde, Hon. Francis Michael, Capricornia, Queensland. </para>
      <para>Francis, Josiah, Esquire, Moreton, Queensland. </para>
      <para>Gabb, Joel Moses, Esquire, Angas. South Australia. </para>
      <para>Gardner, Sydney Lane, Esquire, Robertson, New South Wales. </para>
      <para>Gibbons, George Albert, Esquire, Calare, New South Wales. </para>
      <para>Green, Hon. Albert Ernest, Kalgoorlie, Western Australia. </para>
      <para>Green, Roland- Frederick Herbert, Esquire, Richmond, New South Wales. </para>
      <para>Gregory, Hon. Henry, Swan, Western Australia. </para>
      <para>Gullett, Hon. Henry Somer, Henty, Victoria. </para>
      <para>Guy, Hon. James Allan, Bass, Tasmania. </para>
      <para>Hawker, Charles Allan Seymour. Esquire, Wakefield, South Australia. </para>
      <para>Hill, Hon. William Caldwell, Echuca, Victoria. </para>
      <para>Holloway, Edward James, Esquire, Flinders, Victoria. </para>
      <para>Hunter, James Aitchison Johnston, Esquire, Maranoa, Queensland. </para>
      <para>James, Rowland, Esquire, Hunter, New South Wales. </para>
      <para>Jones, Paul, Esquire, Indi, Victoria. </para>
      <para>Keane, Richard Valentine, Esquire, Bendigo, Victoria. </para>
      <para>Lacey, Andrew William, Esquire,  Grey,  South Australia. </para>
      <para>Latham, Hon. John Greig, C.M.G.,. K.C., Kooyong, Victoria. </para>
      <para>Lazzarini, Hubert Peter, Esquire, Werriwa, New South Wales. </para>
      <para>Lewis, Arthur, Esquire, Corio, Victoria. </para>
      <para>Long, William John, Esquire, Lang, New South Wales. </para>
      <para>Lyons, Hon. Joseph Aloysius, Wilmot. Tasmania. </para>
      <para>Mackay, George Hugh, Esquire, Lilley, Queensland. </para>
      <para>Makin, Norman John Oswald, Esquire. Hindmarsh, South Australia. </para>
      <para>Maloney, William Robert Nuttall. Esquire, Melbourne, Victoria. </para>
      <para>Marks, Walter Moffitt, Esquire, Wen 1worth. New South Wales. </para>
      <para>Martens, George William, Esquire, Herbert, Queensland. </para>
      <para>Mathews, James, Esquire, Melbourne Ports, Victoria. </para>
      <para>Maxwell, George Arnot, Esquire, K.C., Fawkner, Victoria. </para>
      <para>McGrath, David Charles, Esquire, Ballarat, Victoria. </para>
      <para>McNeill, John, Esquire, Wannon, Victoria. </para>
      <para>McTiernan, Hon. Edward Aloysius, Parkes, New South Wales. </para>
      <para>Moloney, Hon. Parker John, Hume, New South Wales. </para>
      <para>Morgan, Arthur Clinton, Esquire, Darling Downs, Queensland. </para>
      <para>Nairn, Walter Maxwell, Esquire, Perth. Western Australia. </para>
      <para>Nelson, Harold George, Esquire, Northern Territory. </para>
      <para>Page, Et. Hon. Earle Christmas Grafton, P.O., Cowper, New South Wales. </para>
      <para>Parkhill, Robert Archdale, Esquire, Warringah, New South Wales. </para>
      <para>Paterson, Hon. Thomas, Gippsland, Victoria. </para>
      <para>Price, John Lloyd, Esquire, Boothby, South Australia. </para>
      <para>Prowse, John Henry, Esquire, Forrest, Western Australia. </para>
      <para>Riley, Edward, Esquire, South Sydney, New South Wales. </para>
      <para>Riley. Edward Charles, Esquire, Cook, New South Wales. </para>
      <para>Riordan,  David, Esquire, Kennedy, Queensland. </para>
      <para>Rowe, Albert Edward, Esquire, Parramatta, New South Wales. </para>
      <para>Scullin, Hon. James Henry, Yarra, Victoria. </para>
      <para>Stewart, Hon. Percy Gerald, Wimmera, Victoria. </para>
      <para>Theodore, Hon. Edward Granville, Dalley, New South Wales. </para>
      <para>Thompson, Victor Charles, Esquire, New England, New South Wales. </para>
      <para>Tully, James Thomas, Esquire, Barton, New South Wales. </para>
      <para>Watkins, Hon. David, Newcastle, New South Wales. </para>
      <para>West, John . Edward, Esquire, East Sydney, New South Wales. </para>
      <para>Yates, George Edwin, Esquire, Adelaide, South Australia. . </para>
      <para>The Deputy retired. </para>
    </debate>
    <debate>
      <debateinfo>
        <title>ELECTION OF SPEAKER</title>
        <page.no>12</page.no>
        <type>miscellaneous</type>
      </debateinfo>
      <speech>
        <talk.start>
          <talker>
            <page.no>12</page.no>
            <time.stamp />
            <name.id>KYV</name.id>
            <electorate>SOUTH SYDNEY, NEW SOUTH WALES</electorate>
            <party>ALP</party>
            <role />
            <in.gov>0</in.gov>
            <first.speech>0</first.speech>
            <name role="metadata">RILEY, Edward</name>
            <name role="display">Mr E RILEY</name>
          </talker>
          <para>. - I have much pleasure in moving </para>
        </talk.start>
        <para>That the honorable member for Hindmarsh <inline font-weight="bold">(Mr. Makin)</inline> do take the Chair  of the House as Speaker. </para>
        <para class="block">I have known the honorable member during the ten years for which he has been a member of this Parliament. The more he is known the better he is liked. I have had the honour to sit under four Speakers, the late Honorable Charles McDonald, the Honorable <inline font-weight="bold">Sir Elliot</inline> Johnson, the Et. Honorable W. A. Watt and the Honorable <inline font-weight="bold">Sir Littleton</inline> Groom. Each of these gentlemen occupied the Chair with dignity and success, and it will be a difficult task to follow in their footsteps. But I have no hesitation in declaring that <inline font-weight="bold">Mr. Makin</inline> will uphold the best traditions of the office. He is n straightforward, honorable and upright man, and he has already filled many positions in the Commonwealth Parliament.. He has sat as a member of various committees of this House, and one can not but admire his steady adherence to duty and his constant devotion to the business which engaged his attention. He has acted as Secretary of the Parliamentary Labour Party with great credit to himself, and most acceptably to his colleagues. During the last seven years he has been a temporary  Chairman  of Committees, and on the many occasions on which he has presided in that capacity he has displayed full qualification for the duties of the office to which it is now proposed to elect him. He has represented the division of Hindmarsh in South Australia for the last ten years. At the recent election he was returned unopposed, and to be unopposed is a very great compliment to any man. When the seat has been contested he has been returned by a large majority, which shows that his constituents have the fullest confidence in him. He having so worthily represented his constituents in the Hindmarsh division, and having so satisfactorily discharged the other duties that have fallen to him as a member of the Parliament, I have no doubt that he will make a worthy successor to the gentlemen who have preceded him in the chair of this House. </para>
      </speech>
      <speech>
        <talk.start>
          <talker>
            <page.no>13</page.no>
            <time.stamp />
            <name.id>009FQ</name.id>
            <electorate>Fremantle</electorate>
            <party />
            <role />
            <in.gov>0</in.gov>
            <first.speech>0</first.speech>
            <name role="metadata">CURTIN, John</name>
            <name role="display">Mr CURTIN</name>
          </talker>
          <para>.- I second the motion. Every member who has any knowledge of <inline font-weight="bold">Mr. Makin</inline> and of his Parliamentary services will, I am sure, agree with me that he is well fitted to occupy the office towhich it is proposed to elect him. He has a strong judicial sense and  a  wide knowledge of parliamentary procedure. We have all admired the diligence with which he  has  devoted himself to his work, and I am confident that if elected to this office he will fill it with credit to himself and in accord with the highest traditions of the Parliament, irrespective of party considerations. </para>
        </talk.start>
      </speech>
      <speech>
        <talk.start>
          <talker>
            <page.no>13</page.no>
            <time.stamp />
            <name.id>L1T</name.id>
            <electorate>Adelaide</electorate>
            <party />
            <role />
            <in.gov>0</in.gov>
            <first.speech>0</first.speech>
            <name role="metadata">YATES, George</name>
            <name role="display">Mr YATES</name>
          </talker>
          <para>.- I support the motion. It is a compliment to South Australia that yet another representative for that State should be proposed to fill the high office of <inline font-weight="bold">Mr. Speaker.</inline> The first  Speaker  of this Chamber was a South Australian and two representatives from that State have had the honour of filling the presidential chair in the Senate. If the motion is agreed to I have no doubt that <inline font-weight="bold">Mr. Makin</inline> will justify the confidence reposed in him, and that he will uphold the best traditions of the Parliament. </para>
        </talk.start>
        <para>My principal reason for rising to speak at this juncture, however, is to say that, in my opinion, the time has gone by when the  Speaker  of this chamber should be chosen in this fashion. The remarks that I shall make on this subject are not spontaneous. They are the result of careful consideration over a long period of years. I believe that the presiding officers of the various Houses of Parliament in Australia should be paid officials and not some one who has been elected to represent a constituency. I held these views long before I had any aspirations to parliamentary honours or any hopes of ever being a legislator. Many years ago I tabled a motion at a conference of the South Australian Labour party to the effect that the  Speaker  of the House of Assembly in that State should be a paid official of the House. I believe that the  Speaker  of. this chamber should also be an official and not a member. I am fortified in this opinion by the recent occurrences in connexion with the Speakership of the House of Representatives. </para>
        <interjection>
          <talk.start>
            <talker>
              <page.no>13</page.no>
              <time.stamp />
              <name.id>KFE</name.id>
              <electorate />
              <party />
              <role />
              <in.gov>0</in.gov>
              <first.speech>0</first.speech>
              <name role="metadata">GREGORY, Henry</name>
              <name role="display">Mr Gregory</name>
            </talker>
            <para>-  The honorable member would want to reduce the salary. </para>
          </talk.start>
        </interjection>
        <continue>
          <talk.start>
            <talker>
              <page.no>13</page.no>
              <time.stamp />
              <name.id>L1T</name.id>
              <electorate />
              <party />
              <role />
              <in.gov>0</in.gov>
              <first.speech>0</first.speech>
              <name role="metadata">YATES, George</name>
              <name role="display">Mr YATES</name>
            </talker>
            <para>- That is beside the point at the moment. It is an anomaly that the Speakership of this chamber should be a party political plum. That has been the case in the past, and the best man for the position has not always been elected to it. Reference has been made by the previous speakers to the admirable manner in which the honorable member for Hindmarsh has represented his district in this Parliament. If he becomes the  Speaker  of the House, his knowledge and ability as a representative will, to a large extent, be lost to his constituents. The work he will be able to do in that regard will be negligible. If this occurs, he may meet with the same fate as <inline font-weight="bold">Sir Littleton</inline> Groom, who, because be would not follow the dictates of the previous Government and vote for it, is now, to put it colloquially, &#34; on the outer &#34;. That, I suggest, is a serious anomaly. The  Speaker  of this chamber should be free from party ties or political influence. I can recollect quite well occasions when the  Speaker  of this House was called in to vote to save the Government. That is not as it should be. The Labour party is a party of reform. Consequently I feel that this is an appropriate occasion to refer to this subject. I suggest - and I maintain that the suggestion is reasonable - that the  Speaker  of the House of Assembly in each of the States should be the State Governor, and that the  Speaker  of the House of Representatives should be the Governor-General of Australia. I look forward to the time when we shall dispense with many old customs, and get thoroughly up to date in making practical use of the occupants of such positions. I make this suggestion in the hope that before long it will bear fruit. I repeat my appreciation of the selection of the nominee for the Speakership, and have no doubt that he will more than justify the confidence about to be reposed in him. </para>
          </talk.start>
        </continue>
        <para>
          <inline font-weight="bold">Dr.</inline>EARLE PAGE  (Cowper) &#91;11.16). - I have no intention at this stage of entering into a debate on the subject raised by the honorable member for Adelaide <inline font-weight="bold">(Mr. Yates)</inline> excepting to say that, in my opinion, it is proper that the elected  representatives of the people should themselves elect the officer who is to preside over them. Nor have I, as a member of the Country party or of the Opposition, any intention to nominate another candidate for the office of  Speaker.  * I recognize that the custom has always been for the most numerous party in the House to nominate the  Speaker.  Previous Speakers, irrespective of the party to which they belonged, have carried out their duties impartially. </para>
        <para>But the present seems the most appropriate time to raise a matter affecting the privileges of members and parties in this building. During the past few weeks, owing to the defeat of the last <inline font-weight="bold">Speaker (Hon. Sir Littleton Groom),</inline> we have been without a  Speaker.  The result has been that, instead of the <inline font-style="italic">status quo</inline> having been observed, other arrangements have been made regarding the disposition of the rooms in this building. Unless some permanent basis for the allocation of rooms is arrived at we may, in the future, find that rooms have been so allotted as to cause personal friction - a situation which would be most unfortunate. When I brought this matter under the notice of the Prime Minister <inline font-weight="bold">(Mr. Scullin)</inline> he met me with exceptional courtesy, and he has since done his utmost to provide suitable and permanent accommodation in the building for the Country party. Almost since the beginning of Federation there have been three parties in this Parliament, and suitable accommodation has been provided for each of them. Invariably the greatest courtesy has been extended towards the members of all parties, thus enabling them to carry out their official duties in the most effective manner. I should like to secure from the new  Speaker  an assurance that the custom of the past will be followed in the future, and that ample provision will be made in this building for the Country party, which I have the honour to lead. I recognize the difficulty that has now been caused by the planning of this building. Hitherto the room occupied -by the Country party has been one facing the same balcony as the adjoining room occupied by Government members. That was a satisfactory arrangement when the members of the two parties occupying those rooms supported the same Government. </para>
        <para>The difficulty, however, is not insurmountable ; it should not be impossible to devise some means of overcoming it. </para>
        <interjection>
          <talk.start>
            <talker>
              <page.no>14</page.no>
              <time.stamp />
              <name.id>KZ6</name.id>
              <electorate />
              <party />
              <role />
              <in.gov>0</in.gov>
              <first.speech>0</first.speech>
              <name role="metadata">LACEY, Andrew</name>
              <name role="display">Mr Lacey</name>
            </talker>
            <para>- Some provision had to be made for the overflow of the Labour party. </para>
          </talk.start>
        </interjection>
      </speech>
      <speech>
        <talk.start>
          <talker>
            <page.no>14</page.no>
            <time.stamp />
            <name.id>C7E</name.id>
            <electorate>COWPER, NEW SOUTH WALES</electorate>
            <party />
            <role />
            <in.gov>0</in.gov>
            <first.speech>0</first.speech>
            <name role="metadata">PAGE, Earle</name>
            <name role="display">Dr EARLE PAGE</name>
          </talker>
          <para>- I hope that it will be possible to make arrangements satisfactory to both the Country party and the overflow of Government members. </para>
        </talk.start>
      </speech>
      <speech>
        <talk.start>
          <talker>
            <page.no>14</page.no>
            <time.stamp />
            <name.id>KLL</name.id>
            <electorate>Hindmarsh</electorate>
            <party />
            <role />
            <in.gov>0</in.gov>
            <first.speech>0</first.speech>
            <name role="metadata">MAKIN, Norman</name>
            <name role="display">Mr MAKIN</name>
          </talker>
          <para>.- I desire to thank the mover and seconder of the motion nominating me as the  Speaker  of this House, and I humbly submit myself to the House. </para>
        </talk.start>
        <para>Members of the House then unanimously calling <inline font-weight="bold">Mr. Makin</inline> to the Chair, he was taken out of his place by <inline font-weight="bold">Mr. E.</inline> Riley and <inline font-weight="bold">Mr. Curtin</inline> and conducted to the Chair. </para>
        <para>Then <inline font-weight="bold">Mr. SPEAKER</inline> ELECT, standing on the upper step, said - I am deeply sensible of the great honour which honorable members have conferred upon me. I shall endeavour in all ways possible to uphold the high traditions of the office of  Speaker,  and to act with strict impartiality. It will be my constant aim to emulate the worthy example of those who have preceded me in this high and distinguished position. I am profoundly grateful to the House for the confidence and good-will that it has shown me. </para>
      </speech>
      <speech>
        <talk.start>
          <talker>
            <page.no>14</page.no>
            <time.stamp />
            <name.id>F4Q</name.id>
            <electorate>Yarra</electorate>
            <party>ALP</party>
            <role>Prime Minister, Minister for External Affairs and Minister for Industry</role>
            <in.gov>1</in.gov>
            <first.speech>0</first.speech>
            <name role="metadata">SCULLIN, James Henry</name>
            <name role="display">Mr SCULLIN</name>
          </talker>
          <para>. - I regard it as a great privilege, <inline font-weight="bold">Mr. Speaker,</inline> to have the honour of congratulating you on your election to the high and honorable office to which the members of this House have unanimously called you. Permit me to say that you have won that high distinction by your own individual worth. You have been appointed to a position which you have earned during many years of devoted attention to duty and by your unfailing courtesy towards every member of this Parliament, as well as by an earnestness, sincerity and outstanding ability that marks you as a man worthy to occupy the high position you now hold. I congratulate you, a comparatively young man, on having attained the high office of presiding officer of the national parliament of Australia, and I trust that you will have a long and successful career as  Speaker  of this House. In the name of the Government I offer you all the support that you may require in the impartial administration of your responsible duties. </para>
        </talk.start>
      </speech>
      <speech>
        <talk.start>
          <talker>
            <page.no>15</page.no>
            <time.stamp />
            <name.id>KZO</name.id>
            <electorate>Kooyong</electorate>
            <party />
            <role />
            <in.gov>0</in.gov>
            <first.speech>0</first.speech>
            <name role="metadata">LATHAM, John</name>
            <name role="display">Mr LATHAM</name>
          </talker>
          <para>.- On behalf of the Opposition I desire to add my congratulations to those so felicitously expressed by the Prime Minister <inline font-weight="bold">(Mr. Scullin).</inline> I congratulate you on your election to the Chair without a dissentient voice. As  Speaker  it will be your duty to guard the privileges of honorable members on both sides and to maintain the dignity and prestige of this House. We feel that we can, with confidence, leave those functions in your hands. T desire to assure you that in the discharge of your duties as  Speaker  you will have the full support of the members of the Opposition. </para>
        </talk.start>
      </speech>
      <speech>
        <talk.start>
          <talker>
            <page.no>15</page.no>
            <time.stamp />
            <name.id>C7E</name.id>
            <electorate>Cowper</electorate>
            <party />
            <role />
            <in.gov>0</in.gov>
            <first.speech>0</first.speech>
            <name role="metadata">PAGE, Earle</name>
            <name role="display">Dr EARLE PAGE</name>
          </talker>
          <para>. - I desire to  add  the congratulations of the Country party and my own to those expressed on behalf of the Government and the Opposition. The Country party will do its utmost to support you in the onerous duties which will devolve upon you. Your experience as a temporary Chairman qf Committees will assist you in fulfilling those duties. You have always been a keen student of parliamentary practice, and we feel confident that your aim will ever be to maintain the highest traditions of the office to which you have been elected. As guardian of the privileges of honorable members we trust that, you will have a happy term of office. </para>
        </talk.start>
      </speech>
      <speech>
        <talk.start>
          <talker>
            <page.no>15</page.no>
            <time.stamp />
            <name.id>10000</name.id>
            <electorate>Hon. Norman Makin</electorate>
            <party />
            <role />
            <in.gov>0</in.gov>
            <first.speech>0</first.speech>
            <name role="metadata">SPEAKER, Mr</name>
            <name role="display">Mr SPEAKER</name>
          </talker>
          <para>. -  I desire to express my very cordial appreciation of the assurances of the Prime Minister <inline font-weight="bold">(Mr. Scullin),</inline> the Lead&#39;er of the Opposition <inline font-weight="bold">(Mr. Latham)</inline> and the right honorable member for Cowper <inline font-weight="bold">(Dr.</inline> Earle Page) that they will assist me. in the conduct of the affairs of this House. * T appreciate, too, their kind references to me, and hope that in the discharge of my duties, I may justify the high opinion of my abilities which they have expressed. It. will be my constant, endeavour to conserve the interests, the rights and the privileges of every member of this House. </para>
        </talk.start>
        <para>The right honorable member for Cowper <inline font-weight="bold">(Dr. Earle Page)</inline> has referred to difficulties that have arisen in the allocation of rooms for the use of honorable members. I shall at the earliest moment give attention to the matter, and see that the comfort and convenience of honorable members are fully provided for and amply secured. </para>
        <para>I again thank the Prime Minister, the Leader of the Opposition, the honorable member for Cowper <inline font-weight="bold">(Dr. Earle Page)</inline> and others who have spoken, for their kind remarks concerning me and their assurance that I shall have their cooperation and assistance in maintaining the dignity and the high traditions of the office that I now occupy. </para>
      </speech>
    </debate>
    <debate>
      <debateinfo>
        <title>PRESENTATION OF MR. SPEAKER TO THE GOVERNOR-GENERAL</title>
        <page.no>15</page.no>
        <type>miscellaneous</type>
      </debateinfo>
      <speech>
        <talk.start>
          <talker>
            <page.no>15</page.no>
            <time.stamp />
            <name.id>F4Q</name.id>
            <electorate>Yarra</electorate>
            <party>ALP</party>
            <role>Prime Minister, Minister for External Affairs, and Minister for Industry</role>
            <in.gov>1</in.gov>
            <first.speech>0</first.speech>
            <name role="metadata">SCULLIN, James Henry</name>
            <name role="display">Mr SCULLIN</name>
          </talker>
          <para>. - I have ascertained that it will be the pleasure of  His Excellency  the Governor-General to receive you, <inline font-weight="bold">Mr. Speaker,</inline> in the Library of the Parliament at 2.45 p.m. this day. </para>
        </talk.start>
      </speech>
      <speech>
        <talk.start>
          <talker>
            <page.no>15</page.no>
            <time.stamp />
            <name.id>10000</name.id>
            <electorate />
            <party />
            <role />
            <in.gov>0</in.gov>
            <first.speech>0</first.speech>
            <name role="metadata">SPEAKER, Mr</name>
            <name role="display">Mr SPEAKER</name>
          </talker>
          <para>- Prior to my presentation to  His Excellency  the GovernorGeneral this afternoon, the bells will be rung for three minutes so that honorable members may have the opportunity of assembling in the chamber to accompany me to the Library, and, if they so desire, of being introduced to  His Excellency. </para>
        </talk.start>
        <para class="italic">
          <inline font-style="italic">Sitting suspended from 11.27 a.m. to 245 p.m.</inline>
        </para>
        <para>The House proceeded to the Library, there to present <inline font-weight="bold">Mr. Speaker</inline> to  His Excellency  the Governor-General. </para>
        <para>The House having re-assembled, </para>
        <continue>
          <talk.start>
            <talker>
              <page.no>15</page.no>
              <time.stamp />
              <name.id>10000</name.id>
              <electorate />
              <party />
              <role />
              <in.gov>0</in.gov>
              <first.speech>0</first.speech>
              <name role="metadata">SPEAKER, Mr</name>
              <name role="display">Mr SPEAKER</name>
            </talker>
            <para>- I have to report that, accompanied by honorable members. I proceeded to the Library of Parliament and presented myself to His Excellency the Governor-General as the choice of th, Souse, and that His Excellency was kind enough to congratulate me on my election as Speaker.&#39; </para>
          </talk.start>
        </continue>
      </speech>
    </debate>
    <debate>
      <debateinfo>
        <title>GOVERNOR-GENERAL&#39;S SUMMONS</title>
        <page.no>16</page.no>
        <type>miscellaneous</type>
      </debateinfo>
      <para>The Usher of the Black Rod being announced, was admitted, and delivered the message that  His Excellency  the Governor-General desired the attendance of honorable members in the Senate Chamber forthwith. </para>
      <para>
        <inline font-weight="bold">Mr. Speaker</inline>and honorable members attended accordingly, and, having returned, </para>
    </debate>
    <debate>
      <debateinfo>
        <title>COMMISSION TO ADMINISTER OATH</title>
        <page.no>16</page.no>
        <type>miscellaneous</type>
      </debateinfo>
      <speech>
        <talk.start>
          <talker>
            <page.no>16</page.no>
            <time.stamp />
            <name.id>KLL</name.id>
            <electorate>HINDMARSH, SOUTH AUSTRALIA</electorate>
            <party />
            <role />
            <in.gov>0</in.gov>
            <first.speech>0</first.speech>
            <name role="metadata">MAKIN, Norman</name>
            <name role="display">Mr SPEAKER (Hon Norman Makin</name>
          </talker>
          <para>- I have received from His Excellency the Governor-General a commission authorizing me to administer the oath or affirmation of allegiance to members of the House. I now lay the commission on the table. </para>
        </talk.start>
      </speech>
    </debate>
    <debate>
      <debateinfo>
        <title>MEMBER SWORN</title>
        <page.no>16</page.no>
        <type>miscellaneous</type>
      </debateinfo>
      <para>The Right Honorable William Morris Hughes made and subscribed the oath of allegiance as member for the electoral division of North Sydney, New South Wales. </para>
    </debate>
    <debate>
      <debateinfo>
        <title>CHANGE OF MINISTRY</title>
        <page.no>16</page.no>
        <type>miscellaneous</type>
      </debateinfo>
      <speech>
        <talk.start>
          <talker>
            <page.no>16</page.no>
            <time.stamp />
            <name.id>F4Q</name.id>
            <electorate>Yarra</electorate>
            <party>ALP</party>
            <role>Prime Minister, Minister for External Affairs and Minister for Industry</role>
            <in.gov>1</in.gov>
            <first.speech>0</first.speech>
            <name role="metadata">SCULLIN, James Henry</name>
            <name role="display">Mr SCULLIN</name>
          </talker>
          <para>. - I desire to announce that, consequent on the resignation of the Right Honorable S. M. Bruce, C.H., P.O., M.C., as Prime Minister,  His Excellency  the GovernorGeneral commissioned me to form a Ministry, and I consented to do so. The Ministry, which was sworn in on the 22nd October, 1929, is as follows:- </para>
        </talk.start>
      </speech>
      <subdebate.1>
        <subdebateinfo>
          <title>Prime Minister, Minister of State for External Affairs and Minister of State for Industry - Hon. James Henry Scullin, M.P</title>
          <page.no>16</page.no>
        </subdebateinfo>
      </subdebate.1>
      <subdebate.1>
        <subdebateinfo>
          <title>Treasurer - Hon. Edward Granville Theodore, M.P</title>
          <page.no>16</page.no>
        </subdebateinfo>
        <para>Vice-President of the Executive Council - <inline font-weight="bold">Senator the Hon.</inline> John Joseph Daly. </para>
      </subdebate.1>
      <subdebate.1>
        <subdebateinfo>
          <title>Attorney-General - Hon. Frank Brennan, M.P</title>
          <page.no>16</page.no>
        </subdebateinfo>
      </subdebate.1>
      <subdebate.1>
        <subdebateinfo>
          <title>Postmaster-General and Minister of State for Works and Railways. - Hon. Joseph Aloysius Lyons, M.P</title>
          <page.no>16</page.no>
        </subdebateinfo>
      </subdebate.1>
      <subdebate.1>
        <subdebateinfo>
          <title>Minister of State for Trade and Customs - Hon. James Edward Fenton, M.P</title>
          <page.no>16</page.no>
        </subdebateinfo>
      </subdebate.1>
      <subdebate.1>
        <subdebateinfo>
          <title>Minister of State for Home Affairs. - Hon. Arthur Blakeley, M.P</title>
          <page.no>16</page.no>
        </subdebateinfo>
      </subdebate.1>
      <subdebate.1>
        <subdebateinfo>
          <title>Minister of State for Health and Minister of State for Repatriation. - Hon. Frank Anstey, M.P</title>
          <page.no>16</page.no>
        </subdebateinfo>
      </subdebate.1>
      <subdebate.1>
        <subdebateinfo>
          <title>Minister of State for Defence. - Hon. Albert Ernest Green, M.P</title>
          <page.no>16</page.no>
        </subdebateinfo>
      </subdebate.1>
      <subdebate.1>
        <subdebateinfo>
          <title>Minister of State for Markets and Transport - Hon. Parker John Moloney, M.P</title>
          <page.no>16</page.no>
        </subdebateinfo>
        <para>Assistant Minister. - <inline font-weight="bold">Senator the</inline> Hon. John Barnes. </para>
      </subdebate.1>
      <subdebate.1>
        <subdebateinfo>
          <title>Assistant Minister - Hon. Francis Michael Forde, M.P</title>
          <page.no>16</page.no>
        </subdebateinfo>
      </subdebate.1>
      <subdebate.1>
        <subdebateinfo>
          <title>Assistant Minister - Hon. John Albert Beasley, M.P</title>
          <page.no>16</page.no>
        </subdebateinfo>
      </subdebate.1>
    </debate>
    <debate>
      <debateinfo>
        <title>LEADER AND DEPUTY LEADER OF THE OPPOSITION</title>
        <page.no>16</page.no>
        <type>miscellaneous</type>
      </debateinfo>
      <speech>
        <talk.start>
          <talker>
            <page.no>16</page.no>
            <time.stamp />
            <name.id>KZO</name.id>
            <electorate>Kooyong</electorate>
            <party />
            <role />
            <in.gov>0</in.gov>
            <first.speech>0</first.speech>
            <name role="metadata">LATHAM, John</name>
            <name role="display">Mr LATHAM</name>
          </talker>
          <para>.- I desire to inform the House that I have been elected Leader of the Opposition, and that the honorable member for Henty <inline font-weight="bold">(Mr. Gullett)</inline> has been elected  Deputy  Leader of the Opposition in this House. </para>
        </talk.start>
      </speech>
    </debate>
    <debate>
      <debateinfo>
        <title>LEADER AND DEPUTY LEADER OF THE COUNTRY PARTY</title>
        <page.no>16</page.no>
        <type>miscellaneous</type>
      </debateinfo>
      <speech>
        <talk.start>
          <talker>
            <page.no>16</page.no>
            <time.stamp />
            <name.id>C7E</name.id>
            <electorate>Cowper</electorate>
            <party />
            <role />
            <in.gov>0</in.gov>
            <first.speech>0</first.speech>
            <name role="metadata">PAGE, Earle</name>
            <name role="display">Dr EARLE PAGE</name>
          </talker>
          <para>.- I desire to inform the House that I have been elected Leader of the Country Party, and that the honorable member for Gippsland <inline font-weight="bold">(Mr. Paterson)</inline> has been elected  Deputy  Leader of the Country Party in this  House. </para>
        </talk.start>
      </speech>
    </debate>
    <debate>
      <debateinfo>
        <title>ACTS INTERPRETATION BILL</title>
        <page.no>16</page.no>
        <type>bill</type>
      </debateinfo>
      <para class="block">(No. 2). </para>
      <para>Motion (by <inline font-weight="bold">Mr. Scullin)</inline> agreed to - </para>
      <quote>
        <para>That he have leave to bring in a bill for an act to amend the Acts Interpretation Act 1901-1918. </para>
      </quote>
      <para class="block">Bill presented, and read a first time. </para>
    </debate>
    <debate>
      <debateinfo>
        <title>GOVERNOR-GENERAL&#39;S SPEECH</title>
        <page.no>16</page.no>
        <type>miscellaneous</type>
      </debateinfo>
      <para class="block">Address-in-Reply. </para>
      <speech>
        <talk.start>
          <talker>
            <page.no>16</page.no>
            <time.stamp />
            <name.id>KLL</name.id>
            <electorate />
            <party />
            <role />
            <in.gov>0</in.gov>
            <first.speech>0</first.speech>
            <name role="metadata">SPEAKER, Mr</name>
            <name role="display">Mr SPEAKER (Hon Norman Makin</name>
          </talker>
          <para>- I have to report that the House this day attended His Excellency the Governor-General in the Senate chamber, where His Excellency was pleased to make  a  speech to both Houses of the Parlia ment, of which, for greater accuracy, I have obtained  a  copy <inline font-style="italic">(vide</inline> page 6). As honorable members have copies of the speech in their hands, I presume that they do not desire me formally to read it. </para>
        </talk.start>
        <para class="block">Motion (by <inline font-weight="bold">Mr. Scullin)</inline> agreed to - </para>
        <quote>
          <para>That a committee consisting of <inline font-weight="bold">Mr. Holloway</inline> and <inline font-weight="bold">Mr. Eldridge,</inline> and the mover, be appointed to prepare an Address-in-Reply to the speech delivered by  His Excellency  the Governor-General to both Houses of the Parliament, and that the committee do report at the next sitting. </para>
        </quote>
      </speech>
    </debate>
    <debate>
      <debateinfo>
        <title>CHAIRMAN OF COMMITTEES</title>
        <page.no>17</page.no>
        <type>miscellaneous</type>
      </debateinfo>
      <speech>
        <talk.start>
          <talker>
            <page.no>17</page.no>
            <time.stamp />
            <name.id>JZK</name.id>
            <electorate>Reid</electorate>
            <party />
            <role />
            <in.gov>0</in.gov>
            <first.speech>0</first.speech>
            <name role="metadata">COLEMAN, Percy</name>
            <name role="display">Mr COLEMAN</name>
          </talker>
          <para>.-I move - </para>
        </talk.start>
        <quote>
          <para>That the honorable member for Ballarat <inline font-weight="bold">(Mr. McGrath)</inline> be appointed  Chairman  of Committees of this House. </para>
        </quote>
        <para class="block">The honorable member for Ballarat has had a long public career in Australia, first as a member of the Legislature of Victoria, and then as a member of the Commonwealth Parliament. He may be ranked as one of the fathers of this Parliament in that he has been a member of it for 25 years. He has had much experience of the Standing Orders - in fact he has come into conflict with them on some occasions. Consequently, he is well fitted to discharge the duties of  Chairman  of Committees with tact, impartiality and sympathy. He is popular with honorable members of this House, and will preserve the dignity of his office in conformity with the traditions established by the distinguished persons who have held it before him. </para>
      </speech>
      <speech>
        <talk.start>
          <talker>
            <page.no>17</page.no>
            <time.stamp />
            <name.id>L1T</name.id>
            <electorate>Adelaide</electorate>
            <party />
            <role />
            <in.gov>0</in.gov>
            <first.speech>0</first.speech>
            <name role="metadata">YATES, George</name>
            <name role="display">Mr YATES</name>
          </talker>
          <para>.- I have much pleasure in seconding the motion of the honorable member for Reid, and in endorsing his references to the honorable member for Ballarat <inline font-weight="bold">(Mr. McGrath).</inline> I have no doubt that that honorable member&#39;s long experience in this House, together with the experience he gained as a member of the Victorian legislature, will fit him admirably for discharging the responsibilities of his office. I do not agree that he has found himself much in conflict with the Standing Orders in the past; in fact, his behaviour as a member has been exemplary. I am confident, however, that if there is anything in the Standing Orders in conflict with justice he is the person to set matters&#39; right. A love of justice is characteristic of the man, so that if there is any part of the Standing Orders which it is necessary to scrap he will do his best to have it done. The duties which he will have to perform could not be in safer hands than his. </para>
        </talk.start>
      </speech>
      <speech>
        <talk.start>
          <talker>
            <page.no>17</page.no>
            <time.stamp />
            <name.id>KFA</name.id>
            <electorate>RICHMOND, NEW SOUTH WALES</electorate>
            <party>CP</party>
            <role />
            <in.gov>0</in.gov>
            <first.speech>0</first.speech>
            <name role="metadata">GREEN, Roland</name>
            <name role="display">Mr R GREEN</name>
          </talker>
          <para>.- I have listened to the honorable member for Reid <inline font-weight="bold">(Mr. Coleman)</inline> and the honorable member for Adelaide <inline font-weight="bold">(Mr. Yates)</inline> hoping to hear from them some adequate reason why this choice has been made. We might have expected to hear that the honorable member who has been proposed for this office had been a temporary  chairman  of committees, and in that way had qualified for the office of  chairman.  It is significant that neither the mover nor seconder of the motion could say that the honorable member for Ballarat had had any experience whatever in the Chair. The only reason given for his fitness to administer the Standing Orders was that he had sometimes found himself in conflict with them. This reason does not seem sufficient for putting him into the Chair, his only qualification being, apparently, that he has not obeyed the Standing Orders as other honorable members have been wont to do. Another surprising thing is that no reference was made to an honorable member who was Temporary  Chairman  of Committees in an honorary capacity for a considerable time while <inline font-weight="bold">Mr. Bamford</inline> filled the office of  Chairman.  I refer to the honorable member for Newcastle <inline font-weight="bold">(Mr. Watkins),</inline> and I am surprised that he has not been put forward as a candidate for this high office. The 25 years&#39; parliamentary experience of the honorable member for Ballarat cannot be compared with that of the honorable member for Newcastle who has been a member of this House since its inception, and who, prior to that, was a member of the New South Wales State Legislature. He is the only honorable member of this House who has consistently represented the one constituency since the inauguration of the Commonwealth Parliament. As he has had considerable experience in the office for which the honorable member for Ballarat has been nominated, one might have thought that he would have been given the opportunity of fillingit. </para>
        </talk.start>
        <interjection>
          <talk.start>
            <talker>
              <page.no>18</page.no>
              <time.stamp />
              <name.id>KV8</name.id>
              <electorate />
              <party />
              <role />
              <in.gov>0</in.gov>
              <first.speech>0</first.speech>
              <name role="metadata">STEWART, Percy</name>
              <name role="display">Mr Stewart</name>
            </talker>
            <para>-  The honorable member may nominate him now. </para>
          </talk.start>
        </interjection>
        <continue>
          <talk.start>
            <talker>
              <page.no>18</page.no>
              <time.stamp />
              <name.id>KFA</name.id>
              <electorate>RICHMOND, NEW SOUTH WALES</electorate>
              <party>CP</party>
              <role />
              <in.gov>0</in.gov>
              <first.speech>0</first.speech>
              <name role="metadata">GREEN, Roland</name>
              <name role="display">Mr R GREEN</name>
            </talker>
            <para>- I do not propose to go against the wishes of the friends of the honorable member for Newcastle, but I repeat, that I am surprised that an honorable member with such strong claims upon the office should have been overlooked. </para>
          </talk.start>
        </continue>
        <para>Question resolved in the affirmative. </para>
      </speech>
      <speech>
        <talk.start>
          <talker>
            <page.no>18</page.no>
            <time.stamp />
            <name.id>F4Q</name.id>
            <electorate>Yarra</electorate>
            <party>ALP</party>
            <role>Prime Minister, Minister for External Affairs and Minister of Industry</role>
            <in.gov>1</in.gov>
            <first.speech>0</first.speech>
            <name role="metadata">SCULLIN, James Henry</name>
            <name role="display">Mr SCULLIN</name>
          </talker>
          <para>. -  I desire to offer a few words of congratulation to the honorable member for Ballarat. upon his appointment as  Chairman  of Committees. For many reasons the honorable member is well fitted for that position. The qualification which has been emphasized is not the only reason for his election to a high and honorable office, although the fact that he has in the past broken the Standing Orders may cause him to deal leniently with future transgressors. Perhaps the honorable member for Richmond <inline font-weight="bold">(Mr. R. Green)</inline> particularly may have reason to be grateful that the occupant of the Chair is not a strict disciplinarian. I am confident that the honorable member for Ballarat will discharge his duties with impartiality, and will bring to bear on the position that force of character which is his outstanding characteristic and is necessary in one who presides over the committee proceed ings of this Chamber. I recall with pleasure 25 years of close association with him ; through many trials and struggles the honorable member has remained true to his principles and his friends, and I am confident that he will be true to the best traditions of the office to which he has been elected. </para>
        </talk.start>
      </speech>
      <speech>
        <talk.start>
          <talker>
            <page.no>18</page.no>
            <time.stamp />
            <name.id>KZO</name.id>
            <electorate>Kooyong</electorate>
            <party />
            <role />
            <in.gov>0</in.gov>
            <first.speech>0</first.speech>
            <name role="metadata">LATHAM, John</name>
            <name role="display">Mr LATHAM</name>
          </talker>
          <para>.- I offer the congratulations of the members of the Opposition to the honorable member for Ballarat upon his election to the Chairmanship of Committees. The honorable member is an experienced parliamentarian and a skilled debater, and he is further equipped for his new office by his personal experience of the operation of the Standing Orders. Many of us who now sit in opposition have come into conflict with him in debate, but when he is pre siding over the committees of this House we shall forget our past differences as, we know, he will forget them. We are confident that he will impartially administer the Standing Orders and preserve the dignity and decency of our proceedings while at the same time protecting the rights of all honorable members. We wish him well during his term of office and offer to him our support in the administration of the Standing Orders. I hope that he will interest himself in bringing the rules of debate more up to date. An effort to that end was made in the last Parliament and I hope that that work will be carried to completion. In any endeavour to improve the Standing Orders, the  Chairman  of Committees will be assured of the cordial support of the Opposition. Again I promise the honorable member for Ballarat the assistance of honorable members on this side of the Chamber in maintaining the traditions and dignity of his office. </para>
        </talk.start>
      </speech>
      <speech>
        <talk.start>
          <talker>
            <page.no>18</page.no>
            <time.stamp />
            <name.id>C7E</name.id>
            <electorate>Cowper</electorate>
            <party />
            <role />
            <in.gov>0</in.gov>
            <first.speech>0</first.speech>
            <name role="metadata">PAGE, Earle</name>
            <name role="display">Dr EARLE PAGE</name>
          </talker>
          <para>.- On behalf of the Country Party I congratulate the honorable member for Ballarat upon his election and assure him of our support in carrying out his onerous duties. Because of the length of committee deliberations the position of  Chairman  of Committees is an exceedingly onerous one. During the period I have been a member of this Parliament I have come under the jurisdiction of three distinguished Chairmen, the late <inline font-weight="bold">Mr. Chanter, Mr. Bamford,</inline> and the honorable member for Oxley <inline font-weight="bold">(Mr. Bayley).</inline> All discharged the duties of their office with conspicuous success, and I trust that the honorable member for Ballarat will be able to maintain the traditions and standards set by his predecessors. I congratulate him upon his recovery from a recent serious accident. All honorable members are glad to see him in this chamber again. </para>
        </talk.start>
      </speech>
      <speech>
        <talk.start>
          <talker>
            <page.no>18</page.no>
            <time.stamp />
            <name.id>KRD</name.id>
            <electorate>Ballarat</electorate>
            <party />
            <role />
            <in.gov>0</in.gov>
            <first.speech>0</first.speech>
            <name role="metadata">MCGRATH, David</name>
            <name role="display">Mr McGRATH</name>
          </talker>
          <para>.-I am very grateful for the high honour that has been conferred upon me, and I thank my nominator and seconder for their remarks concerning my personal qualifications, and the Prime Minister, the Leader of the Opposition, and the Leader of the Country party for their generous references and assurances of assistance. Although I have not previously occupied the Chair, I have been in touch with it very often. I shall do my best to uphold the high traditions attaching to the office to which I have been elected. I shall endeavour to hold the balance evenly between all parties, and I hope that the necessity will not arise for me to impose upon any honorable member the discipline to which I have been subject on occasions. As a result of my recent accident I am very deaf in the left ear, but I assure the members of the Opposition that both eyes have their vision unimpaired. </para>
        </talk.start>
      </speech>
    </debate>
    <debate>
      <debateinfo>
        <title>HOUR OF MEETING</title>
        <page.no>19</page.no>
        <type>miscellaneous</type>
      </debateinfo>
      <speech>
        <talk.start>
          <talker>
            <page.no>19</page.no>
            <time.stamp />
            <name.id>F4Q</name.id>
            <electorate>Yarra</electorate>
            <party>ALP</party>
            <role>Prime Minister, Minister for External Affairs and Minister for Industry</role>
            <in.gov>1</in.gov>
            <first.speech>0</first.speech>
            <name role="metadata">SCULLIN, James Henry</name>
            <name role="display">Mr SCULLIN</name>
          </talker>
          <para>. - I move - </para>
        </talk.start>
        <quote>
          <para>That the House at its rising adjourn until to-morrow at half-past 2 o&#39;clock p.m. </para>
        </quote>
        <para class="block">It is the wish of the Government that from next week, the House shall meet on Tuesdays, Wednesdays, Thursdays and Fridays. The meeting on Tuesday is rendered necessary by the many urgent measures to be dealt with in the short period available before the Christmas adjournment. I should like to have given honorable members longer notice of the proposal to sit on Tuesdays, but I am sure they will realize that the circumstances are extraordinary. I had not an opportunity to intimate earlier to the Leader of the Opposition the intentions of the Government because, until to-day, I was not aware who would be elected to that office. I take this opportunity to congratulate the honorable member for Kooyong <inline font-weight="bold">(Mr. Latham)</inline> upon his election as Leader of the Opposition, and the honorable member for Henty <inline font-weight="bold">(Mr. Gullett)</inline> on his appointment as  Deputy  Leader. I assure them that they will receive from the Government every courtesy, and, knowing them well, I am confident that we shall receive the same from them. </para>
      </speech>
      <speech>
        <talk.start>
          <talker>
            <page.no>19</page.no>
            <time.stamp />
            <name.id>KZO</name.id>
            <electorate>Kooyong</electorate>
            <party />
            <role />
            <in.gov>0</in.gov>
            <first.speech>0</first.speech>
            <name role="metadata">LATHAM, John</name>
            <name role="display">Mr LATHAM</name>
          </talker>
          <para>.- Honorable members of the Opposition realize the need for extra sitting days during the present brief session.Our convenience would have been suited better if it had been possible for the Government to intimate to members earlier the intention to sit on Tuesday next, but in the circumstances in which we meet no exception can be taken to that proposal. I appreciate the kind remarks of the Leaderof the Government, regarding the honorable member for Henty and myself. </para>
        </talk.start>
        <para>Question resolved in the affirmative. </para>
        <para class="block">DEATH OF MR. W. J. McWILLIAMS. </para>
        <para>
          <inline font-weight="bold">Mr.</inline>SCULLIN  (Yarra- Prime Minister, Minister for External Affairs and Minister for Industry &#91;3.40&#93;. - Since we last assembled in this chamber, death has claimed one of our former colleagues, <inline font-weight="bold">Mr. William</inline> James McWilliams, who died at his home in Hobart on the 22nd October, within a few hours of the declaration of his reelection for the constituency of Franklin. The late <inline font-weight="bold">Mr. McWilliams</inline> was a native of Tasmania, and one of its most loyal sons. The claims of the little island State were put before this Parliament by him earnestly and with considerable ability. He was a zealous and competent advocate of the rights of his State, which will mourn the loss of one who represented it well, as the Commonwealth will mourn the loss of one who rendered conspicuous service in this National Parliament. At the age of 33 he was elected a member of the Tasmanian Parliament and held his seat in the State House for seven years. He was elected a member of the Federal Parliament in 1903 for the division of Franklin, and held the seat for nineteen years, until the general election in 1922. For two years preceding his defeat he was the Leader of the Country party in this House. He was re-elected for the same division at the general election in 1928, and was again returned on the 12th October last. During his public career the late <inline font-weight="bold">Mr. McWilliams</inline> occupied many important and honorable positions. He was a member of the Select Committee appointed in 1910, and of the Royal Commission of the following year, to inquire into Tasmanian Customs leakage. He was also a member of the Pearling Royal Commission in 1913. In 1914 he served on the Royal Commission that inquired into the powellizing of Australian timber and was a member of the Federal Parliamentary Recruiting Committee in 1917-18. The late honorable gentleman was also a member of the Select Committee that inquired into the sea carriage of goods in 1920, and. was a member of the Cockatoo Island Dockyard Royal Commission in 1921. In the discharge of his duties as a member of all these royal commissions and select committees, the late honorable gentleman gave of his best, as indeed he did as a member of this and the Tasmanian Parliament. Honorable members are aware that, he was not robust. Yet,  although he suffered physically, he gave close attention to his public duties. He was a man of very high character and personally was most likeable and gentle in his nature. He was always prepared to find something good even in the most critical moments of public debate. He will be much missed by honorable members. All who were associated with him for so many years will deeply regret the loss of one who was their friend. I am sure that the House will join with me in extending the sincerest sympathy to his widow and the members of his family. I therefore move <inline font-style="italic">(by leave) -</inline></para>
        <quote>
          <para>That this House expresses its deep regret at the death of <inline font-weight="bold">Mr. William</inline> James Mcwilliams, member of the House of Representatives for the Division of Franklin, and places on record its appreciation of his meritorious public service and tenders its profound sympathy to his widow and family in their bereavement. </para>
        </quote>
      </speech>
      <speech>
        <talk.start>
          <talker>
            <page.no>20</page.no>
            <time.stamp />
            <name.id>KZO</name.id>
            <electorate>Kooyong</electorate>
            <party />
            <role />
            <in.gov>0</in.gov>
            <first.speech>0</first.speech>
            <name role="metadata">LATHAM, John</name>
            <name role="display">Mr LATHAM</name>
          </talker>
          <para>.- I second the motion. . On an occasion such as this we all forget our party differences and our personal views and direct our attention to the man and his work. The late <inline font-weight="bold">Mr. Mcwilliams</inline> had grown old in the service df the people. Indeed there are few who have served this country in the State and Federal Parliamentary spheres for so long a period as <inline font-style="italic">27</inline> years. The list of commissions and select committees upon which the late honorable member served, which has been read by the Prime Minister, will indicate to the House how energetic the late <inline font-weight="bold">Mr. Mcwilliams</inline> was as a private member of this and the Tasmanian Parliament. He was as active as any private member could well be. He threw himself into his work with great thoroughness during his long association with this Parliament. We shall miss him very much indeed, and I am sure we all had the most kindly feel ings for him. I join the Prime Minister in thinking that we should express to his widow and members of his family our sincere sympathy with them in the great, loss which they have sustained. </para>
        </talk.start>
      </speech>
      <speech>
        <talk.start>
          <talker>
            <page.no>20</page.no>
            <time.stamp />
            <name.id>C7E</name.id>
            <electorate>Cowper</electorate>
            <party />
            <role />
            <in.gov>0</in.gov>
            <first.speech>0</first.speech>
            <name role="metadata">PAGE, Earle</name>
            <name role="display">Dr EARLE PAGE</name>
          </talker>
          <para>.- The Country Party desires especially to associate itself with the motion submitted by the Prime Minister and seconded by the Leader of the Opposition <inline font-weight="bold">(Mr. Latham).</inline> The late <inline font-weight="bold">Mr. Mcwilliams</inline> was one of the founders of the Country Party in this House. For over a year he was its first leader, and for many years was closely associated with it. The Leader of the Government has spoken of his long period in the public life of this country.  His  ripe experience well fitted him for the discharge of his Parliamentary duties. The late honorable member was extraordinarily well versed in Parliamentary procedure and knowledge, so that his advice was extremely valuable to the Country Party when it came into being in 1919. We sincerely desire to associate ourselves with the motion. </para>
        </talk.start>
        <para>Question resolved in the affirmative, honorable members standing in their places. </para>
        <para>Motion (by <inline font-weight="bold">Mr. Soullin</inline> ) agreed to - </para>
        <quote>
          <para>That <inline font-weight="bold">Mr. Speaker</inline> be requested to transmit to <inline font-weight="bold">Mrs. Mcwilliams</inline> the foregoing resolution, and a copy of the speeches delivered thereon. </para>
        </quote>
      </speech>
      <speech>
        <talk.start>
          <talker>
            <page.no>20</page.no>
            <time.stamp />
            <name.id>KLL</name.id>
            <electorate />
            <party />
            <role />
            <in.gov>0</in.gov>
            <first.speech>0</first.speech>
            <name role="metadata">SPEAKER, Mr</name>
            <name role="display">Mr SPEAKER (Hon Norman Makin</name>
          </talker>
          <para>- I desire to inform the House that T propose to issue a writ on Monday, th* 25th inst., for the election of a member to serve for the electoral division of Franklin, in the State of Tasmania, in the place of the late <inline font-weight="bold">Mr. William</inline> James  Mcwilliams,  deceased. The dates in connexion with the election will be fixed as follows: - Date of issue of writ, Monday, 25th November ; date of nomination, Friday, 6th December; date of polling, Saturday, 14th December; date for the return of the writ, on or before Saturday, 4th January, 1930. </para>
        </talk.start>
        <para>
          <inline font-weight="bold">Mr. SCULLIN</inline>(Yarra- Prime Minister, Minister for External Affairs and Minister for Industry &#91;3.48&#93;. - As a mark of respect to the memory of the late <inline font-weight="bold">Mr. Mcwilliams;</inline> I move - </para>
        <quote>
          <para>That the House do now adjourn. </para>
        </quote>
        <para>Question resolved in the affirmative. </para>
      </speech>
    </debate>
    <adjournment>
      <adjournmentinfo>
        <page.no>20</page.no>
        <time.stamp>15:49:00</time.stamp>
      </adjournmentinfo>
      <para>House adjourned  at  3.49 p.m. </para>
    </adjournment>
  </chamber.xscript>
</hansard>
