<?xml version="1.0" encoding="utf-8"?>
<hansard xsi:noNamespaceSchemaLocation="../../hansard.xsd" version="2.1" xmlns:xsi="http://www.w3.org/2001/XMLSchema-instance">
  <session.header>
    <date>1912-12-21</date>
    <parliament.no>4</parliament.no>
    <session.no>3</session.no>
    <period.no>0</period.no>
    <chamber>SENATE</chamber>
    <page.no>7718</page.no>
    <proof>0</proof>
  </session.header>
  <chamber.xscript>
    <para class="block">Senate. </para>
    <business.start>
      <day.start>1912-12-21</day.start>
      <para>The  President  took the chair at 10.30 a.m., and read prayers. </para>
    </business.start>
    <debate>
      <debateinfo>
        <title>QUESTION</title>
        <page.no>7718</page.no>
        <type>Questions</type>
      </debateinfo>
      <subdebate.1>
        <subdebateinfo>
          <title>OOD NADATT A RAILWAY</title>
          <page.no>7718</page.no>
        </subdebateinfo>
        <speech>
          <talk.start>
            <talker>
              <page.no>7718</page.no>
              <time.stamp />
              <name.id>K7L</name.id>
              <electorate>SOUTH AUSTRALIA</electorate>
              <party />
              <role />
              <in.gov>0</in.gov>
              <first.speech>0</first.speech>
              <name role="metadata">STORY, William</name>
              <name role="display">Senator STORY</name>
            </talker>
            <para>- Will the VicePresident of the Executive Council state what steps have been taken, or if anything has been done, by the Government to give effect to the almost unanimously expressed wish of the Senate that the Oodnadatta railway should be pushed northwards at once? </para>
          </talk.start>
        </speech>
        <speech>
          <talk.start>
            <talker>
              <page.no>7718</page.no>
              <time.stamp />
              <name.id>KTF</name.id>
              <electorate>SOUTH AUSTRALIA</electorate>
              <party>ALP</party>
              <role>Vice-President of the Executive Council</role>
              <in.gov>1</in.gov>
              <first.speech>0</first.speech>
              <name role="metadata">MCGREGOR, Gregor</name>
              <name role="display">Senator MCGREGOR</name>
            </talker>
            <para>- The Government have decided to have an exploratory survey made from Oodnadatta to the Katherine River. </para>
          </talk.start>
        </speech>
      </subdebate.1>
    </debate>
    <debate>
      <debateinfo>
        <title>QUESTION</title>
        <page.no>7718</page.no>
        <type>Questions</type>
      </debateinfo>
      <subdebate.1>
        <subdebateinfo>
          <title>EASTER ENCAMPMENT</title>
          <page.no>7718</page.no>
        </subdebateinfo>
        <speech>
          <talk.start>
            <talker>
              <page.no>7718</page.no>
              <time.stamp />
              <name.id>JZ9</name.id>
              <electorate>TASMANIA</electorate>
              <party />
              <role />
              <in.gov>0</in.gov>
              <first.speech>0</first.speech>
              <name role="metadata">O&#39;KEEFE, David</name>
              <name role="display">Senator O&#39;KEEFE</name>
            </talker>
            <para>- On behalf of <inline font-weight="bold">Senator Ready,</inline> and at his request, I wish to ask the Minister of Defence if he is now in a position to answer the following questions :  - </para>
          </talk.start>
          <list type="decimal-dotted">
            <item label="1.">
              <para>Have the Defence authorities of Tasmania decided to alter the situation of the Annual Easter Encampment from Ross to Perth, Tasmania ? </para>
            </item>
            <item label="2.">
              <para>What reasons actuated the authorities in deciding uponthis alteration? </para>
            </item>
          </list>
        </speech>
        <speech>
          <talk.start>
            <talker>
              <page.no>7718</page.no>
              <time.stamp />
              <name.id>K0F</name.id>
              <electorate>WESTERN AUSTRALIA</electorate>
              <party>ALP</party>
              <role>Minister for Defence</role>
              <in.gov>1</in.gov>
              <first.speech>0</first.speech>
              <name role="metadata">PEARCE, George</name>
              <name role="display">Senator PEARCE</name>
            </talker>
            <para>- The answers are- </para>
          </talk.start>
          <list type="decimal-dotted">
            <item label="1.">
              <para>Yes, except for the Field Artillery, which will camp at Ross and carry out practice in vicinity. </para>
            </item>
            <item label="2.">
              <para>The Commandant states that the Perth district is more suitable for training and manoeuvre, and will also save expense. </para>
            </item>
          </list>
        </speech>
      </subdebate.1>
    </debate>
    <debate>
      <debateinfo>
        <title>PAPERS</title>
        <page.no>7718</page.no>
        <type>papers</type>
      </debateinfo>
      <para>MINISTERS laid upon the table the following papers :  - </para>
      <quote>
        <para>Postmaster-General&#39;s Department - Second Annual Report, being for Year 191 1. </para>
        <para>Audit Act 1901-1909 - </para>
        <para>Transfers dated 20th December, 1912. - </para>
        <para>Regulations amended, &#38;c. (Provisional). </para>
        <para>Statutory Rules 191 2, No. 248. </para>
        <para>Statutory Rules 191 2, No. 249. </para>
        <para>Public Service Act 1902-191 1. - Appointments, Promotions, &#38;c. - </para>
        <para>Department of Home Affairs. - G. E. Healy to be Clerk, Third Class, Clerical Division, Accounts Branch, Central Staff. </para>
        <para>Postmaster-General&#39;s Department - E. G. Terrill to be Accountant, Second Class, Accounts Branch, South Australia. </para>
        <para>Department of the Treasury- -M. J. &#39;Hillary to be Clerk, Fourth Class, Clerical Division, Pensions Branch, South Australia. </para>
        <para>Department of the Treasury - R. M. Cantwell to be Clerk, Fourth Class, Clerical Division, Accountant&#39;s Branch, Central Staff. </para>
        <para>Commonwealth Inscribed Stock Act 1911. - Statement of dealings and transactions during year ended 30th June, 1912. </para>
      </quote>
      <para>Ordered to be printed. </para>
      <para>Defence Act 1903-1912. - Regulations amended, &#38;c- </para>
      <para>Military Forces. - Statutory Rules 1912, No. 237. </para>
      <para>Universal Training - </para>
      <para>Statutory Rules 1912, No. 22a. </para>
      <para>Statutory Rules 1912, No. 238. </para>
      <para>Naval Defence Act 1910-1911. - Regulation  amended, &#38;c. - </para>
      <para>Naval Forces - Financial and Allowance - </para>
      <para>Statutory Rules 1912, No. 239. </para>
      <para>Statutory Rules 1912, No. 240. </para>
      <para>Post and Telegraph Act 1901-1910. - Regulations amended, &#38;c. - </para>
      <para>Statutory Rules 1912, No. 193. </para>
      <para>Statutory Rules 1912, No. 198. </para>
      <para>Statutory Rules 1912, No. 213. </para>
      <para>Statutory Rules 1912, No. 214. </para>
      <para>Statutory Rules 1912, No. 215; </para>
      <para>Statutory Rules 1912, No. 222. </para>
      <para>Wireless Telegraphy Act 1905. - Regula  tion amended.- -Statutory Rules 1912, No. 212. </para>
    </debate>
    <debate>
      <debateinfo>
        <title>QUESTION</title>
        <page.no>7718</page.no>
        <type>Questions</type>
      </debateinfo>
      <subdebate.1>
        <subdebateinfo>
          <title>PRIVATE BUSINESS</title>
          <page.no>7718</page.no>
        </subdebateinfo>
        <speech>
          <talk.start>
            <talker>
              <page.no>7718</page.no>
              <time.stamp />
              <name.id>KLS</name.id>
              <electorate>QUEENSLAND</electorate>
              <party />
              <role />
              <in.gov>0</in.gov>
              <first.speech>0</first.speech>
              <name role="metadata">GIVENS, Thomas</name>
              <name role="display">Senator GIVENS</name>
            </talker>
            <para>- Seeing the large and important amount of private businesson the notice-paper, will the Vice-President&#34; afford to honorable senators an opportunity of getting that business dealt with before the session closes, and endeavour to keep a quorom for them for that purpose? </para>
          </talk.start>
        </speech>
        <speech>
          <talk.start>
            <talker>
              <page.no>7718</page.no>
              <time.stamp />
              <name.id>KTF</name.id>
              <electorate />
              <party>ALP</party>
              <role />
              <in.gov>1</in.gov>
              <first.speech>0</first.speech>
              <name role="metadata">MCGREGOR, Gregor</name>
              <name role="display">Senator McGREGOR</name>
            </talker>
            <para>- We cannot keep a quorum for private senators&#39; business. That lies with themselves. </para>
          </talk.start>
          <interjection>
            <talk.start>
              <talker>
                <page.no>7718</page.no>
                <time.stamp />
                <name.id>KLS</name.id>
                <electorate />
                <party />
                <role />
                <in.gov>0</in.gov>
                <first.speech>0</first.speech>
                <name role="metadata">GIVENS, Thomas</name>
                <name role="display">Senator Givens</name>
              </talker>
              <para>- I asked you to endeavour to keep a quorum. </para>
            </talk.start>
          </interjection>
          <continue>
            <talk.start>
              <talker>
                <page.no>7718</page.no>
                <time.stamp />
                <name.id>KTF</name.id>
                <electorate />
                <party />
                <role />
                <in.gov>0</in.gov>
                <first.speech>0</first.speech>
                <name role="metadata">MCGREGOR, Gregor</name>
                <name role="display">Senator McGREGOR</name>
              </talker>
              <para>- The Government are not bound to keep a quorum, and very often they are not able to do so for themselves. </para>
            </talk.start>
          </continue>
          <interjection>
            <talk.start>
              <talker>
                <page.no>7718</page.no>
                <time.stamp />
                <name.id>KLS</name.id>
                <electorate />
                <party />
                <role />
                <in.gov>0</in.gov>
                <first.speech>0</first.speech>
                <name role="metadata">GIVENS, Thomas</name>
                <name role="display">Senator Givens</name>
              </talker>
              <para>- Private senators have to keep a quorum for you. </para>
            </talk.start>
          </interjection>
          <continue>
            <talk.start>
              <talker>
                <page.no>7719</page.no>
                <time.stamp />
                <name.id>KTF</name.id>
                <electorate />
                <party />
                <role />
                <in.gov>0</in.gov>
                <first.speech>0</first.speech>
                <name role="metadata">MCGREGOR, Gregor</name>
                <name role="display">Senator McGREGOR</name>
              </talker>
              <para>- We must have the numbers to adjourn the Senate, otherwise we shall have to come back on Tuesday next at 3 o&#39;clock. </para>
            </talk.start>
          </continue>
          <interjection>
            <talk.start>
              <talker>
                <page.no>7719</page.no>
                <time.stamp />
                <name.id>KQ4</name.id>
                <electorate />
                <party />
                <role />
                <in.gov>0</in.gov>
                <first.speech>0</first.speech>
                <name role="metadata">MCCOLL, James</name>
                <name role="display">Senator McColl</name>
              </talker>
              <para>-  That does not answer the question. </para>
            </talk.start>
          </interjection>
        </speech>
      </subdebate.1>
    </debate>
    <debate>
      <debateinfo>
        <title>QUESTION</title>
        <page.no>7719</page.no>
        <type>Questions</type>
      </debateinfo>
      <subdebate.1>
        <subdebateinfo>
          <title>NAVAL COLLEGE</title>
          <page.no>7719</page.no>
        </subdebateinfo>
        <speech>
          <talk.start>
            <talker>
              <page.no>7719</page.no>
              <time.stamp />
              <name.id>K6L</name.id>
              <electorate>QUEENSLAND</electorate>
              <party />
              <role />
              <in.gov>0</in.gov>
              <first.speech>0</first.speech>
              <name role="metadata">CHATAWAY, Thomas</name>
              <name role="display">Senator CHATAWAY</name>
            </talker>
            <para>- Can the Minister of Defence tell me what is the standard of examination for the entrance to the Naval College, and if it is a fact that the standard is so high that it is considered almost impossible for a boy to pass unless be has passed a grammar school or equivalent examination ? </para>
          </talk.start>
        </speech>
        <speech>
          <talk.start>
            <talker>
              <page.no>7719</page.no>
              <time.stamp />
              <name.id>K0F</name.id>
              <electorate />
              <party>ALP</party>
              <role />
              <in.gov>1</in.gov>
              <first.speech>0</first.speech>
              <name role="metadata">PEARCE, George</name>
              <name role="display">Senator PEARCE</name>
            </talker>
            <para>- The standard of examination was fixed after consultation with the Directors of Education in several of the States, and it was intimated to them that I desired a standard which would give lads who were being educated at State schools an opportunity of successfully competing in the examination. There have been twenty-eight successful candidates out of a total number of 165, and of the successful candidates eighteen received their education at State schools, and ten at private schools. </para>
          </talk.start>
        </speech>
      </subdebate.1>
    </debate>
    <debate>
      <debateinfo>
        <title>QUESTION</title>
        <page.no>7719</page.no>
        <type>Questions</type>
      </debateinfo>
      <subdebate.1>
        <subdebateinfo>
          <title>SCHOOL OF GUNNERY</title>
          <page.no>7719</page.no>
        </subdebateinfo>
        <speech>
          <talk.start>
            <talker>
              <page.no>7719</page.no>
              <time.stamp />
              <name.id>KTD</name.id>
              <electorate>NEW SOUTH WALES</electorate>
              <party />
              <role />
              <in.gov>0</in.gov>
              <first.speech>0</first.speech>
              <name role="metadata">MCDOUGALL, Allan</name>
              <name role="display">Senator McDOUGALL</name>
            </talker>
            <para>- I desire to now ask the Minister of Defence if the subjects set down in the syllabus of the School of Gunnery for officers - </para>
          </talk.start>
          <list type="decimal">
            <item label="(1)">
              <para>Post defence exercise, (2} Practice and criticism of practice reports, </para>
            </item>
            <item label="(3)">
              <para>Range firing,  are open for non-commissioned officers, and if so, have any non-commissioned officers sat for the whole course in the syllabus, and with what result ? </para>
            </item>
          </list>
        </speech>
        <speech>
          <talk.start>
            <talker>
              <page.no>7719</page.no>
              <time.stamp />
              <name.id>K0F</name.id>
              <electorate />
              <party>ALP</party>
              <role />
              <in.gov>1</in.gov>
              <first.speech>0</first.speech>
              <name role="metadata">PEARCE, George</name>
              <name role="display">Senator PEARCE</name>
            </talker>
            <para>- I do not think that the honorable senator quite anticipated an answer to his inquiry this morning. </para>
          </talk.start>
          <interjection>
            <talk.start>
              <talker>
                <page.no>7719</page.no>
                <time.stamp />
                <name.id>KTD</name.id>
                <electorate />
                <party />
                <role />
                <in.gov>0</in.gov>
                <first.speech>0</first.speech>
                <name role="metadata">MCDOUGALL, Allan</name>
                <name role="display">Senator McDougall</name>
              </talker>
              <para>-  An answer at some other time will do. </para>
            </talk.start>
          </interjection>
          <continue>
            <talk.start>
              <talker>
                <page.no>7719</page.no>
                <time.stamp />
                <name.id>K0F</name.id>
                <electorate />
                <party />
                <role />
                <in.gov>0</in.gov>
                <first.speech>0</first.speech>
                <name role="metadata">PEARCE, George</name>
                <name role="display">Senator PEARCE</name>
              </talker>
              <para>- I ask the honorable senator to give notice of the question for the next day of sitting, and I will see that an answer is forwarded to him. </para>
            </talk.start>
          </continue>
        </speech>
      </subdebate.1>
    </debate>
    <debate>
      <debateinfo>
        <title>SPECIAL ADJOURNMENT</title>
        <page.no>7719</page.no>
        <type>special adjournment</type>
      </debateinfo>
      <para>Motion (by <inline font-weight="bold">Senator McGregor)</inline> agreed to- </para>
      <quote>
        <para>That the Senate, at its rising, adjourn till Wednesday, 15th January, 1913. </para>
      </quote>
    </debate>
    <debate>
      <debateinfo>
        <title>QUESTION</title>
        <page.no>7719</page.no>
        <type>Questions</type>
      </debateinfo>
      <subdebate.1>
        <subdebateinfo>
          <title>GENERAL ELECTION</title>
          <page.no>7719</page.no>
        </subdebateinfo>
        <speech>
          <talk.start>
            <talker>
              <page.no>7719</page.no>
              <time.stamp />
              <name.id>KUL</name.id>
              <electorate>NEW SOUTH WALES</electorate>
              <party />
              <role />
              <in.gov>0</in.gov>
              <first.speech>0</first.speech>
              <name role="metadata">MILLEN, Edward</name>
              <name role="display">Senator MILLEN</name>
            </talker>
            <para>- I wish to ask the Vice-President of the Executive Council a question of, perhaps, more than passing interest to most senators, and that is whether a date has yet been fixed for the next general election. </para>
          </talk.start>
        </speech>
        <speech>
          <talk.start>
            <talker>
              <page.no>7719</page.no>
              <time.stamp />
              <name.id>KTF</name.id>
              <electorate />
              <party>ALP</party>
              <role />
              <in.gov>1</in.gov>
              <first.speech>0</first.speech>
              <name role="metadata">MCGREGOR, Gregor</name>
              <name role="display">Senator McGREGOR</name>
            </talker>
            <para>- I cannot state the date, as I do not know. </para>
          </talk.start>
        </speech>
      </subdebate.1>
    </debate>
    <debate>
      <debateinfo>
        <title>QUEENSLAND: NEW STATES</title>
        <page.no>7719</page.no>
        <type>miscellaneous</type>
      </debateinfo>
      <para>The  PRESIDENT  reported the receipt of a message from the House of Representatives asking the concurrence of the Senate in the following resolution :  - </para>
      <quote>
        <para>That this House, with the consent of the Parliament of Queensland-, and in accordance with Chapter VI. of the Commonwealth Constitution, is prepared to form two new States out of the territory now known as Northern and Central Queensland. </para>
      </quote>
      <speech>
        <talk.start>
          <talker>
            <page.no>7719</page.no>
            <time.stamp />
            <name.id>KTF</name.id>
            <electorate>South Australia</electorate>
            <party>ALP</party>
            <role>Vice-President of the Executive Council</role>
            <in.gov>1</in.gov>
            <first.speech>0</first.speech>
            <name role="metadata">MCGREGOR, Gregor</name>
            <name role="display">Senator McGREGOR</name>
          </talker>
          <para>. - As no one seems to have been asked to take charge of this resolution I, by leave of the Senate, move - </para>
        </talk.start>
        <quote>
          <para>That the message be taken into consideration on the next day of sitting. </para>
        </quote>
      </speech>
      <speech>
        <talk.start>
          <talker>
            <page.no>7719</page.no>
            <time.stamp />
            <name.id>KLS</name.id>
            <electorate>Queensland</electorate>
            <party />
            <role />
            <in.gov>0</in.gov>
            <first.speech>0</first.speech>
            <name role="metadata">GIVENS, Thomas</name>
            <name role="display">Senator GIVENS</name>
          </talker>
          <para>. - Everybody anticipates from the action of the Government that we are not to be allowed much opportunity to deal with private business. </para>
        </talk.start>
        <interjection>
          <talk.start>
            <talker>
              <page.no>7719</page.no>
              <time.stamp />
              <name.id>KTF</name.id>
              <electorate />
              <party />
              <role />
              <in.gov>0</in.gov>
              <first.speech>0</first.speech>
              <name role="metadata">MCGREGOR, Gregor</name>
              <name role="display">Senator McGregor</name>
            </talker>
            <para>-  Why was not an arrangement made with an honorable senator to look after this business? </para>
          </talk.start>
        </interjection>
        <continue>
          <talk.start>
            <talker>
              <page.no>7719</page.no>
              <time.stamp />
              <name.id>KLS</name.id>
              <electorate />
              <party />
              <role />
              <in.gov>0</in.gov>
              <first.speech>0</first.speech>
              <name role="metadata">GIVENS, Thomas</name>
              <name role="display">Senator GIVENS</name>
            </talker>
            <para>- I do not know anything about the matter; I was waiting to see if somebody had been asked to take charge of the resolution. When it devolved upon the Minister to deal with other private business from the House of Representatives he did not want to postpone the consideration of the message until next day, but proposed to consider it on that day. We have not such a lot to do that we might not proceed to deal with this very important question now. </para>
          </talk.start>
        </continue>
        <interjection>
          <talk.start>
            <talker>
              <page.no>7719</page.no>
              <time.stamp />
              <name.id>KUL</name.id>
              <electorate />
              <party />
              <role />
              <in.gov>0</in.gov>
              <first.speech>0</first.speech>
              <name role="metadata">MILLEN, Edward</name>
              <name role="display">Senator Millen</name>
            </talker>
            <para>-  Look at the business on the notice-paper. </para>
          </talk.start>
        </interjection>
        <continue>
          <talk.start>
            <talker>
              <page.no>7719</page.no>
              <time.stamp />
              <name.id>KLS</name.id>
              <electorate />
              <party />
              <role />
              <in.gov>0</in.gov>
              <first.speech>0</first.speech>
              <name role="metadata">GIVENS, Thomas</name>
              <name role="display">Senator GIVENS</name>
            </talker>
            <para>- This resolution particularly concerns the State I represent, and I am anxious to see it dealt with. I intend to move an amendment. , </para>
          </talk.start>
        </continue>
        <interjection>
          <talk.start>
            <talker>
              <page.no>7719</page.no>
              <time.stamp />
              <name.id>KTF</name.id>
              <electorate />
              <party />
              <role />
              <in.gov>0</in.gov>
              <first.speech>0</first.speech>
              <name role="metadata">MCGREGOR, Gregor</name>
              <name role="display">Senator McGregor</name>
            </talker>
            <para>-  If <inline font-weight="bold">Senator Givens</inline> desires to take up the question, I withdraw. </para>
          </talk.start>
        </interjection>
        <interjection>
          <talk.start>
            <talker>
              <page.no>7719</page.no>
              <time.stamp />
              <name.id>KUL</name.id>
              <electorate />
              <party />
              <role />
              <in.gov>0</in.gov>
              <first.speech>0</first.speech>
              <name role="metadata">MILLEN, Edward</name>
              <name role="display">Senator Millen</name>
            </talker>
            <para>-  I object to your withdrawal. </para>
          </talk.start>
        </interjection>
        <continue>
          <talk.start>
            <talker>
              <page.no>7720</page.no>
              <time.stamp />
              <name.id>KLS</name.id>
              <electorate />
              <party />
              <role />
              <in.gov>0</in.gov>
              <first.speech>0</first.speech>
              <name role="metadata">GIVENS, Thomas</name>
              <name role="display">Senator GIVENS</name>
            </talker>
            <para>- I move- </para>
          </talk.start>
        </continue>
        <quote>
          <para>That all the words after the word &#34; consideration &#34; be left out with a view to insert in lieu thereof the word  &#34; forthwith.&#34; </para>
        </quote>
      </speech>
      <speech>
        <talk.start>
          <talker>
            <page.no>7720</page.no>
            <time.stamp />
            <name.id>10000</name.id>
            <electorate />
            <party />
            <role />
            <in.gov>0</in.gov>
            <first.speech>0</first.speech>
            <name role="metadata">PRESIDENT, The</name>
            <name role="display">The PRESIDENT</name>
          </talker>
          <para>- I cannot accept the amendment of <inline font-weight="bold">Senator Givens</inline> unless he gets leave because the Standing Orders forbid a message being dealt with forthwith. Its consideration must be set down for a future time unless the honorable senator obtains leave. </para>
        </talk.start>
        <continue>
          <talk.start>
            <talker>
              <page.no>7720</page.no>
              <time.stamp />
              <name.id>KLS</name.id>
              <electorate />
              <party />
              <role />
              <in.gov>0</in.gov>
              <first.speech>0</first.speech>
              <name role="metadata">GIVENS, Thomas</name>
              <name role="display">Senator GIVENS</name>
            </talker>
            <para>- I ask the VicePresident of the Executive Council to do me the favour of moving the suspension of the Standing Orders, as he did in a similar case last night. </para>
          </talk.start>
        </continue>
        <interjection>
          <talk.start>
            <talker>
              <page.no>7720</page.no>
              <time.stamp />
              <name.id>KTF</name.id>
              <electorate />
              <party />
              <role />
              <in.gov>0</in.gov>
              <first.speech>0</first.speech>
              <name role="metadata">MCGREGOR, Gregor</name>
              <name role="display">Senator McGregor</name>
            </talker>
            <para>-i cannot withdraw my motion. </para>
          </talk.start>
        </interjection>
      </speech>
      <speech>
        <talk.start>
          <talker>
            <page.no>7720</page.no>
            <time.stamp />
            <name.id>K7D</name.id>
            <electorate>Queensland</electorate>
            <party />
            <role />
            <in.gov>0</in.gov>
            <first.speech>0</first.speech>
            <name role="metadata">STEWART, James</name>
            <name role="display">Senator STEWART</name>
          </talker>
          <para>. - I am in the position, sir, of proceeding to address you on a question which is apparently before the Senate, but, as to which question it is, both <inline font-weight="bold">Senator Buzacott</inline> and myself are in entire ignorance. The reason for that is that Ministers have got into the habit of speaking in such a low tone that honorable senators at this end of the chamber cannot hear them. </para>
        </talk.start>
        <interjection>
          <talk.start>
            <talker>
              <page.no>7720</page.no>
              <time.stamp />
              <name.id>K0F</name.id>
              <electorate />
              <party />
              <role />
              <in.gov>0</in.gov>
              <first.speech>0</first.speech>
              <name role="metadata">PEARCE, George</name>
              <name role="display">Senator Pearce</name>
            </talker>
            <para>-  We waited four seconds to see if any honorable senator would rise, but no one did. </para>
          </talk.start>
        </interjection>
        <continue>
          <talk.start>
            <talker>
              <page.no>7720</page.no>
              <time.stamp />
              <name.id>K7D</name.id>
              <electorate />
              <party />
              <role />
              <in.gov>0</in.gov>
              <first.speech>0</first.speech>
              <name role="metadata">STEWART, James</name>
              <name role="display">Senator STEWART</name>
            </talker>
            <para>- I was under the impression that, perhaps, I was a little below normal, so far as hearing is concerned, but when I discovered that <inline font-weight="bold">Senator Buzacott</inline> was in a similar position I began to think about things. I hope that Ministers will be kind enough to raise their voices just a little. I know that each of them has something of a voice when he likes to use it. If they do not use their voices, so that I can hear them I shall be under the painful necessity of finding out in some way or other, what the business of the Chamber is, what papers are presented, and what is being done. This whispering to you, sir, and across the chamber is most deplorable. It ought not to be carried on in a place where national business is transacted, and Ministers have no excuse, because this is a very small chamber, and any man with a very ordinary voice can make himself heard. I trust that Ministers will consider the convenience of, honorable senators, and try to make themselves heard. </para>
          </talk.start>
        </continue>
        <continue>
          <talk.start>
            <talker>
              <page.no>7720</page.no>
              <time.stamp />
              <name.id>10000</name.id>
              <electorate />
              <party />
              <role />
              <in.gov>0</in.gov>
              <first.speech>0</first.speech>
              <name role="metadata">PRESIDENT, The</name>
              <name role="display">The PRESIDENT</name>
            </talker>
            <para>- It was I who read the message, and I think that my voice can be heard at the other end of the chamber. </para>
          </talk.start>
        </continue>
        <continue>
          <talk.start>
            <talker>
              <page.no>7720</page.no>
              <time.stamp />
              <name.id>K7D</name.id>
              <electorate />
              <party />
              <role />
              <in.gov>0</in.gov>
              <first.speech>0</first.speech>
              <name role="metadata">STEWART, James</name>
              <name role="display">Senator STEWART</name>
            </talker>
            <para>- Well, I did not hear the message. </para>
          </talk.start>
        </continue>
        <continue>
          <talk.start>
            <talker>
              <page.no>7720</page.no>
              <time.stamp />
              <name.id>10000</name.id>
              <electorate />
              <party />
              <role />
              <in.gov>0</in.gov>
              <first.speech>0</first.speech>
              <name role="metadata">PRESIDENT, The</name>
              <name role="display">The PRESIDENT</name>
            </talker>
            <para>- The Minister moved that the message be taken into consideration on the next day of sitting. </para>
          </talk.start>
        </continue>
      </speech>
      <speech>
        <talk.start>
          <talker>
            <page.no>7720</page.no>
            <time.stamp />
            <name.id>K0F</name.id>
            <electorate>Western AustraliaMinister of Defence</electorate>
            <party>ALP</party>
            <role />
            <in.gov>1</in.gov>
            <first.speech>0</first.speech>
            <name role="metadata">PEARCE, George</name>
            <name role="display">Senator PEARCE</name>
          </talker>
          <para>. - <inline font-weight="bold">Senator Stewart</inline> has got into a humour which is rather incongruous at this season of the year. On any pretext whatever he proceeds to berate the Government. </para>
        </talk.start>
        <interjection>
          <talk.start>
            <talker>
              <page.no>7720</page.no>
              <time.stamp />
              <name.id>K7D</name.id>
              <electorate />
              <party />
              <role />
              <in.gov>0</in.gov>
              <first.speech>0</first.speech>
              <name role="metadata">STEWART, James</name>
              <name role="display">Senator Stewart</name>
            </talker>
            <para>-  Why do you not speak out? </para>
          </talk.start>
        </interjection>
        <continue>
          <talk.start>
            <talker>
              <page.no>7720</page.no>
              <time.stamp />
              <name.id>K0F</name.id>
              <electorate />
              <party />
              <role />
              <in.gov>0</in.gov>
              <first.speech>0</first.speech>
              <name role="metadata">PEARCE, George</name>
              <name role="display">Senator PEARCE</name>
            </talker>
            <para>- The honorable senator has been long enough in Parliament to know that it is not the duty of the Government to watch over private business. </para>
          </talk.start>
        </continue>
        <interjection>
          <talk.start>
            <talker>
              <page.no>7720</page.no>
              <time.stamp />
              <name.id>K7D</name.id>
              <electorate />
              <party />
              <role />
              <in.gov>0</in.gov>
              <first.speech>0</first.speech>
              <name role="metadata">STEWART, James</name>
              <name role="display">Senator Stewart</name>
            </talker>
            <para>-  I am not talking about private business. That is what you do with public business. </para>
          </talk.start>
        </interjection>
        <continue>
          <talk.start>
            <talker>
              <page.no>7720</page.no>
              <time.stamp />
              <name.id>K0F</name.id>
              <electorate />
              <party />
              <role />
              <in.gov>0</in.gov>
              <first.speech>0</first.speech>
              <name role="metadata">PEARCE, George</name>
              <name role="display">Senator PEARCE</name>
            </talker>
            <para>- The honorable senatorhas had his say, and I think that he might give the Government, in addition to belabouring them on occasions, an opportunity of saying something in reply, and even stop to listen to them. It is the usual practice for a member carrying private business in one House to arrange with some member of the other House to take charge of it there. </para>
          </talk.start>
        </continue>
        <interjection>
          <talk.start>
            <talker>
              <page.no>7720</page.no>
              <time.stamp />
              <name.id>KLS</name.id>
              <electorate />
              <party />
              <role />
              <in.gov>0</in.gov>
              <first.speech>0</first.speech>
              <name role="metadata">GIVENS, Thomas</name>
              <name role="display">Senator Givens</name>
            </talker>
            <para>-  Why was not that done last night? </para>
          </talk.start>
        </interjection>
        <interjection>
          <talk.start>
            <talker>
              <page.no>7720</page.no>
              <time.stamp />
              <name.id>KTF</name.id>
              <electorate />
              <party />
              <role />
              <in.gov>0</in.gov>
              <first.speech>0</first.speech>
              <name role="metadata">MCGREGOR, Gregor</name>
              <name role="display">Senator McGregor</name>
            </talker>
            <para>-  It was done. </para>
          </talk.start>
        </interjection>
        <interjection>
          <talk.start>
            <talker>
              <page.no>7720</page.no>
              <time.stamp />
              <name.id>KLS</name.id>
              <electorate />
              <party />
              <role />
              <in.gov>0</in.gov>
              <first.speech>0</first.speech>
              <name role="metadata">GIVENS, Thomas</name>
              <name role="display">Senator Givens</name>
            </talker>
            <para>-  It was not. <inline font-weight="bold">Senator McGregor</inline> took charge of <inline font-weight="bold">Senator Walker&#39;s</inline> private business. </para>
          </talk.start>
        </interjection>
        <continue>
          <talk.start>
            <talker>
              <page.no>7720</page.no>
              <time.stamp />
              <name.id>K0F</name.id>
              <electorate />
              <party />
              <role />
              <in.gov>0</in.gov>
              <first.speech>0</first.speech>
              <name role="metadata">PEARCE, George</name>
              <name role="display">Senator PEARCE</name>
            </talker>
            <para>- I am afraid that <inline font-weight="bold">Senator Givens</inline> is also suffering from some hallucination. </para>
          </talk.start>
        </continue>
        <interjection>
          <talk.start>
            <talker>
              <page.no>7720</page.no>
              <time.stamp />
              <name.id>KLS</name.id>
              <electorate />
              <party />
              <role />
              <in.gov>0</in.gov>
              <first.speech>0</first.speech>
              <name role="metadata">GIVENS, Thomas</name>
              <name role="display">Senator Givens</name>
            </talker>
            <para>-  No; the record will show that what I say is correct. </para>
          </talk.start>
        </interjection>
        <continue>
          <talk.start>
            <talker>
              <page.no>7720</page.no>
              <time.stamp />
              <name.id>K0F</name.id>
              <electorate />
              <party />
              <role />
              <in.gov>0</in.gov>
              <first.speech>0</first.speech>
              <name role="metadata">PEARCE, George</name>
              <name role="display">Senator PEARCE</name>
            </talker>
            <para>- The records will show that the motion to make the business referred to an order for a later hour of the day was moved by <inline font-weight="bold">Senator Walker.</inline></para>
          </talk.start>
        </continue>
        <interjection>
          <talk.start>
            <talker>
              <page.no>7720</page.no>
              <time.stamp />
              <name.id>KLS</name.id>
              <electorate />
              <party />
              <role />
              <in.gov>0</in.gov>
              <first.speech>0</first.speech>
              <name role="metadata">GIVENS, Thomas</name>
              <name role="display">Senator Givens</name>
            </talker>
            <para>-  It was not ; and if that appears in <inline font-style="italic">Hansard, Hansard</inline> must have been faked. </para>
          </talk.start>
        </interjection>
        <continue>
          <talk.start>
            <talker>
              <page.no>7720</page.no>
              <time.stamp />
              <name.id>K0F</name.id>
              <electorate />
              <party />
              <role />
              <in.gov>0</in.gov>
              <first.speech>0</first.speech>
              <name role="metadata">PEARCE, George</name>
              <name role="display">Senator PEARCE</name>
            </talker>
            <para>- <inline font-weight="bold">Senator Stewart</inline> has been long enough in Parliament to know the practice to which I have referred. The honorable member who moved this motion in another place with respect to the division of Queensland into two States apparently did not arrange with any honorable senator to take charge of the motion in the Senate, nor did he communicate with the Government on the subject. When the  President  read out the message, as he did in his usual tone of voice, it must have been distinctly audible in every part of the chamber. I naturally looked to Senators Stewart and Givens to see if they were going to take any action. After a pause of some seconds, and in order that the message might be dealt with, I suggested to the Vice-President of the Executive Council that he should take the action he did. There was only one course which he could take, and that was to move that the message be taken into consideration on the next day of sitting. <inline font-weight="bold">Senator Givens</inline> displays an anxiety to belabour the Government on any pretext, whether there is any foundation for his complaint or not. </para>
          </talk.start>
        </continue>
        <interjection>
          <talk.start>
            <talker>
              <page.no>7721</page.no>
              <time.stamp />
              <name.id>KLS</name.id>
              <electorate />
              <party />
              <role />
              <in.gov>0</in.gov>
              <first.speech>0</first.speech>
              <name role="metadata">GIVENS, Thomas</name>
              <name role="display">Senator Givens</name>
            </talker>
            <para>-  Why was not <inline font-weight="bold">Senator Walker</inline> allowed to deal with the message concerning his Bill? </para>
          </talk.start>
        </interjection>
        <continue>
          <talk.start>
            <talker>
              <page.no>7721</page.no>
              <time.stamp />
              <name.id>K0F</name.id>
              <electorate />
              <party />
              <role />
              <in.gov>0</in.gov>
              <first.speech>0</first.speech>
              <name role="metadata">PEARCE, George</name>
              <name role="display">Senator PEARCE</name>
            </talker>
            <para>- The honorable senator is mistaken in that matter. </para>
          </talk.start>
        </continue>
        <interjection>
          <talk.start>
            <talker>
              <page.no>7721</page.no>
              <time.stamp />
              <name.id>KLS</name.id>
              <electorate />
              <party />
              <role />
              <in.gov>0</in.gov>
              <first.speech>0</first.speech>
              <name role="metadata">GIVENS, Thomas</name>
              <name role="display">Senator Givens</name>
            </talker>
            <para>-  I challenge <inline font-weight="bold">Senator Walker</inline> to deny the statement that I have made. </para>
          </talk.start>
        </interjection>
        <continue>
          <talk.start>
            <talker>
              <page.no>7721</page.no>
              <time.stamp />
              <name.id>10000</name.id>
              <electorate />
              <party />
              <role />
              <in.gov>0</in.gov>
              <first.speech>0</first.speech>
              <name role="metadata">PRESIDENT, The</name>
              <name role="display">The PRESIDENT</name>
            </talker>
            <para>- I ask <inline font-weight="bold">Senator Givens</inline> to keep order. The matter to which he is referring is not under consideration at the present time. </para>
          </talk.start>
        </continue>
        <continue>
          <talk.start>
            <talker>
              <page.no>7721</page.no>
              <time.stamp />
              <name.id>K0F</name.id>
              <electorate />
              <party />
              <role />
              <in.gov>0</in.gov>
              <first.speech>0</first.speech>
              <name role="metadata">PEARCE, George</name>
              <name role="display">Senator PEARCE</name>
            </talker>
            <para>- I would ask <inline font-weight="bold">Senator Stewart</inline> before he rises to belabour the Government on every question to make sure that he is not himself to blame. If he had been attending to the business of the Senate, he could not have failed to hear the message when it was read by the  President,  and as he took no action he is as much to blame as any one else in the matter. The Vice-President of the Executive Council asked for leave to move the motion he did, and that indicated that he had no authority to take charge of this business. </para>
          </talk.start>
        </continue>
        <interjection>
          <talk.start>
            <talker>
              <page.no>7721</page.no>
              <time.stamp />
              <name.id>K7D</name.id>
              <electorate />
              <party />
              <role />
              <in.gov>0</in.gov>
              <first.speech>0</first.speech>
              <name role="metadata">STEWART, James</name>
              <name role="display">Senator Stewart</name>
            </talker>
            <para>-  I did not hear the message or the statement of the VicePresident of the Executive Council. I think I must change my seat for one nearer Ministers. </para>
          </talk.start>
        </interjection>
        <continue>
          <talk.start>
            <talker>
              <page.no>7721</page.no>
              <time.stamp />
              <name.id>K0F</name.id>
              <electorate />
              <party />
              <role />
              <in.gov>0</in.gov>
              <first.speech>0</first.speech>
              <name role="metadata">PEARCE, George</name>
              <name role="display">Senator PEARCE</name>
            </talker>
            <para>- It might be well if the honorable senator did. so. Many of his misunderstandings appear to arise from the fact that he takes such a distant view of the action of the Government that he has got out of sympathy with them. </para>
          </talk.start>
        </continue>
      </speech>
      <speech>
        <talk.start>
          <talker>
            <page.no>7721</page.no>
            <time.stamp />
            <name.id>KUL</name.id>
            <electorate>New South Wales</electorate>
            <party />
            <role />
            <in.gov>0</in.gov>
            <first.speech>0</first.speech>
            <name role="metadata">MILLEN, Edward</name>
            <name role="display">Senator MILLEN</name>
          </talker>
          <para>. - I have a word or two to say on the motion. Our Standing Orders make special provision in these matters so that ample notice may be given, of all business to be discussed in the Senate. <inline font-weight="bold">Senator</inline></para>
        </talk.start>
        <para class="block">Givens has himself, and quite recently, protested against what he described as the &#34; sneaking in &#34; of business. It was to prevent that practice that our Standing Orders have been so framed,; but the honorable senator is to-day lending his patronage to the process of &#34;sneaking in&#34; which he so much reprobates when applied to other business. I hold the opinion that themessage before us ought not to be considered to-day, or at any time, first of all because the motion didnot obtain a majority in another place. It was carried only because there was not a quorum of honorable members available, and if a division had been called for the proceedingsof thatChamber would have been brought to a close. Then I say that honorable senators are not prepared to discuss the big problem raised by this message. I certainly decline to consider it until I have been given: some opportunity to make myself seized of the facts which should determine one&#39;s judgment on so important a matter. </para>
      </speech>
      <speech>
        <talk.start>
          <talker>
            <page.no>7721</page.no>
            <time.stamp />
            <name.id>KTF</name.id>
            <electorate>South Australia</electorate>
            <party>ALP</party>
            <role>Vice-President of the Executive Council</role>
            <in.gov>1</in.gov>
            <first.speech>0</first.speech>
            <name role="metadata">MCGREGOR, Gregor</name>
            <name role="display">Senator McGREGOR</name>
          </talker>
          <para>. - Ifno other honorable senator has any further remarks to offer on the motion I should like to say a word. I am told that my voice is failing, I can scarcely believe it. I think that the difficulty is that <inline font-weight="bold">Senator Stewart</inline> is getting too old. Consequentlyhis hearing is bad, or else he has lethis hair grow too long. For any of these things I am not accountable. When the message was read, I had no intimation as to the course of action I should take.I interfered out of deference to the mover in another place, who is a particular friend of mine. I waited to see whether any honorable senator from Queensland would take the question up. It will be&#34; recollected also that when I rose, I asked leave of the House to submit my motion, because I had no right to move such a motion without leave. Then when Senators Givens and Stewart rose in their wrath, I asked leave to withdraw the motion in order that the business might be transferred tothem. But the Leader of the Opposition saw fit to object to that, as he had a perfect right to do. </para>
        </talk.start>
        <interjection>
          <talk.start>
            <talker>
              <page.no>7721</page.no>
              <time.stamp />
              <name.id>KNB</name.id>
              <electorate />
              <party />
              <role />
              <in.gov>0</in.gov>
              <first.speech>0</first.speech>
              <name role="metadata">GUTHRIE, Robert</name>
              <name role="display">Senator Guthrie</name>
            </talker>
            <para>-  To support the Government. </para>
          </talk.start>
        </interjection>
        <continue>
          <talk.start>
            <talker>
              <page.no>7721</page.no>
              <time.stamp />
              <name.id>KTF</name.id>
              <electorate />
              <party />
              <role />
              <in.gov>0</in.gov>
              <first.speech>0</first.speech>
              <name role="metadata">MCGREGOR, Gregor</name>
              <name role="display">Senator McGREGOR</name>
            </talker>
            <para>- I do not think the honorable senator would like me to praise the actionof the Government. I took, the action in good faith, because no one else seemed to be willing to take charge of the matter. I should be prepared to withdraw my motion now, if the Leader of the Opposition will permit me to do so, and let <inline font-weight="bold">Senator Givens, Senator Stewart, Senator Chataway, Senator St.</inline> Ledger, or any other member of the Senate take the matter up. It has nothing to do with me. I should like, sir, to ask what will happen if my motion is negatived. </para>
          </talk.start>
        </continue>
        <continue>
          <talk.start>
            <talker>
              <page.no>7722</page.no>
              <time.stamp />
              <name.id>10000</name.id>
              <electorate />
              <party />
              <role />
              <in.gov>0</in.gov>
              <first.speech>0</first.speech>
              <name role="metadata">PRESIDENT, The</name>
              <name role="display">The PRESIDENT</name>
            </talker>
            <para>- If the motion is negatived, the business will lapse. The Standing Orders distinctly provide that the Senate shall fix a future time for the consideration of a message. </para>
          </talk.start>
        </continue>
        <continue>
          <talk.start>
            <talker>
              <page.no>7722</page.no>
              <time.stamp />
              <name.id>KTF</name.id>
              <electorate />
              <party />
              <role />
              <in.gov>0</in.gov>
              <first.speech>0</first.speech>
              <name role="metadata">MCGREGOR, Gregor</name>
              <name role="display">Senator McGREGOR</name>
            </talker>
            <para>- I do not think that the end of the world will come any sooner if the motion is negatived. Although&#34; I shall vote for the motion, because I have moved it, I shall not be offended if no other member of the Senate votes for it. I have done my best in the matter. </para>
          </talk.start>
        </continue>
        <para>Question resolved in the negative. </para>
      </speech>
    </debate>
    <debate>
      <debateinfo>
        <title>QUESTION</title>
        <page.no>7722</page.no>
        <type>Questions</type>
      </debateinfo>
      <subdebate.1>
        <subdebateinfo>
          <title>CITIZEN FORCES</title>
          <page.no>7722</page.no>
        </subdebateinfo>
        <para>Debate resumed from 5th December <inline font-style="italic">(vide</inline> page 6453), on motion by <inline font-weight="bold">Senator McDougall</inline> - </para>
        <quote>
          <para class="block">That, in the opinion of the Senate - </para>
          <list type="decimal">
            <item label="(1)">
              <para>As a matter of national policy, the Australian Citizen Army shall be entirely Australian, administered, trained, and -led by officers raised from the ranks of the Forces. </para>
            </item>
            <item label="(2)">
              <para>An Imperial officer (of General rank) may be engaged to act as Inspector-General, but it shall be no part of his duty to suggest any departure from the national policy of Defence. </para>
            </item>
          </list>
        </quote>
        <speech>
          <talk.start>
            <talker>
              <page.no>7722</page.no>
              <time.stamp />
              <name.id>KLS</name.id>
              <electorate>Queensland</electorate>
              <party />
              <role />
              <in.gov>0</in.gov>
              <first.speech>0</first.speech>
              <name role="metadata">GIVENS, Thomas</name>
              <name role="display">Senator GIVENS</name>
            </talker>
            <para>. - This is a most important motion, dealing, as it does, not only with our national defence, but with the question of the influence of national sentiment, and national feeling in regard to it. I am informed, and believe it is true, that <inline font-weight="bold">Senator McDougall</inline> himself belonged to the Citizen Army of Australia at one time, and occupied a high and honorable position in it. It is, I understand, only because of the honorable senator&#39;s modesty that he is not addressed as the &#34; honorable and gallant <inline font-weight="bold">Senator Major McDougall.&#34;</inline> The fact that he takes a very great interest in the Defence Forces has been shown by the speeches and questions he has addressed to the Senate on the subject. It is evident from this motion that he is keenly interested in the encouragement &#34;of national feeling and sentiment amongst our citizen soldiers. The Australian Citizen Army cannot be Australian and national &#39;un less it is entirely Australian. The honorable senator says that it should be administered, trained, and led by officers raised from its ranks. It cannot be a purely Australian Army if the officers are not also Australian. I ask whether it is not desirable that our Citizen Forces should be officered by men culled from the ranks who have shown special capacity. There is no man in Australia who will deny that -we have here sufficient talent to raise officers for our own Army. It is most desirable that our citizen soldiers should feel as the soldier of the French army felt in the days of Napoleon, namely, that he had a marshal&#39;s baton in his knapsack. That is the way to foster, not only a national spirit, but that <inline font-style="italic">esprit de corps</inline> that will redound to the credit of our young Army, and make for its efficiency. Some people have the idea that a military officer to be efficient must have been born with a silver spoon in his mouth. In great Britain, in order that the Army may be kept in the hands of the titled, wealthy, and aristocratic classes, matters are so arranged that it is impossible for a young man to be an officer and live on his pay. I am assured that, in some regiments, he must have a private income of about <inline font-style="italic">&#163;600</inline> a year. </para>
          </talk.start>
          <interjection>
            <talk.start>
              <talker>
                <page.no>7722</page.no>
                <time.stamp />
                <name.id>K0F</name.id>
                <electorate />
                <party />
                <role />
                <in.gov>0</in.gov>
                <first.speech>0</first.speech>
                <name role="metadata">PEARCE, George</name>
                <name role="display">Senator Pearce</name>
              </talker>
              <para>-  I am told that, in some regiments, officers can live on their pay. </para>
            </talk.start>
          </interjection>
          <continue>
            <talk.start>
              <talker>
                <page.no>7722</page.no>
                <time.stamp />
                <name.id>KLS</name.id>
                <electorate />
                <party />
                <role />
                <in.gov>0</in.gov>
                <first.speech>0</first.speech>
                <name role="metadata">GIVENS, Thomas</name>
                <name role="display">Senator GIVENS</name>
              </talker>
              <para>- The best information I have is that it is impossible in any British regiment for an officer to live on his pay, and in some regiments his private income must be very high. The Minister of Defence, as a matter of loyalty to the Australian Army, should gladly welcome <inline font-weight="bold">Senator McDougall&#39;s</inline> motion. </para>
            </talk.start>
          </continue>
          <interjection>
            <talk.start>
              <talker>
                <page.no>7722</page.no>
                <time.stamp />
                <name.id>K0F</name.id>
                <electorate />
                <party />
                <role />
                <in.gov>0</in.gov>
                <first.speech>0</first.speech>
                <name role="metadata">PEARCE, George</name>
                <name role="display">Senator Pearce</name>
              </talker>
              <para>-  Hear, hear ! So I did. </para>
            </talk.start>
          </interjection>
          <continue>
            <talk.start>
              <talker>
                <page.no>7722</page.no>
                <time.stamp />
                <name.id>KLS</name.id>
                <electorate />
                <party />
                <role />
                <in.gov>0</in.gov>
                <first.speech>0</first.speech>
                <name role="metadata">GIVENS, Thomas</name>
                <name role="display">Senator GIVENS</name>
              </talker>
              <para>- I give the Minister full credit for that. I believe that no one is more heartily in sympathy with the idea that every man should have an equal opportunity to rise in our Citizen Army, and no one has a deeper contempt for the feeling in the Old Country which would preserve officerships in the Army for the sons of the titled, the rich, and the aristocratic. History shows that some of the world&#39;s greatest generals have risen from the ranks, and had no pretentions to aristocratic birth or wealthy connexions. Such was the&#39; case with Napoleon. Yet he proved his wonderful abilities above all the dukes, barons, and princes who were pitted against him. . He led his victorious armies from one end of Europe to the other, and it was only by a combination of circumstances, and the fact that France had been desolated by continuous wars that he was at length overthrown. Some of the greatest generals in the Grand Army, men whom history regards with the greatest admiration, rose from the ranks. The soldiers of Napoleon positively adored him and obeyed his commands with unquestionable loyalty. Yet he did not belong to the aristocracy, nor did he gain his position by wealth or family connexions. I hold in my hand a copy of the Australian Navy list. I do not question the Minister&#39;s loyalty to the principle to which he adheres, but I must point out that this list contains the names of scores of officers of all ranks who have been lent to us by the British Navy. Perhaps that policy had to be followed in the beginning in order that we might have officers to train our young men. But I trust that the Minister will give the matter his serious attention, and as our own officers become trained and capable will, as far as possible, discontinue the practice of importing British officers. I give the motion my hearty support. </para>
            </talk.start>
          </continue>
          <para>
            <inline font-weight="bold">Senator MCDOUGALL</inline>(New South Wales) fi 1. 10&#93;. - I did not anticipate that I should have an opportunity of replying to the speech of the Minister, and I do not intend to do so at length now. I make no apology for anything that I said in submitting the motion. I am satisfied that what I said was correct, and am prepared to repeat every word of it. I am pleased to know that the Minister is in sympathy with the motion. I have received letters from numbers of people, some of them in high places, thanking me for bringing the matter forward. One letter, which is a sample of many, has come from an Inspector of Schools in New South Wales, who tells me that he, as an ardent and aggressive Australian, with a full faith in the efficiency, ability, and energy of his fellow countrymen, agrees heartily with the motion that I have submitted, and considers that I hit the nail right on the head. I have also received a letter from an officer in our Army, standing high in the service, expressing his approval of the action I have taken, and appreciating what I said in submitting the motion. </para>
          <para class="block">Question resolved in the affirmative. </para>
        </speech>
      </subdebate.1>
    </debate>
    <debate>
      <debateinfo>
        <title>QUESTION</title>
        <page.no>7723</page.no>
        <type>Questions</type>
      </debateinfo>
      <subdebate.1>
        <subdebateinfo>
          <title>COMMONWEALTH-OWNED OVERSEAS AND INTER-STATE STEAMERS</title>
          <page.no>7723</page.no>
        </subdebateinfo>
        <para>Debate resumed from 7th November <inline font-style="italic">(vide</inline> page 5157), on motion by <inline font-weight="bold">Senator Ready</inline> - _ That, in the opinion of this Senate, it is desirable that the Government should, as early as possible, establish a fleet of Commonwealthowned overseas and Inter-State steamers, commencing with the linking-up  of Tasmania, as an integral part of the Commonwealth, with the mainland, by means of a line of steam-ships. </para>
        <speech>
          <talk.start>
            <talker>
              <page.no>7723</page.no>
              <time.stamp />
              <name.id>JZ9</name.id>
              <electorate>Tasmania</electorate>
              <party />
              <role />
              <in.gov>0</in.gov>
              <first.speech>0</first.speech>
              <name role="metadata">O&#39;KEEFE, David</name>
              <name role="display">Senator O&#39;KEEFE</name>
            </talker>
            <para>. - It will be readily admitted by those who listened to his speech that <inline font-weight="bold">Senator Ready</inline> made out an excellent case for the establishment of a Commonwealth-owned line of steamers between the mainland and Tasmania. He gave facts and figures to show that such a Commonwealth enterprise would be highly remunerative to the taxpayers of Australia, while it would, at the same time, give the residents of Tasmania greater facilities for communication with the mainland than they have at present. Another strong argument in favour of carrying this motion has been put forward by a Committee which was appointed by the Tasmanian Parliament to deal with the matter. The following is an &#39;extract from a Melbourne newspaper - </para>
          </talk.start>
          <quote>
            <para>The committee was appointed as the result of long-standing complaints and dissatisfaction with the present shipping services. The committee took evidence in all parts of the State, and, at the request of the Premier <inline font-weight="bold">(Mr. Soloman),</inline> information was obtained regarding the policy  adopted by the Japanese Government -for the development of its mercantile marine. </para>
            <para>The committee states that the matter of maritime transport with the other States is a manysided one, and that the greatest difficulty was experienced in making recommendations. The committee believes that such a magnificent harbor as Hobart should possess docking facilities. </para>
          </quote>
          <para>One of the recommendations which the Committee made was - </para>
          <quote>
            <para>That, in the interests of the tourist traffic and the full development of Tasmania&#39;s trade resources, the Government should open up negotiations with the Commonwealth Ministry, with a view of ascertaining the largest amount of subsidy that will be paid to the State of Tasmania in the event of the Tasmanian Government deciding to build two vessels of modern type to trade between Northern Tasmania and Victoria, and that action be taken according to the nature of the replies received to the above questions. </para>
          </quote>
          <para class="block">I may state that the Committee was not composed of a majority of members&#39; of the Labour party, who are supposed to be in favour of the nationalization of steamer services between one part of the Commonwealth and another. The majority of the Committee was composed of followers of the present Government of Tasmania, which is generally opposed to nationalization, and the fact that the Committee made such a strong recommendation regarding the desirableness of the State Government seriously considering the question of running a State service between Tasmania and the mainland shows that there must be very urgent necessity for some alteration in the existing service. The Committee proposed that the Commonwealth Government should be approached, with the view of finding out what subsidy it would give the State of Tasmania, in the event of the State instituting a service. The Committee have not quite the sameidea as is conveyed by <inline font-weight="bold">Senator Ready</inline> in this motion, but it emphasizes the urgent necessity that exists for improving the service between Tasmania and the mainland in the interests, not only of the people of Tasmania, but of those on the mainland. Speaking from a long experience of the difficulties and disabilities which Tasmania labours under, through its present inadequate service, I believe that there is a better chance of a Commonwealthowned service being more remunerative than a State-owned service, and I favour the proposal of <inline font-weight="bold">Senator Ready</inline> rather than the recommendation of the Committee appointed by the Tasmanian Parliament. There is ample precedent for the Commonwealth entering into this undertaking. It has already undertaken an enormous liability in connexion with the railway between Western Australia and the eastern part of the Commonwealth, and the reason why the Commonwealth entered into that liability was on account of the comparatively isolated State of Western Australia. Although that railway will involve the taxpayers in a loss for some years after it has been running, the majority of members in both Houses willingly voted the money, because they considered that the circumstances justified them in doing so. </para>
          <interjection>
            <talk.start>
              <talker>
                <page.no>7724</page.no>
                <time.stamp />
                <name.id>KNB</name.id>
                <electorate />
                <party />
                <role />
                <in.gov>0</in.gov>
                <first.speech>0</first.speech>
                <name role="metadata">GUTHRIE, Robert</name>
                <name role="display">Senator Guthrie</name>
              </talker>
              <para>-  Not from the commercial, but from the defence aspect. </para>
            </talk.start>
          </interjection>
          <para>SenatorO&#39;KEEFE. - From a number of aspects. One of the strongest reasons which impelled me to change the views I held for a number of years, and to eventually vote in favour of the construction of that railway was that, from a defence aspect, the early construction of the line was necessary. A splendid case has been made out . for the establishment of a Commonwealthowned line of steamers, and when the Commonwealth Government is approached &#39;by the Tasmanian Government, as it will be very shortly, with a view to ascertaining what subsidy the Commonwealth will grant to a State-owned service, I ask the Government to seriously consider whether it would not be better for the Commonwealth itself to establish a line of steamers between Tasmania and the mainland. </para>
        </speech>
        <division>
          <division.header>
            <time.stamp />
            <para>Question put. The Senate divided.</para>
          </division.header>
          <division.data>
            <ayes>
              <num.votes>12</num.votes>
              <title>AYES</title>
            </ayes>
            <noes>
              <num.votes>3</num.votes>
              <title>NOES</title>
            </noes>
          </division.data>
          <para>Majority ... ... 9 </para>
          <para>AYES</para>
          <para class="block">
            <graphic href="069332191212211_6_1_1_A.jpg" />
          </para>
          <para>NOES</para>
          <para class="block">
            <graphic href="069332191212211_6_1_2_N.jpg" />
          </para>
          <division.result>
            <para>Question so resolved in the affirmative. </para>
          </division.result>
        </division>
      </subdebate.1>
    </debate>
    <debate>
      <debateinfo>
        <title>INTER-STATE COMMISSION BILL</title>
        <page.no>7724</page.no>
        <type>bill</type>
      </debateinfo>
      <para>Message received from the House of Representatives intimating that it had agreed to the amendment made by the Senate in this Bill. </para>
    </debate>
    <debate>
      <debateinfo>
        <title>ADJOURNMENT</title>
        <page.no>7724</page.no>
        <type>adjournment</type>
      </debateinfo>
      <subdebate.1>
        <subdebateinfo>
          <title>Close of Session : Hansard Staff</title>
          <page.no>7724</page.no>
        </subdebateinfo>
        <para>
          <inline font-weight="bold">Senator McGREGOR</inline>(South Australia- </para>
        <para>Vice- President of the Executive Council) &#91;11.31&#93;. - I move - </para>
        <quote>
          <para>That the Senate do now adjourn. </para>
        </quote>
        <para class="block">Seeing that we have finished a very arduous session, I wish to thank all the loyal supporters of the Government who up to the present time have never failed in having a quorum present to carry on the business of the country, and seeing that it is so near Christmas, I desire to thank the members of the Opposition for their moderation and their kindly feelings from a personal point of view, so far as the Government is concerned. I also desire, on behalf of the Government, to thank the officers of the Senate, who have carried out their duties so faithfully and so well, and I particularly wish to extend the thanks of the Government to our secretary, <inline font-weight="bold">Mr.</inline></para>
        <para class="block">Knowles, who has assisted us in our work in a manner which could not be surpassed. I also desire to thank the <inline font-style="italic">Hansard</inline> staff. These gentlemen have had such a task imposed upon them that it is almost marvellous how they have carried it out. I am sure that no honorable senator who reads over the reports of his speeches in <inline font-style="italic">Hansard</inline> as the work of these gentleman can have a word of complaint to make. I have never heard one word. I thank all those who have contributed to the success of the session. </para>
        <speech>
          <talk.start>
            <talker>
              <page.no>7725</page.no>
              <time.stamp />
              <name.id>KUL</name.id>
              <electorate>New South Wales</electorate>
              <party />
              <role />
              <in.gov>0</in.gov>
              <first.speech>0</first.speech>
              <name role="metadata">MILLEN, Edward</name>
              <name role="display">Senator MILLEN</name>
            </talker>
            <para>. - I desire to acknowledge the remarks of the Vice-President of the Executive Council so far as they have application to honorable senators on this side of the chamber, and to acknowledge with him the very great service which has been rendered to honorable senators by the <inline font-style="italic">Hansard</inline> staff and the officials here. I feel that I should hardly carry out the purpose for which I rose if, following the example of the VicePresident of the Executive Council, I failed to acknowledge the considerable assistance which the Opposition has received on occasions from such independent senators as <inline font-weight="bold">Senator Givens</inline> and <inline font-weight="bold">Senator Stewart.</inline> We quite appreciate that assistance, and I venture to say that the country at large will be under a debt of gratitude to gentlemen who could occasionally break loose from the bonds of party and express the truth that was in them. </para>
          </talk.start>
          <interjection>
            <talk.start>
              <talker>
                <page.no>7725</page.no>
                <time.stamp />
                <name.id>KLS</name.id>
                <electorate />
                <party />
                <role />
                <in.gov>0</in.gov>
                <first.speech>0</first.speech>
                <name role="metadata">GIVENS, Thomas</name>
                <name role="display">Senator Givens</name>
              </talker>
              <para>-  We have never opposed the Government except when they had the united support of trie Opposition. </para>
            </talk.start>
          </interjection>
          <continue>
            <talk.start>
              <talker>
                <page.no>7725</page.no>
                <time.stamp />
                <name.id>KUL</name.id>
                <electorate />
                <party />
                <role />
                <in.gov>0</in.gov>
                <first.speech>0</first.speech>
                <name role="metadata">MILLEN, Edward</name>
                <name role="display">Senator MILLEN</name>
              </talker>
              <para>- <inline font-weight="bold">Senator Givens,</inline> I venture to say- </para>
            </talk.start>
          </continue>
          <interjection>
            <talk.start>
              <talker>
                <page.no>7725</page.no>
                <time.stamp />
                <name.id>KLS</name.id>
                <electorate />
                <party />
                <role />
                <in.gov>0</in.gov>
                <first.speech>0</first.speech>
                <name role="metadata">GIVENS, Thomas</name>
                <name role="display">Senator Givens</name>
              </talker>
              <para>-  The Government ought to be leading me. </para>
            </talk.start>
          </interjection>
          <interjection>
            <talk.start>
              <talker>
                <page.no>7725</page.no>
                <time.stamp />
                <name.id>KTF</name.id>
                <electorate />
                <party />
                <role />
                <in.gov>0</in.gov>
                <first.speech>0</first.speech>
                <name role="metadata">MCGREGOR, Gregor</name>
                <name role="display">Senator McGregor</name>
              </talker>
              <para>-  He is irrepressible. </para>
            </talk.start>
          </interjection>
          <continue>
            <talk.start>
              <talker>
                <page.no>7725</page.no>
                <time.stamp />
                <name.id>KUL</name.id>
                <electorate />
                <party />
                <role />
                <in.gov>0</in.gov>
                <first.speech>0</first.speech>
                <name role="metadata">MILLEN, Edward</name>
                <name role="display">Senator MILLEN</name>
              </talker>
              <para>- Very often the Go- .vernment is not leading the honorable senator. On behalf of my friends on this side I wish honorable senators all the compliments of the approaching season. </para>
            </talk.start>
          </continue>
        </speech>
        <speech>
          <talk.start>
            <talker>
              <page.no>7725</page.no>
              <time.stamp />
              <name.id>10000</name.id>
              <electorate />
              <party />
              <role />
              <in.gov>0</in.gov>
              <first.speech>0</first.speech>
              <name role="metadata">PRESIDENT, The</name>
              <name role="display">The PRESIDENT</name>
            </talker>
            <para>- Before putting the question which winds up the session I must thank honorable senators on both sides of the chamber for the courtesy and consideration which have been extended to the Chair during a fairly long session. I do not expect that any occupant of the chair can so manage things that some one will not feel a bit ruffled now and again. </para>
          </talk.start>
          <interjection>
            <talk.start>
              <talker>
                <page.no>7725</page.no>
                <time.stamp />
                <name.id>KKL</name.id>
                <electorate />
                <party />
                <role />
                <in.gov>0</in.gov>
                <first.speech>0</first.speech>
                <name role="metadata">FRASER, Simon</name>
                <name role="display">Senator Fraser</name>
              </talker>
              <para>-  You have done very well. </para>
            </talk.start>
          </interjection>
          <continue>
            <talk.start>
              <talker>
                <page.no>7725</page.no>
                <time.stamp />
                <name.id>10000</name.id>
                <electorate />
                <party />
                <role />
                <in.gov>0</in.gov>
                <first.speech>0</first.speech>
                <name role="metadata">PRESIDENT, The</name>
                <name role="display">The PRESIDENT</name>
              </talker>
              <para>- As regards being impartial and giving a fair deal to honorable senators on both sides, that has been my endeavour from the very beginning, and I believe that I have succeeded, at any rate to a considerable extent. I wish to thank the officers of the Senate for the work which they have done in very difficult circumstances. We have been unfortunate. At the beginning of the session <inline font-weight="bold">Mr. Boydell</inline> himself was not too well ; then <inline font-weight="bold">Mr. Upward</inline> took ill almost as scon as he returned from a furlough, and we had to do without his services in the chamber for a considerable time. The  Speaker  has asked me to thank the members of the Library Committee, and to specially mention <inline font-weight="bold">Senator Symon,</inline> who, with <inline font-weight="bold">Mr. Glynn,</inline> has undertaken the work of advising him in the selection of books. He desires to acknowledge that he has received a considerable amount of assistance from those gentlemen in the performance of his duties as  Chairman  of the Library Committee. As regards the <inline font-style="italic">Hansard</inline> staff, I know that on quite a number of occasions they have been rather hard pushed, because they have had sickness in their ranks, and it has not been easy on occasions to get men who were competent to sit down at the table at a moment&#39;s notice, and do the work in an efficient manner. We are endeavouring to see that arrangements will be made, at any rate before the opening of another session, which will enable some relief to be given to the members of the staff in the event of such long sittings occurring again. I thank honorable senators for their courtesy and consideration, and wish them the compliments of the season. </para>
            </talk.start>
          </continue>
          <para class="block">Question resolved in the affirmative. </para>
          <para class="block">Senate adjourned at ir.38 a.m. </para>
          <para>Commonwealth of Australia to wit </para>
        </speech>
      </subdebate.1>
      <subdebate.1>
        <subdebateinfo>
          <title>Denman,</title>
          <page.no>7726</page.no>
        </subdebateinfo>
      </subdebate.1>
      <subdebate.1>
        <subdebateinfo>
          <title>Governor-General</title>
          <page.no>7726</page.no>
        </subdebateinfo>
        <para>By His Excellency the Right Honorable Thomas, Baron Denman, a Member of His Majesty&#39;s Most Honorable Privy Council, Knight Grand Cross of the Most Distinguished Order of Saint Michael and Saint George, Knight Commander of the Royal Victorian Order, Governor-General and Commander-in-Chief of the Commonwealth of Australia. </para>
        <para class="block" pgwide="yes">Whereas by the Constitution of the Commonwealth of Australia it was amongst other things enacted that the Governor-General might appoint such times for holding the Sessions of the Parliament as he thinks fit, and also from time to time by Proclamation, or otherwise, prorogue the Parliament : Now therefore I, the said Thomas, Baron Denman, in exercise of the power conferred by the said Constitution, do by this ray Proclamation prorogue the said Parliament until the twenty-sixth day of February One thousand nine hundred and thirteen. </para>
        <para pgwide="yes">Given under my Hand and the Seal of the Commonwealth, at Melbourne, this eighth day of January, in the year of our Lord One thousand nine hundred and thirteen, and in the third year of  His  Majesty&#39;s reign. </para>
        <para class="block">By His Excellency&#39;s Command, (l.s.) </para>
      </subdebate.1>
    </debate>
    <debate>
      <debateinfo>
        <title>ANDREW FISHER</title>
        <page.no>7726</page.no>
        <type>miscellaneous</type>
      </debateinfo>
    </debate>
  </chamber.xscript>
</hansard>