<?xml version="1.0" encoding="utf-8"?>
<hansard xsi:noNamespaceSchemaLocation="../../hansard.xsd" version="2.1" xmlns:xsi="http://www.w3.org/2001/XMLSchema-instance">
  <session.header>
    <date>1951-06-12</date>
    <parliament.no>20</parliament.no>
    <session.no>1</session.no>
    <period.no>1</period.no>
    <chamber>REPS</chamber>
    <page.no>21</page.no>
    <proof>0</proof>
  </session.header>
  <chamber.xscript>
    <para class="block">House of Representatives. </para>
    <business.start>
      <day.start>1951-06-12</day.start>
    </business.start>
    <debate>
      <debateinfo>
        <title>PROCLAMATION</title>
        <page.no>21</page.no>
        <type>proclamations</type>
      </debateinfo>
      <para>The House met at 10.30 a.m., pursuant to the proclamation of Hia Excellency the Governor-General. </para>
      <para>The  Clerk  read the proclamation. </para>
    </debate>
    <debate>
      <debateinfo>
        <title>OPENING OF THE PARLIAMENT</title>
        <page.no>21</page.no>
        <type>miscellaneous</type>
      </debateinfo>
      <para>The Usher of the Black Ros, being announced, was admitted, and delivered the message that the Deputies of the Governor-General for the Opening of the Parliament requested the attendance&#39; of honorable members in the Senate chamber forthwith. </para>
      <para>Honorable members attended accordingly, and, having returned, </para>
      <para>The Deputy authorized by the Governor-General to administer the oath or affirmation entered the chamber. </para>
      <para>The  Clerk  read the commission, under the Great Seal of the Commonwealth, authorizing the Honorable Wilfred Kelsham Fullagar, B.A., LLM., a Justice of the High Court of Australia, to administer the oath or affirmation of allegiance to the King required by the Constitution tobe taken or made by members of the House of Representatives. </para>
    </debate>
    <debate>
      <debateinfo>
        <title>MEMBERS SWORN</title>
        <page.no>22</page.no>
        <type>miscellaneous</type>
      </debateinfo>
      <para>The Clbbk.  -  I have to announce that I have received from the Official Secretary to the Governor-General returns to 123 writs for the election of members of the Souse of Representatives, held on the 28th April, 1951. </para>
      <para>The following honorable members with tho exception of <inline font-weight="bold">Mr. Rowland</inline> James, who was not present, made and subscribed the oath or affirmation of allegiance : - </para>
      <para>Adermann, Charles Frederick, Fisher, Queensland. </para>
      <para>Anderson, Gordon, Kingsford-Smith, New South &#34;Wales. </para>
      <para>Andrews, ThomasWilliam, Darebin, Victoria. </para>
      <para>Anthony, Hubert Lawrence, Richmond, New SouthWales. </para>
      <para>Bate, Henry Jefferson, Macarthur, New South &#34;Wales. </para>
      <para>Beale, Oliver Howard, Parramatta, New SouthWales. </para>
      <para>Beazley, Kim Edward, Fremantle, Western Australia. </para>
      <para>Berry, Douglas Reginald, Griffith, Queensland. </para>
      <para>Bird, Alan Charles, Batman, Victoria. </para>
      <para>Bland, Francis Annand, Warringah, New South Wales. </para>
      <para>Bostock, William Dowling, Indi, Victoria. </para>
      <para>Bourke, William Meskill, Fawkner, Victoria. </para>
      <para>Bowden, George James,. Gippsland, Victoria. </para>
      <para>Brimblecombe, Wilfred John, Maranoa, Queensland. | Brown, Geoffrey William, McMillan, Victoria. </para>
      <para>Bruce, Henry Adam, Leichhardt, Queensland. </para>
      <para>Bryson, William George, Wills, Victoria. </para>
      <para>Burke, Thomas Patrick, Perth, Western Australia. </para>
      <para>Calwell, Arthur Augustus, Melbourne, Viotoria. </para>
      <para>Cameron, Archie Galbraith, Barker, South Australia. </para>
      <para>Cameron, Clyde Robert, Hindmarsh; South Australia. </para>
      <para class="block">Cameron, Donald Alistair, Oxley. Queensland. </para>
      <para class="block">Casey, Richard Gardiner, La Trobe. Victoria. </para>
      <para>Chambers, Cyril, Adelaide, South Australia. </para>
      <para>Chifley, Joseph Benedict, Macquarie. New South Wales. </para>
      <para>Clarey, Percy James, Bendigo, Victoria. </para>
      <para>Clark, Joseph James, Darling, New South Wales. </para>
      <para>Corser, Bernard Henry, Wide Bay, Queensland. </para>
      <para>Costa, Dominic Eric, Banks, New South Wales. </para>
      <para>Cramer, John Oscar, Bennelong, New South Wales. </para>
      <para>Crean, Frank, Melbourne Ports, Victoria. </para>
      <para>Cremean, John Lawrence, Hoddle, Victoria. </para>
      <para>Curtin, Danield James, Watson, New South Wales. </para>
      <para>Daly, Frederick Michael, Grayndler. New South Wales. </para>
      <para>Davidson, Charles William, Dawson. Queensland. </para>
      <para>Davies, William, Cunningham, New South Wales. </para>
      <para class="block">Davis, Francis John, Deakin, Victoria. </para>
      <para>Dean, Roger Levinge, Robertson, New South Wales. </para>
      <para>Downer, Alexander Russell, Angas. South Australia. </para>
      <para>Drakeford, Arthur Samuel, Maribyrnong, Victoria. </para>
      <para>Drummond, David Henry, New England, New South Wales. </para>
      <para>Drury, Edward Nigel, Ryan, Queensland. </para>
      <para class="block">Duthie, Gilbert William Arthur. Wilmot, Tasmania. </para>
      <para class="block">Edmonds, William Frederick, Herbert. Queensland. </para>
      <para class="block">Eggins, Eldred James, Lyne, New South Wales. </para>
      <para class="block">Evatt, Herbert Vere, Barton, New South Wales. </para>
      <para class="block">Fadden, Arthur William, McPherson. Queensland. </para>
      <para class="block">Failes, Laurence John, Lawson, New South Wales. </para>
      <para class="block">Fairbairn, David Eric, Farrer, New South Wales. </para>
      <para class="block">Fairhall, Allen, Paterson, New South Wales. </para>
      <para>Falkinder, Charles William Jackson, Franklin, Tasmania. </para>
      <para>Fitzgerald, Joseph Francis, Phillip, New South Wales. </para>
      <para class="block">Francis, Josiah, Moreton, Queensland. </para>
      <para>Fraser, Allan Duncan, Eden-Monaro, New South Wales. </para>
      <para>Fraser, James Reay, Australian Capital Territory. </para>
      <para>Freeth, Gordon, Forrest, Western Australia. </para>
      <para>Fuller, Arthur Neiberding, Hume, New South Wales. </para>
      <para>Galvin, Patrick, Kingston, South Australia. </para>
      <para class="block">Graham, Bruce William, St. George, New South Wales. </para>
      <para class="block">Grayden, William Leonard, Swan, Western Australia. </para>
      <para class="block">Griffiths, Charles Edward, Shortland, New South Wales. </para>
      <para class="block">Gullett, Henry Baynton Somer. Henty, Victoria. </para>
      <para class="block">Hamilton, Leonard William, Canning, Western Australia. </para>
      <para class="block">Harrison, Eli James, Blaxland, New South Wales. </para>
      <para class="block">Harrison, Eric John, Wentworth, New South Wales. </para>
      <para class="block">Hasluck, Paul Meernaa Caedwalla, Curtin, Western Australia. </para>
      <para class="block">Haworth, William Crawford, Isaacs, Victoria. </para>
      <para>Haylen, Leslie Clement, Parkes, New South Wales. </para>
      <para>Holt, Harold Edward,Higgins, Victoria. </para>
      <para>Howse, John Brooke, Calare, New South Wales. </para>
      <para>Hughes, William Morris; Bradfield, New South Wales. </para>
      <para>Hulme, Alan Shallcross, Petrie, Queensland. </para>
      <para>Jack, William Mathers, North Sydney, New South Wales. </para>
      <para>James, Rowland, Hunter, New South Wales. </para>
      <para>Johnson, Herbert Victor, Kalgoorlie, Western Australia. </para>
      <para>Joshua, Robert, Ballaarat, Victoria. </para>
      <para>Kekwick, Bruce Huntley, Bass, Tasmania. </para>
      <para>Kent Hughes, Wilfred Selwyn. Chisholm, Victoria. </para>
      <para>Keon, Standish Michael, Yarra, Victoria. </para>
      <para>Lawrence, William Robert, Wimmera, Victoria. </para>
      <para class="block">Lawson, George, Brisbane, Queensland. </para>
      <para>Lazzarini, Hubert Peter, Werriwa, New South Wales. </para>
      <para>Leslie, Hugh Alan, Moore, Western Australia. </para>
      <para>Luck, Aubrey William George, Darwin, Tasmania. </para>
      <para>McBride, Philip Albert Martin, Wakefield, South Australia. </para>
      <para>McColm, Malcolm Llewellyn, Bowman, Queensland. </para>
      <para>McDonald, Allan McKenzie, Corangamite, Victoria. </para>
      <para class="block">McEwen, John, Murray, Victoria. </para>
      <para>McLeay, John, Boothby, South Australia. </para>
      <para class="block">McLeod, Donald, Wannon, Victoria. </para>
      <para class="block">McMahon, William, Lowe, New South Wales. </para>
      <para>Menzies, Robert Gordon, Kooyong. Victoria. </para>
      <para class="block">Minogue, Daniel, West Sydney, New South Wales. </para>
      <para class="block">Morgan, Charles Albert Aaron, Reid. New South Wales. </para>
      <para class="block">Mulcahy, Daniel, Lang, New South Wales. </para>
      <para>Mullens, John Michael, Gellibrand. Victoria. </para>
      <para>Nelson, John Norman, Northern Territory. </para>
      <para class="block">O&#39;Connor, William Paul, Martin, New South Wales. </para>
      <para class="block">Opperman, Hubert Ferdinand, Corio, Victoria. </para>
      <para>Osborne, Frederick Meares, Evans. New South Wales. </para>
      <para>Page, Earle Christmas Grafton, Cowper, New South Wales. </para>
      <para>Pearce, Henry George, Capricornia. Queensland. </para>
      <para>Peters, Edward William, Burke, Victoria. </para>
      <para>Pollard, Reginald Thomas, Lalor, Victoria. </para>
      <para>Riordan., William James Frederick, Kennedy, Queensland. </para>
      <para>Roberton, Hugh Stevenson, Riverina, New South Wales. </para>
      <para>Rosevear, John Solomon, Dalley, New South Wales. </para>
      <para>Russell, Edgar Hughes Deg, Grey, South Australia. </para>
      <para>Ryan, Rupert Sumner, Flinders, Victoria. </para>
      <para>Sheehan, Thomas, Cook, New South Wales. </para>
      <para>Swartz, Reginald William Colin, Darling Downs, Queensland. </para>
      <para>Thompson, Albert Victor, Port Adelaide, South Australia. </para>
      <para>Timson, Thomas Frank, Higinbotham, Victoria. </para>
      <para>Townley, Athol Gordon, Denison, Tasmania. </para>
      <para>Treloar, Thomas John, Gwydir, New South Wales. </para>
      <para>Turnbull, Winton George, Mallee, Victoria. </para>
      <para>Ward, Edward John, East Sydney, New South Wales. </para>
      <para>Watkins, David Oliver, Newcastle, New South Wales. </para>
      <para>Wentworth, William Charles, Mackellar, New South Wales. </para>
      <para>Wheeler, Roy Crawford, Mitchell, New South Wales. </para>
      <para>White, Thomas Walter, Balaclava, Victoria. </para>
      <para>Wight, Bruce McDonald, Lilley, Queensland. </para>
      <para>AVilson, Keith Cameron, Sturt, South Australia. </para>
    </debate>
    <debate>
      <debateinfo>
        <title>ELECTION OF SPEAKER</title>
        <page.no>24</page.no>
        <type>miscellaneous</type>
      </debateinfo>
      <speech>
        <talk.start>
          <talker>
            <page.no>24</page.no>
            <time.stamp />
            <name.id>KQK</name.id>
            <electorate>Corangamite</electorate>
            <party />
            <role />
            <in.gov>0</in.gov>
            <first.speech>0</first.speech>
            <name role="metadata">MCDONALD, Allan</name>
            <name role="display">Mr MCDONALD</name>
          </talker>
          <para>- I move - </para>
        </talk.start>
        <quote>
          <para>That the honorable member for Barker <inline font-weight="bold">(Mr. Archie Cameron)</inline> do take the chair of this House as  Speaker. </para>
        </quote>
        <interjection>
          <talk.start>
            <talker>
              <page.no>24</page.no>
              <time.stamp />
              <name.id>JRJ</name.id>
              <electorate />
              <party />
              <role />
              <in.gov>0</in.gov>
              <first.speech>0</first.speech>
              <name role="metadata">BOWDEN, George</name>
              <name role="display">Mr Bowden</name>
            </talker>
            <para>-  I second the motion. </para>
          </talk.start>
        </interjection>
        <interjection>
          <talk.start>
            <talker>
              <page.no>24</page.no>
              <time.stamp />
              <name.id>JTY</name.id>
              <electorate>BARKER, SOUTH AUSTRALIA</electorate>
              <party>CP; LP from 1944; LCL from 1951; LP from 1954</party>
              <role />
              <in.gov>0</in.gov>
              <first.speech>0</first.speech>
              <name role="metadata">CAMERON, Archie</name>
              <name role="display">Mr ARCHIE CAMERON</name>
            </talker>
            <para>-  I accept nomination. </para>
          </talk.start>
        </interjection>
      </speech>
      <speech>
        <talk.start>
          <talker>
            <page.no>24</page.no>
            <time.stamp />
            <name.id>JF7</name.id>
            <electorate>Fremantle</electorate>
            <party />
            <role />
            <in.gov>0</in.gov>
            <first.speech>0</first.speech>
            <name role="metadata">BEAZLEY, Kim</name>
            <name role="display">Mr BEAZLEY</name>
          </talker>
          <para>-I move - </para>
        </talk.start>
        <quote>
          <para>That the honorable member for Dalley <inline font-weight="bold">(Mr. Rosevear)</inline> do take the chair of this House as  Speaker. </para>
        </quote>
        <interjection>
          <talk.start>
            <talker>
              <page.no>24</page.no>
              <time.stamp />
              <name.id>KDX</name.id>
              <electorate />
              <party />
              <role />
              <in.gov>0</in.gov>
              <first.speech>0</first.speech>
              <name role="metadata">JOSHUA, Robert</name>
              <name role="display">Mr Joshua</name>
            </talker>
            <para>-  I second the motion. </para>
          </talk.start>
        </interjection>
        <interjection>
          <talk.start>
            <talker>
              <page.no>24</page.no>
              <time.stamp />
              <name.id>L08</name.id>
              <electorate />
              <party />
              <role />
              <in.gov>0</in.gov>
              <first.speech>0</first.speech>
              <name role="metadata">ROSEVEAR, John</name>
              <name role="display">Mr Rosevear</name>
            </talker>
            <para>-  I accept nomination. </para>
          </talk.start>
        </interjection>
        <para class="italic">
          <inline font-style="italic">The time&#34; for further proposals having expired,</inline>
        </para>
      </speech>
      <speech>
        <talk.start>
          <talker>
            <page.no>24</page.no>
            <time.stamp />
            <name.id>JF7</name.id>
            <electorate>Fremantle</electorate>
            <party />
            <role />
            <in.gov>0</in.gov>
            <first.speech>0</first.speech>
            <name role="metadata">BEAZLEY, Kim</name>
            <name role="display">Mr BEAZLEY</name>
          </talker>
          <para>.- On behalf of the Opposition, I shall state the reasons why the unusual course has been taken of nominating a member from its own ranks against the nominee of the Government, who was the  Speaker  in the last Parliament. However, such a course is not without precedent. The Opposition has taken this action, not because it has any illusions about the result of the vote for the election of <inline font-weight="bold">Mr. Speaker,</inline> but because it wishes to show its disapproval of the manner in which the Government&#39;s nominee exorcised his function as <inline font-weight="bold">Mr. Speaker</inline> in the Nineteenth Parliament. We believe that the honorable member for Barker <inline font-weight="bold">(Mr. Archie Cameron),</inline> who has been nominated by the Government, was deficient in his public discharge of his duty, in his treatment of individual members of this House, and in his interpretation of Standing Order 303 under which, without a vote of the House, he required the withdrawal of honorable members from the chamber. We object strongly to his habit of casting persona&#93; reflections on honorable members on this side of &#39; the House, especially in respect of their former occupations, as he did to the right honorable member for Barton <inline font-weight="bold">(Dr. Evatt)</inline> and to the honorable member for Wilmot <inline font-weight="bold">(Mr. Duthie).</inline> Scarcely a day passed in the last Parliament without some completely partisan shaft of sarcasm being directed at individual members of the Opposition. We consider that his interpretation of the Standing Orders, which caused the withdrawal of members from the House, has been the means of saving himself the embarrassment of seeing certain members on his right vote with the Opposition against his arbitrary actions. That actually happened on one occasion. Therefore, we believe that the Government, if it proposes to proceed with the appointment of a man who uses his position to air public vendettas against highly placed persons, and private ones against members of the Opposition, should be shown before the public as one making the appointment of a partisan  Speaker,  by a partisan vote, without the consent of the Opposition. </para>
        </talk.start>
      </speech>
      <speech>
        <talk.start>
          <talker>
            <page.no>24</page.no>
            <time.stamp />
            <name.id>BV8</name.id>
            <electorate>Melbourne</electorate>
            <party />
            <role />
            <in.gov>0</in.gov>
            <first.speech>0</first.speech>
            <name role="metadata">CALWELL, Arthur</name>
            <name role="display">Mr CALWELL</name>
          </talker>
          <para>. - When the honorable member for Dalley <inline font-weight="bold">(Mr. Rosevear)</inline> was nominated for the office of  Speaker  of the House of Representatives in the Eighteenth Parliament, the then Leader of the Opposition, <inline font-weight="bold">Mr.</inline></para>
        </talk.start>
        <para class="block">Menzies, nominated the honorable member for Corangamite <inline font-weight="bold">(Mr. McDonald)</inline> and said, among other things - </para>
        <quote>
          <para>We believe,  mid  imagine that  all  honorable members will believe, that it is the function of <inline font-weight="bold">Mr. Speaker</inline> to be scrupulously impartial in his treatment of both sides of the House. All honorable members who were in the last Parliament will recall that on, at any rate, two occasions, it became necessary for the members of the Opposition to put into formal shape their protest against rulings given by <inline font-weight="bold">Mr. Speaker</inline> in that Parliament, and against what they believe to be his partial treatment of members of the House. </para>
        </quote>
        <para>If there were any grounds for complaint against the manner in which <inline font-weight="bold">Mr. Speaker</inline> Rosevear presided over this House, we believe that the Opposition in the Nineteenth Parliament had much more reason to be dissatisfied with the treatment that was meted out by his successor, <inline font-weight="bold">Mr. Speaker</inline> Cameron. <inline font-weight="bold">Mr. Speaker</inline> Rosevear had the distinction of occupying the office of  Speaker  of the House of Representatives for a longer period than had any of his predecessors. He made his mistakes, but he at least did try to be fair, and he at least had the authority of <inline font-style="italic">May,</inline> and of others to justify his rulings. In the last Parliament, we had the spectacle of the honorable member for Barker, as <inline font-weight="bold">Mr. Speaker,</inline> ruling out a notice of motion on one day, yet permitting it to be discussed two days later. When it was pointed out in division to him that he had previously ruled the motion out of order, he said, &#34; Well, we might as well have a vote on something &#34;. That is the rafferty&#39;s rule principle under which the procedure of this House was directed by <inline font-weight="bold">Mr. Speaker</inline> Cameron. We believe that, on many occasions, he was harsh, unjust and unfair. We also believe that he was prejudiced, biased and partisan. In that spirit we submit as our nominee for the Chair the name of the best  Speaker  that this House has had in its history. If the honorable member for Barker wished to find an example upon which he could base his conduct, he need go no further back than <inline font-weight="bold">Mr. Speaker</inline> Nairn, who at least had the respect of honorable members on both sides of the House. Unfortunately, <inline font-weight="bold">Mr. Speaker</inline> has demonstrated his exhibitionism on many occasions. That is a regrettable trait in his make-up. </para>
        <para>We do not dislike him on personal grounds, but we think that he has a duty to the whole of the Parliament and that he should be perfectly fair to all honorable members.  His  treatment of the honorable member for Wilmot <inline font-weight="bold">(Mr. Duthie)</inline> in the Nineteenth Parliament was a particularly bad example of petty tyranny. We believe that his misuse of Standing Order 303 was deliberate and that the standing order was never intended by the Parliament to be used in that way. It was promulgated for the purpose of authorizing the removal of any member who might be under the influence of liquor. But it was used during the Nineteenth Parliament for the removal of honorable members who, for the moment, happened to have cause for dissatisfaction with <inline font-weight="bold">Mr. Speaker!</inline> No honorable member on theGovernment side of the House was removed from the chamber, although the conduct of such honorable members on many occasions was more worthy of condemnation than was that of any member of the Opposition. We believe that no honorable member should be removed from the House except by a direct vote of the House. We hope that, should the former  Speaker  be re-elected, he will improve his ways and will be much fairer than he has been in the past. At any rate, lie is the only Minister in the history of the Parliament of the Commonwealth to be removed from the House for disobeying the  Speaker.  He was removed from this chamber for the duration of one sitting on the motion of his own Prime Minister. A man with a conviction of that sort recorded against him is not: worthy to be -the  Speaker  of this House. </para>
      </speech>
      <speech>
        <talk.start>
          <talker>
            <page.no>25</page.no>
            <time.stamp />
            <name.id>N76</name.id>
            <electorate>Kooyong</electorate>
            <party>LP</party>
            <role>Prime Minister</role>
            <in.gov>1</in.gov>
            <first.speech>0</first.speech>
            <name role="metadata">MENZIES, Robert</name>
            <name role="display">Mr MENZIES</name>
          </talker>
          <para>.- This exhibition that, is being put on by the Opposition is entirely discreditable and will deceive nobody. The two honorable members who have already addressed themselves to the Chair have sought to recapitulate all the complaints that they had against the  Speaker  in the last. Parliament. Their object, no doubt, has been to provoke a lengthy debate in which all those matters will once more be discussed as the result of which, of course, the new  Speaker  will come to the Chair in an atmosphere made suitably murky bv the discussion. I do not propose to introduce the new  Speaker  to the Chair in such circumstances.Every honorable member who was in this House during the last Parliament will recall that every one of those matters was debated at the time, and every honorable member who is familiar with the practices of this House knows that, after all these matters have once more been discussed - and they have been adjudged upon already by the vote of the House time after time to the entire vindication of <inline font-weight="bold">Mr. Speaker</inline> Cameron - I shall rise to congratulate <inline font-weight="bold">Mr. Speaker</inline> and the Leader of the Opposition <inline font-weight="bold">(Mr. Chifley)</inline> will add his congratulations to <inline font-weight="bold">Mr. Speaker</inline> upon having attained the office that he once more holds. </para>
        </talk.start>
        <interjection>
          <talk.start>
            <talker>
              <page.no>26</page.no>
              <time.stamp />
              <name.id>KX7</name.id>
              <electorate />
              <party />
              <role />
              <in.gov>0</in.gov>
              <first.speech>0</first.speech>
              <name role="metadata">WARD, Edward</name>
              <name role="display">Mr Ward</name>
            </talker>
            <para>-  Do not be too sure of that ! </para>
          </talk.start>
        </interjection>
        <continue>
          <talk.start>
            <talker>
              <page.no>26</page.no>
              <time.stamp />
              <name.id>N76</name.id>
              <electorate />
              <party />
              <role />
              <in.gov>0</in.gov>
              <first.speech>0</first.speech>
              <name role="metadata">MENZIES, Robert</name>
              <name role="display">Mr MENZIES</name>
            </talker>
            <para>- I hope that I may be sure, because I should never anticipate any breach of parliamentary decorum from the righthonorablegentleman who sits opposite me. I know exactly what is going to happen, and the sooner it happens the better. </para>
          </talk.start>
        </continue>
        <para>Motion (by <inline font-weight="bold">Mr. Menzies)</inline> put by the  Clerk- </para>
        <quote>
          <para>That the question be now put. </para>
        </quote>
      </speech>
      <division>
        <division.header>
          <time.stamp />
          <para>The House divided.</para>
        </division.header>
        <division.data>
          <ayes>
            <num.votes>68</num.votes>
            <title>AYES</title>
          </ayes>
          <noes>
            <num.votes>51</num.votes>
            <title>NOES</title>
          </noes>
        </division.data>
        <para>Majority . .   . . 17 </para>
        <para>AYES</para>
        <para class="block">
          <graphic href="213331195106120_5_1_1_A.jpg" />
        </para>
        <para>NOES</para>
        <para class="block">
          <graphic href="213331195106120_5_1_2_N.jpg" />
        </para>
        <division.result>
          <para class="block">Question so resolvedin the affirmative. </para>
        </division.result>
        <para class="italic">
          <inline font-style="italic">The bells having beenrunganda ballot having been taken,</inline>
        </para>
      </division>
      <speech>
        <talk.start>
          <talker>
            <page.no>26</page.no>
            <time.stamp />
            <name.id>10000</name.id>
            <electorate />
            <party />
            <role />
            <in.gov>0</in.gov>
            <first.speech>0</first.speech>
            <name role="metadata">CLERK, The</name>
            <name role="display">The Clerk</name>
          </talker>
          <para>-  I have to announce the result of the ballot as follows: - <inline font-weight="bold">Mr. Archie</inline> Cameron, 67 votes; <inline font-weight="bold">Mr. Rosevear.</inline> 52 votes. As the honorable member for Barker has secured a majority of the votes of the members present, he is elected to the position of  Speaker  of this House. </para>
        </talk.start>
        <para class="italic">
          <inline font-style="italic">Members of the House then calling</inline>
          <inline font-weight="bold">Mr. Archie</inline>
          <inline font-style="italic">Cameron to the Chair, he was taken out of his place by Mr.McDonald and</inline>
          <inline font-weight="bold">Mr. Bowden</inline>
          <inline font-style="italic">and conducted to the Chair.</inline>
        </para>
        <para>
          <inline font-weight="bold">Mr. SPEAKER</inline>said  On this the second occasion of my election as  Speaker  of this House I thank the House, or those of its members who &#34;voted for me. for this mark of the confidence that they have in me. I shall leave in its proper place, which is oblivion, what was said a little while ago. It might have been better said by lips other than those that uttered it. But when one is over 50 years of age one seldom changes for the better I assure the House that in the20th Parliament the Standing Orders will be administered in exactly the same way as they were administered in the19th Parliament. </para>
        <para>The only other remark that I wish tomake - and this will be the second occasion on which I shall have made it - has reference to the order of precedence of the presiding officers of the two houses of the Parliament of the Commonwealth. The matter has been put by me, in. writing, to the Prime Minister <inline font-weight="bold">(Mr..</inline></para>
        <para class="block">Menzies). It has arisen, on this occasion, out of the visit which I was fortunate enough to be able to make to London last year in connexion with the opening of the new British House of Commons. With the new status accorded to the Dominions as a result of the passage of the Statute of Westminster, it seems to me completely wrong that the presiding officers of the two houses of the Parliament of the Commonwealth should rank lower than the junior Ministers of the Executive. </para>
        <interjection>
          <talk.start>
            <talker>
              <page.no>27</page.no>
              <time.stamp />
              <name.id>L08</name.id>
              <electorate />
              <party />
              <role />
              <in.gov>0</in.gov>
              <first.speech>0</first.speech>
              <name role="metadata">ROSEVEAR, John</name>
              <name role="display">Mr Rosevear</name>
            </talker>
            <para>-  Hear, hear! </para>
          </talk.start>
        </interjection>
      </speech>
      <speech>
        <talk.start>
          <talker>
            <page.no>27</page.no>
            <time.stamp />
            <name.id>10000</name.id>
            <electorate />
            <party />
            <role />
            <in.gov>0</in.gov>
            <first.speech>0</first.speech>
            <name role="metadata">SPEAKER, Mr</name>
            <name role="display">Mr SPEAKER</name>
          </talker>
          <para>- I admit that in that regard I find myself on the same side as the honorable member for Dalley <inline font-weight="bold">(Mr. Rosevear)</inline> occupied on a previous occasion. I put it to the House that no man can become a member of the Executive unless he has first become a member of either of the two Houses of the Parliament. In my view the person elected to preside over either of those Houses, however unworthy he may be, or no matter how many toes he may have trodden on in his political career, is in a position that warrants a higher status than, that accorded to him in the present order of precedence. Having said that,  r  take the chair. </para>
        </talk.start>
        <para class="italic">
          <inline font-weight="bold">Mr. Speaker</inline>
          <inline font-style="italic">having seated himself in the Chair,</inline>
        </para>
        <para>
          <inline font-weight="bold">Mr. MENZIES</inline>(Kooyong - Prime Minister). - I offer to you, sir, our congratulations on your renewed appointment to the high office of  Speaker  of this House. I speak, of course, having heard your remarks just now, with all the disability of a man who has been changing teadily for the worse during the last six Years. Subject to that disability, I assure you that, whatever differences you may have heard about - and I am sure you have not heard of them to-day in your official capacity - everybody in this place has a warm regard for your honesty and your ability. We are particularly glad that, comparatively recently, you had the opportunity in London, at the time of &#34;the opening of the new House of Commons, to meet other presiding officers from other British countries, I have no doubt to your own great advantage as a result of the many contacts you made. We look forward to having, from time to time, the benefit of that additional experience which you have been able to gain. We congratulate you and wish you well. </para>
      </speech>
      <speech>
        <talk.start>
          <talker>
            <page.no>27</page.no>
            <time.stamp />
            <name.id>A48</name.id>
            <electorate>Macquarie</electorate>
            <party />
            <role>Leader of the Opposition</role>
            <in.gov>0</in.gov>
            <first.speech>0</first.speech>
            <name role="metadata">CHIFLEY, Ben</name>
            <name role="display">Mr CHIFLEY</name>
          </talker>
          <para>. - I join with the Prime Minister <inline font-weight="bold">(Mr. Menzies)</inline> in extending congratulations to you, <inline font-weight="bold">Mr. Speaker,</inline> on your election to the very distinguished position that you now hold and on having secured the unanimous backing of the Government and its supporters in thi? House in their nomination of you for that position. I say, as the Prime Minister has said, that whatever differences of opinion there may be nobody in thi? House doubts your complete honesty and integrity. But it would be idle for me to say that some of your actions and rulings during the last Parliament gave anything but profound dissatisfaction to honorable members on this side of the House. In my opinion, some of your rulings were calculated to provoke discord and disharmony and to arouse among Opposition members the feeling that you were not acting in as impartial a manner as the speech which you made on the occasion of your last election to the Speakership of this House would have led honorable members to expect. How- .,. ever, hope springs eternal in the human &#39; breast, and I had hoped that your conduct of the proceedings might have become better as time passed, but the remarks that you have just made rather dissipate any such hopes. In offering you my congratulations I can only say that I regret that that is&#39; the view which&#39; yon have taken of the way in which the proceedings of this House should be conducted. I trust that you will reconsider what you have just said concerning your intention to administer the standing orders in the manner in which you administered them during the last Parliament. </para>
        </talk.start>
        <para>I do not say that in any personal sense. I congratulate you upon having been chosen to occupy the distinguished position to which you have been &#187; elected and I am sure that honorable members on both sides of the House will pay to the Chair the respect to which it is entitled. I can only hope that in return we shall receive completely unbiased treatment in the conduct of the proceedings of this House. </para>
        <continue>
          <talk.start>
            <talker>
              <page.no>28</page.no>
              <time.stamp />
              <name.id>10000</name.id>
              <electorate />
              <party />
              <role />
              <in.gov>0</in.gov>
              <first.speech>0</first.speech>
              <name role="metadata">SPEAKER, Mr</name>
              <name role="display">Mr SPEAKER</name>
            </talker>
            <para>- I thank both right honorable gentlemen for their congratulations. </para>
          </talk.start>
        </continue>
        <para>Presentation to the Governor-General. </para>
        <para>
          <inline font-weight="bold">Mr. MENZIES</inline>(Kooyong- Prime Minister). - I beg to inform honorable members that His Excellency the Governor-General will receive the newly elected Speaker in the Library at 2.44 p.m. this day. </para>
        <continue>
          <talk.start>
            <talker>
              <page.no>28</page.no>
              <time.stamp />
              <name.id>10000</name.id>
              <electorate />
              <party />
              <role />
              <in.gov>0</in.gov>
              <first.speech>0</first.speech>
              <name role="metadata">SPEAKER, Mr</name>
              <name role="display">Mr SPEAKER</name>
            </talker>
            <para>- Prior to my presentation to  His Excellency  the GovernorGeneral, the bells will be rung for three minutes, so that those honorable members who so desire may accompany me to the Library and there be presented to  His Excellency. </para>
          </talk.start>
        </continue>
        <para class="italic">
          <inline font-style="italic">Sitting suspended from 11.58 a.m. to 2.42 p.m.</inline>
        </para>
        <para class="italic">
          <inline font-style="italic">The House proceeded to the Library, and, being re-assembled,</inline>
        </para>
        <continue>
          <talk.start>
            <talker>
              <page.no>28</page.no>
              <time.stamp />
              <name.id>10000</name.id>
              <electorate />
              <party />
              <role />
              <in.gov>0</in.gov>
              <first.speech>0</first.speech>
              <name role="metadata">SPEAKER, Mr</name>
              <name role="display">Mr SPEAKER</name>
            </talker>
            <para>- I have to report that, accompanied by honorable members, I proceeded to the Library of the Parliament and presented myself to His Excellency the Governor-General as the choice of the House. </para>
          </talk.start>
        </continue>
        <para class="block">The Usher <inline font-style="italic">of</inline> the Black Rod, being announced, was admitted, and delivered a message that  His Excellency  the Governor-General desired the attendance of honorable members in the Senate chamber forthwith. </para>
        <para class="italic">
          <inline font-weight="bold">Mr. Speaker</inline>
          <inline font-style="italic">and honorable members attended accordingly and, having re- turned,</inline>
        </para>
      </speech>
    </debate>
    <debate>
      <debateinfo>
        <title>COMMISSION TO ADMINISTER OATH</title>
        <page.no>28</page.no>
        <type>miscellaneous</type>
      </debateinfo>
      <speech>
        <talk.start>
          <talker>
            <page.no>28</page.no>
            <time.stamp />
            <name.id>10000</name.id>
            <electorate />
            <party />
            <role />
            <in.gov>0</in.gov>
            <first.speech>0</first.speech>
            <name role="metadata">SPEAKER, Mr</name>
            <name role="display">Mr SPEAKER</name>
          </talker>
          <para>-(Hon. Archie Cameron). - I have received from His Excellency the Governor-General a commission authorizing me to administer to members of the House the oath, or affirmation, of allegiance. I now lay the commission on the table. </para>
        </talk.start>
      </speech>
    </debate>
    <debate>
      <debateinfo>
        <title>FIFTH MENZIES MINISTRY</title>
        <page.no>28</page.no>
        <type>miscellaneous</type>
      </debateinfo>
      <speech>
        <talk.start>
          <talker>
            <page.no>28</page.no>
            <time.stamp />
            <name.id>N76</name.id>
            <electorate>Kooyong</electorate>
            <party>LP</party>
            <role>Prime Minister</role>
            <in.gov>1</in.gov>
            <first.speech>0</first.speech>
            <name role="metadata">MENZIES, Robert</name>
            <name role="display">Mr MENZIES</name>
          </talker>
          <para>. - I formally announce to the House the names of Ministers constituting the new Ministry - </para>
        </talk.start>
      </speech>
      <subdebate.1>
        <subdebateinfo>
          <title>Prime Minister - The Right Honorable Robert Gordon Menzies, C.H., K.C</title>
          <page.no>28</page.no>
        </subdebateinfo>
      </subdebate.1>
      <subdebate.1>
        <subdebateinfo>
          <title>Treasurer - The Right Honorable Sir Arthur William Fadden, K.C.M.G</title>
          <page.no>28</page.no>
        </subdebateinfo>
        <para>Vice-President of the Executive Council, and Minister for Defence Production - The Honorable Eric John Harrison. </para>
      </subdebate.1>
      <subdebate.1>
        <subdebateinfo>
          <title>Minister for Labour and National Service and Minister for Immigration - The Honorable Harold Edward Holt</title>
          <page.no>28</page.no>
        </subdebateinfo>
        <para>Minister for Commerce and Agriculture - The Honorable John McEwen. </para>
      </subdebate.1>
      <subdebate.1>
        <subdebateinfo>
          <title>Minister for External Affairs - The Right Honorable Richard Gardiner Casey, C.H., D.S.O., M.C</title>
          <page.no>28</page.no>
        </subdebateinfo>
        <para>Minister for Defence, Minister for the Navy and Minister for Air - The Honorable Philip Albert Martin McBride. </para>
      </subdebate.1>
      <subdebate.1>
        <subdebateinfo>
          <title>Minister for Health - The Right Honorable Sir Earle Christmas Grafton Page, G.C.M.G., C.H</title>
          <page.no>28</page.no>
        </subdebateinfo>
        <para>Minister for Trade and Customs - <inline font-weight="bold">Senator the</inline> HonorableNeil O&#39;Sullivan. </para>
        <para>Minister for Shipping and Transport - <inline font-weight="bold">Senator the</inline> Honorable George McLeay. </para>
        <para>Postmaster-General and Minister for Civil Aviation - The HonorableHubert Lawrence Anthony. </para>
        <para>Minister for the Army - The Honorable Josiah Francis. </para>
        <para>Attorney-General - <inline font-weight="bold">Senator the</inline> Honorable John Armstrong Spicer, K.C. </para>
        <para>Minister for National Development - <inline font-weight="bold">Senator the</inline> Honorable William HenrySpooner, M.M. </para>
        <para>Minister for Repatriation - <inline font-weight="bold">Senator the</inline> Honorable Walter Jackson Cooper, M.B.E. </para>
      </subdebate.1>
      <subdebate.1>
        <subdebateinfo>
          <title>Minister for Supply - The Honorable Howard Beale, K.C</title>
          <page.no>28</page.no>
        </subdebateinfo>
        <para>Minister for the Interior and Minister for Works and Housing - The Honorable Wilfred Selwyn Kent Hughes, M.V.O., O.B.E., M.C, E.D. </para>
      </subdebate.1>
      <subdebate.1>
        <subdebateinfo>
          <title>Minister for Social Services - The Honorable Athol Gordon Townley</title>
          <page.no>28</page.no>
        </subdebateinfo>
        <para>Minister for Territories - The Honorable Paul Meernaa . Caed walla Hasluck. </para>
        <para>Senate Ministers will be represented in this House as follows :  - The Minister for Trade and Customs will be represented by the Minister for Defence </para>
        <para class="block">Production. The Minister for Shipping and Transport will be represented by the Postmaster-General. The AttorneyGeneral will he represented by myself. The Minister for National Development will be represented by the Minister for External Affairs. The Minister for Repatriation will be represented by the Minister for the Army. </para>
      </subdebate.1>
    </debate>
    <debate>
      <debateinfo>
        <title>LEADERSHIP OF THE OPPOSITION</title>
        <page.no>29</page.no>
        <type>miscellaneous</type>
      </debateinfo>
      <speech>
        <talk.start>
          <talker>
            <page.no>29</page.no>
            <time.stamp />
            <name.id>A48</name.id>
            <electorate>Macquarie</electorate>
            <party />
            <role />
            <in.gov>0</in.gov>
            <first.speech>0</first.speech>
            <name role="metadata">CHIFLEY, Ben</name>
            <name role="display">Mr CHIFLEY</name>
          </talker>
          <para>- I desire to announce that I have been chosen as Leader of the Opposition and that the right honorable member for Barton <inline font-weight="bold">(Dr. Evatt)</inline> has been chosen as  Deputy  Leader. </para>
        </talk.start>
      </speech>
    </debate>
    <debate>
      <debateinfo>
        <title>LEADERSHIP OF THE AUSTRALIAN COUNTRY PARTY</title>
        <page.no>29</page.no>
        <type>miscellaneous</type>
      </debateinfo>
      <speech>
        <talk.start>
          <talker>
            <page.no>29</page.no>
            <time.stamp />
            <name.id>F4T</name.id>
            <electorate>McPherson</electorate>
            <party>CP</party>
            <role>Treasurer</role>
            <in.gov>0</in.gov>
            <first.speech>0</first.speech>
            <name role="metadata">FADDEN, Arthur William</name>
            <name role="display">Sir ARTHUR FADDEN</name>
          </talker>
          <para>
            <inline font-style="italic">-I</inline>desire to announce that I have been appointed Leader of the Australian Country party and that the honorable member for Murray <inline font-weight="bold">(Mr. McEwen)</inline> has been appointed  Deputy  Leader. </para>
        </talk.start>
      </speech>
    </debate>
    <debate>
      <debateinfo>
        <title>ACTS INTERPRETATION BILL 1951</title>
        <page.no>29</page.no>
        <type>bill</type>
      </debateinfo>
      <para class="block">Motion (by <inline font-weight="bold">Mr. Menzies)</inline> agreed to - </para>
      <quote>
        <para>That leave be given to bring in a bill for an act to amend the Acts Interpretation Act 1901-1950. </para>
      </quote>
      <para class="block">Bill presented, and read a first time. </para>
    </debate>
    <debate>
      <debateinfo>
        <title>GOVERNOR-GENERAL&#39;S SPEECH</title>
        <page.no>29</page.no>
        <type>miscellaneous</type>
      </debateinfo>
      <para class="block">address-in-Reply. </para>
      <speech>
        <talk.start>
          <talker>
            <page.no>29</page.no>
            <time.stamp />
            <name.id>10000</name.id>
            <electorate />
            <party />
            <role />
            <in.gov>0</in.gov>
            <first.speech>0</first.speech>
            <name role="metadata">SPEAKER, Mr</name>
            <name role="display">Mr SPEAKER</name>
          </talker>
          <para>-(Hon. Archie Cameron). - I have to report that the House thisday attended His Excellency the Governor-General in the Senate chamber, where His Excellency was pleased to make a Speech to both Houses of the Parliament, of which I have obtained a copy <inline font-style="italic">(vide</inline> page  12). </para>
        </talk.start>
        <para>Motion (by <inline font-weight="bold">Mr. Menzies)</inline> agreed to - </para>
        <quote>
          <para>That a committee, consisting of <inline font-weight="bold">Mr. Bland, Mr. Brimblecombe,</inline> and the  mover,  be  appointed  to  prepare an Address-in-Reply to the Speech delivered by  His Excellency  the  Governor-General to both Houses of  the  Parliament, and that  the  committee do report at the next sitting. </para>
        </quote>
      </speech>
    </debate>
    <debate>
      <debateinfo>
        <title>QUESTION</title>
        <page.no>29</page.no>
        <type>Questions</type>
      </debateinfo>
      <subdebate.1>
        <subdebateinfo>
          <title>DAYS AND HOURS OF MEETING</title>
          <page.no>29</page.no>
        </subdebateinfo>
        <speech>
          <talk.start>
            <talker>
              <page.no>29</page.no>
              <time.stamp />
              <name.id>N76</name.id>
              <electorate>Kooyong</electorate>
              <party>LP</party>
              <role>Prime Minister</role>
              <in.gov>1</in.gov>
              <first.speech>0</first.speech>
              <name role="metadata">MENZIES, Robert</name>
              <name role="display">Mr MENZIES</name>
            </talker>
            <para>. -  I move - </para>
          </talk.start>
          <quote>
            <para>That the House, at its rising, adjourn to to-morrow, at 3 p.m. </para>
          </quote>
          <para class="block">I point out to honorable members that there are some difficulties about continuously sitting this week - certain other events are occurring - and that, therefore, it is proposed that this week the House shall sit to-morrow afternoon but not to-morrow night, and not on Thursday or Friday. However, I propose to ask the House to sit thereafter on Tuesday, Wednesday, Thursday and Friday of each week. </para>
          <para>Question resolved in the affirmative. </para>
        </speech>
      </subdebate.1>
    </debate>
    <debate>
      <debateinfo>
        <title>PAPERS</title>
        <page.no>29</page.no>
        <type>papers</type>
      </debateinfo>
      <para>The following papers were presented :  - </para>
      <para>Air Force Act - Regulations - Statutory Rules 1051, No. 18. </para>
      <para>Commonwealth Bank Act - </para>
      <para>Appointment Certificate - N. Botham. </para>
      <para>Regulations - Statutory Rules 1051, No. 41. </para>
      <para>Customs Act - Regulations - Statutory Rules 1951, Nos. 34, 38, 43. </para>
      <para>Dairy Produce Export Control Act - Regulations - Statutory Rules 1051, No. 25. </para>
      <para>Defence Act - Regulations - Statutory Rules 1051, Nos. 20, 40. </para>
      <para>Defence (Transitional Provisions) Act - National Security (Industrial Property) Regulations - Orders - Inventions and designs (9). </para>
      <para>Flax Canvas Bounty Act - Regulations - Statutory Rules 1051, No. 17. </para>
      <para>Hospital Benefits Act - Regulations - Statutory Rules1951 , No. 28. </para>
      <para>Lands Acquisition Act - Land, &#38;c., acquired for - </para>
      <para>Defence purposes - </para>
      <para>North Sydney, New South Wales. </para>
      <para>Puckapunyal, Victoria. </para>
      <para>Queenscliff, Victoria. </para>
      <para>Woodstock, Queensland. </para>
      <para>Department of Civil Aviation purposes - </para>
      <para>Ararat, Victoria. </para>
      <para>Cooktown, Queensland. </para>
      <para>Eagle Farm, Queensland. </para>
      <para>Griffith, New South Wales. </para>
      <para>Western Junction, Tasmania. </para>
      <para>Immigration purposes - Devonport, Tasmania. </para>
      <para>Postal purposes - </para>
      <para>Bairnsdale, Victoria. </para>
      <para>Bendigo, Victoria. </para>
      <para>Benjaberring, Western Australia. </para>
      <para>Bingara. New South Wales. </para>
      <para>Crows Nest, New South Wales. </para>
      <para>Fivedock, New South Wales. </para>
      <para>Griffith, New South Wales. </para>
      <para>Launceston, Tasmania. </para>
      <para class="block">Newstead, Tasmania. </para>
      <para class="block">Northcote, Victoria. </para>
      <para class="block">Oakleigh, Victoria. </para>
      <para class="block">Omeo, Victoria. </para>
      <para class="block">Pine Point, South Australia. </para>
      <para class="block">Redfern, New South Wales. </para>
      <para class="block">South Kumminin, Western Australia. </para>
      <para class="block">Two Wells, South Australia. </para>
      <para class="block">Westbury, Tasmania. </para>
      <para class="block">Williams, Western Australia. </para>
      <para class="block">Young, New South Wales. </para>
      <para class="block">Meat Export Control Act - Regulations - Statutory Rules 1951, Nos. 29, 35. </para>
      <para>National Service Act - Regulations - Statutory Rules 1951, No. 32. </para>
      <para>Nationality and Citizenship (Burmese) Act - Regulations - Statutory Rules 1951, No. 21. </para>
      <para class="block">Naval Defence Act - Regulations - Statutory Rules 1951, No. 36. </para>
      <para class="block">Navigation Act - Regulations - Statutory Rules 1951, No. 37. </para>
      <para class="block">Papua and New Guinea Act - Ordinances - 1951- </para>
      <para>No. 1 - Superannuation. </para>
      <para>No. 2 - Volcanic and Seismic Disturbances. </para>
      <para>No. 3 - Administration or Contracts. </para>
      <para>No. 4 - Matrimonial Causes (Papua). </para>
      <para>No. 5 - Divorce and Matrimonial Causes (New Guinea) . </para>
      <para>No.6 - Petroleum (Prospecting and Mining) . </para>
      <para>No. 7 - Arbitration (Public Service). </para>
      <para>Pharmaceutical Benefits Act - Regulations - </para>
      <para>Statutory Rules 1951, No. 15. </para>
      <para>Post and Telegraph Act - Regulations - Statutory Rules1951, Nos. 22, 23. </para>
      <para>Post and Telegraph Act and Wireless Telegraphy Act - Regula tions - Statutory ules, 1951 , No. 24. </para>
      <para>Public Service Act - </para>
      <para>Appointments - Department - </para>
      <para>Air- O. C. Matta. </para>
      <para>Civil Aviation - W.O. Aim. J. L. R. Atkinson. N. V. Brown, A. M. Cox, W. G.Feige. C. W. Fennell. S. W. Hart. K. H. King. J. R.Krygger, K. P. B. Lee. L. M. Leslie, N. Silberberg, C. L. Tottenham, C. E. Williams. </para>
      <para>Commerce and Agriculture - E. J. Johnston. </para>
      <para>Defence - G. R. Dunbar. J. K.Geary, G. H. Heyen, E. L. D. White. </para>
      <para>Fuel. Shipping and Transport - M. T. Duggan, W. T. McFadyen. </para>
      <para>Interior - J. F. Turner. </para>
      <para>Labour andNational Service - G. Brett. </para>
      <para>S. D. Lay, G. G. Milne. </para>
      <para>National Development - J. G. Best. J. L. Bruce. R. N. Collin. K. H. Danks. </para>
      <para>G.  R. Giles, C. M. Gray, N. J. Mackay, S. M. Moorreess. J. G. Munro. </para>
      <para>Prime Minister&#39;s: - P. M. Finley. D. C. Sutherland. </para>
      <para>Repatriation - K. Finch. D. C.Forsyth. W. P. Harris, P. G. Hayes, P.M. Johnston. M. A. Laidler, J. D. MacLeod. P. E. Mason, R. M. Peel. B.Pelling,. E. J.Taylor. P.Whyment, D. L.Wilhelm. </para>
      <para>Social Services - E. A. Will. </para>
      <para>Works and Housing- R. W.Amess. E. H. Barker, C. T. Bath, T. G. Chapman, F. Chisholm, W. G. Collins, W. J. Dennis, A. Dutton, J. Fergusson. D. T. Fraser, B. G. Gloury, G. G. H. Hardinge, R. R. Hartigan, R. J. B. Hiscox, R. L. Howarth, D. A. Hunt, J. G. Hutchison, A. G. Hutton, E. Jensen, R. E. Jobson, D. J. Law, J. J. Lopes, J. T. McCarthy, A. L. McKinnon, R. B. Oastler, L. W. O&#39;Connor, B. P. Powditch, F. R. Price. R. S. Purdie, N. B. Ricketts, G. H. Robertson, R. G. Sercombe, F. I. H. Smalpage, A . P. Smith, R. G. Smith. T. Stillman, P. R. Swan, A. W. Taunton, C. M. Teague, C. A. Tonisseu. J. A. Vines, J. Walls, R. C. Whiting. G. W. Wildman, A. J. Wilson. </para>
      <para>Regulations- Statutory Rules 1951., Nos. 13, 33. </para>
      <para>No.26, 27 (Parliamentary Officers). </para>
      <para>Public Service Arbitration Act - Determinations by the Arbitrator, &#38;c. - 1951 - </para>
      <para>No. 18 - TransportWorkers&#39; Unionof Australia. </para>
      <para>No. 19 - Non-official Postmasters&#39; Association of Australia. </para>
      <para>No. 20 - AmalgamatedEngineering Union and others. </para>
      <para>No. 21 - Professional Officers&#39; Association, Commonwealth Public Service. </para>
      <para>No. 22 - Federated Clerks&#39; Union of Australia. </para>
      <para>No. 23 - Australian Journalists&#39; Asso ciation. </para>
      <para>No. 24 - Amalgamated Postal Workers&#39; Union. </para>
      <para>No. 25 - Commonwealth Public Service Clerical Association. </para>
      <para>No. 20 - Australian Journalists&#39; Asso ciation. </para>
      <para>No. 27 - Amalgamated Engineering Union and others. </para>
      <para>No. 28 - Transport Workers&#39; Union of Australia. </para>
      <para>No. 29 - Federated Clerics&#39; Union of Australia. </para>
      <para>No. 30 - Commonwealth Telegraph Traffic and Supervisory Officers&#39; Association. </para>
      <para>No. 31 - Printing Industry Employees&#39; Union of Australia. </para>
      <para>No. 32 - Commonwealth Public Service Artisans&#39; Association. </para>
      <para>No. 33 - Australian Journalists&#39; Association. </para>
      <para>No. 34 - Commonwealth Public Service Clerical Association. </para>
      <para>No. 35 - Commonwealth Public Service Artisans&#39; Association. </para>
      <para>No.36 - Australian Workers&#39; Union. </para>
      <para>No. 37 - Association of Railway Profes sional Officers of Australia. </para>
      <para>No. 38 - Postal Overseers&#39; Union of Australia. </para>
      <para>No. 39 - Amalgamated Engineering Union and others. </para>
      <para>No. 40 - Federated Clerks&#39; Union of Australia. </para>
      <para>No. 41  -  Amalgamated Engineering Union and others. </para>
      <para>No. 42  -  Federated Miscellaneous Workers&#39; Union of Australia. </para>
      <para>Scat of Government Acceptance Act and Seat of Government (Administration) Act - Ordinances  -  1961 - </para>
      <para>No. 2 - Workmen&#39;s Compensation. </para>
      <para>No.3  -  Public Health. </para>
      <para>No. 4 - Commonwealth Jubilee Holiday. </para>
      <para class="block">Regulations  -  1951  -  No. 1  -  (Buildings and Services Ordinance). </para>
      <para class="block">Superannuation Act - Superannuation Board - Twenty-sixth Annual Report, for year  1947-48. </para>
      <para>Treaty of Peace (Germany) Act - Regulations - Statutory Rules 1951, No. 31. </para>
      <para>War Services Homes Act - </para>
      <para>Land acquired - Burnie, Tasmania.. </para>
      <para>Regulations - Statutory Rules 1951, No. 16. </para>
      <para>Wine Overseas Marketing Act- Regulations -Statutory Rules 1951, No. 30. </para>
      <para>Wireless Telegraphy Act - Regulations - Statutory Rules 1951, No. 19. </para>
      <para>Wool Products Bounty Act - Reflations - Statutory Rules 1951, No. 39. </para>
    </debate>
    <adjournment>
      <adjournmentinfo>
        <page.no>31</page.no>
        <time.stamp>15:51:00</time.stamp>
      </adjournmentinfo>
      <para class="block">House adjourned at 3.51 p.m. </para>
    </adjournment>
  </chamber.xscript>
</hansard>
