<?xml version="1.0" encoding="utf-8"?>
<hansard xsi:noNamespaceSchemaLocation="../../hansard.xsd" version="2.1" xmlns:xsi="http://www.w3.org/2001/XMLSchema-instance">
  <session.header>
    <date>1914-06-05</date>
    <parliament.no>5</parliament.no>
    <session.no>2</session.no>
    <period.no>0</period.no>
    <chamber>REPS</chamber>
    <page.no>1917</page.no>
    <proof>0</proof>
  </session.header>
  <chamber.xscript>
    <para>Ho use ofRepresentatives. </para>
    <business.start>
      <day.start>1914-06-05</day.start>
      <para>
        <inline font-weight="bold">Mr. Speaker</inline>took the chair at  10.30  a.m., and read prayers. </para>
    </business.start>
    <debate>
      <debateinfo>
        <title>AUSTRALIAN INDUSTRIES PRESERVATION BILL</title>
        <page.no>1917</page.no>
        <type>bill</type>
      </debateinfo>
      <para>Bill presented by <inline font-weight="bold">Mr. Groom,</inline> and read a first time. </para>
    </debate>
    <debate>
      <debateinfo>
        <title>QUESTION</title>
        <page.no>1917</page.no>
        <type>Questions</type>
      </debateinfo>
      <subdebate.1>
        <subdebateinfo>
          <title>DISSOLUTION OF PARLIAMENT</title>
          <page.no>1917</page.no>
        </subdebateinfo>
        <para>Grant of Supply</para>
        <speech>
          <talk.start>
            <talker>
              <page.no>1917</page.no>
              <time.stamp />
              <name.id>F4N</name.id>
              <electorate>WIDE BAY, QUEENSLAND</electorate>
              <party />
              <role />
              <in.gov>0</in.gov>
              <first.speech>0</first.speech>
              <name role="metadata">FISHER, Andrew</name>
              <name role="display">Mr FISHER</name>
            </talker>
            <para>- I ask the Prime Minister whether he has any communication to make to the House, or whether he intends to pursue a course which will enable us to look upon his smiling face a little longer! </para>
          </talk.start>
        </speech>
        <speech>
          <talk.start>
            <talker>
              <page.no>1917</page.no>
              <time.stamp />
              <name.id>F4S</name.id>
              <electorate>PARRAMATTA, NEW SOUTH WALES</electorate>
              <party>LP</party>
              <role>Minister for Home Affairs</role>
              <in.gov>1</in.gov>
              <first.speech>0</first.speech>
              <name role="metadata">COOK, Joseph</name>
              <name role="display">Mr JOSEPH COOK</name>
            </talker>
            <para>- A day or two ago I tendered certain advice to His Excellency the Governor-General, which he has been pleased to accept, and I have to announce to the House that His Excellency has decided to dissolve simultaneously both Houses of the Parliament so soon as the ordinary provision has been made for the conduct of the Public Service during the time of the elections. Following the usual . practice, I therefore move- </para>
          </talk.start>
          <para class="block">That the House do now adjourn. </para>
          <para class="block">Question resolved in the affirmative. </para>
        </speech>
      </subdebate.1>
    </debate>
    <adjournment>
      <adjournmentinfo>
        <page.no>1917</page.no>
        <time.stamp>10:35:00</time.stamp>
      </adjournmentinfo>
      <para class="block">House adjourned at  10.35  a.m. </para>
    </adjournment>
  </chamber.xscript>
</hansard>