<?xml version="1.0" encoding="utf-8"?>
<hansard xsi:noNamespaceSchemaLocation="../../hansard.xsd" version="2.1" xmlns:xsi="http://www.w3.org/2001/XMLSchema-instance">
  <session.header>
    <date>1952-10-02</date>
    <parliament.no>20</parliament.no>
    <session.no>1</session.no>
    <period.no>5</period.no>
    <chamber>SENATE</chamber>
    <page.no>2495</page.no>
    <proof>0</proof>
  </session.header>
  <chamber.xscript>
    <para class="block">Senate. </para>
    <business.start>
      <day.start>1952-10-02</day.start>
      <para>The <inline font-weight="bold">President (Senator the Hon. Edward Mattner)</inline> took the chair at 10.30 a.m., and read prayers. </para>
    </business.start>
    <debate>
      <debateinfo>
        <title>DEATH OF THE HONORABLE HUBERT PETER LAZZARINI M.P</title>
        <page.no>2495</page.no>
        <type>miscellaneous</type>
      </debateinfo>
      <speech>
        <talk.start>
          <talker>
            <page.no>2495</page.no>
            <time.stamp />
            <name.id>JZI</name.id>
            <electorate>QueenslandMinister for Trade and Customs</electorate>
            <party>LP</party>
            <role>Minister for Trade and Customs</role>
            <in.gov>1</in.gov>
            <first.speech>0</first.speech>
            <name role="metadata">O&#39;SULLIVAN, Neil</name>
            <name role="display">Senator O&#39;SULLIVAN</name>
          </talker>
          <para>- <inline font-style="italic">by leave</inline> - Honorable senators will have heard with deep regret of the death of <inline font-weight="bold">Mr. H.</inline> P. Lazzarini, member for Werriwa in the House of Representatives, who died in Sydney last night after a long illness. He was first elected to the House of Representatives for the Division of Werriwa in 1919, and except for a period of three years, represented that division until the time of his death. </para>
        </talk.start>
        <para>He was Minister for Home Security &#34;from October, 1941, to September, 1943, and Acting Minister for Air and Acting&#39; Minister for Civil Aviation from October, 1944, until January, 1945. He was Minister for Home Security and Minister for Works and Housing from July, 1945, to November, 1946. </para>
        <para>Although I did not have the privilege of knowing intimately the deceased gentleman, I knew him well by repute. His reputation was one of devoted loyalty to his cause and his colleagues. </para>
        <para>I move - </para>
        <quote>
          <para>That the Senate expresses its deep regret at the death of the Honorable Hubert Peter Lazzarini, Member for the Division of Werriwa in the House of Representatives and former Commonwealth Minister, places on record its appreciation of his long and meritorious public service, and tenders its sincere sympathy to his widow and &#39; members of his family in their bereavement. </para>
        </quote>
      </speech>
      <speech>
        <talk.start>
          <talker>
            <page.no>2496</page.no>
            <time.stamp />
            <name.id>KTN</name.id>
            <electorate>Tasmania</electorate>
            <party />
            <role>Leader of the Opposition. - On --behalf of the Opposition I second the motion moved by the Minister for Trade and Customs (Senator O&#39;sullivan</role>
            <in.gov>0</in.gov>
            <first.speech>0</first.speech>
            <name role="metadata">MCKENNA, Nicholas</name>
            <name role="display">Senator McKenna</name>
          </talker>
          <para>. The death of <inline font-weight="bold">Mr. II.</inline> P. Lazzarini was not unexpected by his friends and intimates, and it draws attention to the honoured place that his name occupies in the history of the Australian Labour party, which includes, of course, a very substantial part of&#39; the history of Australia itself. </para>
        </talk.start>
        <para>The Minister has formally placed on record the high-lights of the long career of public service of the late honorable gentleman, who was privileged to serve . his country in the highest administrative offices, and at a time when it was passing through one of the greatest crises in our history. I refer, of course, to the horrors associated with the period of World War II. </para>
        <para>I had the privilege of knowing <inline font-weight="bold">Mr. Lazzarini</inline> ever since I entered the Senate on the 1st July, 1944. I had a -close and intimate relationship with him, not only in the Parliament, but also in a Cabinet in which we both served under the late <inline font-weight="bold">Mr. Chifley.</inline> I think that it is also worthy of mention that <inline font-weight="bold">Mr. Lazzarini</inline> and <inline font-weight="bold">Mr. Chifley</inline> were long and intimate friends for the best part of a lifetime. Many -Opposition .senators also had a lifelong association and friendship with <inline font-weight="bold">Mr. Lazzarini.</inline> Those who knew him even casually will realize that he had a most kindly disposition and was a cheerful and great-hearted companion. He was one of those rare individuals who appreciate the great value of kindness in little things in all their relationships with&#39; their fellow men. </para>
        <para>
          <inline font-weight="bold">Mr. Lazzarini</inline>was a deeply religions man and it is a consolation to his friends to know&#39; that his long illness gave him the blessing of ample time in which to prepare for his end. We know that he took the fullest advantage of that opportunity. As one might expect from a man of his calibre, <inline font-weight="bold">Mr. Lazzarini</inline> was a devoted family man. He took great pride in his family and had cause for great joy in that family. By his death, his electorate,, the Parliament and, indeed, all Australia is poorer. My colleagues and I sincerely deplore his passing.  His  memory will ever be fresh with us and to-day our thoughts extend, in particular, to the bereaved surviving members of his family. . To them I, and all my colleagues of the Opposition, extend our deepest and most sincere sympathy. </para>
      </speech>
      <speech>
        <talk.start>
          <talker>
            <page.no>2496</page.no>
            <time.stamp />
            <name.id>JQP</name.id>
            <electorate>Queensland</electorate>
            <party>CP</party>
            <role>Minis- .ter for Repatriation</role>
            <in.gov>0</in.gov>
            <first.speech>0</first.speech>
            <name role="metadata">COOPER, Walter</name>
            <name role="display">Senator COOPER</name>
          </talker>
          <para>. - The members of the Australian Country party desire to associate themselves with the motion before the Senate and to express their deep regret at the death of <inline font-weight="bold">Mr. Lazzarini.</inline> I had the privilege of knowing the late <inline font-weight="bold">Mr. Lazzarini</inline> over quite a number of years. I appreciated the many humane and human qualities that he possessed. He was at home with people in all walks of life and could associate himself with those upon the lowest rung and those upon the highest. I think that that ability gave him a great knowledge of the general thinking of people in various walks of life throughout the country and was of very great assistance to him in the public work that he took up.  His  knowledge .was of valuable account in the general progress of Australia. We desire to extend pur deepest sympathy to his widow and the members of his family. </para>
        </talk.start>
        <para>Question resolved in the affirmative, honorable senators standing in their places. </para>
      </speech>
    </debate>
    <debate>
      <debateinfo>
        <title>ADJOURNMENT</title>
        <page.no>2497</page.no>
        <type>adjournment</type>
      </debateinfo>
      <para class="block">Motion (toy <inline font-weight="bold">Senator O&#39;sullivan)</inline> agreed to - </para>
      <quote>
        <para>That, as a mark oi respect to the memory of the deceased member, the Senate do now adjourn. </para>
      </quote>
    </debate>
    <adjournment>
      <adjournmentinfo>
        <page.no>2497</page.no>
        <time.stamp>10:39:00</time.stamp>
      </adjournmentinfo>
      <para>Senate adjourned at 10.39 a.m. </para>
    </adjournment>
  </chamber.xscript>
</hansard>