
<hansard xsi:noNamespaceSchemaLocation="../../hansard.xsd" version="2.1" xmlns:xsi="http://www.w3.org/2001/XMLSchema-instance">
  <session.header>
    <date>1942-02-20</date>
    <parliament.no>16</parliament.no>
    <session.no>1</session.no>
    <period.no>6</period.no>
    <chamber>REPS</chamber>
    <page.no>6</page.no>
    <proof>0</proof>
  </session.header>
  <chamber.xscript>
    <para class="block">House of Representatives. </para>
    <business.start>
      <day.start>1942-02-20</day.start>
      <para>
        <inline font-weight="bold">Mr. Speaker (Hon. W.M. Mairn)</inline>rook the chair at 3 p.m., and read prayers. </para>
    </business.start>
    <debate>
      <debateinfo>
        <title>WAR SITUATION</title>
        <page.no>6</page.no>
        <type>miscellaneous</type>
      </debateinfo>
      <subdebate.1>
        <subdebateinfo>
          <title>Secret Meeting of Senators and Members</title>
          <page.no>6</page.no>
        </subdebateinfo>
        <speech>
          <talk.start>
            <talker>
              <page.no>6</page.no>
              <time.stamp />
              <name.id>009FQ</name.id>
              <electorate>Fremantle</electorate>
              <party>ALP</party>
              <role>Prime Minister</role>
              <in.gov>1</in.gov>
              <first.speech>0</first.speech>
              <name role="metadata">CURTIN, John</name>
              <name role="display">Mr CURTIN</name>
            </talker>
            <para>. - <inline font-style="italic">by leave</inline> - I move - </para>
          </talk.start>
          <quote>
            <para>That a joint meeting of members of the <inline font-style="italic">Senate</inline> and of the House of Representatives be convened for 4 p.m. this day, for the purpose of discussing in secret the present war, and hearing confidential reports in relation thereto. </para>
          </quote>
          <para>In anticipation of that motion being carried a regulation has been gazetted providing that there shall be complete observance of the obligation of secrecy upon both the country and members of the legislature. That regulation reads-  1.The proceedings at any meeting of  the  Senate and of the House of Representatives convened by the Prime Minister, the  President  of the Senate, or the  Speaker  of the House of Representatives, or by any or all of those persons, for the purpose of discussing in secret the present war and hearing confidential reports in relation thereto, shall  be  kept secret. </para>
          <list type="decimal-dotted">
            <item label="2.">
              <para>A person shall not divulge any information made known at any such meeting, or publish or cause to be published any report being or purporting to be a report of any such proceedings, or of any portion thereof, except a report made officially by the Prime Minister. </para>
            </item>
          </list>
          <para>This regulation shall not apply to anyjoint meeting of members of the Senate and of the House of Representatives unless each House has carried a resolution that a joint meeting of members of the Senate and of the House of Representatives be convened for the purpose of discussing in secret the present war and hearing confidential reports in relation thereto. </para>
          <para>I put it to the House that it is utterly impossible, having regard to the requirements of security, for all of the circumstances in relation to the present position of the war to be discussed openly in public places. That necessarily includes this chamber and another place, because of the publicity which inevitably is given to the proceedings in Parliament. Anything less than a full and frank debate, would be, in the circumstances, a travesty of what the country requires. Whatever we may do subsequently, it is at least the duty of this Parliament to know all that  can be known, and to express itself freely in respect of what is known, so that what has been, isbeing, and may be done, may be reviewed, and such wisdom as may be deducible from all of it may be applied to the requirements, which are very great and involve the security of Australia. I have only to add that the trusteeship which devolves upon all of us has never previously in the history of our country been so exacting. I feel the position very deeply, but no more, I am sure, than does any other honorable member of this House. I submit that the motion is a proper one, and that the procedure proposed is a necessary preliminary to any other discussions that we may have. </para>
          <interjection>
            <talk.start>
              <talker>
                <page.no>7</page.no>
                <time.stamp />
                <name.id>N76</name.id>
                <electorate />
                <party />
                <role />
                <in.gov>0</in.gov>
                <first.speech>0</first.speech>
                <name role="metadata">MENZIES, Robert</name>
                <name role="display">Mr Menzies</name>
              </talker>
              <para>-  This will not exclude future public discussion? </para>
            </talk.start>
          </interjection>
          <continue>
            <talk.start>
              <talker>
                <page.no>7</page.no>
                <time.stamp />
                <name.id>009FQ</name.id>
                <electorate />
                <party />
                <role />
                <in.gov>0</in.gov>
                <first.speech>0</first.speech>
                <name role="metadata">CURTIN, John</name>
                <name role="display">Mr CURTIN</name>
              </talker>
              <para>- No. When this motion is carried, I propose merely to ask the House to suspend the sitting. </para>
            </talk.start>
          </continue>
        </speech>
        <speech>
          <talk.start>
            <talker>
              <page.no>7</page.no>
              <time.stamp />
              <name.id>F4T</name.id>
              <electorate>Darling Downs</electorate>
              <party />
              <role>Leader of the Opposition</role>
              <in.gov>0</in.gov>
              <first.speech>0</first.speech>
              <name role="metadata">FADDEN, Arthur William</name>
              <name role="display">Mr FADDEN</name>
            </talker>
            <para>. -  The Opposition wholeheartedly supports the motion. If it be carried, members of this House and of the Senate wall be given the opportunity to hear a frank and free disclosure of whatever information is available in relation to the war, particularly as it affects Australia; and whatever information is given will be kept in the secrecy stipulated by the regulation that the Prime Minister has read. </para>
          </talk.start>
        </speech>
        <speech>
          <talk.start>
            <talker>
              <page.no>7</page.no>
              <time.stamp />
              <name.id>JTY</name.id>
              <electorate>Barker</electorate>
              <party>ALP</party>
              <role>Minister for Aircraft Production</role>
              <in.gov>1</in.gov>
              <first.speech>0</first.speech>
              <name role="metadata">CAMERON, Archie</name>
              <name role="display">Mr ARCHIE CAMERON</name>
            </talker>
            <para>. - It is quite true, as the Prime Minister has said, that a very heavy responsibility devolves on this Parliament to-day. But it is not a responsibility that we have acquired since the war with Japan began. On the contrary, it is one that goes back a long way further than that point. According to the press, it is regarded as necessary that there shall be no post-mortems in this place as to why we are in the position that we occupy. I make the pronouncement early, and I hope frankly, that I do not agree with that view. I do not concede that the business of this country, in the crisis with which we are faced to-day, can be satisfactorily settled at a secret meeting. According to the regulation, the only statement that will be permitted to issue from a secret meeting of senators and members will be such as the Prime Minister may care to make to the press. </para>
          </talk.start>
          <para class="block">One of these days, King Compromise will cease to rule in this Parliament. When that happens, it will be necessary for the view of the Opposition to be put by the Leader of the Opposition. Therefore, I take this early opportunity of impressing upon the Leader of the Government the necessity for making some provision to enable the accredited leader of this side of the House to say to the country, after a secret meeting, those things which the Opposition considers the country ought to be told. I have never been an admirer of secret meetings. In my view, they were very important in the past for what they failed to produce rather than for the good that they did in the Parliament. The urgent necessity today is, not that we shall go into a secret meeting, but that certain very important matters shall be discussed by this Parliament in the light of day. In order that that may be done, one or two honorable gentlemen in this place will have to go in for a little surgery, and one or two post-mortems will have to be conducted in order to discover how the patient died, whether it was by the knife, by poisoning, or in some other way. However, let me say this: there are certain vital things which it is necessary to do in this country to-day, and whilst I am not in any sense derogating from what the Government is trying to do, I say that those things have not yet been done. There is no sign of their being done, It is no longer a case, as the right honorable member for North Sydney <inline font-weight="bold">(Mr. Hughes)</inline> has said so many times, of the enemy hammering at the gates. The enemy is bombing the back door. Whilst we have seen quite a lot in the way of giving effect to certain financial proposals - some of which we shall discuss at a later stage - we do not hear the Government saying to the man-power of this country: &#34;Get to work; there are too many coal-mines idle; there is too much hold-up of industry &#34;. We are entitled to demand, in view of the prospect facing us to-day, that obstructions of this kind shall not be allowed to continue. </para>
          <interjection>
            <talk.start>
              <talker>
                <page.no>7</page.no>
                <time.stamp />
                <name.id>KNX</name.id>
                <electorate />
                <party />
                <role />
                <in.gov>0</in.gov>
                <first.speech>0</first.speech>
                <name role="metadata">HARRISON, Eric</name>
                <name role="display">Mr Harrison</name>
              </talker>
              <para>-  The trouble is that members of the Government say that they will do these things, but do not give effect to their promises. </para>
            </talk.start>
          </interjection>
          <para>
            <inline font-weight="bold">Mr. ARCHIE</inline>CAMERON.Well, something of that sort went on before.  If I  am compelled to delve into history, there may be more than one who will have to be carved up. The sooner the House gets into open session, the sooner the people of this country are given a clear indication of what we are doing, and the sooner the Government shows that  it is  prepared to take necessary and vital steps, the better it will be for the defence  of  the country. We cannot plead, as I have heard it pleaded so many times before, that there is no enemy to worry about, or that Russia or some other country is going to fight our battles for  us.  We must now realize that we have  to  fight this battle with our own fists and our ownbrains, standing on our own big, flat feet. </para>
          <para>Question resolved in the affirmative. </para>
          <para class="italic">
            <inline font-style="italic">Sitting suspended from3.13 to 10.5 p.m.</inline>
          </para>
        </speech>
      </subdebate.1>
    </debate>
    <debate>
      <debateinfo>
        <title>ASSENT TO BILLS</title>
        <page.no>8</page.no>
        <type>bill</type>
      </debateinfo>
      <para>Assent to the following bills reported - </para>
      <para>Income Tax Bill (No. 2) 1941. </para>
      <para>Income Tax Assessment Bill (No. 2) 1941. </para>
      <para>War Tax Bill 1941. </para>
    </debate>
    <debate>
      <debateinfo>
        <title>MINISTERIAL DUTIES</title>
        <page.no>8</page.no>
        <type>miscellaneous</type>
      </debateinfo>
      <speech>
        <talk.start>
          <talker>
            <page.no>8</page.no>
            <time.stamp />
            <name.id>009FQ</name.id>
            <electorate>Fremantle</electorate>
            <party>ALP</party>
            <role>Prime Minister</role>
            <in.gov>1</in.gov>
            <first.speech>0</first.speech>
            <name role="metadata">CURTIN, John</name>
            <name role="display">Mr CURTIN</name>
          </talker>
          <para>. - I desire to inform honorable members that, having regard to the importance of the administration of  the  Army, I have appointed <inline font-weight="bold">Senator Fraser,</inline> who is Minister of State for External Territories and Minister assisting the Minister for Commerce, to assist also the Minister for the Army. </para>
        </talk.start>
      </speech>
    </debate>
    <debate>
      <debateinfo>
        <title>SPECIAL ADJOURNMENT</title>
        <page.no>8</page.no>
        <type>special adjournment</type>
      </debateinfo>
      <para>Motion (by <inline font-weight="bold">Mr. Curtin)</inline> agreed to - </para>
      <quote>
        <para>That the House, at its rising, adjourn to Wednesday next, at 3 p.m. </para>
      </quote>
    </debate>
    <debate>
      <debateinfo>
        <title>ADJOURNMENT</title>
        <page.no>8</page.no>
        <type>adjournment</type>
      </debateinfo>
      <para>Broadcasting  -  Militia Call-up - &#163;35,000,000 Liberty Loan. </para>
      <para>Motion (by <inline font-weight="bold">Mr. Curtin)</inline> proposed - </para>
      <quote>
        <para>That the House do now adjourn. </para>
      </quote>
      <speech>
        <talk.start>
          <talker>
            <page.no>8</page.no>
            <time.stamp />
            <name.id>JTY</name.id>
            <electorate>Barker</electorate>
            <party>ALP</party>
            <role />
            <in.gov>1</in.gov>
            <first.speech>0</first.speech>
            <name role="metadata">CAMERON, Archie</name>
            <name role="display">Mr ARCHIE CAMERON</name>
          </talker>
          <para>. -  I had occasion to-night to listen  to  the broadcast service from Canberra.  I  have already spoken to the Minister for the Army <inline font-weight="bold">(Mr. Forde)</inline> who said that the announcer was supplied with a statement of what was to be broadcast. My hearing is good. What went over the air was a statement that no further cables to members of the Australian Imperial Force should be lodged at post offices. I heard no qualification as to the destination of such cables. According to a statement which the Postmaster-General <inline font-weight="bold">(Senator Ashley)</inline> showed to me just now, there was supposed to be a qualification in respect of Malaya or Singapore. The whole thing is too stupid for words. These things should not be broadcast. If people are not to send cables to members of the Australian Imperial Force overseas, the place to stop them is at the post office: we should not give to other nations the idea that our cable service is all upset. In the present situation any man with sense must know that he cannot send cables to prisoners of war. Time and time again I have referred to the nature of some of our broadcasts and the gabbling that takes place. If this sort of thing goes on it is time that some body was put up against the wall. Men&#39;s lives are lost, or placed in jeopardy, simply because some one wants to broadcast a message on the air. It is time that this matter was taken up seriously. I listened to to-night&#39;s broadcast in company with another army officer, whose word that neither he nor I heard any qualification will be accepted. </para>
        </talk.start>
        <interjection>
          <talk.start>
            <talker>
              <page.no>8</page.no>
              <time.stamp />
              <name.id>JNX</name.id>
              <electorate />
              <party />
              <role />
              <in.gov>0</in.gov>
              <first.speech>0</first.speech>
              <name role="metadata">BARNARD, Herbert</name>
              <name role="display">Mr Barnard</name>
            </talker>
            <para>-  At what time was the message announced? There was a qualification when I heard the announcement. </para>
          </talk.start>
        </interjection>
        <continue>
          <talk.start>
            <talker>
              <page.no>8</page.no>
              <time.stamp />
              <name.id>JTY</name.id>
              <electorate />
              <party />
              <role />
              <in.gov>0</in.gov>
              <first.speech>0</first.speech>
              <name role="metadata">CAMERON, Archie</name>
              <name role="display">Mr ARCHIE CAMERON</name>
            </talker>
            <para>- I have had too much experience as a former Postmaster-General not to know that announcers do not always give over the air the precise statement which is handed to them to read. The obvious thing to do is not to take any risk. The right place to stop cables is at the post office. It would be easy to have notices there intimating that cables for certain places will not be accepted. I rose, not with any desire to create difficulties, but simply because I do know the seriousness of this sort of thing. Recently, a broadcast statement by the Minister for the Navy <inline font-weight="bold">(Mr. Makin)</inline> in which reference was made to broomsticks and rifles was repeated a few hours later on the Japanese radio. </para>
          </talk.start>
        </continue>
        <interjection>
          <talk.start>
            <talker>
              <page.no>9</page.no>
              <time.stamp />
              <name.id>KUG</name.id>
              <electorate />
              <party />
              <role />
              <in.gov>0</in.gov>
              <first.speech>0</first.speech>
              <name role="metadata">SPENDER, Percy</name>
              <name role="display">Mr Spender</name>
            </talker>
            <para>- How did it get there? </para>
          </talk.start>
        </interjection>
        <continue>
          <talk.start>
            <talker>
              <page.no>9</page.no>
              <time.stamp />
              <name.id>JTY</name.id>
              <electorate />
              <party />
              <role />
              <in.gov>0</in.gov>
              <first.speech>0</first.speech>
              <name role="metadata">CAMERON, Archie</name>
              <name role="display">Mr ARCHIE CAMERON</name>
            </talker>
            <para>- I do not know how it got there, but I do know that it got back again. This is not the first time that this kind of thing has happened. When a previous government was in power I had occasion to make similar criticism. I do not say that the position is worse now, but I do say that it is time that men in responsible positions understood that they cannot go on making these statements. By means of short wave wireless, statements which appear in the press may he in enemy hands within a few minutes. The risk is too great. If there is to be any closing of our ranks in this country, and any safeguarding of Australia, the first thing to do is to close our mouths. That is not being done. </para>
          </talk.start>
        </continue>
      </speech>
      <speech>
        <talk.start>
          <talker>
            <page.no>9</page.no>
            <time.stamp />
            <name.id>JVJ</name.id>
            <electorate>Lang</electorate>
            <party />
            <role />
            <in.gov>0</in.gov>
            <first.speech>0</first.speech>
            <name role="metadata">MULCAHY, Daniel</name>
            <name role="display">Mr MULCAHY</name>
          </talker>
          <para>.- Recently a constituent of mine, the widow of a soldier who made the supreme sacrifice in the last war, interviewed me, and informed me that her boy of about nineteen years of age had been called up for military service. She produced a medical certificate to the effect that she suffered from a weak heart and asked that her son, when called up for military training, should be placed near to his home, so that he could continue to look after her. As her representative in this Parliament, I addressed a letter to Cap- tain Martin, the officer in charge of the area in which the boy was registered, and gave it to her. Captain Martin, who is an amiable gentleman, said that he could not do anything for her, and he referred her to <inline font-weight="bold">Major Harris</inline> at Marrickville. Unlike Captain Martin, <inline font-weight="bold">Major Harris</inline> was rude to this woman when she presented my letter to him. He told her that she was like a lot of other women who were trying to get their sons exempted from military training and added, &#34; I have no damn time for you women, and I am not going to be ordered about by any Labour politician&#34;. 1 have always been given to understand that when a man puts on the uniform of an officer of the Australian Army he is expected to conduct himself as a gentleman. My letter was couched in courteous language. I emphasize that this woman did not apply for exemption of her son from military training, but only that he should be placed in the District Finance Office, or in some other place where he could be with his mother at night, as in her state of health she needed his protection. I ask the Minister for the Army <inline font-weight="bold">(Mr. Forde)</inline> to have this officer, <inline font-weight="bold">Major Harris,</inline> removed from a position where he is able to insult women who call on him on legitimate business, and also to have him instructed to keep party politics out of the Army. I regret that I have to speak in this manner about an officer of the Australian Army. I do not wish to make against him a charge that is not genuine, but this is not the first time that I have received complaints about <inline font-weight="bold">Major Harris.</inline> I do not know him. I have never seen him. But there must be some other place in the Army for him, possibly in the front line, where his services will be of much greater value than they are in an administrative position. I ask the Minister for the Army to give attention to this matter in order to ensure that <inline font-weight="bold">Major Harris</inline> shall be replaced by an officer who will treat genuine requests with courtesy and attention. If an officer cannot accede to such requests, the least he can do is to treat the widow of a soldier with proper consideration and courtesy. </para>
        </talk.start>
      </speech>
      <speech>
        <talk.start>
          <talker>
            <page.no>9</page.no>
            <time.stamp />
            <name.id>JNM</name.id>
            <electorate>Grey</electorate>
            <party />
            <role />
            <in.gov>0</in.gov>
            <first.speech>0</first.speech>
            <name role="metadata">BADMAN, Albert</name>
            <name role="display">Mr BADMAN</name>
          </talker>
          <para>.- I support the remarks of the honorable member for Barker <inline font-weight="bold">(Mr. Archie Cameron).</inline> In my opinion, the Department of Information should he restrained from making available any news for broadcasting at the present time. Each Sunday evening, radio audiences hear a good deal of information, which is not particularly pleasant news for Australians, but which may be of value to the enemy. About a month ago, I heard a government &#34;spokesman&#34; outline a method by which the Japanese could approach Australia by avoiding and bypassing the Dutch East Indies. </para>
        </talk.start>
        <interjection>
          <talk.start>
            <talker>
              <page.no>9</page.no>
              <time.stamp />
              <name.id>KUG</name.id>
              <electorate />
              <party />
              <role />
              <in.gov>0</in.gov>
              <first.speech>0</first.speech>
              <name role="metadata">SPENDER, Percy</name>
              <name role="display">Mr Spender</name>
            </talker>
            <para>- Who is the &#34;spokesman &#34; ? </para>
          </talk.start>
        </interjection>
        <continue>
          <talk.start>
            <talker>
              <page.no>9</page.no>
              <time.stamp />
              <name.id>JNM</name.id>
              <electorate />
              <party />
              <role />
              <in.gov>0</in.gov>
              <first.speech>0</first.speech>
              <name role="metadata">BADMAN, Albert</name>
              <name role="display">Mr BADMAN</name>
            </talker>
            <para>- I do not know. But I should like to be told why such information was broadcast. Was the purpose to arouse Australians to greater effort, or to disturb public morale by creating a defeatist attitude? Other words that were used in the broadcast were - </para>
          </talk.start>
        </continue>
        <quote>
          <para>We in Australia might expect to be occupied by the Japanese for a considerable time before we would be finally rescued. </para>
        </quote>
        <para>The authorities should prevent the broadcasting of such statements, which lead people in Australia to believe that the day is near when the Commonwealth will be occupied by the enemy. </para>
      </speech>
      <speech>
        <talk.start>
          <talker>
            <page.no>10</page.no>
            <time.stamp />
            <name.id>009FQ</name.id>
            <electorate>Fremantle</electorate>
            <party>ALP</party>
            <role>Prime Minister</role>
            <in.gov>1</in.gov>
            <first.speech>0</first.speech>
            <name role="metadata">CURTIN, John</name>
            <name role="display">Mr CURTIN</name>
          </talker>
          <para>. - <inline font-style="italic">in reply</inline> - The matters to which the honorable member for Barker <inline font-weight="bold">(Mr. Archie Cameron)</inline> and the honorable member for Grey <inline font-weight="bold">(Mr. Badman)</inline> referred concerning broadcasting will be brought to the notice of the Postmaster-General and Minister for Information <inline font-weight="bold">(Senator Ashley).</inline> I agree with the statement of the honorable member for Barker that too much loose talk has been broadcast in Australia. </para>
        </talk.start>
        <interjection>
          <talk.start>
            <talker>
              <page.no>10</page.no>
              <time.stamp />
              <name.id>KFW</name.id>
              <electorate />
              <party />
              <role />
              <in.gov>0</in.gov>
              <first.speech>0</first.speech>
              <name role="metadata">GUY, James Allan</name>
              <name role="display">Mr Guy</name>
            </talker>
            <para>- What action does the Prime Minister propose to take in order to prevent a repetition? </para>
          </talk.start>
        </interjection>
        <para>Mr.CURTIN. - The honorable member for Wilmot surely does not expect me to indicate those remedies to-night. </para>
        <interjection>
          <talk.start>
            <talker>
              <page.no>10</page.no>
              <time.stamp />
              <name.id>KFW</name.id>
              <electorate />
              <party />
              <role />
              <in.gov>0</in.gov>
              <first.speech>0</first.speech>
              <name role="metadata">GUY, James Allan</name>
              <name role="display">Mr Guy</name>
            </talker>
            <para>- I want the Prime Minister to act without delay. </para>
          </talk.start>
        </interjection>
        <para>Mr.CURTIN.- I shall do so. I shall also bring to the notice of the Minister for the Army (Mr.Forde) the matter to which the honorable member for Lang <inline font-weight="bold">(Mr. Mulcahy)</inline> referred. </para>
        <para>I should like to inform the House that this evening the particulars regarding the flotation of the Commonwealth Liberty Loan of &#163;35,000,000 were that &#163;22,800,000 has been subscribed and the banks report that the volume of applications to-day was so great that they were unable to cope with the business. I sincerely hope that our best expectations will <inline font-style="italic">be</inline> realized and I ask the public of Australia to fill the loan as rapidly as possible. </para>
        <para>Question resolved in the affirmative. </para>
      </speech>
    </debate>
    <debate>
      <debateinfo>
        <title>PAPERS</title>
        <page.no>10</page.no>
        <type>papers</type>
      </debateinfo>
      <para>The following papers were pre sented :  - </para>
      <para>Air Force Act - Regulations - Statutory Rules 1942, No. 29. </para>
      <para>Arbitration (Public Service) Act - Determinations by the Arbitrator, &#38;c. - 1941 - </para>
      <para>No. 39 - Arms, Explosives and Munition Workers&#39; Federation of Australia. </para>
      <para>No. 40 - Federated Public Service Assistants&#39; Association of Australia; and Arms, Explosives and Munition Workers&#39; Federation of Australia. </para>
      <para>No. 41. - Commonwealth Temporary Clerks&#39; Association. </para>
      <para>No. 42 - Commonwealth Telegraph Traffic and Supervisory Officers&#39; Association. </para>
      <para>1942- </para>
      <para>No. 1 - Commonwealth Public Service Artisans&#39; Association. </para>
      <para>No. 2 - Professional Officers&#39; Association, Commonwealth Public Service. </para>
      <para>No. 3 - Australian Third Division Telegraphists and Postal Clerks&#39; Union. </para>
      <para>No. 4 - Amalgamated Postal Workers&#39; Union of Australia. </para>
      <para>No. 5 - Professional Officers&#39; Association, Commonwealth Public Service. </para>
      <para class="block">No.6 - Commonwealth Telephone Officers&#39; Association; and Federated Public Service Assistants&#39; Association of Australia. </para>
      <para class="block">No. 7 - Amalgamated Postal Workers&#39; Union of Australia. </para>
      <para class="block">Audit Act - Transfers of amounts approved by the Governor-General in Council - Financial year 1940-41. </para>
      <para class="block">Australian Soldiers&#39; Repatriation Act - Regulations- Statutory Rules 1941, No. 305. </para>
      <para class="block">Bankruptcy Act - </para>
      <para>Rules - Statutory Rules 1942, No. 6. </para>
      <para>Thirteenth Annual Report by AttorneyGeneral, for year ended 31st July, 1941. </para>
      <para>Commonwealth Public Service ActRegulations - Statutory Rules - 1941, Nos. 309 (Parliamentary Officers), 310. 1942, No. 45. </para>
      <para>Customs Act - Proclamations prohibiting the Exportation (except under certain conditions) of - </para>
      <para>Casein and manufactures thereof; Corkwood, cork waste and manufactures of cork; Fish oil and other oils of marine origin; Silicon carbide grains and manufactures thereof ; Drugs and chemicals (dated 7th January, 1942). </para>
      <para>Leather; Manufactures wholly or mainly of leather (dated 17th December, 1941). </para>
      <para>Customs Act and Commerce (Trade Descriptions) Act - Regulations- Statutory Rules 1942, No. 28. </para>
      <para>Defence Act - Regulations - Statutory Rules - 1941, Nos. 306, 311. 1942, Nos. 35, 38, 44, 59, 60. </para>
      <para>Defence Act and Naval Defence Act - Regulations - Statutory Rules - 1941, No. 308. 1942, No. 27. </para>
      <para>Income Tax Assessment Act - Regulations - Statutory Rules 1941, No. 327 . </para>
      <para class="block">Invalid and Old-age Pensions Act - Statement for year 1940-41. hands Acquisition Act - Land acquired - </para>
      <para class="block">For Administrative purposes - Darwin, Northern Territory. </para>
      <para class="block">For Banking purposes-Goondiwindi, Queensland. </para>
      <para class="block">For Defence purposes - </para>
      <para>Albany, Western Australia (2). </para>
      <para>Amberley, Queensland. </para>
      <para>Ballarat, Victoria. </para>
      <para>Bassendean, Western Australia. </para>
      <para>Beelerup, Western Australia. </para>
      <para>Brighton, Tasmania. </para>
      <para>Cheltenham, South Australia. </para>
      <para>Cootamundra, New South Wales. </para>
      <para>Cowra, New South Wales. </para>
      <para>Darley, Victoria. </para>
      <para>Darwin, Northern Territory (2). </para>
      <para>Deloraine, Tasmania. </para>
      <para>Dubbo, New South Wales. </para>
      <para>Evans Head, New South Wales (2). </para>
      <para>Geraldton, Western Australia. </para>
      <para>Glenorchy, Tasmania. </para>
      <para>Granton, Tasmania. </para>
      <para>Horn Island, Queensland. </para>
      <para>Kalgoorlie, Western Australia. </para>
      <para>Maribyrnong, Victoria. </para>
      <para>Maryborough, Queensland (2). </para>
      <para>Morphett Vale, South Australia. </para>
      <para>Mount Martha, Victoria. </para>
      <para>Nhill, Victoria. </para>
      <para>Ovingham Park, South Australia. Parafield, South Australia. </para>
      <para>Pat&#39;s River, Flinders Island, Tasmania. </para>
      <para>Prospect, South Australia. </para>
      <para>Puckapunyal, Victoria. </para>
      <para>Riddell, Victoria. </para>
      <para>Rocklea, Queensland. </para>
      <para>Salisbury, South Australia. </para>
      <para>St.Marys, New South Wales. </para>
      <para>Wagga Wagga, New South Wales. </para>
      <para>Winchelsea, Victoria. </para>
      <para>For Postal purposes - </para>
      <para>Bowral, New South Wales. </para>
      <para>Corbie Hill, New South Wales. </para>
      <para>Monto, Queensland. </para>
      <para>Naracoopa, King Island, Tasmania. </para>
      <para>North Adelaide, South Australia. </para>
      <para>Shepparton, Victoria. </para>
      <para>Ulverstone, Tasmania. </para>
      <para>Whyalla, South Australia. </para>
      <para>For Postal, Telegraphic, Telephonic and other like services - </para>
      <para>Penrith, New South Wales. </para>
      <para>For Repatriation purposes- Kenmore, </para>
      <para>Queensland. </para>
      <para>For Seat of Government purposes - Australian Capital Territory (Parish of Urayarra). </para>
      <para>National Security Act - </para>
      <para>National Security (Exchange Control) Regulations - Order - Exemption. </para>
      <para>National Security (Fair Rents) Regulations - Bules - Australian Capital Territory, and Darwin, Northern Territory. </para>
      <para>National Security (General) Regulations - Orders - </para>
      <para>Control of highways. </para>
      <para>Control of lights (2). </para>
      <para>Inventionsand Designs (202). </para>
      <para>Prohibited places (7). </para>
      <para>Prohibiting work on land (3). </para>
      <para>Protected areas (3). </para>
      <para>Taking possession of land, &#38;c. (205). </para>
      <para>Use of land (61). </para>
      <para>National Security (Maritime Industry) </para>
      <para>Regulations - Order - Qualifications of Seamen. </para>
      <para class="block">National Security (Supplementary) Regulations - Orders - Deferment of banking business (10). </para>
      <para class="block">National Security (War-time Banking Control ) Regulations - Orders - Exemption (2). </para>
      <para class="block">Regulations - Statutory Rules - 1941, Nos. 287, 288, 280, 200, 291, 292, 293, 294, 295, 296, 297, 298, 299, 300, 301, 302, 303, 304, 314, 316, 317, 318, 320, 321, 322, 323, 324, 325, 326. 1942, Nos. 1, 2, 4,9, 10, 11, 12, 13, 14, 15, 16, 17, 18,19, 20, 21, 22, 23, 24, 31, 32, 33, 34, 36, 37, 39, 40, 41, 42, 43, 49, 50, 51, 52, 53, 54, 55, 56, 57, 58, 62, 65,66,67. </para>
      <para class="block">Nationality Act - Return for 1941. </para>
      <para class="block">Naval Defence Act - Regulations - Statutory Rules - 1941, No. 307. 1942, Nos. 8, 25, 20, 48. </para>
      <para>Navigation Act - Regulations - Statutory Rules - 1941, No.315. 1942, No. 30. </para>
      <para class="block">New Guinea Act - Ordinance - 1941 - No. 22  - Appropriation 1 94 1 -1 942. </para>
      <para class="block">Northern Territory Acceptance Act and Northern Territory (Administration) Act - Crown Lands Ordinance - Reasons for resumption of reservation of certain lands near Alice Springs. </para>
      <para class="block">Papua Act - Ordinances - 1941 - </para>
      <para class="block">No. 12 - Matrimonial Causes. </para>
      <para class="block">No. 13 - Native Labour. </para>
      <para class="block">No. 14 - Post and Telegraph, </para>
      <para class="block">No.15 - Customs Tariff(No. 8). </para>
      <para class="block">Post and Telegraph Act - Regulations - Statutory Rules 1942, No. 5. </para>
      <para class="block">Quarantine Act - Regulations - Statutory Rules 1942, No. 61. </para>
      <para class="block">Scienceand Industry Research Act - Regulations - Statutory Rules 1942, No. 7. </para>
      <para class="block">Seat of Government Acceptance Act and Seat of Government (Administration) Act- </para>
      <para class="block">Ordinances - 1942 - </para>
      <para>No.1  -  Careless Use of Fire. </para>
      <para>No. 2 - Building and Services. </para>
      <para>No. 3 - Enemy Raids Precautions. </para>
      <para>No. 4- Public Parks. </para>
      <para>No. 5 - Cinematograph Films. </para>
      <para>No.6 - Education. </para>
      <para>No. 7 - Scaffolding and Lifts. </para>
      <para>Regulations- 1942 - </para>
      <para>No. 1 (Police Ordinance). </para>
      <para>No. 2 (Building and Services Ordinance). </para>
      <para>Supply and Development Acts - Regulations -Statutory Rules 1942, Nos. 3, 47. </para>
      <para>Wine Overseas Marketing Act - Regulations -Statutory Rules 1941, No. 319. </para>
      <para>Houseadjourned at 10.20 p.m. </para>
    </debate>
  </chamber.xscript>
</hansard>
