<?xml version="1.0" encoding="utf-8"?>
<hansard xsi:noNamespaceSchemaLocation="../../hansard.xsd" version="2.1" xmlns:xsi="http://www.w3.org/2001/XMLSchema-instance">
  <session.header>
    <date>1928-03-01</date>
    <parliament.no>10</parliament.no>
    <session.no>1</session.no>
    <period.no>3</period.no>
    <chamber>SENATE</chamber>
    <page.no>1</page.no>
    <proof>0</proof>
  </session.header>
  <chamber.xscript>
    <para class="block">Senate. </para>
    <business.start>
      <day.start>1928-03-01</day.start>
      <para class="block">A quorum not being present, </para>
      <para class="block">The  President  adjourned the Senate at 3.5 p.m. </para>
    </business.start>
  </chamber.xscript>
</hansard>