<?xml version="1.0" encoding="utf-8"?>
<hansard xsi:noNamespaceSchemaLocation="../../hansard.xsd" version="2.1" xmlns:xsi="http://www.w3.org/2001/XMLSchema-instance">
  <session.header>
    <date>1928-09-21</date>
    <parliament.no>10</parliament.no>
    <session.no>1</session.no>
    <period.no>3</period.no>
    <chamber>SENATE</chamber>
    <page.no>7064</page.no>
    <proof>0</proof>
  </session.header>
  <chamber.xscript>
    <para class="block">Senate. </para>
    <business.start>
      <day.start>1928-09-21</day.start>
      <para>The <inline font-weight="bold">President (Senator the Hon. Sir John Newlands)</inline> took the chair at 11 a.m., and read prayers. </para>
    </business.start>
    <debate>
      <debateinfo>
        <title>QUESTION</title>
        <page.no>7064</page.no>
        <type>Questions</type>
      </debateinfo>
      <subdebate.1>
        <subdebateinfo>
          <title>JOLIMONT BUILDINGS</title>
          <page.no>7064</page.no>
        </subdebateinfo>
        <speech>
          <talk.start>
            <talker>
              <page.no>7064</page.no>
              <time.stamp />
              <name.id>JYG</name.id>
              <electorate>VICTORIA</electorate>
              <party />
              <role />
              <in.gov>0</in.gov>
              <first.speech>0</first.speech>
              <name role="metadata">ELLIOTT, Harold</name>
              <name role="display">Senator ELLIOTT</name>
            </talker>
            <para>asked the Min ister representing the Minister for Home and Territories, <inline font-style="italic">upon notice -</inline></para>
          </talk.start>
          <list type="decimal-dotted">
            <item label="1.">
              <para>Is  it  a fact that the Government proposes to transfer a dilapidated wooden structure from Jolimont, Victoria, to the Civic Centre, Canberra)! </para>
            </item>
            <item label="2.">
              <para>In view of <inline font-weight="bold">Sir John</inline> Butters&#39; remarks as to the necessity for the use of Roman tiles in buildings at the Civic Centre, has his opinion been obtained on the question of this transfer? </para>
            </item>
          </list>
          <interjection>
            <talk.start>
              <talker>
                <page.no>7064</page.no>
                <time.stamp />
                <name.id>K0F</name.id>
                <electorate />
                <party />
                <role />
                <in.gov>0</in.gov>
                <first.speech>0</first.speech>
                <name role="metadata">PEARCE, George</name>
                <name role="display">Senator Sir GEORGE PEARCE</name>
              </talker>
              <para>- The Minister for Home and Territories supplies the following answers: - </para>
            </talk.start>
          </interjection>
          <list type="decimal-dotted">
            <item label="1.">
              <para>It is proposed to remove to Canberra the wooden buildings at Jolimont which have been utilized for the purpose of housing officers of Government departments. </para>
            </item>
            <item label="2.">
              <para>Yea. </para>
            </item>
          </list>
        </speech>
      </subdebate.1>
    </debate>
    <debate>
      <debateinfo>
        <title>QUESTION</title>
        <page.no>7064</page.no>
        <type>Questions</type>
      </debateinfo>
      <subdebate.1>
        <subdebateinfo>
          <title>MANDATED TERRITORY</title>
          <page.no>7064</page.no>
        </subdebateinfo>
        <speech>
          <talk.start>
            <talker>
              <page.no>7064</page.no>
              <time.stamp />
              <name.id>JYG</name.id>
              <electorate />
              <party />
              <role />
              <in.gov>0</in.gov>
              <first.speech>0</first.speech>
              <name role="metadata">ELLIOTT, Harold</name>
              <name role="display">Senator ELLIOTT</name>
            </talker>
            <para>asked the Minister representing the Minister for Home and Territories, <inline font-style="italic">upon notice -</inline></para>
          </talk.start>
          <list type="decimal-dotted">
            <item label="1.">
              <para>What salaries are paid to matrons and nurses in - (a) the Territory of New Guinea; (b) the Territory of Papua; (c) the Territory of North Australia? </para>
            </item>
            <item label="2.">
              <para>Is the salary paid in Papua and New Guinea below that fixed as a minimum for a nurse in North Australia? </para>
            </item>
            <item label="3.">
              <para>If. so, what is the reason for such difference ? </para>
            </item>
          </list>
          <para>
            <inline font-weight="bold">Senator Sir GEORGE</inline>PEARCE.The Minister for Home and Territories supplies the following answers.&#39; - </para>
          <list type="decimal-dotted">
            <item label="1.">
              <para>New Guinea - Matron, &#163;216-&#163;240; nurse, &#163;162-180. Papua- Matron, &#163;216-&#163;240; nurse, &#163;170-&#163;194. North Australia- Matron, &#163;264- &#163;300; nurse, &#163;210-&#163;246. </para>
            </item>
            <item label="2.">
              <para>See answer to No. 1. </para>
            </item>
            <item label="3.">
              <para>The rates fixed for New Guinea and Papua were determined by a classification made in 1925, based upon rates paid in Australian hospitals, with the addition of a sum to meet tropical conditions. The North Australian rates were fixed by a classification made this year. They are practically the rates paid prior to the classification and it was not considered desirable to disturb them with a view to making them uniform with the other territorial rates. The rates for the nursing staff in New Guinea and Papua are at present under consideration as to review in the light of altered conditions. </para>
            </item>
          </list>
        </speech>
      </subdebate.1>
    </debate>
    <debate>
      <debateinfo>
        <title>QUESTION</title>
        <page.no>7064</page.no>
        <type>Questions</type>
      </debateinfo>
      <subdebate.1>
        <subdebateinfo>
          <title>FEDERAL CAPITAL</title>
          <page.no>7064</page.no>
        </subdebateinfo>
        <para>Rate Assessments - Administrative Block</para>
        <speech>
          <talk.start>
            <talker>
              <page.no>7064</page.no>
              <time.stamp />
              <name.id>JYG</name.id>
              <electorate />
              <party />
              <role />
              <in.gov>0</in.gov>
              <first.speech>0</first.speech>
              <name role="metadata">ELLIOTT, Harold</name>
              <name role="display">Senator ELLIOTT</name>
            </talker>
            <para>asked the Minister representing the Minister for Home and Territories, <inline font-style="italic">upon notice -</inline></para>
          </talk.start>
          <list type="decimal-dotted">
            <item label="1.">
              <para>When will appeals made against the rate assessments in Canberra be heard? </para>
            </item>
            <item label="2.">
              <para>What is the nature of the proposed tribunal to hear these appeals, and when will it be appointed? </para>
            </item>
            <item label="3.">
              <para>Will interest be payable on the amounts paid under protest while the appeals are pending? </para>
            </item>
          </list>
          <interjection>
            <talk.start>
              <talker>
                <page.no>7064</page.no>
                <time.stamp />
                <name.id>K0F</name.id>
                <electorate />
                <party />
                <role />
                <in.gov>0</in.gov>
                <first.speech>0</first.speech>
                <name role="metadata">PEARCE, George</name>
                <name role="display">Senator Sir GEORGE PEARCE</name>
              </talker>
              <para>- The information is not yet available, but steps are being taken to obtain it. </para>
            </talk.start>
          </interjection>
          <continue>
            <talk.start>
              <talker>
                <page.no>7064</page.no>
                <time.stamp />
                <name.id>JYG</name.id>
                <electorate />
                <party />
                <role />
                <in.gov>0</in.gov>
                <first.speech>0</first.speech>
                <name role="metadata">ELLIOTT, Harold</name>
                <name role="display">Senator ELLIOTT</name>
              </talker>
              <para>asked the Minister representing the Minister for Home and Territories, <inline font-style="italic">upon notice -</inline></para>
            </talk.start>
          </continue>
          <para>What has been the result of the inquiries instituted into the allegation that the specifications relating to the contract for the administrative block at Canberra had not been carried out? </para>
          <interjection>
            <talk.start>
              <talker>
                <page.no>7064</page.no>
                <time.stamp />
                <name.id>K0F</name.id>
                <electorate />
                <party />
                <role />
                <in.gov>0</in.gov>
                <first.speech>0</first.speech>
                <name role="metadata">PEARCE, George</name>
                <name role="display">Senator Sir GEORGE PEARCE</name>
              </talker>
              <para>- The inquiry into this matter is still proceeding. If possible, an interim report indicating the stage the matter has reached will be laid before the Senate. </para>
            </talk.start>
          </interjection>
        </speech>
      </subdebate.1>
    </debate>
    <debate>
      <debateinfo>
        <title>ESTATE DUTY ASSESSMENT BILL</title>
        <page.no>7064</page.no>
        <type>bill</type>
      </debateinfo>
      <para>Debate resumed from 19th September <inline font-style="italic">(vide</inline> page 6850), on motion by <inline font-weight="bold">Senator Sir George</inline> Pearce - </para>
      <para>That the bill be now read a second time. </para>
      <speech>
        <talk.start>
          <talker>
            <page.no>7064</page.no>
            <time.stamp />
            <name.id>JXJ</name.id>
            <electorate>Western Australia</electorate>
            <party />
            <role />
            <in.gov>0</in.gov>
            <first.speech>0</first.speech>
            <name role="metadata">NEEDHAM, Edward</name>
            <name role="display">Senator NEEDHAM</name>
          </talker>
          <para>. - I have had an opportunity to read the bill and, with the right honorable the Leader of the Senate, I have to confess that I cannot claim to have expert knowledge of measures of this nature. The first Federal bill imposing estate duties was passed in 1914, in which year the Commonwealth Government entered that arena of taxation in order to secure additional revenue urgently required for the conduct of the war. At the time it was thought that the taxation would be temporary; but having entered the field, the Government is reluctant to vacate it notwithstanding that the war has been over for ten years. Prior to 1914 estates were heavily taxed by State authorities and, so far as I can gather, they are still being exploited by State Governments. As I understand it, the object of this measure is to stop the leakages that have been responsible for certain losses in revenue. Frequently this form of taxation falls heavily upon those who have to pay it. This is particularly true of small estates. In addition to Federal and State taxation, certain estates have to provide for heavy legal and administrative expenditure. Estate duty is levied on the taxable value of property at the time of the death of the testator when it passes to other persons named in the will or when the owner dies intestate. I understand that as a result of the practice of transferring property immediately prior to decease, there has been a considerable loss in revenue and the object of the bill is to protect the revenue. The experience of the department shows that these transactions occur frequently, with the result that considerable revenue is lost. An independent valuation by a competent valuer would, in many instances, reveal a higher value than that included in the returns submitted to the department. </para>
        </talk.start>
        <para>The bill contains a departure from the practice hitherto followed in connexion with joint tenancies. In the past it has not been the practice to collect estate duty from the survivor or survivors when one partner in a joint tenancy died. In the case of a joint tenancy comprising three or four partners, it would be reasonable to expect that estate duty would not be charged until at least two ofthe partners died; but the Government proposes in this bill to make the duty payable at the time of the first death occurring among the partners. Apparently the experience of the department has been such as to justify this short cut being taken, and therefore I shall not offer any objection to the new proposal. I hope, however, that in administering this legislation the department will not act harshly towards citizens, who, not fully understanding the law, and without any attempt to evade payment of estate duty, fail to comply with its requirements. I support the second reading. </para>
        <para>Question resolved in the affirmative. </para>
        <para>Bill read a second time. </para>
        <para class="italic">
          <inline font-style="italic">In committee.</inline>
        </para>
        <para>Clauses 1 to 17 agreed to. </para>
        <para>Title agreed to. </para>
        <para>Motion (by <inline font-weight="bold">Senator Sir George</inline> Pearce) agreed to. </para>
        <para>That clause5 be reconsidered. </para>
        <para>Clause 5 - </para>
        <quote>
          <para>Section 8 of the principal act is amended- </para>
          <list type="loweralpha">
            <item label="(a)">
              <para>by omitting paragraphs (a) and (b) of sub-section (4) and inserting in their stead the following paragraphs - </para>
            </item>
            <item label="(d)">
              <para>which a person having been absolutely entitled to, has voluntarily caused to be transferred to or vested in himself and any other person jointly whether by disposition or otherwise (including any purchase or investment effected by the person who was absolutely entitled to the property) either by himself alone or in concert or by arrangement with any other person so that a beneficial interest therein or in some part thereof passes or accrues by survivorship on his death to such other person, to the extent of such beneficial interest; or </para>
            </item>
          </list>
        </quote>
      </speech>
      <speech>
        <talk.start>
          <talker>
            <page.no>7065</page.no>
            <time.stamp />
            <name.id>K0F</name.id>
            <electorate>Western Australia</electorate>
            <party>NAT</party>
            <role>Vice-President Executive Council</role>
            <in.gov>1</in.gov>
            <first.speech>0</first.speech>
            <name role="metadata">PEARCE, George</name>
            <name role="display">Senator Sir GEORGE PEARCE</name>
          </talker>
          <para>&#91;11.19&#93;. - After the committee had agreed to clause 5, I was advised of an amendment of paragraph <inline font-style="italic">(d),</inline> which it is considered necessary to make. I therefore move - </para>
        </talk.start>
        <quote>
          <para>That paragraph (d) be left out with a view to &#34;insert in lieu thereof the following paragraph - <inline font-style="italic">&#34; (d)</inline> being the beneficial interest held by the deceased person, immediately prior to his death, in a joint tenancy or joint ownership with other persons ; or &#34; </para>
        </quote>
        <para class="block">The amended wording now suggested for inclusion in the bill in place of the present wording of paragraph <inline font-style="italic">d</inline> in clause 5, has been found necessary in order that all cases might be covered. The House of Representatives inserted the wording, of the Victorian Probate Act in reference to joint tenancies, but that wording is not as clear as might be desired. The bill as introduced into the House of Representatives had provided for the inclusion in the dutiable estate of a deceased person of the value of any property which&#39; he had vested in a joint tenancy of himself and other persons, and in which he had a beneficial interest immediately prior to his death. That House amended the provision with the intention to include in the dutiable estate only the value of the deceased person&#39;s beneficial interest in the joint tenancy. It is desired to express that object more clearly and concisely than has been done by the amendment  made in another place, and that result will be secured by the amendment now submitted, which is, in substance, really the same as what is now contained in paragraph <inline font-style="italic">d</inline> of clause 5 of the bill, but expresses the intention of Parliament in clearer language. </para>
      </speech>
      <speech>
        <talk.start>
          <talker>
            <page.no>7066</page.no>
            <time.stamp />
            <name.id>JXJ</name.id>
            <electorate>Western Australia</electorate>
            <party />
            <role />
            <in.gov>0</in.gov>
            <first.speech>0</first.speech>
            <name role="metadata">NEEDHAM, Edward</name>
            <name role="display">Senator NEEDHAM</name>
          </talker>
          <para>. -  I am not quite clear whether this amendment is preferable to paragraph <inline font-style="italic">d</inline> of clause 5, which it is proposed to leave out. That paragraph reads - </para>
        </talk.start>
        <list type="loweralpha">
          <item label="(d)">
            <para>which a person having been absolutely entitled to has voluntarily caused to be transferred to or vested in himself and any other person jointly whether by disposition or otherwise (including any purchase or investment effected by the person who was absolutely entitled to the property) either by himself alone or in concert or by arrangement with any other person  bo  that a beneficial interest therein or in some part thereof passes or accrues by survivorship on his death to such other person, to the extent of such beneficial interest; or </para>
          </item>
        </list>
        <para class="block">Will the amendment make the law harsher in its application to the survivor or survivors of a joint tenancy? I have already indicated that this estate duty assessment law sometimes operates harshly upon those who have to pay it, and I gave my reason for that assertion. I accepted the bill as it was originally presented to this chamber, but now we are confronted with a hurried amendment with which, perhaps, even the Leader of the Senate himself is not fully conversant. The honorable gentleman has informed the committee that another place inserted certain words, and that this amendment is intended to clarify the position. Clarification may be necessary, but I wish to be sure that the amendment will not inflict any additional hardship upon the survivor or survivors of a joint tenancy. </para>
        <para>
          <inline font-weight="bold">Senator Sir GEORGE</inline>PEARCE (Western Australia - Vice-President of the Executive Council) &#91;11.25&#93;.  -  Anybody who reads clause 5 of this bill must admit that it is very involved and difficult to understand. The purpose of paragraph <inline font-style="italic">d</inline> is this: Suppose that a person had &#163;10,000, with which he purchased shares or a property in the name of himself and others as a joint ownership, and that within twelve months of the transaction he died. When his death occurs that &#163;10,000 is not dutiable, although obviously it be longed only to the individual who died. That practice is a common form of evasion of probate duty. Technically it is a joint ownership, but actually the ownership is confined to an individual. The amount passes to the nominal survivors of the partnership, and the beneficiaries can repeat the process, so that the estate never becomes dutiable. The intention of paragraph <inline font-style="italic">d</inline> is to combat such practices, and to bring the amount involved into the taxable arena. It was found that the wording of the paragraph did not quite meet the case, and it is considered that this amendment does so in a simpler and more effective form. </para>
      </speech>
      <speech>
        <talk.start>
          <talker>
            <page.no>7066</page.no>
            <time.stamp />
            <name.id>JYG</name.id>
            <electorate>Victoria</electorate>
            <party />
            <role />
            <in.gov>0</in.gov>
            <first.speech>0</first.speech>
            <name role="metadata">ELLIOTT, Harold</name>
            <name role="display">Senator ELLIOTT</name>
          </talker>
          <para>. - I did not speak on the second reading because I realize that it is usually futile to raise one&#39;s voice on such matters. However, I now register my protest against the Government enlarging its sphere of direct taxation, when it has led us to believe that it is vacating that field as fast as it can. The method of establishing a joint ownership is a practice advised by lawyers to married people, in order to avoid the expense of probate. </para>
        </talk.start>
        <interjection>
          <talk.start>
            <talker>
              <page.no>7066</page.no>
              <time.stamp />
              <name.id>K0F</name.id>
              <electorate />
              <party />
              <role />
              <in.gov>0</in.gov>
              <first.speech>0</first.speech>
              <name role="metadata">PEARCE, George</name>
              <name role="display">Senator Sir George Pearce</name>
            </talker>
            <para>-  And also to avoid taxation. </para>
          </talk.start>
        </interjection>
        <continue>
          <talk.start>
            <talker>
              <page.no>7066</page.no>
              <time.stamp />
              <name.id>JYG</name.id>
              <electorate />
              <party />
              <role />
              <in.gov>0</in.gov>
              <first.speech>0</first.speech>
              <name role="metadata">ELLIOTT, Harold</name>
              <name role="display">Senator ELLIOTT</name>
            </talker>
            <para>- The savings banks will pay the residue of an estate over to a beneficiary provided that it does not exceed a certain amount and that a certificate of death is produced. It seems to me to be particularly reprehensible and abhorrent for the Government and its taxgatherers to be hanging around the deathbed of a man, practically waiting to snatch the* bread out of the mouths of the widow and children. It reminds me of nothing so much as a shoal of sharks hanging around a boat after a death has occurred aboard. </para>
          </talk.start>
        </continue>
        <interjection>
          <talk.start>
            <talker>
              <page.no>7066</page.no>
              <time.stamp />
              <name.id>JZD</name.id>
              <electorate />
              <party />
              <role />
              <in.gov>0</in.gov>
              <first.speech>0</first.speech>
              <name role="metadata">FOLL, Hattil</name>
              <name role="display">Senator Foll</name>
            </talker>
            <para>-  Does that not apply to all death duties? </para>
          </talk.start>
        </interjection>
        <continue>
          <talk.start>
            <talker>
              <page.no>7066</page.no>
              <time.stamp />
              <name.id>JYG</name.id>
              <electorate />
              <party />
              <role />
              <in.gov>0</in.gov>
              <first.speech>0</first.speech>
              <name role="metadata">ELLIOTT, Harold</name>
              <name role="display">Senator ELLIOTT</name>
            </talker>
            <para>- Of course it does, but it is particularly reprehensible in this instance, because it applies to married couples. </para>
          </talk.start>
        </continue>
        <interjection>
          <talk.start>
            <talker>
              <page.no>7066</page.no>
              <time.stamp />
              <name.id>K0F</name.id>
              <electorate />
              <party />
              <role />
              <in.gov>0</in.gov>
              <first.speech>0</first.speech>
              <name role="metadata">PEARCE, George</name>
              <name role="display">Senator Sir George Pearce</name>
            </talker>
            <para>-  It is not confined to married people. </para>
          </talk.start>
        </interjection>
        <continue>
          <talk.start>
            <talker>
              <page.no>7066</page.no>
              <time.stamp />
              <name.id>JYG</name.id>
              <electorate />
              <party />
              <role />
              <in.gov>0</in.gov>
              <first.speech>0</first.speech>
              <name role="metadata">ELLIOTT, Harold</name>
              <name role="display">Senator ELLIOTT</name>
            </talker>
            <para>- But it is aimed at the usual provision recommended by lawyers to people in a married state. Although nominally the husband may own the money, the wife, by her labour, is entitled to her share of it. <inline font-style="italic">II</inline> the husband fails to effect a joint ownership, the taxgatherers come round at hia death and claim their pound of flesh. The whole thing is repugnant to any fair-minded individual. It is not always wise for a man to make over the whole of his estate to his wife, as there is a possibility of a dispute occurring which may result in divorce, in which case the wife would have complete control. If an estate is held in the name of both, each party is entitled to a share. It would be exceedingly dangerous for any man to allow his property to be held under a joint tenancy or ownership with another person even with whom he was on the most friendly terms in order merely to escape estate duty. I have great respect for the Leader of the Opposition, but I would not enter into a joint tenancy with him merely for the sake of avoiding estate duties. Human nature is a check on any attempt to defraud the revenue, as there is always the risk under a joint tenancy of one of the parties after the death of the other putting in a claim for the whole of the estate. Under such a system the estate reverts to the survivor. </para>
          </talk.start>
        </continue>
        <interjection>
          <talk.start>
            <talker>
              <page.no>7067</page.no>
              <time.stamp />
              <name.id>JZD</name.id>
              <electorate />
              <party />
              <role />
              <in.gov>0</in.gov>
              <first.speech>0</first.speech>
              <name role="metadata">FOLL, Hattil</name>
              <name role="display">Senator Foll</name>
            </talker>
            <para>-  A man died in Melbourne recently leaving nearly &#163;2&#62;000,000. Does the honorable senator suggest that under a joint tenancy, estate duties could be avoided? </para>
          </talk.start>
        </interjection>
        <continue>
          <talk.start>
            <talker>
              <page.no>7067</page.no>
              <time.stamp />
              <name.id>JYG</name.id>
              <electorate />
              <party />
              <role />
              <in.gov>0</in.gov>
              <first.speech>0</first.speech>
              <name role="metadata">ELLIOTT, Harold</name>
              <name role="display">Senator ELLIOTT</name>
            </talker>
            <para>- There is always the natural check which I have mentioned. We have to recognize the facts, and the honorable senator does not suggest that such a thing occurred in the case to which he refers. It is useless theorizing; the possibilities mentioned never occur. </para>
          </talk.start>
        </continue>
        <interjection>
          <talk.start>
            <talker>
              <page.no>7067</page.no>
              <time.stamp />
              <name.id>K2L</name.id>
              <electorate />
              <party />
              <role />
              <in.gov>0</in.gov>
              <first.speech>0</first.speech>
              <name role="metadata">REID, Matthew</name>
              <name role="display">Senator Reid</name>
            </talker>
            <para>-  Where would the honorable senator draw the line? </para>
          </talk.start>
        </interjection>
        <continue>
          <talk.start>
            <talker>
              <page.no>7067</page.no>
              <time.stamp />
              <name.id>JYG</name.id>
              <electorate />
              <party />
              <role />
              <in.gov>0</in.gov>
              <first.speech>0</first.speech>
              <name role="metadata">ELLIOTT, Harold</name>
              <name role="display">Senator ELLIOTT</name>
            </talker>
            <para>- It is governed by human nature. For years we proceeded smoothly in the absence of estate duties without approaching bankruptcy. The ravenous tax-gatherer is always on the doorstep for his share. </para>
          </talk.start>
        </continue>
        <interjection>
          <talk.start>
            <talker>
              <page.no>7067</page.no>
              <time.stamp />
              <name.id>JZD</name.id>
              <electorate />
              <party />
              <role />
              <in.gov>0</in.gov>
              <first.speech>0</first.speech>
              <name role="metadata">FOLL, Hattil</name>
              <name role="display">Senator Foll</name>
            </talker>
            <para>-  There is a fairly large exemption now. </para>
          </talk.start>
        </interjection>
        <continue>
          <talk.start>
            <talker>
              <page.no>7067</page.no>
              <time.stamp />
              <name.id>JYG</name.id>
              <electorate />
              <party />
              <role />
              <in.gov>0</in.gov>
              <first.speech>0</first.speech>
              <name role="metadata">ELLIOTT, Harold</name>
              <name role="display">Senator ELLIOTT</name>
            </talker>
            <para>- In a case with which I have been associated recently the Income Tax Department has been pressing its claim; but liabilities of the estate are such that I do not think there will be anything for the beneficiaries and consequently nothing for the Taxation Department, yet they make demands for returns. I do not intend to oppose the measure; but I am sorry the Government still deems it necessary to pursue taxpayers even to the grave. </para>
          </talk.start>
        </continue>
        <para>
          <inline font-weight="bold">Senator Sir GEORGE</inline>PEARCE (Western Australia - Vice-President of the Executive Council) &#91;11.35&#93;. - One would think from the remarks of <inline font-weight="bold">Senator Elliott</inline> that the Government was introducing an estate duties measure for the first time. As this principle has been in operation since 1914, and every State has similar legislation on its statute-book, there is no occasion for the honorable senator to oppose it on this amending measure. The schedule to the principal act is as follows . - </para>
        <quote>
          <para>Rates of estate duty payable on the estates of deceased persons dying after the commencement of this act: - </para>
        </quote>
        <para class="block">
          <graphic href="119332192809211_3_0.jpg" />
        </para>
        <para class="block">That is after all debts are paid. This is a form of taxation that is generally regarded as just. It is imposed by the State Governments, and for the honorable senator now to argue against the principle is beside the question. The amendment is merely to simplify a principle that Parliament has already adopted. </para>
      </speech>
      <speech>
        <talk.start>
          <talker>
            <page.no>7067</page.no>
            <time.stamp />
            <name.id>JXJ</name.id>
            <electorate>Western Australia</electorate>
            <party />
            <role />
            <in.gov>0</in.gov>
            <first.speech>0</first.speech>
            <name role="metadata">NEEDHAM, Edward</name>
            <name role="display">Senator NEEDHAM</name>
          </talker>
          <para>. -  I realize that in this instance no new principle is involved, as this form of taxation was adopted by the Government in 1914. The doubt which existed in my mind concerning small estates has been removed by the Minister. </para>
        </talk.start>
        <interjection>
          <talk.start>
            <talker>
              <page.no>7068</page.no>
              <time.stamp />
              <name.id>K0F</name.id>
              <electorate />
              <party />
              <role />
              <in.gov>0</in.gov>
              <first.speech>0</first.speech>
              <name role="metadata">PEARCE, George</name>
              <name role="display">Senator Sir George PEARCE</name>
            </talker>
            <para>-  It will not affect any estate under  &#163;1,000  net, and after that only to the extent of  &#163;1  per cent, up to  &#163;2,000. </para>
          </talk.start>
        </interjection>
        <interjection>
          <talk.start>
            <talker>
              <page.no>7068</page.no>
              <time.stamp />
              <name.id>JZR</name.id>
              <electorate />
              <party />
              <role />
              <in.gov>0</in.gov>
              <first.speech>0</first.speech>
              <name role="metadata">OGDEN, James</name>
              <name role="display">Senator Ogden</name>
            </talker>
            <para>-  This is additional to the State tax. </para>
          </talk.start>
        </interjection>
        <continue>
          <talk.start>
            <talker>
              <page.no>7068</page.no>
              <time.stamp />
              <name.id>JXJ</name.id>
              <electorate />
              <party />
              <role />
              <in.gov>0</in.gov>
              <first.speech>0</first.speech>
              <name role="metadata">NEEDHAM, Edward</name>
              <name role="display">Senator NEEDHAM</name>
            </talker>
            <para>- Federal taxation, including the estate duties, is additional to State taxation, and the only objection I have is that the Federal Government which introduced this system of taxation during the war period as a temporary measure is still continuing it. senator Elliott.  -  This is the conscription of wealth, which the honorable senator favoured. </para>
          </talk.start>
        </continue>
        <continue>
          <talk.start>
            <talker>
              <page.no>7068</page.no>
              <time.stamp />
              <name.id>JXJ</name.id>
              <electorate />
              <party />
              <role />
              <in.gov>0</in.gov>
              <first.speech>0</first.speech>
              <name role="metadata">NEEDHAM, Edward</name>
              <name role="display">Senator NEEDHAM</name>
            </talker>
            <para>- When the manhood of the nation is conscripted I shall always advocate the conscription of wealth. I think the committee can safely support the amendment moved by the Minister. </para>
          </talk.start>
        </continue>
        <para>Amendment agreed to. </para>
        <para>Clause, as amended, agreed to. </para>
        <para>Bill reported with an amendment; report adopted. </para>
        <para>Bill read a third time. </para>
      </speech>
    </debate>
    <debate>
      <debateinfo>
        <title>SPECIAL ADJOURNMENT</title>
        <page.no>7068</page.no>
        <type>special adjournment</type>
      </debateinfo>
      <para>Motion (by <inline font-weight="bold">Senator Sir George</inline> Pearce) agreed to - </para>
      <para>That the Senate at Its rising adjourn until 11 a.m. to-morrow. </para>
    </debate>
    <adjournment>
      <adjournmentinfo>
        <page.no>7068</page.no>
        <time.stamp>11:43:00</time.stamp>
      </adjournmentinfo>
      <para class="block">Senate adjourned at 11.43 a.m. </para>
    </adjournment>
  </chamber.xscript>
</hansard>