<?xml version="1.0" encoding="utf-8"?>
<hansard xsi:noNamespaceSchemaLocation="../../hansard.xsd" version="2.1" xmlns:xsi="http://www.w3.org/2001/XMLSchema-instance">
  <session.header>
    <date>1928-02-22</date>
    <parliament.no>10</parliament.no>
    <session.no>1</session.no>
    <period.no>3</period.no>
    <chamber>SENATE</chamber>
    <page.no>3341</page.no>
    <proof>0</proof>
  </session.header>
  <chamber.xscript>
    <para class="block">Senate. </para>
    <business.start>
      <day.start>1928-02-22</day.start>
      <para>The <inline font-weight="bold">President (Senator the Eon. Sir John Newlands)</inline> took the chair at 3 p.m. and read prayers. </para>
    </business.start>
    <debate>
      <debateinfo>
        <title>PAPEES</title>
        <page.no>3341</page.no>
        <type>miscellaneous</type>
      </debateinfo>
      <para>The  following papers were presented :  - </para>
      <quote>
        <para>Arbitration (Public Service) Act - Determinations by the Arbitrator, &#38;c. - </para>
        <para>No. 1 of 1928 - FederatedPublic Service Assistant&#39;)&#39; Association. </para>
      </quote>
      <subdebate.1>
        <subdebateinfo>
          <title>No. 2 of 1928- Commonwealth Public Service Clerical Association</title>
          <page.no>3341</page.no>
        </subdebateinfo>
        <para>Commonwealth Bank Act - Regulations amended - Statutory Rules 1028, No. 7. </para>
      </subdebate.1>
      <subdebate.1>
        <subdebateinfo>
          <title>Public Service Act -</title>
          <page.no>3341</page.no>
        </subdebateinfo>
      </subdebate.1>
      <subdebate.1>
        <subdebateinfo>
          <title>Appointments - Department of -</title>
          <page.no>3341</page.no>
        </subdebateinfo>
      </subdebate.1>
      <subdebate.1>
        <subdebateinfo>
          <title>Health - H. S. Roberts</title>
          <page.no>3341</page.no>
        </subdebateinfo>
      </subdebate.1>
      <subdebate.1>
        <subdebateinfo>
          <title>Markets - J. Pitceathly</title>
          <page.no>3341</page.no>
        </subdebateinfo>
      </subdebate.1>
      <subdebate.1>
        <subdebateinfo>
          <title>Postmaster-General - K. T. Fraser; E. J. Phelan</title>
          <page.no>3341</page.no>
        </subdebateinfo>
        <para class="block">Public Service Act,- &#38;c- <inline font-style="italic">continued.</inline></para>
        <para>Works andRail ways - A. Jackson; C. E. Pereival. </para>
        <para>Regulations Amended - Statutory Rules 1927, No. 140- No. 141, 1928, No. 4. </para>
        <para>Air Navigation Act - Regulations Amended - Statutory Rules 1927, No. 148. </para>
        <para>Census and Statistics Act - Regulations Amended - Statutory Rules 1928, No. 3. </para>
        <para>Control of Naval Waters Act- Regulations Amended- Statutory Rules 1927, No. 147. </para>
        <para>Defence Act- Regulations Amended,&#38;c. - Statutory Rules 1927, No. 146- No. 149. </para>
        <para>Meteorological Act - Regulations Amended - Statutory Rules 1927, No. 129. </para>
        <para>Nationality Act-Return showingthe number of persons to whom Certificates of Naturalization were granted during the year 1927, and the countries whence the applicants came. </para>
        <para>Naval Defence Act - Regulations Amended - Statutory Rules 1928, No. 2- No. 6. </para>
        <para>Norfolk Island Act - Ordinance No.6 of 1927 - Brands. </para>
        <para>Northern Australia Act - </para>
        <para>Central Australia - Encouragement of Primary Production Ordinance - Regulations. </para>
        <para>North Australia - Encouragement of Primary Production Ordinance - Regulations. </para>
        <para>Regulations Amended - Statutory Rules 1928. No. 1. </para>
        <para>Papua Act - Ordinances of 1927 - </para>
        <para>No. 11 - Natives (Non-Indentured Service). </para>
        <para>No. 12 - Distillation. </para>
        <para>No. 13 - Superannuation. </para>
        <para>Seat of Government Acceptance Act and Seat of Government (Administration) Act - Ordinances - </para>
        <para>No. 21 of 1927- Real Property (No. 2). </para>
        <para>No. 1 of 1928 - Provisional Government. </para>
        <para>Seat of Government (Administration) Act - Regulations Amended - Statutory Rules 1927, No.- 133. </para>
        <para>Commerce (Trade Descriptions), Act - Regulations - Statutory Rules 1927, No. 155. </para>
        <para>Customs Act- Proclamation dated 13th October, 1927,- revoking Proclamation lating to the prohibition of exportation of Metals, Alloys, and Minerals. </para>
        <para>Export Guarantee Act - Return showing assistance granted up to 31st December, 1927. </para>
        <para>Lands Acquisition Act- Land acquired at - </para>
        <para>Hundred of Bagot, North Australia- for Quarantine Station purposes. </para>
        <para>Sydenham, New South Wales - for Postal purposes. </para>
        <para>Tuggeranong, Federal Territory - for Federal Capital purposes. </para>
        <para>Power Alcohol Bounty Act - Regulations Amended - Statutory Rules 1927, No. 136. </para>
        <para>Spirits Act- Regulations Amended - Statutory Rules 1927, No: 154. </para>
        <para>Post and Telegraph Act - Regulations - Statutory Rules 1927, Nos; 142, 144, 145. </para>
        <para>Wireless Telegraphy Act-~Regulations - Statutory Rules 1927, No: 153. </para>
      </subdebate.1>
    </debate>
    <debate>
      <debateinfo>
        <title>QUESTION</title>
        <page.no>3342</page.no>
        <type>Questions</type>
      </debateinfo>
      <subdebate.1>
        <subdebateinfo>
          <title>NORTHERN TERRITORY</title>
          <page.no>3342</page.no>
        </subdebateinfo>
        <para>Railwayconnexion withqueensland. </para>
        <speech>
          <talk.start>
            <talker>
              <page.no>3342</page.no>
              <time.stamp />
              <name.id>K8P</name.id>
              <electorate>QUEENSLAND</electorate>
              <party />
              <role />
              <in.gov>0</in.gov>
              <first.speech>0</first.speech>
              <name role="metadata">THOMPSON, William</name>
              <name role="display">Senator THOMPSON</name>
            </talker>
            <para>- Is the Minister representing the Minister for Home and Territories in a position to inform the Senate what route has been recommended by the North Australia Commission for a railway from the Northern Territory into Queensland? </para>
          </talk.start>
          <interjection>
            <talk.start>
              <talker>
                <page.no>3342</page.no>
                <time.stamp />
                <name.id>K0F</name.id>
                <electorate />
                <party />
                <role />
                <in.gov>0</in.gov>
                <first.speech>0</first.speech>
                <name role="metadata">PEARCE, George</name>
                <name role="display">Senator Sir GEORGE PEARCE</name>
              </talker>
              <para>- </para>
            </talk.start>
          </interjection>
          <para>The Minister representing the Minister for Home and Territories is not in the chamber, but I can say that, &#39; although it might be possible for him to answer the honorable senator&#39;s question, he would probably not do so because, as soon as it can be done, the whole report of the . North Australia Commission will be laid on the table of the Senate and that report will embrace the matter referred to by the honorable senator. </para>
        </speech>
      </subdebate.1>
    </debate>
    <debate>
      <debateinfo>
        <title>QUESTION</title>
        <page.no>3342</page.no>
        <type>Questions</type>
      </debateinfo>
      <subdebate.1>
        <subdebateinfo>
          <title>MR. BERT HINKLER&#39;S AIR FLIGHT</title>
          <page.no>3342</page.no>
        </subdebateinfo>
        <speech>
          <talk.start>
            <talker>
              <page.no>3342</page.no>
              <time.stamp />
              <name.id>JLM</name.id>
              <electorate>NEW SOUTH WALES</electorate>
              <party />
              <role />
              <in.gov>0</in.gov>
              <first.speech>0</first.speech>
              <name role="metadata">ABBOTT, Percy</name>
              <name role="display">Senator ABBOTT</name>
            </talker>
            <para>- Is the Leader of the Government in the Senate aware that <inline font-weight="bold">Mr. Bert</inline> Hinkler, the celebrated aviator, will probably reach Port Darwin to-day on his flight from England? If so, can he say what steps have been taken to receive him officially and whether he will be invited to come to Canberra? </para>
          </talk.start>
          <interjection>
            <talk.start>
              <talker>
                <page.no>3342</page.no>
                <time.stamp />
                <name.id>K0F</name.id>
                <electorate />
                <party />
                <role />
                <in.gov>0</in.gov>
                <first.speech>0</first.speech>
                <name role="metadata">PEARCE, George</name>
                <name role="display">Senator Sir GEORGE PEARCE</name>
              </talker>
              <para>- I understand that a reception is to be tendered to the aviator on his arrival at Bundaberg, and that the Commonwealth Government will be represented at that reception. I shall bring Under the notice of the Minister for Defence the honorable senator&#39;ssuggestion that <inline font-weight="bold">Mr. Hinkler</inline> should be invited to visit Canberra. </para>
            </talk.start>
          </interjection>
        </speech>
        <speech>
          <talk.start>
            <talker>
              <page.no>3342</page.no>
              <time.stamp />
              <name.id>KN7</name.id>
              <electorate>VICTORIA</electorate>
              <party />
              <role />
              <in.gov>0</in.gov>
              <first.speech>0</first.speech>
              <name role="metadata">GUTHRIE, James</name>
              <name role="display">Senator GUTHRIE</name>
            </talker>
            <para>- I should like to know if <inline font-weight="bold">Mr. Bert</inline> Hinkler is to receive every assistance and encouragement from the Commonwealth Government in regard to the use of landing grounds throughout Australia ? </para>
          </talk.start>
          <interjection>
            <talk.start>
              <talker>
                <page.no>3342</page.no>
                <time.stamp />
                <name.id>K0F</name.id>
                <electorate />
                <party />
                <role />
                <in.gov>0</in.gov>
                <first.speech>0</first.speech>
                <name role="metadata">PEARCE, George</name>
                <name role="display">Senator Sir GEORGE PEARCE</name>
              </talker>
              <para>- I understand that that is so. </para>
            </talk.start>
          </interjection>
        </speech>
      </subdebate.1>
    </debate>
    <debate>
      <debateinfo>
        <title>QUESTION</title>
        <page.no>3342</page.no>
        <type>Questions</type>
      </debateinfo>
      <subdebate.1>
        <subdebateinfo>
          <title>TASMANIAN COMMUNICATIONS</title>
          <page.no>3342</page.no>
        </subdebateinfo>
        <speech>
          <talk.start>
            <talker>
              <page.no>3342</page.no>
              <time.stamp />
              <name.id>K3L</name.id>
              <electorate>TASMANIA</electorate>
              <party />
              <role />
              <in.gov>0</in.gov>
              <first.speech>0</first.speech>
              <name role="metadata">SAMPSON, Burford</name>
              <name role="display">Senator SAMPSON</name>
            </talker>
            <para>- Is the Leader of the Government in the Senate in a  position to reply to a question I asked on the 15th December last relating to Tasmanian communications? </para>
          </talk.start>
          <interjection>
            <talk.start>
              <talker>
                <page.no>3343</page.no>
                <time.stamp />
                <name.id>K0F</name.id>
                <electorate />
                <party />
                <role />
                <in.gov>0</in.gov>
                <first.speech>0</first.speech>
                <name role="metadata">PEARCE, George</name>
                <name role="display">Senator Sir GEORGE PEARCE</name>
              </talker>
              <para>-  I regret that I was not aware that the honorable senator&#39;s question had remained unanswered otherwise I should have seen that a reply was forthcoming. Apparently the matter has been overlooked but I shall see that it is given prompt attention. </para>
            </talk.start>
          </interjection>
        </speech>
      </subdebate.1>
    </debate>
    <debate>
      <debateinfo>
        <title>ASSENT TO BILLS</title>
        <page.no>3343</page.no>
        <type>bill</type>
      </debateinfo>
      <para>Assent to he following bills reported :  - </para>
      <quote>
        <para>Land Tax Bill. </para>
        <para>Land Tax Assessment Bill. </para>
        <para>Income Tax Bill. </para>
        <para>Income Tax Assessment Bill. </para>
        <para>War Service Homes Agreement Bill. </para>
        <para>Maternity Allowance Bill. </para>
        <para>Commonwealth Housing Bill. </para>
        <para>Commonwealth Bank (Savings  Bank) Bill. </para>
        <para>Wireless Agreement Bill. </para>
        <para>Iron and Steel Products Bounty Bill. </para>
      </quote>
    </debate>
    <debate>
      <debateinfo>
        <title>CUSTOMS TARIFF BILL</title>
        <page.no>3343</page.no>
        <type>bill</type>
      </debateinfo>
      <para>Bill received from the House of Representatives and (on motion by <inline font-weight="bold">Senator Crawford),</inline> read a first time. </para>
    </debate>
    <debate>
      <debateinfo>
        <title>EXCISE TARIFF BILL</title>
        <page.no>3343</page.no>
        <type>bill</type>
      </debateinfo>
      <para>Bill received from the House of Representatives and (on motion by <inline font-weight="bold">Senator Crawford),</inline> read a first time. </para>
    </debate>
    <debate>
      <debateinfo>
        <title>CUSTOMS TARIFF VALIDATION BILL</title>
        <page.no>3343</page.no>
        <type>bill</type>
      </debateinfo>
      <para>Bill received from the House of Representatives and (on motion by <inline font-weight="bold">Senator Crawford),</inline> read a first time. </para>
    </debate>
    <debate>
      <debateinfo>
        <title>MOTION OF CENSURE</title>
        <page.no>3343</page.no>
        <type>motion of censure</type>
      </debateinfo>
      <subdebate.1>
        <subdebateinfo>
          <title>Special Adjournment</title>
          <page.no>3343</page.no>
        </subdebateinfo>
        <speech>
          <talk.start>
            <talker>
              <page.no>3343</page.no>
              <time.stamp />
              <name.id>K0F</name.id>
              <electorate>Western Australia</electorate>
              <party>NAT</party>
              <role>Vice-President of the Executive Council</role>
              <in.gov>1</in.gov>
              <first.speech>0</first.speech>
              <name role="metadata">PEARCE, George</name>
              <name role="display">Senator Sir GEORGE PEARCE</name>
            </talker>
            <para>&#91;3.14&#93;. - I understand that, in another place, the Leader of the Opposition has submitted a motion of censure on the Government. In view of that fact, I now move - </para>
          </talk.start>
          <quote>
            <para>That the Senate, at its rising, adjourn till Wednesday next at 3 p.m. </para>
          </quote>
          <para>Question resolved in the affirmative. </para>
        </speech>
      </subdebate.1>
    </debate>
    <adjournment>
      <adjournmentinfo>
        <page.no>3343</page.no>
        <time.stamp>15:15:00</time.stamp>
      </adjournmentinfo>
      <para class="block">Senate adjourned at 3.15 p.m. </para>
    </adjournment>
  </chamber.xscript>
</hansard>