<?xml version="1.0" encoding="utf-8"?>
<hansard xsi:noNamespaceSchemaLocation="../../hansard.xsd" version="2.1" xmlns:xsi="http://www.w3.org/2001/XMLSchema-instance">
  <session.header>
    <date>1928-06-11</date>
    <parliament.no>10</parliament.no>
    <session.no>1</session.no>
    <period.no>3</period.no>
    <chamber>SENATE</chamber>
    <page.no>5736</page.no>
    <proof>0</proof>
  </session.header>
  <chamber.xscript>
    <para class="block">Senate. </para>
    <business.start>
      <day.start>1928-06-11</day.start>
      <para>The <inline font-weight="bold">President (Senator the Hon. Sir John Newlands)</inline> took the chair at 3 p.m., and read prayers. </para>
    </business.start>
    <debate>
      <debateinfo>
        <title>DEATH OF SENATOR GRANT.NEW SENATOR</title>
        <page.no>5736</page.no>
        <type>miscellaneous</type>
      </debateinfo>
      <para>The <inline font-weight="bold">PRESIDENT (Senator the Hon. Sir John Newlands).</inline> - It is with very great regret that I have to announce to the Senate the death of <inline font-weight="bold">Senator John</inline> Grant which occurred on the 19th May last. On behalf of the Senate I- conveyed an expression of sympathy to <inline font-weight="bold">Mrs. Grant,</inline> pending a more formal resolution of this chamber. I have further to inform the Senate that in pursuance of the provisions of the Constitution I notified the Governor of the State of New South Wales of the vacancy caused in the representation of that State in the Senate by the death of <inline font-weight="bold">Senator Grant</inline> and I have received from  His Excellency  the Governor-General a certificate of the choice of Albert Gardiner as a senator to fill such vacancy. The certificate will be laid on the table and read by the  Clerk. </para>
      <para>Certificate read by the  Clerk. </para>
      <para>
        <inline font-weight="bold">Senator Gardiner</inline>made and subscribed the oath of allegiance. </para>
    </debate>
    <debate>
      <debateinfo>
        <title>DEATH OF THE HON. H. E. PRATTEN</title>
        <page.no>5736</page.no>
        <type>miscellaneous</type>
      </debateinfo>
      <speech>
        <talk.start>
          <talker>
            <page.no>5736</page.no>
            <time.stamp />
            <name.id>10000</name.id>
            <electorate />
            <party />
            <role />
            <in.gov>0</in.gov>
            <first.speech>0</first.speech>
            <name role="metadata">PRESIDENT, The</name>
            <name role="display">The PRESIDENT</name>
          </talker>
          <para>- I have further to inform the Senate that I have received a letter from <inline font-weight="bold">Mrs. Pratten</inline> expressing her deep appreciation of the resolution of sympathy and condolence passed by the Senate on the occasion of the death of her husband, the late  Hon.  H. E. Pratten. </para>
        </talk.start>
      </speech>
    </debate>
    <debate>
      <debateinfo>
        <title>DEATH OF SENATOR GRANT</title>
        <page.no>5736</page.no>
        <type>miscellaneous</type>
      </debateinfo>
      <para>Motion <inline font-style="italic">ov</inline> Sympathy. </para>
      <speech>
        <talk.start>
          <talker>
            <page.no>5736</page.no>
            <time.stamp />
            <name.id>K0F</name.id>
            <electorate>Western Australia</electorate>
            <party>NAT</party>
            <role>Vice-President of the Executive Council</role>
            <in.gov>1</in.gov>
            <first.speech>0</first.speech>
            <name role="metadata">PEARCE, George</name>
            <name role="display">Senator Sir GEORGE PEARCE</name>
          </talker>
          <para>&#39; &#91;3.5&#93; - <inline font-style="italic">{By leave.)</inline> - I move - </para>
        </talk.start>
        <quote>
          <para>That the Senate expresses its sincere regret at the death of <inline font-weight="bold">Senator John</inline> Grant, places upon record its appreciation of hia meritorious public service, and extends its profound sympathy to his widow and son in their sad bereavement. </para>
        </quote>
        <para class="block">The late senator was well known personally tome and, I think, to most honorable senators, for many years, and we were at all times impressed by the conscientious manner in which he discharged his public duties. I am sure also that all honorable senators were struck with the wonderful courage which, he displayed during the  last  few months of his life, when, suffering much pain and inconvenience from the dreadful disease with which he was afflicted, he manifested remarkable fortitude in attending, with his customary thoroughness, to his work in this chamber as well as to his many public duties outside. </para>
        <para>This was typical of the man himself. <inline font-weight="bold">Senator Grant</inline> came to Australia over 40 years ago and, as a young man, played an important part in the founding of the labour movement in the days when association with it involved a great deal of sacrifice and rendered its leaders liable to a considerable amount of persecution. As one of its pioneers he took an important part in the work of placing it on an enduring foundation, and displayed those sterling qualities of courage and uprightness that were so characteristic a feature of his subsequent public life.  His  ability and high character were quickly recognized by those with whom he was associated. Early in the history of the movement he was placed in responsible positions,&#39; and eventually was returned to the Senate as a representative of the State of New South Wales. </para>
        <para>We all can bear testimony to the able manner in which <inline font-weight="bold">Senator Omul</inline> carried out his duties in this chamber. As a . member of several select committees and two royal commissions, he also showed the same assiduity and the same pertinacity of purpose in the public interest. He has left behind him a splendid record. We who knew him feel proud that it was our privilege to be associated with a man who took so deep an interest in the public affairs of this country. The Senate was undoubtedly the richer for his presence. </para>
        <para>We extend to his widow and son our deep sympathy in their sorrow. I happen to know that he was a devoted husband and I am sure that to his widow his death is an irreparable  loss.  Our sympathies go out to her in her loneliness and sorrow, and I can only hope that the carrying of this motion by the Senate as a mark of its appreciation of the life and work of the late honorable senator will be some slight consolation to her. </para>
      </speech>
      <speech>
        <talk.start>
          <talker>
            <page.no>5737</page.no>
            <time.stamp />
            <name.id>JXJ</name.id>
            <electorate>Western Australia</electorate>
            <party />
            <role />
            <in.gov>0</in.gov>
            <first.speech>0</first.speech>
            <name role="metadata">NEEDHAM, Edward</name>
            <name role="display">Senator NEEDHAM</name>
          </talker>
          <para>. -  I second the motion so feelingly moved by the right honorable the Leader of the Government in the Senate <inline font-weight="bold">(Senator Pearce),</inline> expressing our regret at the death of <inline font-weight="bold">Senator Grant.</inline> On behalf of honorable senators on thin side of the chamber \ endorse the sentiments he has expressed with reference <inline font-style="italic">to</inline> our late colleague. My acquaintance with the late honorable gentleman commenced nearly a quarter of a century ago, and very rapidly ripened into a friendship that lasted until his death. </para>
        </talk.start>
        <para>As has been truly said by the right honorable gentleman, <inline font-weight="bold">Senator Grant</inline> was a pioneer of the great Australian Labour movement, and at all times, and under all conditions, was a fearless and sterling advocate of its principles. He was a man of strong convictions, and was dauntless in their expression, but he was at the same time always courteous. Those of us who knew him well could not but admire his zeal, his assiduity, the capacity with which he applied himself&#39; to every work he took in hand, and the constancy of his attendance to his duties in the Senate, as well as to his public duties beyond the parliamentary arena. </para>
        <para>During the last year or. two we noticed with regret the honorable senator&#39;s failing health. He was stricken by a dread disease, and the fortitude and Christian resignation with which he bore his suffering was an example to all of us. Notwithstanding the fact that he was at times suffering intense pain, his application to his public duties here and .elsewhere were not m the least abated. </para>
        <para>
          <inline font-weight="bold">Senator Grant</inline>died in harness, working to the last, according to his lights, in the interests of his adopted country which he had served for so many years. We on this side of the chamber join with the Leader of the Senate in expressing our sincere sympathy with his widow and son. That he was a devoted husband and loving father we all know. Great as is his loss to this Parliament, the loss to his loved ones is greater still, and time alone can heal the wound his death has caused <inline font-style="italic">them..</inline></para>
        <para>The Australian Labour party of which he was a prominent and active member has lost a sturdy advocate; Australia a sterling citizen. On behalf of my colleagues on this side of the chamber I join with the Leader of the Senate in expressing our profound sorrow at the death of <inline font-weight="bold">Senator Grant.</inline></para>
      </speech>
      <speech>
        <talk.start>
          <talker>
            <page.no>5738</page.no>
            <time.stamp />
            <name.id>KKZ</name.id>
            <electorate>New South Wales</electorate>
            <party />
            <role />
            <in.gov>0</in.gov>
            <first.speech>0</first.speech>
            <name role="metadata">GARDINER, Albert</name>
            <name role="display">Senator GARDINER</name>
          </talker>
          <para>. -  May I, speaking from a full heart, associate myself with all that the Leader of the Senate <inline font-weight="bold">(Senator Pearce),</inline> and our Leader on this side has said with reference to the late <inline font-weight="bold">Senator Grant?I</inline> was associated with the honorable gentleman in the political fights of New South Wales since 1891, and as one of those who was fortunate enough to be frequently in his company, had full opportunity to realize and appreciate his outstanding qualities. He was a man of keen perception, clear brain, and most excellent judgment, and instance after instance of his foresight and keenness might readily be cited were this a fitting occasion to doso. </para>
        </talk.start>
        <para>Inspeaking to the motion I can only repeat what has already been said by the Minister and the Leader of the Opposition : that his death is aloss not only to his family, but also to the Senate and to the State which he represented. To that gentle lady, his widow, who took such an active interest in his public affairs, and assisted him so well, and also to his son, I extend the sympathy that I feel is in the heart of every honorable senator. <inline font-weight="bold">Senator Grant</inline> had passed man&#39;s allotted span, and if the title deed to eternal rest is a life well spent, then surely he earned it, and was called from his strenuous labours here with the words, &#34;Well done thou good and faithful servant.&#34; </para>
        <para>Question resolved in the affirmative, honorable senators standing in their places. </para>
      </speech>
    </debate>
    <debate>
      <debateinfo>
        <title>QUESTION</title>
        <page.no>5738</page.no>
        <type>Questions</type>
      </debateinfo>
      <subdebate.1>
        <subdebateinfo>
          <title>HOUR OF MEETING</title>
          <page.no>5738</page.no>
        </subdebateinfo>
        <speech>
          <talk.start>
            <talker>
              <page.no>5738</page.no>
              <time.stamp />
              <name.id>K0F</name.id>
              <electorate>Western Australia</electorate>
              <party>NAT</party>
              <role>Vice-President of the Executive Council</role>
              <in.gov>1</in.gov>
              <first.speech>0</first.speech>
              <name role="metadata">PEARCE, George</name>
              <name role="display">Senator Sir GEORGE PEARCE</name>
            </talker>
            <para>&#91;3.17&#93;.  -  I move - </para>
          </talk.start>
          <para>That the Senate at its  rising adjourn  till to-morrow at  11  a.m. </para>
          <para class="block">The state of public business is such that with some little sacrifice on the part of honorable senators, we should, I think, by meeting every morning, be able to conclude the present sittings of the Senate by the end of this week. That is the reason why I am asking honorable senators to agree to an adjournment until 11 a.m. to-morrow, when we hope that business will be forthcoming from another place with which we shall be able to proceed forthwith. </para>
          <para>Question resolved in the affirmative. </para>
        </speech>
      </subdebate.1>
    </debate>
    <debate>
      <debateinfo>
        <title>ADJOURNMENT</title>
        <page.no>5738</page.no>
        <type>adjournment</type>
      </debateinfo>
      <speech>
        <talk.start>
          <talker>
            <page.no>5738</page.no>
            <time.stamp />
            <name.id>K0F</name.id>
            <electorate>West ern Australia</electorate>
            <party>NAT</party>
            <role>Vice-President of the Executive Council</role>
            <in.gov>1</in.gov>
            <first.speech>0</first.speech>
            <name role="metadata">PEARCE, George</name>
            <name role="display">Senator Sir GEORGE PEARCE</name>
          </talker>
          <para>&#91;3.18&#93;.  -  As a mark of respect to the memory of the late <inline font-weight="bold">Senator John</inline> Grant, I move - </para>
        </talk.start>
        <quote>
          <para>That the Senate do now adjourn. </para>
        </quote>
        <para>Question resolved in the affirmative. </para>
      </speech>
    </debate>
    <adjournment>
      <adjournmentinfo>
        <page.no>5738</page.no>
        <time.stamp>15:18:00</time.stamp>
      </adjournmentinfo>
      <para>Senate adjourned  at 3.18 p.m. </para>
    </adjournment>
  </chamber.xscript>
</hansard>