<?xml version="1.0" encoding="utf-8"?>
<hansard xsi:noNamespaceSchemaLocation="../../hansard.xsd" version="2.1" xmlns:xsi="http://www.w3.org/2001/XMLSchema-instance">
  <session.header>
    <date>1955-04-19</date>
    <parliament.no>21</parliament.no>
    <session.no>1</session.no>
    <period.no>2</period.no>
    <chamber>REPS</chamber>
    <page.no>3</page.no>
    <proof>0</proof>
  </session.header>
  <chamber.xscript>
    <para class="block">COMMONWEALTH OF AUSTRALIA </para>
    <para class="block">PARLIAMENTARY DEBATES. </para>
    <para class="block">(HANSARD.) </para>
    <para class="block">First Session of the Twenty-first Parliament. (Second Period.) </para>
    <para class="block">HOUSE OF REPRESENTATIVES. </para>
    <para>The House of Representatives, on the 12th November, 1954, adjourned to a date and hour to be fixed by <inline font-weight="bold">Mr. Speaker.</inline></para>
    <para>
      <inline font-weight="bold">Mr. Speaker</inline>summoned the House of Representatives to meet on Tuesday, the 19th April, 1955, at 3 p.m. </para>
    <business.start>
      <day.start>1955-04-19</day.start>
      <para>
        <inline font-weight="bold">Mr. Speaker (Hon. Archie Cameron)</inline>took the chair at 3 p.m., and read prayers. </para>
    </business.start>
    <debate>
      <debateinfo>
        <title>MEMBER SWORN</title>
        <page.no>3</page.no>
        <type>miscellaneous</type>
      </debateinfo>
      <para class="block">
        <inline font-weight="bold">Mr. Kim</inline>EDWARD Beazley made and subscribed the oath of allegiance as Member for the Division of Fremantle, Western Australia. </para>
    </debate>
    <debate>
      <debateinfo>
        <title>ANTI-COMMUNIST LABOUR PARTY</title>
        <page.no>3</page.no>
        <type>miscellaneous</type>
      </debateinfo>
      <speech>
        <talk.start>
          <talker>
            <page.no>3</page.no>
            <time.stamp />
            <name.id>KDX</name.id>
            <electorate>Ballarat</electorate>
            <party />
            <role />
            <in.gov>0</in.gov>
            <first.speech>0</first.speech>
            <name role="metadata">JOSHUA, Robert</name>
            <name role="display">Mr JOSHUA</name>
          </talker>
          <para>
            <inline font-weight="bold">- Mr. Speaker,</inline>I desire to announce that the honorable member for Darebin <inline font-weight="bold">(Mr. Andrews),</inline> the honorable member for Fawkner <inline font-weight="bold">(Mr. Bourke),</inline> the honorable member for Gellibrand <inline font-weight="bold">(Mr. Mullens),</inline> the honorable member for Hoddle <inline font-weight="bold">(Mr. Cremean),</inline> the honorable member for Wills <inline font-weight="bold">(Mr. Bryson),</inline> the honorable member for Yarra <inline font-weight="bold">(Mr. Keon)</inline> and I, at the express wish of the rankandfile members of the party in our electorates, and of the constitutionally elected central executive of the Victorian branch of the Australian Labour party, no longer recognize the leadership of the right honorable member for Barton <inline font-weight="bold">(Dr. Evatt).</inline> I have been chosen to act as the leader of these honorable members in this House, and the honorable member for Yarra will fill the position of  deputy  leader. We wish to be known, <inline font-weight="bold">Mr. Speaker,</inline> for the purposes of distinction from the followers of the right honorable member for Barton, as the Australian Labour party (anti-Communist). </para>
        </talk.start>
        <interjection>
          <talk.start>
            <talker>
              <page.no>3</page.no>
              <time.stamp />
              <name.id>N76</name.id>
              <electorate />
              <party />
              <role />
              <in.gov>0</in.gov>
              <first.speech>0</first.speech>
              <name role="metadata">MENZIES, Robert</name>
              <name role="display">Mr Menzies</name>
            </talker>
            <para>- I congratulate the honorable member and his  deputy  leader. </para>
          </talk.start>
        </interjection>
        <interjection>
          <talk.start>
            <talker>
              <page.no>3</page.no>
              <time.stamp />
              <name.id>DTN</name.id>
              <electorate />
              <party />
              <role />
              <in.gov>0</in.gov>
              <first.speech>0</first.speech>
              <name role="metadata">EVATT, Herbert Vere</name>
              <name role="display">Dr Evatt</name>
            </talker>
            <para>- I note the congratulations expressed by the Prime Minister. It transpires that the secret alliance between the Government and the Santamaria group is now replaced by an open one. </para>
          </talk.start>
        </interjection>
      </speech>
    </debate>
    <debate>
      <debateinfo>
        <title>QUESTION</title>
        <page.no>3</page.no>
        <type>Questions</type>
      </debateinfo>
      <subdebate.1>
        <subdebateinfo>
          <title>DEATH OF MR. THOMAS SHEEHAN, M.P</title>
          <page.no>3</page.no>
        </subdebateinfo>
        <speech>
          <talk.start>
            <talker>
              <page.no>3</page.no>
              <time.stamp />
              <name.id>N76</name.id>
              <electorate>Kooyong</electorate>
              <party>LP</party>
              <role>Prime Minister</role>
              <in.gov>1</in.gov>
              <first.speech>0</first.speech>
              <name role="metadata">MENZIES, Robert</name>
              <name role="display">Mr MENZIES</name>
            </talker>
            <para>. - Since the House last met we have lost one of our colleagues who was very deeply regarded on both side3 of this House. Thomas Sheehan died on the 26th March last at the age of 63 years. He was born in Sydney and entered the service of the New South Wales Department of Railways. He took an interest in union affairs and became prominent in them. He was elected as an alderman of the Newtown Municipal Council in 1934, and was, in fact, Deputy Mayor in 1935. In 1937, he  was elected to this House as the member for the Division of Cook, and he continued to represent that electorate for the better part of eighteen years until the time of his death. During his association with this House he was a member of the Man-power and Resource? Committee in 1941-42; lie was a member of the Public &#34;Works Committee from 1.940 to 1943; he was Government Whip from 1943 to 1946; he was a Temporary Chairman of Committees from 1946 to 1949; he was a member of the Parliamentary Proceedings Broadcasting Committee from 1946 to 1949; he was Parliamentary Secretary of the Labour party from 1946 until his death; and he was a member of the Committee of Privileges from 1946 until his death. He is survived by a widow, three sons, and a daughter. </para>
          </talk.start>
          <para>Before I submit the motion which conveys our sympathy to the berea ved ones, I hope that I may say, and I am sure that I shall do so on behalf of all honorable members, that our late friend, Tom Sheehan, was a man of complete integrity whom we all respected and regarded. Ho was also a man of great simplicity, and he possessed the most remarkable personal charm and generosity. It is not given to the lot of every member of this House, particularly if he has sat here for eighteen years, to be able to say that he has no enemies. I myself might boast, or regret, a few in my own time, but Tom Sheehan, on this side of the House as on the other side, was always regarded as a person of an infinitely friendly and generous mind. I am bound to say, <inline font-weight="bold">Mr. Speaker,</inline> that whenever you call a division in the future, I shall look back to the time when it was our practice to see Tom Sheehan, come down to tell in the division, to make our own little side remarks with him, and to know that we were talking to a man of great honesty and directness of mind. Therefore, I shall remember him, as indeed, all my friends in this House will remember him, with affection and respect. </para>
          <para>I say those things, because, though words cannot afford comfort to those who lose a husband or a father, in the long run perhaps, the knowledge of how he was regarded in this House will provide some balm for the wounds that death at his age must have caused. I move - </para>
          <quote>
            <para>That this House expresses its deep regret at the death of <inline font-weight="bold">Mr. Thomas</inline> Sheehan, who was at the time of his death a member of this House for the Division of Cook, places on record its appreciation of his meritorious public service, and tenders its profound sympathy to his family in their bereavement. </para>
          </quote>
        </speech>
        <speech>
          <talk.start>
            <talker>
              <page.no>4</page.no>
              <time.stamp />
              <name.id>DTN</name.id>
              <electorate>Barton</electorate>
              <party />
              <role>Leader of the Opposition</role>
              <in.gov>0</in.gov>
              <first.speech>0</first.speech>
              <name role="metadata">EVATT, Herbert Vere</name>
              <name role="display">Dr EVATT</name>
            </talker>
            <para>. - I second the motion.  I should like to add to the record of public service mentioned by the Prime Minister <inline font-weight="bold">(Mr. Menzies)</inline> in relation to <inline font-weight="bold">Mr. Tom</inline> Sheehan the fact that he served as an alderman for many years in the district of Enmore and Newtown in Sydney, and that he was very prominent as an official of one of the greatest Australian unions, the Australian Federated Union of Locomotive Enginemen, the same union, incidentally, as that to which so many members of the Parliamentary Labour party have belonged, including the late <inline font-weight="bold">Mr. Ben</inline> Chifley. </para>
          </talk.start>
          <para>The loss that we have sustained by the death of <inline font-weight="bold">Mr. Sheehan</inline> is a very great one. For many years, he was, first, whip and then secretary of the party. He was always of great assistance in the business that had to be carried on by the party. He was, as the Prime Minister correctly pointed out, a man of great simplicity. He was kindness itself to all new members, and I cannot help thinking now of the friends of his whom death has taken away from us so recently - men like Jack Rosevear and Dan Mulcahy. The friendship of those three was remarkable. <inline font-weight="bold">Mr. Sheehan</inline> seemed to know by instinct what was the right thing to do, and he did it.  His  loss will be grievously felt by his family.  His  children and grandchildren will always miss him. They cannot possibly replace him. We shall take some comfort from the great example of his life. We have lost a very true friend and true comrade. </para>
        </speech>
        <speech>
          <talk.start>
            <talker>
              <page.no>4</page.no>
              <time.stamp />
              <name.id>KDX</name.id>
              <electorate>Ballarat</electorate>
              <party />
              <role>Leader of the Anti-Communist Labour Party</role>
              <in.gov>0</in.gov>
              <first.speech>0</first.speech>
              <name role="metadata">JOSHUA, Robert</name>
              <name role="display">Mr JOSHUA</name>
            </talker>
            <para>. - I desire to support the motion, and to say that I found the late Tom Sheehan a kindly and genial soul, and yet very earnest in his work as secretary of the party. He was possessed of great determination and great depth of character. Among the many things that he  did in <inline font-weight="bold">Ms life</inline> it will be remembered that, on the 2nd May, 1940, he was a member - of the Australian- Labour party (nonCommunist). T desire to support the remarks of the Prime Minister <inline font-weight="bold">(Mr. Menzies)</inline> and the Leader of the Opposition (Br. Evatt), aud to extend to <inline font-weight="bold">Mrs. Sheehan</inline> and the members of her family our. deepest sympathy. </para>
          </talk.start>
        </speech>
        <speech>
          <talk.start>
            <talker>
              <page.no>5</page.no>
              <time.stamp />
              <name.id>6V4</name.id>
              <electorate>Grayndler</electorate>
              <party />
              <role />
              <in.gov>0</in.gov>
              <first.speech>0</first.speech>
              <name role="metadata">DALY, Fred</name>
              <name role="display">Mr DALY</name>
            </talker>
            <para>-Very briefly, though none the less sincerely, I wish to be associated with the sentiments that, have been expressed with regard to the passing of my colleague, the late TomSheehan. With other members of this Parliament, I was associated with Mm for many years, and share with them all regret at &#39; <inline font-weight="bold">Ms passing.</inline> As has been stated by the previous speakers, he was held in the highest esteem among the ranks of parliamentarians and also in the electorate that he represented in such a distinguished way for many years. &#34;With other members of this Parliament, and my colleagues, I join in extending to his family, who are all very well known to me, the deepest sympathy. </para>
          </talk.start>
          <para>Question resolved in the affirmative, honorable members standing in  their  places. </para>
        </speech>
      </subdebate.1>
    </debate>
    <debate>
      <debateinfo>
        <title>ADJOURNMENT</title>
        <page.no>5</page.no>
        <type>adjournment</type>
      </debateinfo>
      <speech>
        <talk.start>
          <talker>
            <page.no>5</page.no>
            <time.stamp />
            <name.id>N76</name.id>
            <electorate>Kooyong</electorate>
            <party>LP</party>
            <role>Prime Minister</role>
            <in.gov>1</in.gov>
            <first.speech>0</first.speech>
            <name role="metadata">MENZIES, Robert</name>
            <name role="display">Mr MENZIES</name>
          </talker>
          <para>. - As a  mark of respect to the memory of the deceased honorable member I move - </para>
        </talk.start>
        <quote>
          <para>That He House do now adjourn. </para>
        </quote>
        <para>Question resolved in the affirmative. </para>
        <para>
          <inline font-style="italic">Souse</inline>adjourned at 3.14 p.m. </para>
      </speech>
    </debate>
  </chamber.xscript>
</hansard>