<?xml version="1.0" encoding="utf-8"?>
<hansard xsi:noNamespaceSchemaLocation="../../hansard.xsd" version="2.1" xmlns:xsi="http://www.w3.org/2001/XMLSchema-instance">
  <session.header>
    <date>1903-10-22</date>
    <parliament.no>1</parliament.no>
    <session.no>2</session.no>
    <period.no>0</period.no>
    <chamber>SENATE</chamber>
    <page.no>6434</page.no>
    <proof>0</proof>
  </session.header>
  <chamber.xscript>
    <para class="block">Senate. </para>
    <business.start>
      <day.start>1903-10-22</day.start>
      <para>The  President  took the chair at 2 p.m.,. and read prayers. </para>
    </business.start>
    <debate>
      <debateinfo>
        <title>ADDRESS TO THE GOVERNORGENERAL: HIS EXCELLENCY&#39;S REPLY</title>
        <page.no>6434</page.no>
        <type>miscellaneous</type>
      </debateinfo>
      <speech>
        <talk.start>
          <talker>
            <page.no>6434</page.no>
            <time.stamp />
            <name.id>10000</name.id>
            <electorate />
            <party />
            <role />
            <in.gov>0</in.gov>
            <first.speech>0</first.speech>
            <name role="metadata">PRESIDENT, The</name>
            <name role="display">The PRESIDENT</name>
          </talker>
          <para>- I have to announce to the Senate that I presented to  His Excellency  the Governor-General the address:  which was carried yesterday, and received the following reply :  - </para>
        </talk.start>
        <quote>
          <para>Commonwealth of Australia. </para>
          <para>Governor-General. </para>
        </quote>
      </speech>
      <subdebate.1>
        <subdebateinfo>
          <title>Gentlemen,</title>
          <page.no>6435</page.no>
        </subdebateinfo>
        <para>I have been profoundly touched by the signal honour you have done me in handing me the Address from each of your two Houses, authoritatively representing as they do the warm-hearted people of Australia. Thatyou have been kind enough to give such generous expression to your feeling that I have done my duty by my Sovereign, the Empire, and Australia during my term of office as Governor-General will be to me an ever-grateful remembrance, and I shall value this Address as one of the highest honours I could possibly receive. </para>
        <para>I wish to thank my Ministers and the Members of the first Commonwealth Parliament of Australia for their unvarying kindness and courtesy to me and mine ; and. Lady Tennyson, who has throughout been closely associated with me in the performance of my duties, and, may I add, richly merits your encomium, desires me to convey to you her heartfelt gratitude for your kind words and wishes. She and 1 have spent five truly happy years among you, and the people of Australia will always be very near our hearts, whileyou may rest assured that, wherever I am, I shall continue to advocate their interests to the best of my ability. </para>
        <para>It is true that I came into office at a time when many grave difficulties had to be encountered, but by your&#34; common sense,&#34; patience, and perseverance these especial difficulties have been overcome. I shall ever remember with pride that I was His Majesty&#39;s chief representative in Australia when the Constitution of the Commonwealth was being established on a firm basis - that <inline font-style="italic">as</inline> such I assented to the four great Acts which are the four corner-stones of the Constitution, and helped to place the coping stone on the edifice by the creation of your strong Federal High Court. </para>
        <para class="block">In my journeys through Australia I have been  enabledtoseeformyselfhowwonderfulthe  resources - how rich the products of your country are, and how splendidly loyal are the people. </para>
        <para>I have full belief that United Australia will take a high and worthy rank among the nations of the world, and add her contribution to the welfare and the glories of the British race, and aid the Mother country to fulfil her great Imperial mission. </para>
        <para>TENNYSON. </para>
        <para>22nd October, 1903. </para>
      </subdebate.1>
    </debate>
    <debate>
      <debateinfo>
        <title>PAPER</title>
        <page.no>6435</page.no>
        <type>miscellaneous</type>
      </debateinfo>
      <para>
        <inline font-weight="bold">Senator PLAYFORD</inline>laid upon the table the following paper :  - </para>
      <quote>
        <para>Correspondence with reference to the proposed transcontinental railway. </para>
      </quote>
      <para>Ordered to be printed. </para>
    </debate>
    <debate>
      <debateinfo>
        <title>PUBLIC SERVICE REGULATIONS</title>
        <page.no>6435</page.no>
        <type>miscellaneous</type>
      </debateinfo>
      <para>The  PRESIDENT  reported the receipt of a message from the House of Representatives intimating that it had agreed to the amendments made by the Senate in the Public Service Regulations, with the exception of amendment No. 1, to which it had disagreed. </para>
    </debate>
    <debate>
      <debateinfo>
        <title>QUESTION</title>
        <page.no>6435</page.no>
        <type>Questions</type>
      </debateinfo>
      <subdebate.1>
        <subdebateinfo>
          <title>FEDERAL CAPITAL SITE</title>
          <page.no>6435</page.no>
        </subdebateinfo>
        <speech>
          <talk.start>
            <talker>
              <page.no>6435</page.no>
              <time.stamp />
              <name.id>K6D</name.id>
              <electorate>WESTERN AUSTRALIA</electorate>
              <party />
              <role />
              <in.gov>0</in.gov>
              <first.speech>0</first.speech>
              <name role="metadata">SMITH, Miles</name>
              <name role="display">Senator STANIFORTH SMITH</name>
            </talker>
            <para>asked the Vice-President of the Executive Council, <inline font-style="italic">upon notice -</inline></para>
          </talk.start>
          <quote>
            <para>In the event of the Federal Parliament not coming to a final decision regarding the Capital site this session - </para>
            <list type="decimal-dotted">
              <item label="1.">
                <para>Will the Government appoint a Commissioner or Commissioners to delimit an area of 1,000 square miles, in the neighbourhoods of Bombala and Tumut, that they consider most suitable for a Federal Capital site, giving the following information regarding each area :  - (a) accessibility ; (b) means of communication : (c) climate ; (d) topography ; (e) water supply - gravitation or pumping ; (f) drainage; (g) soil; (h) building material ; (i) fuel ; (j) the estimated cost of resumption of each site, by ascertaining from the land-holders within those areas the price they ask for their land ; (k) an estimate of the Federal expenditure that would be, in their opinion, absolutely necessary during the next ten years for each site if selected ? </para>
              </item>
              <item label="2.">
                <para>Will the Government also state whether (in the event of an area of 1,000 square miles being decided upon by Parliament) the Constitution gives them the right to acquire all Crown lands within that area free of cost, and, if not, will they ascertain what the Government of the State of New South Wales is prepared to do regarding those Crown lands outside the 100 square mile minimum ? </para>
              </item>
            </list>
          </quote>
        </speech>
        <speech>
          <talk.start>
            <talker>
              <page.no>6435</page.no>
              <time.stamp />
              <name.id>K0X</name.id>
              <electorate>SOUTH AUSTRALIA</electorate>
              <party>Protectionist</party>
              <role>Vice-President of the Executive Council</role>
              <in.gov>1</in.gov>
              <first.speech>0</first.speech>
              <name role="metadata">PLAYFORD, Thomas</name>
              <name role="display">Senator PLAYFORD</name>
            </talker>
            <para>- The answer to the honorable senator&#39;s questions is as follows :  - </para>
          </talk.start>
          <quote>
            <para>At such short notice it is impossible to give an answer to tile honorable  senator&#39;s questions.  The matter will be considered by the Cabinet. </para>
          </quote>
        </speech>
      </subdebate.1>
    </debate>
    <debate>
      <debateinfo>
        <title>QUESTION</title>
        <page.no>6435</page.no>
        <type>Questions</type>
      </debateinfo>
      <subdebate.1>
        <subdebateinfo>
          <title>POST AND TELEGRAPH DEPARTMENT</title>
          <page.no>6435</page.no>
        </subdebateinfo>
        <speech>
          <talk.start>
            <talker>
              <page.no>6435</page.no>
              <time.stamp />
              <name.id>KTF</name.id>
              <electorate>SOUTH AUSTRALIA</electorate>
              <party />
              <role />
              <in.gov>0</in.gov>
              <first.speech>0</first.speech>
              <name role="metadata">MCGREGOR, Gregor</name>
              <name role="display">Senator McGREGOR</name>
            </talker>
            <para>asked the VicePresident of the Executive Council, <inline font-style="italic">upon notice -</inline></para>
          </talk.start>
          <quote>
            <para>Will the Government consider the advisableness of improving the post-office accommodation at Gawler and Hamley Bridge, in the State of South Australia ; and also connecting by telephone the townships of Blyth and Clare, in the same State? </para>
          </quote>
        </speech>
        <speech>
          <talk.start>
            <talker>
              <page.no>6435</page.no>
              <time.stamp />
              <name.id>K0X</name.id>
              <electorate />
              <party>Protectionist</party>
              <role />
              <in.gov>1</in.gov>
              <first.speech>0</first.speech>
              <name role="metadata">PLAYFORD, Thomas</name>
              <name role="display">Senator PLAYFORD</name>
            </talker>
            <para>- The answer to the honorable senator&#39;s question is as follows :  - </para>
          </talk.start>
          <quote>
            <para>The Government will obtain reports and consider the advisableness of improving the postoffice accommodation at Gawler and Hamley Bridge ; also of connecting the townships of Blyth and Clare by telephone. </para>
          </quote>
        </speech>
        <speech>
          <talk.start>
            <talker>
              <page.no>6436</page.no>
              <time.stamp />
              <name.id>KPE</name.id>
              <electorate>TASMANIA</electorate>
              <party />
              <role />
              <in.gov>0</in.gov>
              <first.speech>0</first.speech>
              <name role="metadata">KEATING, John</name>
              <name role="display">Senator KEATING</name>
            </talker>
            <para>asked the VicePresident of the Executive Council,upon <inline font-style="italic">notice -</inline></para>
          </talk.start>
          <list type="decimal-dotted">
            <item label="1.">
              <para>Is it true that the officers of the Post and Telegraph Department in Tasmania have not yet received payment for overtime work done since December last, although payment for similar work clone in other States has been made ? </para>
            </item>
            <item label="2.">
              <para>If true, when will payment be made to the officers in Tasmania for the overtime work referred to ? </para>
            </item>
          </list>
          <continue>
            <talk.start>
              <talker>
                <page.no>6436</page.no>
                <time.stamp />
                <name.id>K0X</name.id>
                <electorate />
                <party />
                <role />
                <in.gov>0</in.gov>
                <first.speech>0</first.speech>
                <name role="metadata">PLAYFORD, Thomas</name>
                <name role="display">Senator PLAYFORD</name>
              </talker>
              <para>- The answer to the honorable senator&#39;s questions is as follows : - 1 and 2. The Postmaster-General has made inquiry respecting this matter, and has been advised that all claims for overtime have been settled either by payment or by allowing time off, in accordance with the Public Service Regulations. </para>
            </talk.start>
          </continue>
          <interjection>
            <talk.start>
              <talker>
                <page.no>6436</page.no>
                <time.stamp />
                <name.id>KPE</name.id>
                <electorate />
                <party />
                <role />
                <in.gov>0</in.gov>
                <first.speech>0</first.speech>
                <name role="metadata">KEATING, John</name>
                <name role="display">Senator Keating</name>
              </talker>
              <para>- That is incorrect. </para>
            </talk.start>
          </interjection>
          <continue>
            <talk.start>
              <talker>
                <page.no>6436</page.no>
                <time.stamp />
                <name.id>K0X</name.id>
                <electorate />
                <party />
                <role />
                <in.gov>0</in.gov>
                <first.speech>0</first.speech>
                <name role="metadata">PLAYFORD, Thomas</name>
                <name role="display">Senator PLAYFORD</name>
              </talker>
              <para>- That is all the answer I can give. </para>
            </talk.start>
          </continue>
          <interjection>
            <talk.start>
              <talker>
                <page.no>6436</page.no>
                <time.stamp />
                <name.id>JXT</name.id>
                <electorate />
                <party />
                <role />
                <in.gov>0</in.gov>
                <first.speech>0</first.speech>
                <name role="metadata">NEILD, John</name>
                <name role="display">Senator Lt Col NEILD</name>
              </talker>
              <para>asked the VicePresident of the Executive Council, <inline font-style="italic">upon notice -</inline></para>
            </talk.start>
          </interjection>
          <quote>
            <para>Is it intended to give the letter-sorting and carrying officials in the General Post-office a complete holiday on Christmas Day next, as promised last year but not fully carried into effect? </para>
          </quote>
          <continue>
            <talk.start>
              <talker>
                <page.no>6436</page.no>
                <time.stamp />
                <name.id>K0X</name.id>
                <electorate />
                <party />
                <role />
                <in.gov>0</in.gov>
                <first.speech>0</first.speech>
                <name role="metadata">PLAYFORD, Thomas</name>
                <name role="display">Senator PLAYFORD</name>
              </talker>
              <para>- The answer to the honorable senator&#39;s question is as follows :  - </para>
            </talk.start>
          </continue>
          <quote>
            <para>It is intended to give the letter-sorting and carrying officials in the General Post-office as complete a holiday on Christmas Day next asthe exigencies of the service and the public convenience will permit. </para>
          </quote>
        </speech>
      </subdebate.1>
    </debate>
    <debate>
      <debateinfo>
        <title>ASSENT TO BILLS</title>
        <page.no>6436</page.no>
        <type>bill</type>
      </debateinfo>
    </debate>
    <debate>
      <debateinfo>
        <title>HIS EXCELLENCY THE GOVER</title>
        <page.no>6436</page.no>
        <type>miscellaneous</type>
      </debateinfo>
      <para class="block">NOR-GENERAL entered the chamber and, being seated, a message was forwarded to the House of Representatives intimating that His Excellency awaited the attendance of the members in the Senate chamber, who being come with their Speaker, </para>
      <para>The  Clerk  of the Parliaments received from <inline font-weight="bold">Mr. Speaker</inline> the following Bills :  - </para>
      <subdebate.1>
        <subdebateinfo>
          <title>Appropriation Bill (1903-4)</title>
          <page.no>6436</page.no>
        </subdebateinfo>
      </subdebate.1>
      <subdebate.1>
        <subdebateinfo>
          <title>Appropriation (Works and Buildings) Bill (1903-4)</title>
          <page.no>6436</page.no>
        </subdebateinfo>
      </subdebate.1>
      <subdebate.1>
        <subdebateinfo>
          <title>Supplementary Appropriation Bill (1901-2) and (1902-3)</title>
          <page.no>6436</page.no>
        </subdebateinfo>
      </subdebate.1>
      <subdebate.1>
        <subdebateinfo>
          <title>Supplementary Appropriation (Works and Buildings) Bill (1901-2) and (1902-3)</title>
          <page.no>6436</page.no>
        </subdebateinfo>
        <para>HIS EXCELLENCY was pleased to notify to the  Clerk  of the Parliaments his assent to the following Bills :  - </para>
      </subdebate.1>
      <subdebate.1>
        <subdebateinfo>
          <title>Appropriation Bill (1903-4)</title>
          <page.no>6436</page.no>
        </subdebateinfo>
      </subdebate.1>
      <subdebate.1>
        <subdebateinfo>
          <title>Appropriation (Works and Buildings) Bill (1903-4)</title>
          <page.no>6436</page.no>
        </subdebateinfo>
      </subdebate.1>
      <subdebate.1>
        <subdebateinfo>
          <title>Supplementarv Appropriation Bill (1901-2)  and (1902-3)</title>
          <page.no>6436</page.no>
        </subdebateinfo>
      </subdebate.1>
      <subdebate.1>
        <subdebateinfo>
          <title>Supplementary Appropriation (Works and  Buildings Bill) (1901-2) and 1902-3)</title>
          <page.no>6436</page.no>
        </subdebateinfo>
      </subdebate.1>
      <subdebate.1>
        <subdebateinfo>
          <title>Extradition Bill</title>
          <page.no>6436</page.no>
        </subdebateinfo>
      </subdebate.1>
      <subdebate.1>
        <subdebateinfo>
          <title>High Court Procedure Amendment Bill</title>
          <page.no>6436</page.no>
        </subdebateinfo>
      </subdebate.1>
      <subdebate.1>
        <subdebateinfo>
          <title>Rules Publication Bill</title>
          <page.no>6436</page.no>
        </subdebateinfo>
      </subdebate.1>
      <subdebate.1>
        <subdebateinfo>
          <title>Defence Bill</title>
          <page.no>6436</page.no>
        </subdebateinfo>
      </subdebate.1>
      <subdebate.1>
        <subdebateinfo>
          <title>Commonwealth Public Service Amendment.  Bill</title>
          <page.no>6436</page.no>
        </subdebateinfo>
      </subdebate.1>
      <subdebate.1>
        <subdebateinfo>
          <title>Patents Bill</title>
          <page.no>6436</page.no>
        </subdebateinfo>
      </subdebate.1>
    </debate>
    <debate>
      <debateinfo>
        <title>PROROGATION</title>
        <page.no>6436</page.no>
        <type>miscellaneous</type>
      </debateinfo>
      <para>HIS EXCELLENCY was then pleased to deliver the following speech :  - </para>
      <subdebate.1>
        <subdebateinfo>
          <title>Gentlemen,</title>
          <page.no>6436</page.no>
        </subdebateinfo>
        <para>I am happy to release you from arduous labours, almost continuous since your election, and relieved by only one recess. The work accomplished has been highly exceptional, both in amount and importance. The duty cast upon the first Parliament of the Commonwealth of putting into actual operation the intricate provisions of the Constitution has been discharged with ability, patience, and patriotism. A complete record of your achievements touches most of the great problems that confront the people of Australia. You have faced their solution zealously, boldly, and with marked success </para>
        <para>During the present session the constitutional machinery of Federal government has been brought very near to completion. </para>
        <para>The High Court of Australia has been established : its procedure has been defined, and Judges whose ability and character deserve the greatest confidence have been appointed. </para>
        <para>A uniform system of Defence for the Commonwealth has been established, which, it is confidently hoped, will perfect the organization of our forces, while avoiding all unnecessary expenditure. </para>
        <para>A measure has been passed which will enable inventors, with the minimum of expense and trouble, to secure complete protection for their inventions throughout the whole Commonwealth. </para>
        <para>Gentlemen of the House of Representatives : </para>
        <para>The unanimity with which you have consented to forego six months of the normal  term for which you were chosen, for no other reason than to save the expense of a second election over the whole Commonwealth, will be remembered to your honour. </para>
        <para>Gentlemen of the Senate and of the House of Representatives : </para>
        <para>I thank you in the name of His Majesty for liberal supplies. </para>
        <para>An agreement with the Lords Commissioners of the Admiralty, providing efficiently and economically for the Naval Defence of Australia, has received ratification. </para>
        <para>Measures have also been sanctioned providing facilities for the naturalization of. desirable aliens ; and securing a more equitable distribution of the outlay required for the grant of bounties on sugar grown by white labour. </para>
        <para>Several measures of the first importance have been introduced, but not finally dealt with, whose further consideration will be materially assisted by the discussions that have taken place . </para>
        <para>Conferences between the Governments interested in the Pacific Cable and between the Commonwealth and State Treasurers in respect to State debts are being arranged, from which many beneficial results are anticipated. </para>
        <para>The partial isolation of Western Australia from the rest of the Commonwealth has not ceased to engage the attention of my Advisers. The final report of the EngineersinChief has furnished much essential information, together with reliable estimates. Any authorization of railway communication must be preceded by the consent of two States. One has already agreed, and the assent of the second has been asked. </para>
        <para>Itis deeply regretted that no final agreement has been attained with respect to the locality in which the Seat of Government of the Commonwealth is .  to be placed, but at least substantial progress has been achieved towards the making of a choice from which great national consequences will ensue. </para>
        <para>I now declare this Parliament prorogued until Saturday, 14th November next. </para>
      </subdebate.1>
    </debate>
  </chamber.xscript>
</hansard>