<?xml version="1.0" encoding="utf-8"?>
<hansard xsi:noNamespaceSchemaLocation="../../hansard.xsd" version="2.1" xmlns:xsi="http://www.w3.org/2001/XMLSchema-instance">
  <session.header>
    <date>1924-06-05</date>
    <parliament.no>9</parliament.no>
    <session.no>2</session.no>
    <period.no>2</period.no>
    <chamber>REPS</chamber>
    <page.no>1096</page.no>
    <proof>0</proof>
  </session.header>
  <chamber.xscript>
    <para class="block">House of Representatives. </para>
    <business.start>
      <day.start>1924-06-05</day.start>
      <para>
        <inline font-weight="bold">Mr. Speaker</inline>(Rt.  Hon.  W. A. Watt) took the chair at 2.30 p.m., and read prayers. </para>
    </business.start>
    <debate>
      <debateinfo>
        <title>DISTRIBUTION OF WOOL PROFITS</title>
        <page.no>1096</page.no>
        <type>miscellaneous</type>
      </debateinfo>
      <subdebate.1>
        <subdebateinfo>
          <title>Motion of Censure</title>
          <page.no>1096</page.no>
        </subdebateinfo>
        <speech>
          <talk.start>
            <talker>
              <page.no>1096</page.no>
              <time.stamp />
              <name.id>F4Q</name.id>
              <electorate>YARRA, VICTORIA</electorate>
              <party />
              <role />
              <in.gov>0</in.gov>
              <first.speech>0</first.speech>
              <name role="metadata">SCULLIN, James Henry</name>
              <name role="display">Mr SCULLIN</name>
            </talker>
            <para>- I give notice that tomorrow I shall move - </para>
          </talk.start>
          <quote>
            <para>That this House strongly condemns the Government for its action, in - </para>
            <list type="loweralpha">
              <item label="(a)">
                <para>Agreeing to pay out of public revenue the sum of &#163;276,393 10s. for distribution between the British Government and B.A.W.R.A. on a claim that had neither legal nor moral support ; </para>
              </item>
              <item label="(b)">
                <para>Entering into the agreement without consulting Parliament; and </para>
              </item>
              <item label="(c)">
                <para>Making a part payment of &#163;137,696 15s. without Parliamentary appropriation. </para>
              </item>
            </list>
          </quote>
        </speech>
        <speech>
          <talk.start>
            <talker>
              <page.no>1096</page.no>
              <time.stamp />
              <name.id>JXA</name.id>
              <electorate>Hunter</electorate>
              <party />
              <role />
              <in.gov>0</in.gov>
              <first.speech>0</first.speech>
              <name role="metadata">CHARLTON, Matthew</name>
              <name role="display">Mr CHARLTON</name>
            </talker>
            <para>.- I desire to intimate to the Prime Minister <inline font-weight="bold">(Mr. Bruce)</inline> that the motion of which the honorable member for Yarra <inline font-weight="bold">(Mr. Scullin)</inline> has just given notice has the approval of the Labour party and myself. </para>
          </talk.start>
        </speech>
        <speech>
          <talk.start>
            <talker>
              <page.no>1096</page.no>
              <time.stamp />
              <name.id>F4B</name.id>
              <electorate>Flinders</electorate>
              <party>NAT</party>
              <role>Prime Minis ter and Minister for External Affairs</role>
              <in.gov>1</in.gov>
              <first.speech>0</first.speech>
              <name role="metadata">BRUCE, Stanley</name>
              <name role="display">Mr BRUCE</name>
            </talker>
            <para>. -  In view of the announcement of the Leader of the Opposition <inline font-weight="bold">(Mr. Charlton)</inline> that his party is supporting the motion, which strongly condemns the Government for a certain action, Ministers hare no option but to regard it as a direct motion of censure by the Opposition, and, consequently, I shall pursue the usual course, and move - </para>
          </talk.start>
          <quote>
            <para>That  the  House do now  adjourn. </para>
          </quote>
          <para>Question resolved in the affirmative. </para>
        </speech>
      </subdebate.1>
    </debate>
    <adjournment>
      <adjournmentinfo>
        <page.no>1096</page.no>
        <time.stamp>14:34:00</time.stamp>
      </adjournmentinfo>
      <para>House  adjourned at  2.34 p.m. </para>
    </adjournment>
  </chamber.xscript>
</hansard>