
<hansard xsi:noNamespaceSchemaLocation="../../hansard.xsd" version="2.1" xmlns:xsi="http://www.w3.org/2001/XMLSchema-instance">
  <session.header>
    <date>1930-03-12</date>
    <parliament.no>12</parliament.no>
    <session.no>1</session.no>
    <period.no>2</period.no>
    <chamber>SENATE</chamber>
    <page.no>3</page.no>
    <proof>0</proof>
  </session.header>
  <chamber.xscript>
    <para class="block">COMMONWEALTH OF AUSTRALIA. </para>
    <para class="block">PARLIAMENTARY DEBATES. </para>
    <para class="block">(Second Period.) </para>
    <para>The Senate on the 13th December, 1929, adjourned until a day and an hour to be fixed and to be notified by the  President  to each honorable <inline font-weight="bold">Senator.</inline></para>
    <para class="block">Senate. </para>
    <business.start>
      <day.start>1930-03-12</day.start>
      <para>The Senate met at 3. p.m. pursuant to the notification by the  President.. </para>
      <para>The <inline font-weight="bold">President (Senator the Hon. W. Kingsmill)</inline> took the chair and read prayers. </para>
    </business.start>
    <debate>
      <debateinfo>
        <title>QUESTION</title>
        <page.no>3</page.no>
        <type>Questions</type>
      </debateinfo>
      <subdebate.1>
        <subdebateinfo>
          <title>FEDERAL AID ROADS</title>
          <page.no>3</page.no>
        </subdebateinfo>
        <para>Special Grant for Unemployment Belief:</para>
        <speech>
          <talk.start>
            <talker>
              <page.no>3</page.no>
              <time.stamp />
              <name.id>JZ6</name.id>
              <electorate>SOUTH AUSTRALIA</electorate>
              <party />
              <role />
              <in.gov>0</in.gov>
              <first.speech>0</first.speech>
              <name role="metadata">O&#39;HALLORAN, Michael</name>
              <name role="display">Senator O&#39;HALLORAN</name>
            </talker>
            <para>-In view of statements recently made that the States have not availed themselves to the fullest extent of the special grant of &#163;1,000,000 made by the Commonwealth Government&#39; to relieve unemployment, will the Honorary Minister inform the Senate whether the Government of South Australia has availed itself of the full amount placed at its disposal, and if it has not done this to what extent it has made use of the special grant? </para>
          </talk.start>
        </speech>
        <speech>
          <talk.start>
            <talker>
              <page.no>3</page.no>
              <time.stamp />
              <name.id>K1L</name.id>
              <electorate>VICTORIA</electorate>
              <party>ALP</party>
              <role>Assistant Minister assisting the Minister for Works and Railways</role>
              <in.gov>1</in.gov>
              <first.speech>0</first.speech>
              <name role="metadata">BARNES, John</name>
              <name role="display">Senator BARNES</name>
            </talker>
            <para>- As the honorable senator was good enough to inform me that he intended to ask this question, I have had prepared information as up to date as possible. Under the &#163;1,000,000 special grant by the Commonwealth for unemployment relief South Australia was allotted &#163;114,000. The date on which theprogramme was authorized was the 4th January, 1930, and&#39; the advance asked for was &#163;19,000. Application for this amount was made on the 21st January, 1930, and. the advance was made on the 28th January, 1930. The expenditure to the 28th February, 1930, was &#163;17,000, and the number of men employed was 290. </para>
          </talk.start>
          <para>
            <inline font-weight="bold">Senator Sir GEORGE</inline>PEARCE.In view of a statement by the Premier of New South Wales that certain figures given by him relating to the expenditure by the State of the portion of the special grant made available to New South Wales by the Commonwealth for unemployment relief had been challenged by the Prime Minister, who subsequently had to admit that he had been incorrectly informed, will the Honorary Minister have the figures he has just quoted referred to the Government of South Australia for examination similar to that which was made in regard to the figures relating to the expenditure in New South Wales? </para>
          <continue>
            <talk.start>
              <talker>
                <page.no>3</page.no>
                <time.stamp />
                <name.id>K1L</name.id>
                <electorate />
                <party />
                <role />
                <in.gov>0</in.gov>
                <first.speech>0</first.speech>
                <name role="metadata">BARNES, John</name>
                <name role="display">Senator BARNES</name>
              </talker>
              <para>-I. shall be pleased to have the figures verified. </para>
            </talk.start>
          </continue>
        </speech>
      </subdebate.1>
    </debate>
    <debate>
      <debateinfo>
        <title>QUESTION</title>
        <page.no>4</page.no>
        <type>Questions</type>
      </debateinfo>
      <subdebate.1>
        <subdebateinfo>
          <title>TARIFF SCHEDULE</title>
          <page.no>4</page.no>
        </subdebateinfo>
        <speech>
          <talk.start>
            <talker>
              <page.no>4</page.no>
              <time.stamp />
              <name.id>K09</name.id>
              <electorate>TASMANIA</electorate>
              <party />
              <role />
              <in.gov>0</in.gov>
              <first.speech>0</first.speech>
              <name role="metadata">PAYNE, Herbert</name>
              <name role="display">Senator PAYNE</name>
            </talker>
            <para>- I ask the Minister representing the Minister for Trade and Customs the following questions, without notice: - </para>
          </talk.start>
          <list type="decimal-dotted">
            <item label="1.">
              <para>Was the tariff schedule tabled in the House of Representatives in November last prepared by the Minister or officers of his department or by any officers of the Public Service; if not, by whom was it prepared? </para>
            </item>
            <item label="2.">
              <para>Were the items contained in the schedule given detailed and full consideration by the Government or Minister beforehe took action to make the new duties operative? </para>
            </item>
            <item label="3.">
              <para>How many of the items contained in the new tariff schedule were referred to the Tariff Board for investigation and report thereon before the new duties were made operative? </para>
            </item>
            <item label="4.">
              <para>What were the items so referred? </para>
            </item>
            <item label="5.">
              <para>On what items in the new schedule were reports received by the Minister before the now duties operated? </para>
            </item>
            <item label="6.">
              <para>If the bulk of the items in the tariff schedule under notice were not referred to the Tariff Board and reports received thereon by the Minister before the new duties were made operative, has the Minister considered the legal position created by his action in making the new duties operative in contravention of the provisions of chaise 15 of the Tariff Board Act, which provides that the Minister shall refer to the Tariff Board for inquiry and report &#34; the necessity for new, increased, or reduced duties,&#34; and that the Minister shall not take any action in respect of these matters until hehas received the report of the board ? </para>
            </item>
          </list>
        </speech>
        <speech>
          <talk.start>
            <talker>
              <page.no>4</page.no>
              <time.stamp />
              <name.id>JTL</name.id>
              <electorate>SOUTH AUSTRALIA</electorate>
              <party>ALP</party>
              <role>Vice-President of the Executive Council</role>
              <in.gov>1</in.gov>
              <first.speech>0</first.speech>
              <name role="metadata">DALY, John</name>
              <name role="display">Senator DALY</name>
            </talker>
            <para>- The honorable senator will receive all information relating to the tariff schedule when it is before the Senate. </para>
          </talk.start>
          <continue>
            <talk.start>
              <talker>
                <page.no>4</page.no>
                <time.stamp />
                <name.id>K09</name.id>
                <electorate />
                <party />
                <role />
                <in.gov>0</in.gov>
                <first.speech>0</first.speech>
                <name role="metadata">PAYNE, Herbert</name>
                <name role="display">Senator PAYNE</name>
              </talker>
              <para>- I give notice that I shall ask the question again to-morrow. </para>
            </talk.start>
          </continue>
        </speech>
      </subdebate.1>
    </debate>
    <debate>
      <debateinfo>
        <title>QUESTION</title>
        <page.no>4</page.no>
        <type>Questions</type>
      </debateinfo>
      <subdebate.1>
        <subdebateinfo>
          <title>MINISTERIAL VISIT TO SOUTH AUSTRALIA</title>
          <page.no>4</page.no>
        </subdebateinfo>
        <speech>
          <talk.start>
            <talker>
              <page.no>4</page.no>
              <time.stamp />
              <name.id>JZD</name.id>
              <electorate>QUEENSLAND</electorate>
              <party />
              <role />
              <in.gov>0</in.gov>
              <first.speech>0</first.speech>
              <name role="metadata">FOLL, Hattil</name>
              <name role="display">Senator FOLL</name>
            </talker>
            <para>- I ask the Leader of the Government in the Senate the following questions :  - </para>
          </talk.start>
          <list type="decimal-dotted">
            <item label="1.">
              <para>Has <inline font-weight="bold">Mr. Parker</inline> Moloney, Minister <inline font-style="italic">for</inline> Markets and Transport, been in South Australia recently assisting in the State elections there on behalf of the State Labour party? </para>
            </item>
            <item label="2.">
              <para>Has he been drawing ministerial expenses during his electioneering tour? </para>
            </item>
            <item label="3.">
              <para>Does not the Prime Minister consider the position of Australia to bo sufficiently serious at the present time to keephis Ministers to their official duties rather than send them away on a State electioneering tour? </para>
            </item>
            <item label="4.">
              <para>Has part of <inline font-weight="bold">Mr. Parker</inline> Moloney&#39;s propaganda been the advocating of a federal wheat pool to win votes for the State Labour party in South Australia? </para>
            </item>
          </list>
        </speech>
        <speech>
          <talk.start>
            <talker>
              <page.no>4</page.no>
              <time.stamp />
              <name.id>KPQ</name.id>
              <electorate>WESTERN AUSTRALIA</electorate>
              <party />
              <role />
              <in.gov>0</in.gov>
              <first.speech>0</first.speech>
              <name role="metadata">KINGSMILL, Walter</name>
              <name role="display">The PRESIDENT (Senator the Hon W Kingsmill</name>
            </talker>
            <para>-  The Minister need not answer the last question if he does not choose to do so. </para>
          </talk.start>
        </speech>
        <speech>
          <talk.start>
            <talker>
              <page.no>4</page.no>
              <time.stamp />
              <name.id>JTL</name.id>
              <electorate />
              <party>ALP</party>
              <role />
              <in.gov>1</in.gov>
              <first.speech>0</first.speech>
              <name role="metadata">DALY, John</name>
              <name role="display">Senator DALY</name>
            </talker>
            <para>- It is a fact that <inline font-weight="bold">Mr. Parker</inline> Moloney, Minister for Markets and Transport, is in South Australia. He is engaged on ministerial work, but. is also assisting to bring about a change of government in that State. He is not drawing ministerial allowance during his tour.  His  visit to South Australia relates to a matter of vital importance to Australia, inasmuch as he is trying to break down the prejudice which exists in certain quarters in South Australia to a compulsory wheat pool, which every one admits would beof benefit to Australia. Does the honorable senator press the last part of hisquestion ? </para>
          </talk.start>
          <continue>
            <talk.start>
              <talker>
                <page.no>4</page.no>
                <time.stamp />
                <name.id>JZD</name.id>
                <electorate />
                <party />
                <role />
                <in.gov>0</in.gov>
                <first.speech>0</first.speech>
                <name role="metadata">FOLL, Hattil</name>
                <name role="display">Senator FOLL</name>
              </talker>
              <para>- No ; I withdraw that. </para>
            </talk.start>
          </continue>
        </speech>
      </subdebate.1>
    </debate>
    <debate>
      <debateinfo>
        <title>TARIFF AND UNEMPLOYMENT</title>
        <page.no>4</page.no>
        <type>miscellaneous</type>
      </debateinfo>
      <para>Statement by Acting Minister for Trade and Customs. </para>
      <speech>
        <talk.start>
          <talker>
            <page.no>4</page.no>
            <time.stamp />
            <name.id>JZD</name.id>
            <electorate />
            <party />
            <role />
            <in.gov>0</in.gov>
            <first.speech>0</first.speech>
            <name role="metadata">FOLL, Hattil</name>
            <name role="display">Senator FOLL</name>
          </talker>
          <para>- In order that honorable senators may know where to send applicants for employment, will the Leader of the Government in the Senate obtain from the Acting Minister for Trade and Customs <inline font-weight="bold">(Mr. Forde)</inline> a detailed statement of the 50,000 jobswhich, according to him, have been made available as a result of the new tariff schedules. </para>
        </talk.start>
      </speech>
      <speech>
        <talk.start>
          <talker>
            <page.no>4</page.no>
            <time.stamp />
            <name.id>JTL</name.id>
            <electorate />
            <party>ALP</party>
            <role />
            <in.gov>1</in.gov>
            <first.speech>0</first.speech>
            <name role="metadata">DALY, John</name>
            <name role="display">Senator DALY</name>
          </talker>
          <para>- As the honorable senator should know, the ActingMinister for Trade and Customs <inline font-weight="bold">(Mr. Forde)</inline> and all other Ministers are sobusily engaged in endeavouring to open up new avenues of employment that they have not time at present to exploreavenues in which employment is already available. </para>
        </talk.start>
        <continue>
          <talk.start>
            <talker>
              <page.no>4</page.no>
              <time.stamp />
              <name.id>JZD</name.id>
              <electorate />
              <party />
              <role />
              <in.gov>0</in.gov>
              <first.speech>0</first.speech>
              <name role="metadata">FOLL, Hattil</name>
              <name role="display">Senator FOLL</name>
            </talker>
            <para>- I think the Minister must have misunderstood my question. A statement was made by the Acting: Minister for Trade and Customs to the effect that 50,000 new jobs had been made available- </para>
          </talk.start>
        </continue>
      </speech>
      <speech>
        <talk.start>
          <talker>
            <page.no>4</page.no>
            <time.stamp />
            <name.id>KPQ</name.id>
            <electorate />
            <party />
            <role />
            <in.gov>0</in.gov>
            <first.speech>0</first.speech>
            <name role="metadata">PRESIDENT, The</name>
            <name role="display">The PRESIDENT (Senator the Hon W Kingsmill</name>
          </talker>
          <para>-  Order! The honorablesenator is not entitled to make a statement without  first  having obtained  theleave  of the Senate. </para>
        </talk.start>
        <continue>
          <talk.start>
            <talker>
              <page.no>5</page.no>
              <time.stamp />
              <name.id>JZD</name.id>
              <electorate />
              <party />
              <role />
              <in.gov>0</in.gov>
              <first.speech>0</first.speech>
              <name role="metadata">FOLL, Hattil</name>
              <name role="display">Senator FOLL</name>
            </talker>
            <para>- Then I shall ask the Vice-President of the Executive Council whether he is aware that a statement was made recently by the Acting Minister for Trade and Customs that 50,000 new jobs had been made available as a result of the new tariff schedules. This statement appeared in the press, together with a photograph of the Minister. I did not ask whether avenues in which employment already existed  were being explored; but where those 50,000 new positions were to be found, so that I and other honorable senators could inform persons applying for employment where they could get work. </para>
          </talk.start>
        </continue>
        <continue>
          <talk.start>
            <talker>
              <page.no>5</page.no>
              <time.stamp />
              <name.id>JTL</name.id>
              <electorate />
              <party />
              <role />
              <in.gov>0</in.gov>
              <first.speech>0</first.speech>
              <name role="metadata">DALY, John</name>
              <name role="display">Senator DALY</name>
            </talker>
            <para>- The honorable senator is probably not aware that approximately 100,000 men in Australia are out of work, so that, if 50,000 jobs are made available, there will still be 50,000 men unemployed. </para>
          </talk.start>
        </continue>
      </speech>
    </debate>
    <debate>
      <debateinfo>
        <title>PUBLIC WORKS COMMITTEE&#39;S REPORTS</title>
        <page.no>5</page.no>
        <type>miscellaneous</type>
      </debateinfo>
      <subdebate.1>
        <subdebateinfo>
          <title>Automatic Telephone Exchanges - Brunswick and Hurstville</title>
          <page.no>5</page.no>
        </subdebateinfo>
        <para>
          <inline font-weight="bold">Senator DOOLEY</inline>brought up reports of the Parliamentary Standing Committee on Public Works, together with minutes of evidence, relating to the proposed establishment of automatic telephone exchanges at Brunswick (Victoria) and Hurstville (New South Wales). </para>
      </subdebate.1>
    </debate>
    <debate>
      <debateinfo>
        <title>QUESTION</title>
        <page.no>5</page.no>
        <type>Questions</type>
      </debateinfo>
      <subdebate.1>
        <subdebateinfo>
          <title>POWER ALCOHOL</title>
          <page.no>5</page.no>
        </subdebateinfo>
        <para class="block">Manufacture in Australia. </para>
        <speech>
          <talk.start>
            <talker>
              <page.no>5</page.no>
              <time.stamp />
              <name.id>JZD</name.id>
              <electorate />
              <party />
              <role />
              <in.gov>0</in.gov>
              <first.speech>0</first.speech>
              <name role="metadata">FOLL, Hattil</name>
              <name role="display">Senator FOLL</name>
            </talker>
            <para>- I ask the Leader of the Government in the Senate <inline font-weight="bold">(Senator Daly)</inline> if he has seen a statement issued by the Minister for Markets and Transport <inline font-weight="bold">(Mr. Parker Moloney)</inline> to the effect that in Germany to-day there are over 400 factories producing power alcohol, principally from coal, and also from certain vegetable products, for use in internal combustion engines. I should also like to know if investigations have been conducted by representatives of the Government., during the recess, concerning the possibility of using our surplus coal and certain primary products for the purpose of manufacturing power alcohol in Australia as a substitute for petrol. </para>
          </talk.start>
        </speech>
        <speech>
          <talk.start>
            <talker>
              <page.no>5</page.no>
              <time.stamp />
              <name.id>JTL</name.id>
              <electorate />
              <party>ALP</party>
              <role />
              <in.gov>1</in.gov>
              <first.speech>0</first.speech>
              <name role="metadata">DALY, John</name>
              <name role="display">Senator DALY</name>
            </talker>
            <para>- I have not seen the statement to which the honorable senator referred in the first portion of his question. The manufacture of power alcohol has, however, received the serious consideration of the Government. Several conferences have been held with responsible authorities, and <inline font-weight="bold">Dr. Rivett,</inline> of the Council for Scientific and Industrial Research, will, during his visit abroad, make the fullest inquiries in Germany concerning the manufacture of power alcohol, and report to the Government as to the possibility of its profitable manufacture in Australia. </para>
          </talk.start>
        </speech>
      </subdebate.1>
    </debate>
    <debate>
      <debateinfo>
        <title>PAPERS</title>
        <page.no>5</page.no>
        <type>papers</type>
      </debateinfo>
      <para>The following papers were presented :  - </para>
      <para>Tariff Board - Reports and Recommendations - </para>
      <para>Anti-corrosive and Anti-fouling Paints. Chamois Leather- Request for increased duty. </para>
      <para>Cornflour. </para>
      <para>Cotton-growing and Allied Industries - Request for assistance. </para>
      <para>Edible Oils - Request for increased duty. </para>
      <para>Electric Light Lamp Holders (excepting Miniature Lamp Holders and Screwed Socket Type) - Request for increased duty. </para>
      <para>End and Side Tipping Trucks. Concrete Trucks and Earth Scoops - Request for increased duty. </para>
      <para>Fertilizers. </para>
      <para>Flax and Linseed, Production of, in Australia. </para>
      <para>Ladies&#39; Hand Bags, Ladies&#39; Purses, and Ladies&#39; Wallets, except of metal. </para>
      <para>Linseed Oil imported in packages containing less than 30 gallons. </para>
      <para>Medical and Surgical Instruments and Apparatus. </para>
      <para>Navigation Act - Inquiry into Coastal Clauses. </para>
      <para>Tyres for Motor Cycles. </para>
      <para>White Lead (dry or ground in oil) - Request for increased duty. </para>
      <para>Audit Act - </para>
      <para>Regulations amended - Statutory Rules 1929, No. 135. </para>
      <para>Transfers of amounts approved by the Governor-General in Council - Financial Year 1928-20- Dated 7th February, 1930. </para>
      <para>Bankruptcy Act - Rules amended - Statutory Rules 1929, Nos. 134, 140. </para>
      <para>Invalid and Old-age Pensions Act - Regulations amended - Statutory Rules 1930, Nos. 4, 11. </para>
      <para class="block">Now Guinea Act - Ordinances of 1930 - </para>
      <para class="block">No. 1 - Transferof Land Control. </para>
      <para class="block">No. 2 - Mining. </para>
      <para class="block">No. 3 - Police Force. </para>
      <para class="block">No. 4 - Appropriation 1929-1930. </para>
      <para class="block">No. 5 - Coroners. </para>
      <para class="block">No.6 - Native Labour. </para>
      <para class="block">No. 7 - Police Offences. </para>
      <para class="block">No.8 - Superannuation. </para>
      <para class="block">No. 9 - Currency Coinage and Tokens. </para>
      <para class="block">No. 10 - Mining (No. 2). </para>
      <para class="block">Public Service Act - </para>
      <para>Appointments - Departments of - </para>
      <para>Health- G. H. Moore, C. H. Fitts, </para>
      <list type="upperalpha-dotted">
        <item label="D.">
          <para>H. K. Lee, F. B. McCann. </para>
        </item>
      </list>
      <para>Home Affairs - A. W. Cornish,K. M. Ralston, A. G. Rose. </para>
      <para>Trade and Customs - K. M. Deans. </para>
      <para>Regulations amended - Statutory Rules 1930, No. 3. </para>
      <para>Railways Act - By-law No. 53. </para>
      <para>Wine Grapes Charges Act - Regulations - Statutory Rules . 1929, No. 139. </para>
      <para>Treaty of Peace (Germany) Act Regulations amended - Statutory Rules 1930, No. 19. </para>
      <para class="block">Papua Act - Ordinances of 1929 - </para>
      <para class="block">No. 8 - Mineral Oil and Coal. </para>
      <para class="block">No. 9 - Mineral Oil and Coal (No. 2). </para>
      <para class="block">Elections, 1929 - </para>
      <para>Statistical Returns in Relation to General Elections for the House of Representatives. </para>
      <para>Statistical Returns showing the Voting within each Subdivision in relation to the General Elections for the House of Representatives, viz.: - </para>
      <para>New South Wales. </para>
      <para>Queensland. </para>
      <para>South Australia. </para>
      <para>Tasmania. </para>
      <para>Victoria. </para>
      <para>Western Australia. </para>
      <para>Defence Act - Regulations amended - </para>
      <para class="block">Statutory Rules 1929, No. 101 (in substitution for that tabled in the Senate on 21st November, 1929). </para>
      <para class="block">Statutory Rules 1930, No. 14. </para>
      <para class="block">Electoral Act - Regulations (Joint Electoral Rolls) - </para>
      <para>Statutory Rules 1930, No. 10, </para>
      <para>Lands Acquisition Act - Land Acquired at - Brooklyn Park, South Australia - For </para>
      <para>Postal purposes. </para>
      <para>Gosford, New South Wales - For Postal purposes. </para>
      <para>Harbord, New South Wales - For Postal purposes. </para>
      <para>Maylands, Western Australia - For Postal purposes. </para>
      <para>Peninsula, Perth, Western Australia - For Defence purposes. </para>
      <para>Port Augusta, South Australia -for Railway purposes. </para>
      <para>Nationality Act - Return showing the number of persons to whom Certificates of Naturalization were granted during the year 1929, and the countries whence the applicants came. </para>
      <para>Naval Defence Act- Regulations amended - Statutory Rules 1929, No. 136; 1930, Nos. 12, 13. </para>
      <para>Post and Telegraph Act - Regulations amended - Statutory Utiles 1929, Nos. 132, 133; 1930, No&#39;s. 1, 2, 5, 0, 7, 8, 15. </para>
      <para>Quarantine Act - Regulations amended - Statutory Rules 1929, Nos. 131, 138. </para>
      <para>Seat of Government Acceptance Act and Seat of Government (Administration) Act - Ordinances of 1929 - </para>
      <para>No. 20 - Canberra University College. </para>
      <para>No. 21 - Marriage. </para>
      <para>No. 22 - Theatres and Public Halls. </para>
      <para>Northern Australia Act - Ordinances of 1930- </para>
      <para>Central Australia - </para>
      <para>No. 1 - Observance of Law. </para>
      <para>No. 2 - Motor Vehicles. </para>
      <para>North Australia - </para>
      <para>No. 1 - Observance of Law. </para>
      <para>No. 2 - Motor Vehicles. </para>
      <para>No. 3 - Darwin Town Council. </para>
      <para>Audit Act - Finance - Treasurer&#39;s Statement of Reecipts and Expenditure for the year ended 30th June, . 1929, accompanied by the Report of the Auditor-General. </para>
      <para>Commonwealth Bank Act - Balance-sheets of the Commonwealth Bank of Australia and the Commonwealth Savings Bank as at 31st December, 1929, and Statement of the Liabilities and Assets of the Note Issue Department at 31st December, 1929; together with Auditor-General&#39;s Reports thereon. </para>
    </debate>
    <debate>
      <debateinfo>
        <title>ASSENT TO BILLS</title>
        <page.no>6</page.no>
        <type>bill</type>
      </debateinfo>
      <para>Assent to the following bills of 1929 reported :  - </para>
      <para>Wine Grapes Charges Bill (No. 2). </para>
      <para>Bankruptcy Bill. </para>
      <para>Seat of Government Administration Bill. </para>
      <para>Income Tax Bill. </para>
      <para>Commonwealth Bank Bill. </para>
      <para>Iron and Steel Products Bounty Bill. </para>
      <para>Loan Bill. </para>
      <para>Appropriation Bill 1929-30. </para>
      <para>Appropriation (Works and Buildings) Bill 1929-30. </para>
    </debate>
    <debate>
      <debateinfo>
        <title>MINISTERIAL STATEMENT</title>
        <page.no>6</page.no>
        <type>ministerial statement</type>
      </debateinfo>
      <subdebate.1>
        <subdebateinfo>
          <title>Government Programme</title>
          <page.no>6</page.no>
        </subdebateinfo>
        <speech>
          <talk.start>
            <talker>
              <page.no>6</page.no>
              <time.stamp />
              <name.id>JTL</name.id>
              <electorate>South Australia</electorate>
              <party>ALP</party>
              <role>VicePresident of the Executive Council</role>
              <in.gov>1</in.gov>
              <first.speech>0</first.speech>
              <name role="metadata">DALY, John</name>
              <name role="display">Senator DALY</name>
            </talker>
            <para>. - I lay on the table of the Senate a statement as to the policy of the Government and move - </para>
          </talk.start>
          <quote>
            <para>That the paper be printed. </para>
          </quote>
          <para>In placing before honorable senators an outline of the legislative programme which they will be asked to consider in the next few months, it is desirable to dwell for a moment on the difficult financial and economic position confronting the Commonwealth at the present time. Fundamentally, we are suffering from the effects of world-wide depression, accentuated by overborrowing. Though the value and volume of our  exports have declined, imports have continued to enter the Commonwealth on a large scale. As a consequence, the demands made by importers and others on London funds now exceed the supply, notwithstanding that &#163;17,000,000 in gold has been shipped to London since July last. In addition to payment for imports, we have, of course, to meet a heavy annual interest bill on money borrowed abroad. </para>
          <para>For the six-years period ended 30th June, 1929. imports exceeded exports by &#163;42,000,000. In the same period, we had to pay overseas, for interest and services, &#163;193,000,000. Thus the net total of our oversea obligations was &#163;235,000,000. In the same period, our oversea debt increased by &#163;153,000,000. We also received, in London, during this six-years period, the sum of &#163;9,000,000 in respect of Bawra dividends. This gives a total of &#163;162,000,000 received in London towards meeting overseas payments. As the overseas payments for the six-years period amounted to &#163;235,000,000, as already shown, there was an adverse balance in that period amounting to &#163;73,000,000. Fortunately, at the beginning of the six-years period, Australia had a large accumulation of funds in London. There are, of course, certain invisible imports and exports the effect of which the Commonwealth Statistician is unable to calculate.  The results quoted, however, illustrate the position as far as it is possible to do so. </para>
          <para>The position is somewhat worse if regard is paid to the trade figures for the six month&#39;s ended 31st December last. In that period there was an excess of imports over exports, including bullion and specie, of &#163;16,000,000, and payments for interest and services overseas, amounted to about &#163;17,000,000. Thus we required for that six-months period a net total of &#163;33,000,000 to pay for excess imports, interest and services. Against that amount may be set the sum of &#163;10,000,000 borrowed by means of Treasury bills in the oversea market. </para>
          <para>The position demands that we should . take the most stringent measures to rectify the trade balance. Thus, our immediate problem is to bring about a decrease of imports and an increase in the volume of exportable products, for which a demand exists. That is a task to which we must devote the most earnest attention. </para>
          <para>Development of primary industries for the production of exportable wealth and the extension of Australian manufacturing will help to balance our external trade and enable us to employ our people, and eventually to maintain a larger population. It would be a policy of despair to declare that costs of production and development are too high to permit of the expansion of our industries. Such a policy would imply that all development and expansion must cease. We must face the position frankly. Suggestions that wage reductions are essential to bring about increased production cannot be allowed to pass unchallenged. Employment is the barometer of prosperity, and production would be much increased if those who are now unemployed could be placed in useful work. </para>
          <para>The Government has devoted much attention to the necessity for stimulating the export of primary products. Important discussions have taken place with representatives of the wool industry, and we are watching with interest the policy now being put into effect, which, it is hoped, will stabilize prices. In the belief that wheat-growing, of all primary industries, is the one that will most readily respond to proposals for expansion, the Government last month invited Ministers of Agriculture of the various States, and representatives of the wheat-growing industry, to a conference at Canberra to discuss plans formulated by the Government for the establishment of a Commonwealth compulsory wheat pool. The principle of a compulsory pool was adopted by that conference. An Australian-wide wheat marketing scheme, controlled by a pool board in each State, elected by the wheat-growers, and by a Commonwealth pool board, on which each State board will be represented, is the essence of the proposals. A ballot of all wheat-growers is to be taken before 31st July next, to authorize the constitution of these boards. The Commonwealth Government has invited the State Governments to join with it in guaranteeing the growers, for the first year, 4s. per bushel, payable at country sidings, which would mean the equivalent of approximately  4s.8d. per bushel f.o.b. Honorable senators will be asked to consider the legislation that is necessary to give authority, so far as the Commonwealth Parliament is concerned, to these proposals. Encouragement will be given to the wine industry by increasing the export bounty from1s. to1s. 6d. a gallon. A bill to amend the Wine Bounty Act will be submitted. </para>
          <para>The Government has given the closest attention to the loan position in Australia. In December last, a loan of &#163;10,000,000 was raised in Australia on behalf of the Commonwealth and the States. To this loan the public subscribed &#163;7,790,000, the balance being taken up by the underwriting banks. Last month, a further loan was issued to provide for the conversion and redemption of &#163;10,400,000 of Commonwealth securities maturing in Australia on the 15th March. At the same time, holders of Commonwealth securities maturing on the15th December next were given the right to convert into the new loan. The March conversion and redemption loan has been over-subscribed, and the excess will be used to meet portion of the loan maturing on 15th December. With regard to the December loan of &#163;60,000,000, the conversion of &#163;21,000,000 has already been arranged for and applications are still coming in satisfactorily. These results are gratifying and illustrate Australia&#39;s capacity to arrange her own conversion operations locally without recourse to the overseas markets. </para>
          <para>Four meetings of the Australian Loan Council have been held since the Government assumed office. At these meetings, the questions of loans to cover arrears of borrowing and present requirements, as well as questions relating to future borrowing, were discussed. The financial position made it necessary for the Loan Council to consider further reductions in loan expenditure during the present financial year, and to provide for substantial reductions in the programmes of borrowing for the Commonwealth and the States for the coming financial year. During the first six months of the financial year - that is, until 31st December last - customs revenue exceeded the estimate by &#163;1,277,000, but for January, customs revenue was &#163;398,000 below the estimate, and for February, &#163;608,000 below the estimate. As tariff in creases and exchange difficulties must result in diminishing imports, there is every likelihood that customs revenue will continue to fall during the balance of the financial year. </para>
          <para>Expenditure in all departments has been carefully investigated, and reductions have been, and are being, secured by eliminating wasteful payments. </para>
          <para>The whole administration of the Department of Defence is now being reviewed with the object, of effecting economies consistent with efficiency. Proposals for the amalgamation of the Royal Naval College and the Royal Military College in a joint establishment at Jervis Bay are being inquired into. It is felt that a saving in the very high cost of training naval and military officers can be made. Maintenance of the Royal Naval College last year cost &#163;64,750. As there were 52cadets at the college, the cost worked out at nearly &#163;1,250 per head per annum. The staff employed for the maintenance of the college was 147, or nearly three persons for every cadet. Similarly, with regard to the Royal Military College, the maintenance cost was &#163;52,750 for 74 cadets, or more than &#163;700 perhead per annum. A staff of 98 persons was employed for the 74 cadets. </para>
          <para>Further economies will be effected by the proposed re-organization of the work of the Development and Migration Cornmission. A bill to amend the Development and Migration Commission Act will be introduced. Developmental activities will be placed under the control of the Prime Minister&#39;s Department, and migration will be controlled by the Department of Markets and Transport. Co-ordination will be achieved between the work of the Council for Scientific and Industrial Research and of the development section by means of a consultative committee. This committee will deal with all schemes under the &#163;34,000,000 Agreement, and will advise the Minister before preliminary work is started. It will also deal with matters of development referred to it by the States. The Commonwealth has had to bear the heavy cost of a supervisory organization designed to deal with a substantial stream of assisted migrants. On that heavy overhead charge, and on the contributions of passage money to migrants, a considerable reduction has been made. As a direct result of the  arrangements now operative, it is expected that a saving of  &#163;41,000 <inline font-style="italic">mil</inline> be effected during the current financial year, and that for the year  1930-31,  there will be a direct saving to the people of  &#163;124,000.  Uniformity of control will mean a saving, in the London organization alone, of about  &#163;19,000  per annum. By arrangement with the British Government, assisted migration will be confined for the present to boys and domestics, and to nominations involving the re-union of families. The whole position was discussed fully with the Premiers of the States at the conference at Canberra lust month when is was agreed that in future, all requisitions and nominations should be forwarded direct to the Commonwealth. Hitherto, the practice followed by the States has been lo forworn nominations direct to Loudon. The Government considers that as it is called upon to bear a large proportion of the cost, by way of passage money, loans to migrants, and administrative expenses, it should exercise strict supervision and careful reconsideration nf nominations as well as requisitions. </para>
          <para>With regard to non-British migration, steps have been taken to limit newcomers of nationalities already subject to quota restrictions to numbers representing a reduction of approximately  50  per cent, for this year as compared with last year. The permission granted in these cases will be confined, with very few exceptions, to the closest &#39; relatives of persons already settled in Australia. </para>
          <para>The need for an amendment of the . Constitution designed to give greater legislative power to the Commonwealth Parliament has long been recognised. The dispute in the coalmining industry, and the recent decisions of the High Court, have emphasized the need. One of the earliest measures to be placed before honorable senators will provide for the holding of a referendum, at which proposals for the alteration of the Constitution, along the lines desired, will be submitted to the people, </para>
          <para>Industrial legislation has received the close attention of the Government. Under the enlarged constitutional powers to be sought, we intend to bring down, later in the life of the Parliament, a measure providing for the reconstruction of the laws affecting conciliation and arbitration, together with a comprehensive scheme of social insurance, including unemployment, covering Commonwealth, State, municipal and private employers end their employees. There will also be a complete reorganization of labour bureaux throughout Australia. In the meantime, bills will be introduced this session relating to the Commonwealth Conciliation and Arbitration Act, the Arbitration (Public Service) Act, the Transport Workers Act, and the Crimes Act. Among other matters &#39;to be submitted for approval will be measures relating to the Seat of Government, Com- &#39; monwealth Bank, Commonwealth Public Service, superannuation, Commonwealth employees&#39; compensation, a cotton bounty, a shale oil bounty, the Federal Aid Roads Agreement and wireless telegraphy. There will also be bills amending the Navigation Act, the Copyright Act, the Patents Act, the Income Tax Bates and Assessment Acts, the Land Tax Assessment Act, find honorable senators will be asked to consider an amendment to the Industries Preservation Act to permit of contracts being entered into with regard to shipping freights. It will also be necessary to con-  aider the tariff schedules, tabled towards the close of last year. There is no doubt that the action of the Government in tabling tariff schedules embracing more than  300  items arrested to  8  considerable degree the growth of unemployment. After the tariff was introduced, numerous notices of dismissal were withdrawn, and the increased protection provided has given substantial additional employment. </para>
          <para>Honorable members will be asked to agree to resolutions for the ratification of the declaration by the Commonwealth accepting &#39;the optional clauses of the statute of the Permanent Court of International Justice, and of the protocols recently adopted in connexion with the revision of the statute of the court and the accession of the United States of America thereto. There will also be opportunities for discussion of the report of the conference on the operation of dominion legislation and merchant shipping legislation, and of the report of the Australian delegation to the Tenth Assembly of the League of Nations. </para>
          <para>The difficulties confronting Australia are serious, and a proper realization of them should result in wholehearted  co-operation  of all sections in the working out of a satisfactory solution. Indeed, at the present juncture, the Parliament might fittingly become an economic conference of representatives of the people meeting to discuss the general position. </para>
          <para>Debate (on motion by <inline font-weight="bold">Senator Sir George</inline> PEARCE) adjourned. </para>
        </speech>
      </subdebate.1>
    </debate>
    <debate>
      <debateinfo>
        <title>STANDING COMMITTEE SYSTEM</title>
        <page.no>10</page.no>
        <type>miscellaneous</type>
      </debateinfo>
      <para class="block">SELECT Committee, </para>
      <para>The order of the day for. the bringing up of the report having been read - </para>
      <para>Motion (by <inline font-weight="bold">Senator R.</inline> D. ELLIOTT agreed to - </para>
      <quote>
        <para>That the time for bringing up the report from the select committee appointed to consider, report. and make recommendations upon the advisability, or otherwise, of establishing&#39; standing committees of the Senate upon Statutory Rules and Ordinances, Internationa&#93; Relations, Finance and Private Members&#39; bills be extended to this day week. </para>
      </quote>
    </debate>
    <debate>
      <debateinfo>
        <title>BEAM WIRELESS</title>
        <page.no>10</page.no>
        <type>miscellaneous</type>
      </debateinfo>
      <speech>
        <talk.start>
          <talker>
            <page.no>10</page.no>
            <time.stamp />
            <name.id>KOJ</name.id>
            <electorate>Tasmania</electorate>
            <party />
            <role />
            <in.gov>0</in.gov>
            <first.speech>0</first.speech>
            <name role="metadata">HAYS, Herbert</name>
            <name role="display">Senator HERBERT HAYS</name>
          </talker>
          <para>. - I move - </para>
        </talk.start>
        <quote>
          <para>That the report from the select committee appointed to inquire into and report upon the desirability ona commercial possibility of sending messages from Australia to England over the beam wireless et Id. a word, presented to the Senate on 1*th August, 1929, be adopted. </para>
        </quote>
        <para>I was not aware that I should be called upon, at such short notice to-day, to speak to the motion. I therefore  ask leave to continue my remarks on the next day of sitting. </para>
        <para>Leave granted; debate adjourned. </para>
      </speech>
    </debate>
    <adjournment>
      <adjournmentinfo>
        <page.no>10</page.no>
        <time.stamp>15:45:00</time.stamp>
      </adjournmentinfo>
      <para>Senate adjourned at 3.45 p.m. </para>
    </adjournment>
  </chamber.xscript>
</hansard>