<?xml version="1.0" encoding="utf-8"?>
<hansard xsi:noNamespaceSchemaLocation="../../hansard.xsd" version="2.1" xmlns:xsi="http://www.w3.org/2001/XMLSchema-instance">
  <session.header>
    <date>1944-02-16</date>
    <parliament.no>17</parliament.no>
    <session.no>1</session.no>
    <period.no>2</period.no>
    <chamber>REPS</chamber>
    <page.no>226</page.no>
    <proof>0</proof>
  </session.header>
  <chamber.xscript>
    <para class="block">House of Representatives. </para>
    <business.start>
      <day.start>1944-02-16</day.start>
      <para>
        <inline font-weight="bold">Mr. Speaker (Hon. J. S. Rosevear)</inline>took the chair at 3 p.m., and read prayers. </para>
    </business.start>
    <debate>
      <debateinfo>
        <title>QUESTION</title>
        <page.no>226</page.no>
        <type>Questions</type>
      </debateinfo>
      <subdebate.1>
        <subdebateinfo>
          <title>SECOND .FRONT IN WESTERN EUROPE</title>
          <page.no>226</page.no>
        </subdebateinfo>
        <para class="block">Statement by <inline font-weight="bold">Mr. E.</inline> J. <inline font-style="italic">Ward,</inline> M.P. - -Notice op Motion of Want of Confidence. </para>
        <speech>
          <talk.start>
            <talker>
              <page.no>226</page.no>
              <time.stamp />
              <name.id>009FQ</name.id>
              <electorate>Fremantle</electorate>
              <party>ALP</party>
              <role>Prime Minister</role>
              <in.gov>1</in.gov>
              <first.speech>0</first.speech>
              <name role="metadata">CURTIN, John</name>
              <name role="display">Mr CURTIN</name>
            </talker>
            <para>. - On Friday last, the right honorable the Leader of the Opposition <inline font-weight="bold">(Mr. Menzies)</inline> asked rae a question concerning certain remarks made by the Minister for Transport and External Territories <inline font-weight="bold">(Mr. Ward)</inline> on Thursday night. I now inform the House that I have discussed the matter with that Minister, from whom I have received the following letter, dated the 15th February, 1944 :-r </para>
          </talk.start>
          <para class="block">My dear Prime Minister: </para>
          <para>Following on our conversation of this morning, I am surprised, and regret, that any one has misconstrued the meaning intended to be conveyed by me, but as such has happened I can assure you that it was not my intention to reflect adversely in any way whatever upon the Governments either of Great Britain or any other Allied country. </para>
          <para>So far from wishing to reflect on the United Kingdom and our other Allies in this war, 1 have only the warmest admiration for the tremendous sacrifices being made by these peoples and the heroism of their fighting services in the common struggle to defeat the Axis powers. </para>
          <para>Yours sincerely, (Signed) B. J.  Ward </para>
          <para>I regard that letter as having removed any grounds there might have been for any assumption that the Minister for Transport and External Territories either reflected or intended to reflect upon the Government of either Great Britain or any other Allied country. </para>
        </speech>
        <speech>
          <talk.start>
            <talker>
              <page.no>226</page.no>
              <time.stamp />
              <name.id>N76</name.id>
              <electorate>KOOYONG, VICTORIA</electorate>
              <party />
              <role />
              <in.gov>0</in.gov>
              <first.speech>0</first.speech>
              <name role="metadata">MENZIES, Robert</name>
              <name role="display">Mr MENZIES</name>
            </talker>
            <para>- I ask the Prime Minister whether or not the honorable member for East Sydney is still a member of the Cabinet? </para>
          </talk.start>
          <continue>
            <talk.start>
              <talker>
                <page.no>226</page.no>
                <time.stamp />
                <name.id>009FQ</name.id>
                <electorate />
                <party />
                <role />
                <in.gov>0</in.gov>
                <first.speech>0</first.speech>
                <name role="metadata">CURTIN, John</name>
                <name role="display">Mr CURTIN</name>
              </talker>
              <para>- No changes have been made in the Cabinet as announced to the Parliament; therefore, the Minister for </para>
            </talk.start>
          </continue>
          <para class="block">Transport and External Territories is the honorable member for East Sydney. </para>
          <para>
            <inline font-weight="bold">Mr. MENZIES</inline>(Kooyong- Leader of the Opposition). - Then I give notice that to-morrow I shall move - </para>
          <quote>
            <para>That this House strongly disapproves of the statements made by the honorable the Minister for Transport and Externa) Territories on Thursday, 10th February, 1944, gravely reflecting upon the policy and administration of Great Britain, and offensive to others of the United Nations; and is of opinion that the continued occupancy of a scat  in  the Cabinet by a member guilty of such statements (disavowed by the right honorable the Prime Minister), not only constitutes a grave departure from the established principles of responsible government but also brings discredit upon Australia. </para>
          </quote>
          <para>
            <inline font-weight="bold">Mr. CURTIN</inline>(Fremantle - Prime Minister). - We are at war, and there is urgent business to be done. The usual practice, when a motion of the nature of that of which the right honorable the Leader of the Opposition <inline font-weight="bold">(Mr. Menzies)</inline> has given notice is placed on the businesspalmer, is for the Prime Minister to take a certain course, but I am quite ready, if the right honorable gentleman is agreeable, to take a different course, and to suspend the Standing Orders, or so much of them as would prevent the House from dealing with the motion forthwith. </para>
          <interjection>
            <talk.start>
              <talker>
                <page.no>226</page.no>
                <time.stamp />
                <name.id>N76</name.id>
                <electorate />
                <party />
                <role />
                <in.gov>0</in.gov>
                <first.speech>0</first.speech>
                <name role="metadata">MENZIES, Robert</name>
                <name role="display">Mr Menzies</name>
              </talker>
              <para>- I have given notice of my motion for to-morrow, and I shall move it to-morrow. </para>
            </talk.start>
          </interjection>
        </speech>
      </subdebate.1>
    </debate>
    <debate>
      <debateinfo>
        <title>ADJOURNMENT</title>
        <page.no>226</page.no>
        <type>adjournment</type>
      </debateinfo>
      <para>Statement by <inline font-weight="bold">Mr. E.</inline> J. Ward, M.P. : Notice of Motion of Want of Confidence ; Censorship - Bush Firbs in Victoria - Coal-mining Industry. </para>
      <speech>
        <talk.start>
          <talker>
            <page.no>226</page.no>
            <time.stamp />
            <name.id>009FQ</name.id>
            <electorate>Fremantle</electorate>
            <party>ALP</party>
            <role>Prime Minister</role>
            <in.gov>1</in.gov>
            <first.speech>0</first.speech>
            <name role="metadata">CURTIN, John</name>
            <name role="display">Mr CURTIN</name>
          </talker>
          <para>. - I have said that, in normal circumstances, a motion of thi* description would have warranted, indeed it would have necessitated, my taking a certain course of action which, <inline font-style="italic">m</inline> honorable gentlemen know, involves the business of the House. I have also said that the country is at war, and that there is urgent business to be done. I thought fit to make a suggestion which I considered would be  acceptable to the Leader of the Opposition <inline font-weight="bold">(Mr. Menzies).</inline> As the right honorable gentleman is not prepared to accept that suggestion, I move - </para>
        </talk.start>
        <para>That the House do now adjourn. </para>
      </speech>
      <speech>
        <talk.start>
          <talker>
            <page.no>227</page.no>
            <time.stamp />
            <name.id>009MB</name.id>
            <electorate>Indi</electorate>
            <party />
            <role />
            <in.gov>0</in.gov>
            <first.speech>0</first.speech>
            <name role="metadata">MCEWEN, John</name>
            <name role="display">Mr McEWEN</name>
          </talker>
          <para>.- I had intended to address a question to the Prime Minister, but the motion to adjourn the House precludes me from following that course. I hope that it may be possible to secure an answer by raising the matter at this stage. </para>
        </talk.start>
        <interjection>
          <talk.start>
            <talker>
              <page.no>227</page.no>
              <time.stamp />
              <name.id>009FQ</name.id>
              <electorate />
              <party />
              <role />
              <in.gov>0</in.gov>
              <first.speech>0</first.speech>
              <name role="metadata">CURTIN, John</name>
              <name role="display">Mr Curtin</name>
            </talker>
            <para>-  This is unprecedented. </para>
          </talk.start>
        </interjection>
        <continue>
          <talk.start>
            <talker>
              <page.no>227</page.no>
              <time.stamp />
              <name.id>009MB</name.id>
              <electorate />
              <party />
              <role />
              <in.gov>0</in.gov>
              <first.speech>0</first.speech>
              <name role="metadata">MCEWEN, John</name>
              <name role="display">Mr McEWEN</name>
            </talker>
            <para>- It is related to the circumstances with which we are concerned. </para>
          </talk.start>
        </continue>
      </speech>
      <speech>
        <talk.start>
          <talker>
            <page.no>227</page.no>
            <time.stamp />
            <name.id>L08</name.id>
            <electorate>DALLEY, NEW SOUTH WALES</electorate>
            <party />
            <role />
            <in.gov>0</in.gov>
            <first.speech>0</first.speech>
            <name role="metadata">ROSEVEAR, John</name>
            <name role="display">Mr SPEAKER (Hon J S Rosevear</name>
          </talker>
          <para>- Order! The honorable gentleman understands that he is speaking on the motion for the adjournment of &#39;the House ? </para>
        </talk.start>
        <continue>
          <talk.start>
            <talker>
              <page.no>227</page.no>
              <time.stamp />
              <name.id>009MB</name.id>
              <electorate />
              <party />
              <role />
              <in.gov>0</in.gov>
              <first.speech>0</first.speech>
              <name role="metadata">MCEWEN, John</name>
              <name role="display">Mr McEWEN</name>
            </talker>
            <para>- I quite understand that, sir. I propose, in the course of my remarks, to address to &#39;the Prime Minister a question that I would have addressed to &#39;him during question time had events not shaped themselves as they have. I have reason to believe that the speech which the Minister for Transport and External Territories <inline font-weight="bold">(Mr. Ward)</inline> made in this House last -week - to which reference has been made - has been the object of a censorship embargo, the effect of which is to prevent the transmission overseas of any portion of that speech. I desire to ask- </para>
          </talk.start>
        </continue>
      </speech>
      <speech>
        <talk.start>
          <talker>
            <page.no>227</page.no>
            <time.stamp />
            <name.id>10000</name.id>
            <electorate />
            <party />
            <role />
            <in.gov>0</in.gov>
            <first.speech>0</first.speech>
            <name role="metadata">SPEAKER, Mr</name>
            <name role="display">Mr SPEAKER</name>
          </talker>
          <para>-Order! Does the honorable gentleman wish to discuss the statement of the Minister? </para>
        </talk.start>
        <continue>
          <talk.start>
            <talker>
              <page.no>227</page.no>
              <time.stamp />
              <name.id>009MB</name.id>
              <electorate />
              <party />
              <role />
              <in.gov>0</in.gov>
              <first.speech>0</first.speech>
              <name role="metadata">MCEWEN, John</name>
              <name role="display">Mr McEWEN</name>
            </talker>
            <para>
              <inline font-style="italic">- No,</inline>
              <inline font-weight="bold">Mr. Speaker;</inline>the matter that I desire to raise concerns the censorship. I ask the Prime Minister whether or not, as the result of a censorship instruction, no portion of the speech which the Minister for Transport and External Territories made in this House last week has been permitted to be transmitted abroad. If the answer be in the affirmative, then I ask the right honorable gentleman whether or not he will give an explanation of the imposition of censorship upon a speech by one of his Ministers? </para>
          </talk.start>
        </continue>
        <continue>
          <talk.start>
            <talker>
              <page.no>227</page.no>
              <time.stamp />
              <name.id>10000</name.id>
              <electorate />
              <party />
              <role />
              <in.gov>0</in.gov>
              <first.speech>0</first.speech>
              <name role="metadata">SPEAKER, Mr</name>
              <name role="display">Mr SPEAKER</name>
            </talker>
            <para>- I point out to the House that an honorable member is quite in order in discussing, on the motion for the adjournment, any matter other than the subject concerning which notice of motion has been given. </para>
          </talk.start>
        </continue>
      </speech>
      <speech>
        <talk.start>
          <talker>
            <page.no>227</page.no>
            <time.stamp />
            <name.id>009MC</name.id>
            <electorate>Fawkner</electorate>
            <party />
            <role />
            <in.gov>0</in.gov>
            <first.speech>0</first.speech>
            <name role="metadata">HOLT, Harold</name>
            <name role="display">Mr HOLT</name>
          </talker>
          <para>.- The Prime Minister <inline font-weight="bold">(Mr. Curtin)</inline> has told honorable members that there is urgent business for this House to transact. That statement will have the concurrence of every responsible member. The present attempt to deprive the House of time for discussion which would otherwise be available to it, is not only a piece of arrant humbug, but also, quite definitely-- </para>
        </talk.start>
        <continue>
          <talk.start>
            <talker>
              <page.no>227</page.no>
              <time.stamp />
              <name.id>10000</name.id>
              <electorate />
              <party />
              <role />
              <in.gov>0</in.gov>
              <first.speech>0</first.speech>
              <name role="metadata">SPEAKER, Mr</name>
              <name role="display">Mr SPEAKER</name>
            </talker>
            <para>- Order ! The honorable gentleman must address the House in temperate language. </para>
          </talk.start>
        </continue>
        <continue>
          <talk.start>
            <talker>
              <page.no>227</page.no>
              <time.stamp />
              <name.id>009MC</name.id>
              <electorate />
              <party />
              <role />
              <in.gov>0</in.gov>
              <first.speech>0</first.speech>
              <name role="metadata">HOLT, Harold</name>
              <name role="display">Mr HOLT</name>
            </talker>
            <para>- I appreciate the fact that the Prime Minister is taking the view that this is a motion of censure and that it is usual in such circumstances for the House to adjourn. I also appreciate the fact that he challenged the Leader of the Opposition to proceed immediately with the discussion of this matter. </para>
          </talk.start>
        </continue>
        <interjection>
          <talk.start>
            <talker>
              <page.no>227</page.no>
              <time.stamp />
              <name.id>009FQ</name.id>
              <electorate />
              <party />
              <role />
              <in.gov>0</in.gov>
              <first.speech>0</first.speech>
              <name role="metadata">CURTIN, John</name>
              <name role="display">Mr Curtin</name>
            </talker>
            <para>-  I did not challenge him ; I invited him to do so. </para>
          </talk.start>
        </interjection>
        <continue>
          <talk.start>
            <talker>
              <page.no>227</page.no>
              <time.stamp />
              <name.id>009MC</name.id>
              <electorate />
              <party />
              <role />
              <in.gov>0</in.gov>
              <first.speech>0</first.speech>
              <name role="metadata">HOLT, Harold</name>
              <name role="display">Mr HOLT</name>
            </talker>
            <para>- I accept the amendment. </para>
          </talk.start>
        </continue>
        <continue>
          <talk.start>
            <talker>
              <page.no>227</page.no>
              <time.stamp />
              <name.id>10000</name.id>
              <electorate />
              <party />
              <role />
              <in.gov>0</in.gov>
              <first.speech>0</first.speech>
              <name role="metadata">SPEAKER, Mr</name>
              <name role="display">Mr SPEAKER</name>
            </talker>
            <para>- The honorable member for Fawkner <inline font-weight="bold">(Mr. Holt)</inline> should know that the question before the Chair at the moment is the motion for the adjournment of the House. He may not,&#39; when speaking to that motion, discuss anything which took place in the House earlier this afternoon. </para>
          </talk.start>
        </continue>
        <continue>
          <talk.start>
            <talker>
              <page.no>227</page.no>
              <time.stamp />
              <name.id>009MC</name.id>
              <electorate />
              <party />
              <role />
              <in.gov>0</in.gov>
              <first.speech>0</first.speech>
              <name role="metadata">HOLT, Harold</name>
              <name role="display">Mr HOLT</name>
            </talker>
            <para>- Parliament has before it business of an urgent nature which brooks of no delay. I have just come from Victoria where industry is, at the moment, almost completely paralysed. </para>
          </talk.start>
        </continue>
        <interjection>
          <talk.start>
            <talker>
              <page.no>227</page.no>
              <time.stamp />
              <name.id>L07</name.id>
              <electorate />
              <party />
              <role />
              <in.gov>0</in.gov>
              <first.speech>0</first.speech>
              <name role="metadata">LAZZARINI, Hubert</name>
              <name role="display">Mr Lazzarini</name>
            </talker>
            <para>-  If any people are responsible for what has happened in Victoria they are the honorable member and his political friends in that State. </para>
          </talk.start>
        </interjection>
        <continue>
          <talk.start>
            <talker>
              <page.no>227</page.no>
              <time.stamp />
              <name.id>009MC</name.id>
              <electorate />
              <party />
              <role />
              <in.gov>0</in.gov>
              <first.speech>0</first.speech>
              <name role="metadata">HOLT, Harold</name>
              <name role="display">Mr HOLT</name>
            </talker>
            <para>- I suggest that the Minister lor Home Security <inline font-weight="bold">(Mr. Lazzarini)</inline> should be very careful what he says on this subject. The industry that is threatened in Victoria is a vital one which would certainly have been the target for enemy attack had the course of the war in the Pacific not changed; yet this industry, upon which so many other industries in the State depend for power, was  left without adequate fire protection. Perhaps the Minister will take advantage of this motion for the adjournment of the House to tell honorable members why it is that, although it was the duty of his department to see that such an industry was properly safeguarded, no precautions were taken. </para>
          </talk.start>
        </continue>
        <para>Perhaps honorable members are not aware that many vital industries in Victoria are at the moment paralysed, and it is difficult to say just how far the damage will extend. Perhaps the Prime Minister could devote some time, which would otherwise have been devoted to the business of the House, to making a statement, either in the House or outside, upon what emergency action the Government proposes to take to ensure that Victorian industries shall be set going again. It is a piece of bitter irony that on this day he should give notice of another motion dealing with the control nf the coal industry. </para>
        <continue>
          <talk.start>
            <talker>
              <page.no>228</page.no>
              <time.stamp />
              <name.id>10000</name.id>
              <electorate />
              <party />
              <role />
              <in.gov>0</in.gov>
              <first.speech>0</first.speech>
              <name role="metadata">SPEAKER, Mr</name>
              <name role="display">Mr SPEAKER</name>
            </talker>
            <para>-The honorable member may not refer to anything which occurred in the House before the motion now before the Chair. </para>
          </talk.start>
        </continue>
        <continue>
          <talk.start>
            <talker>
              <page.no>228</page.no>
              <time.stamp />
              <name.id>009MC</name.id>
              <electorate />
              <party />
              <role />
              <in.gov>0</in.gov>
              <first.speech>0</first.speech>
              <name role="metadata">HOLT, Harold</name>
              <name role="display">Mr HOLT</name>
            </talker>
            <para>- It was suggested last week that the name should be altered from coal-miners to code-miners because the industry has become completely entangled in codes of one kind or another. As I said, it is a piece of bitter irony that, at the very time of this disastrous outbreak of fire in Victoria which threatens the supply of coal and power in that State, all the southern coal mines in New South Wales should be idle because of a dispute which this Government apparently can do nothing to settle. A few days ago, the Prime Minister told the House quite frankly that the measure of the country&#39;s war effort during the next few months, and perhaps the whole of this year would be the quantity of coal which could be produced. Then he waved his arms, and said that he wished some one could tell him how to get more coal. As a matter of fact, we do not need to tell him, because he told the House on the 14th October, when he outlined a carefully prepared policy for coal conservation and increased production. He told us of the measures which the Government proposed to enforce, and we were so im pressed by, them that, in spite of our concern over the dangerously low level of coal stocks, and over the fact .that industry would necessarily be interfered with owing to the shortage of coal, we raised no objection to his proposals. In fact, we approved of them.  His  policy seemed to be eminently satisfactory and sound. Here are some of the features of the Prime Minister&#39;s scheme: He proposed to bring into the industry 600 exminers; he proposed to weed out the undesirable element from among the miners by an examination of their attendance records; he was going to mechanize many of the mines. Because of the critical position that has developed in Victoria, because responsible men in charge of industry and in control of public utilities in New South Wales have declared that stocks are dangerously low, and because war production is being hampered, we are entitled to expect from the Prime Minister something more than a gesture of helplessness. If that is the best he can do it is time this country had another government. </para>
          </talk.start>
        </continue>
        <para>It is significant that the Government has had to admit that production has seriously declined during the last twelve months, although during this period the Government has had a full measure of electoral support. It could not complain that its parliamentary position weakened its capacity to deal with the problem, yet during this very period production, instead of increasing, has declined. In spite of all the concessions that have been made to the miners, in spite of the tribunals that have been set up to deal with their claims and disputes, production has declined. </para>
        <para>The people of Victoria are vitally concerned in this matter. They have discovered almost overnight in what measure the successful conduct of commercial operations in that State defends upon the production of coal either m Victoria or elsewhere. I remind the Government that the coal is here to be won, and we have the men here to do the job. Does the Prime Minister propose to allow this condition of anarchy to continue, or is he going to give those States which are so drastically affected by the present coal shortage some idea of what emergency action he proposes to take? </para>
      </speech>
      <speech>
        <talk.start>
          <talker>
            <page.no>229</page.no>
            <time.stamp />
            <name.id>KZR</name.id>
            <electorate>Balaclava</electorate>
            <party />
            <role />
            <in.gov>0</in.gov>
            <first.speech>0</first.speech>
            <name role="metadata">WHITE, Thomas</name>
            <name role="display">Mr WHITE</name>
          </talker>
          <para>. - I desire to add something to what has been said by the honorable member for Fawkner <inline font-weight="bold">(Mr. Holt).</inline> Since the House is to adjourn, and as it is not proposed to proceed with the important business of which the Prime Minister has spoken, I suggest that he might, in the interval between the adjournment of the House and the resumption of the debate tomorrow, look into that code which says that men who cause strikes in coal mines may be called up for military service or for work with the Allied Works Council. I ask the Prime Minister whether any one has yet been called up under that provision? I do not think that any one has. These miners, who can earn from &#163;7 to &#163;15 a week - with a minimum amount of labour a man can earn &#163;7 a week in the coal mines - might well be called up, and men who have served for three or four years in the Army might be released to take- their places. The present position is acute. Munitions f actories have closed down, and others will close shortly. It is high time that action was taken along the lines which I suggest. </para>
        </talk.start>
      </speech>
      <speech>
        <talk.start>
          <talker>
            <page.no>229</page.no>
            <time.stamp />
            <name.id>KNX</name.id>
            <electorate>Wentworth</electorate>
            <party />
            <role />
            <in.gov>0</in.gov>
            <first.speech>0</first.speech>
            <name role="metadata">HARRISON, Eric</name>
            <name role="display">Mr HARRISON</name>
          </talker>
          <para>. - I wish to identify myself with some of the remarks made by the honorable member for Fawkner <inline font-weight="bold">(Mr. Holt).</inline> The coalmining industry is in a position of absolute chaos and anarchy, and something should be done about it immediately. It might be as well to state the facts concerning the dispute on the southern coalfields of New South Wales, the facts which precipitated this extraordinary strike. The trouble at Coalcliff seems to have developed out of a feud between the  president  of the miners&#39; federation and the owner of one of the mines, the men concerned being <inline font-weight="bold">Mr. Louden</inline> and <inline font-weight="bold">Mr. Vickery.</inline> For the last fifteen years, what is known as the three-lift system has been in operation in the south coast mines. It is efficient and has proved to be iri every way satisfactory. The scraper loader has modernized the three-lift system, and it is because it is desired to introduce a two-lift system - incidentally, <inline font-weight="bold">Mr. Willis</inline> has agreed to it - that this strike has occurred. The pillar workings at Coalcliff are the deepest in New South Wales, with from 1,500 to 1,600 feet of cover. </para>
        </talk.start>
        <para class="block">Honorable members will understand that the health of the miners and the safety of the mines are the responsibility of the Government of New South Wales. It has been found that the safest way of working the pillars is by means of the scraper loader. Between 40,000 and 50,000 tons was taken out by the scraper loader without the slightest accident over a period of three years. Then, on representations being made by the miners, who thought that their jobs were endangered, the Minister for Mines, <inline font-weight="bold">Mr. Baddeley,</inline> had the act amended in order to- compel the removal of the scraper loaders. I remind honorable members that <inline font-weight="bold">Mr. Baddeley</inline> represents Cessnock and is, therefore, dependent upon the miners for his seat in the State Parliament. The miners continued working the three-lift system with picks, and it was found that the time factor in taking pillars was the main factor to be considered. The quicker the pillar was taken out, the more coal was saved. The miners know that they cannot control the roof with two men on the pillars and yet they object to a threeman lift. The honorable member for Hunter <inline font-weight="bold">(Mr. James)</inline> and <inline font-weight="bold">Mr. Louden</inline> approached the Attorney-General <inline font-weight="bold">(Dr. Evatt).</inline> The Attorney-General will correct me if I am wrong, but my information is that he gave specific instructions to the  chairman  of the Central Coal Authority to stop it. </para>
        <interjection>
          <talk.start>
            <talker>
              <page.no>229</page.no>
              <time.stamp />
              <name.id>DTN</name.id>
              <electorate />
              <party />
              <role />
              <in.gov>0</in.gov>
              <first.speech>0</first.speech>
              <name role="metadata">EVATT, Herbert Vere</name>
              <name role="display">Dr Evatt</name>
            </talker>
            <para>-  To stop what? </para>
          </talk.start>
        </interjection>
      </speech>
      <speech>
        <talk.start>
          <talker>
            <page.no>229</page.no>
            <time.stamp />
            <name.id>KNX</name.id>
            <electorate>WENTWORTH, NEW SOUTH WALES</electorate>
            <party>UAP; LP from 1944</party>
            <role />
            <in.gov>0</in.gov>
            <first.speech>0</first.speech>
            <name role="metadata">HARRISON, Eric</name>
            <name role="display">Mr HARRISON</name>
          </talker>
          <para>- To stop the method of working that had been the custom. </para>
        </talk.start>
        <interjection>
          <talk.start>
            <talker>
              <page.no>229</page.no>
              <time.stamp />
              <name.id>DTN</name.id>
              <electorate />
              <party />
              <role />
              <in.gov>0</in.gov>
              <first.speech>0</first.speech>
              <name role="metadata">EVATT, Herbert Vere</name>
              <name role="display">Dr Evatt</name>
            </talker>
            <para>-  Nothing of the kind. </para>
          </talk.start>
        </interjection>
        <continue>
          <talk.start>
            <talker>
              <page.no>229</page.no>
              <time.stamp />
              <name.id>KNX</name.id>
              <electorate>WENTWORTH, NEW SOUTH WALES</electorate>
              <party>UAP; LP from 1944</party>
              <role />
              <in.gov>0</in.gov>
              <first.speech>0</first.speech>
              <name role="metadata">HARRISON, Eric</name>
              <name role="display">Mr HARRISON</name>
            </talker>
            <para>- The right honorable member will have an opportunity to make his statement later. <inline font-weight="bold">Mr. Willis,</inline> of course, did as he was ordered. The threelift system was to be discontinued on instructions given to him by the AttorneyGeneral. </para>
          </talk.start>
        </continue>
        <interjection>
          <talk.start>
            <talker>
              <page.no>229</page.no>
              <time.stamp />
              <name.id>DTN</name.id>
              <electorate />
              <party />
              <role />
              <in.gov>0</in.gov>
              <first.speech>0</first.speech>
              <name role="metadata">EVATT, Herbert Vere</name>
              <name role="display">Dr Evatt</name>
            </talker>
            <para>-  That is incorrect. </para>
          </talk.start>
        </interjection>
        <continue>
          <talk.start>
            <talker>
              <page.no>229</page.no>
              <time.stamp />
              <name.id>KNX</name.id>
              <electorate />
              <party />
              <role />
              <in.gov>0</in.gov>
              <first.speech>0</first.speech>
              <name role="metadata">HARRISON, Eric</name>
              <name role="display">Mr HARRISON</name>
            </talker>
            <para>- All right. Only two men were -to be employed on the pillars. That order was given to the company by the  Chairman  of the Central Coal Authority and it carried the order out, although the manager said: &#34;I cannot take the responsibility of two men working a pillar because I know it to be  unsafe. I have proved it to be unsafe.&#34; He could take no responsibility for instructions given to him by <inline font-weight="bold">Mr. Willis</inline> on the order of a member of the Ministry. </para>
          </talk.start>
        </continue>
        <interjection>
          <talk.start>
            <talker>
              <page.no>230</page.no>
              <time.stamp />
              <name.id>009FQ</name.id>
              <electorate />
              <party />
              <role />
              <in.gov>0</in.gov>
              <first.speech>0</first.speech>
              <name role="metadata">CURTIN, John</name>
              <name role="display">Mr Curtin</name>
            </talker>
            <para>- The honorable member is repeating a statement which has been denied. </para>
          </talk.start>
        </interjection>
        <continue>
          <talk.start>
            <talker>
              <page.no>230</page.no>
              <time.stamp />
              <name.id>KNX</name.id>
              <electorate />
              <party />
              <role />
              <in.gov>0</in.gov>
              <first.speech>0</first.speech>
              <name role="metadata">HARRISON, Eric</name>
              <name role="display">Mr HARRISON</name>
            </talker>
            <para>- I am challenging the AttorneyGeneral </para>
          </talk.start>
        </continue>
        <interjection>
          <talk.start>
            <talker>
              <page.no>230</page.no>
              <time.stamp />
              <name.id>009FQ</name.id>
              <electorate />
              <party />
              <role />
              <in.gov>0</in.gov>
              <first.speech>0</first.speech>
              <name role="metadata">CURTIN, John</name>
              <name role="display">Mr Curtin</name>
            </talker>
            <para>- He has told you. </para>
          </talk.start>
        </interjection>
        <continue>
          <talk.start>
            <talker>
              <page.no>230</page.no>
              <time.stamp />
              <name.id>KNX</name.id>
              <electorate />
              <party />
              <role />
              <in.gov>0</in.gov>
              <first.speech>0</first.speech>
              <name role="metadata">HARRISON, Eric</name>
              <name role="display">Mr HARRISON</name>
            </talker>
            <para>- He can make his own statement. Possibly we shall be able to prove that what I say has taken place. The short facts are that the manager, who knows that it is totally unsafe to work two men on the pillar, ha3 &#39;been &#39;forced by <inline font-weight="bold">Mr. Willis</inline> to adopt that particular system. It is necessary for the House to understand the true position about this particular hold-up and that the country should know the general conditions which obtain in the coal-mining industry. I have a question to ask the Prime Minister and I think that he should answer it, because, if the answer is in the affirmative, it is time that action was taken by the country to see that this humbug about the winning of coal was done away with and the facts were brought to light. I ask the Prime Minister whether he proposes to appoint the Commonwealth Coal Commissioner as the supreme authority in the coal-mining industry and that <inline font-weight="bold">Mr. A.</inline> C. Willis is to he his industrial officer? Will the right honorable gentleman inform the House whether the Government or any member of the Government has issued or proposes to issue instructions to the . Coal Commissioner that he must: (1) refrain from allowing the employment of free labour in the mines; (2) if the miners threaten a general stoppage at any time, give way to their demands ? I charged <inline font-weight="bold">Mr. Willis</inline> last week with being completely biased. I declare now that he has taken instructions from Commonwealth Ministers in regard to the coal-mining industry. </para>
          </talk.start>
        </continue>
        <interjection>
          <talk.start>
            <talker>
              <page.no>230</page.no>
              <time.stamp />
              <name.id>DTN</name.id>
              <electorate />
              <party />
              <role />
              <in.gov>0</in.gov>
              <first.speech>0</first.speech>
              <name role="metadata">EVATT, Herbert Vere</name>
              <name role="display">Dr Evatt</name>
            </talker>
            <para>- That is not true. </para>
          </talk.start>
        </interjection>
        <continue>
          <talk.start>
            <talker>
              <page.no>230</page.no>
              <time.stamp />
              <name.id>KNX</name.id>
              <electorate />
              <party />
              <role />
              <in.gov>0</in.gov>
              <first.speech>0</first.speech>
              <name role="metadata">HARRISON, Eric</name>
              <name role="display">Mr HARRISON</name>
            </talker>
            <para>- The Prime Minister must give a clear-cut answer. </para>
          </talk.start>
        </continue>
      </speech>
      <speech>
        <talk.start>
          <talker>
            <page.no>230</page.no>
            <time.stamp />
            <name.id>009FQ</name.id>
            <electorate>FREMANTLE, WESTERN AUSTRALIA</electorate>
            <party>ALP; FLP from 1934; ALP from 1936</party>
            <role>Prime Minister</role>
            <in.gov>0</in.gov>
            <first.speech>0</first.speech>
            <name role="metadata">CURTIN, John</name>
            <name role="display">Mr CURTIN</name>
          </talker>
          <para>. - <inline font-style="italic">in reply</inline> - Do I understand that the honorable member for </para>
        </talk.start>
        <para class="block">Wentworth <inline font-weight="bold">(Mr. Harrison)</inline> says that I have issued instructions to the Coal Commissioner as to whom he shall employ? </para>
        <interjection>
          <talk.start>
            <talker>
              <page.no>230</page.no>
              <time.stamp />
              <name.id>KNX</name.id>
              <electorate />
              <party />
              <role />
              <in.gov>0</in.gov>
              <first.speech>0</first.speech>
              <name role="metadata">HARRISON, Eric</name>
              <name role="display">Mr Harrison</name>
            </talker>
            <para>- I am asking the right honorable gentleman whether he has. </para>
          </talk.start>
        </interjection>
        <continue>
          <talk.start>
            <talker>
              <page.no>230</page.no>
              <time.stamp />
              <name.id>009FQ</name.id>
              <electorate />
              <party />
              <role />
              <in.gov>0</in.gov>
              <first.speech>0</first.speech>
              <name role="metadata">CURTIN, John</name>
              <name role="display">Mr CURTIN</name>
            </talker>
            <para>- The honorable gentleman said that I had done so. </para>
          </talk.start>
        </continue>
        <interjection>
          <talk.start>
            <talker>
              <page.no>230</page.no>
              <time.stamp />
              <name.id>KNX</name.id>
              <electorate />
              <party />
              <role />
              <in.gov>0</in.gov>
              <first.speech>0</first.speech>
              <name role="metadata">HARRISON, Eric</name>
              <name role="display">Mr Harrison</name>
            </talker>
            <para>- I asked whether the Prime Minister, or any other Minister, had issued, or proposed- to issue, such instructions. </para>
          </talk.start>
        </interjection>
        <interjection>
          <talk.start>
            <talker>
              <page.no>230</page.no>
              <time.stamp />
              <name.id>DTN</name.id>
              <electorate />
              <party />
              <role />
              <in.gov>0</in.gov>
              <first.speech>0</first.speech>
              <name role="metadata">EVATT, Herbert Vere</name>
              <name role="display">Dr Evatt</name>
            </talker>
            <para>- Before you reply- </para>
          </talk.start>
        </interjection>
        <continue>
          <talk.start>
            <talker>
              <page.no>230</page.no>
              <time.stamp />
              <name.id>009FQ</name.id>
              <electorate />
              <party />
              <role />
              <in.gov>0</in.gov>
              <first.speech>0</first.speech>
              <name role="metadata">CURTIN, John</name>
              <name role="display">Mr CURTIN</name>
            </talker>
            <para>- I am going to reply. We are debating a motion for the adjournment of the House. It was moved by me because I believe that, when the Leader of the Opposition <inline font-weight="bold">(Mr. Menzies)</inline> moves a censure upon the Government, that matter must be decided before the Government can confidently continue public administration. That is the invariable practice of all parliaments and has been the practice of this Parliament. 1 did endeavour to find a way in which the notice of motion could be debated with a minimum of delay in the conduct of public business, but the right honorable gentleman, no doubt for reasons that he thinks proper, and which are not for me to question, desires that the matter shall be dealt with to-morrow. Therefore, unless I was prepared to do what I would never do, namely, treat the views of the Leader of the Opposition with disrespect, I had only this choice - either to continue the public administration and the business of this House as though the motion were not seriously intended and could have no possible effect, assumptions which I am not prepared to make, or move the adjournment of the House. Honor aWe gentlemen sitting behind the right honorable gentleman desire to treat his motion with far less respect than I have treated it. They have treated it as though it were an intrusion into matters which they deem more urgent or more vital. That is their business. But I have a duty to the authority of Parliament. I endeavour to respect it. I believe that the Leader of the Opposition, next to myself, has not only a duty to Parliament, but also rights in Parliament, which even the head of the Government cannot claim. Therefore, out of respect for him, but more so out of respect for this great institution of Parliament, I have invited the House to adjourn. </para>
          </talk.start>
        </continue>
        <para>Question resolved in the affirmative. </para>
      </speech>
    </debate>
    <adjournment>
      <adjournmentinfo>
        <page.no>231</page.no>
        <time.stamp>15:30:00</time.stamp>
      </adjournmentinfo>
      <para>House adjourned at 3.30 p.m. </para>
    </adjournment>
  </chamber.xscript>
  <answers.to.questions>
    <debate>
      <debateinfo>
        <title>ANSWERS TO QUESTIONS</title>
        <page.no>231</page.no>
        <type>ANSWERS TO QUESTIONS</type>
      </debateinfo>
      <para class="italic">
        <inline font-style="italic">The following answers to questions were circulated: -</inline>
      </para>
      <subdebate.1>
        <subdebateinfo>
          <title>Alcohol Distillery</title>
          <page.no>231</page.no>
        </subdebateinfo>
        <question>
          <talk.start>
            <talker>
              <page.no>231</page.no>
              <time.stamp />
              <name.id>JRJ</name.id>
              <electorate>GIPPSLAND, VICTORIA</electorate>
              <party />
              <role />
              <in.gov>0</in.gov>
              <first.speech>0</first.speech>
              <name role="metadata">BOWDEN, George</name>
              <name role="display">Mr Bowden</name>
            </talker>
            <para>n asked the Acting Minis ter for Supply and Shipping, <inline font-style="italic">upon notice -</inline></para>
          </talk.start>
          <list type="decimal-dotted">
            <item label="1.">
              <para>What was the original estimate of the cost of the alcohol distillery at Warracknabeal, Victoria ? </para>
            </item>
            <item label="2.">
              <para>What is the cost to date? </para>
            </item>
            <item label="3.">
              <para>What is the present estimate of the total cost of the completed building? </para>
            </item>
          </list>
        </question>
        <answer>
          <talk.start>
            <talker>
              <page.no>231</page.no>
              <name.id>DTN</name.id>
              <electorate />
              <party>ALP</party>
              <role />
              <in.gov>1</in.gov>
              <first.speech>0</first.speech>
              <name role="metadata">EVATT, Herbert Vere</name>
              <name role="display">Dr Evatt</name>
            </talker>
            <para>- The answers to the honorable member&#39;s questions are as follows :  - </para>
          </talk.start>
          <list type="decimal-dotted">
            <item label="1.">
              <para>The original estimated cost of the alcohol distillery at Warracknabeal was &#163;418,450. </para>
            </item>
            <item label="2.">
              <para>Cost to date &#163;300,000. </para>
            </item>
            <item label="3.">
              <para>Present indications are that the total coat of the completed distillery will not exceed &#163;400,000. </para>
            </item>
          </list>
        </answer>
      </subdebate.1>
      <subdebate.1>
        <subdebateinfo>
          <title>Australian Army : Clothing for Discharged Personnel</title>
          <page.no>231</page.no>
        </subdebateinfo>
        <question>
          <talk.start>
            <talker>
              <page.no>231</page.no>
              <time.stamp />
              <name.id>JWT</name.id>
              <electorate>MORETON, QUEENSLAND</electorate>
              <party />
              <role />
              <in.gov>0</in.gov>
              <first.speech>0</first.speech>
              <name role="metadata">FRANCIS, Josiah</name>
              <name role="display">Mr Francis</name>
            </talker>
            <para>s asked the Minister for the Army, <inline font-style="italic">upon notice -</inline></para>
          </talk.start>
          <list type="decimal-dotted">
            <item label="1.">
              <para>Is it a fact that on discharge from the fighting forces soldiers are being granted &#163;310s. for the purchase of a civilian suit and hat? </para>
            </item>
            <item label="2.">
              <para>If so, as it is not possible to purchase a suit and hat for such an amount, and as the Dominion of New Zealand makes a grant of &#163;25 for the same purposes, will he increase the grant to the Australian ex-soldiers also to &#163;25? </para>
            </item>
          </list>
        </question>
        <answer>
          <talk.start>
            <talker>
              <page.no>231</page.no>
              <name.id>F4U</name.id>
              <electorate>CAPRICORNIA, QUEENSLAND</electorate>
              <party>ALP</party>
              <role>Minister for the Army</role>
              <in.gov>1</in.gov>
              <first.speech>0</first.speech>
              <name role="metadata">FORDE, Francis Michael</name>
              <name role="display">Mr Forde</name>
            </talker>
            <para>- The answers to the honorable member&#39;s questions are as follows :  - </para>
          </talk.start>
          <list type="decimal-dotted">
            <item label="1.">
              <para>Contracts have been let for supply of a suitable three-piece civilian suit and hat to members of the forces, upon request, at the time of discharge. The cost to the Commonwealth is approximately &#163;3. Supplies are now becoming available but in any case where suit and hat cannot be supplied, a cash allowance of &#163;3 is made to the member. The question whether the price of the suit should be increased is now receiving consideration. </para>
            </item>
            <item label="2.">
              <para>No. The general conditions of pay and allowances in the case of the New Zealand Forces are not the same as in the case of the Australian Military Forces. For example, members of the New Zealand Forces who do not serve outside New Zealand are not eligible for deferred pay, whereas members of the Australian Military Forces receive deferred pay after six months&#39; service in Australia. Also the rate of deferred pay in the case of the New Zealand Forces is substantially less than in the case of the Australian Military Forces. </para>
            </item>
          </list>
        </answer>
      </subdebate.1>
      <subdebate.1>
        <subdebateinfo>
          <title>Shortage of Fruit Cases</title>
          <page.no>231</page.no>
        </subdebateinfo>
        <question>
          <talk.start>
            <talker>
              <page.no>231</page.no>
              <time.stamp />
              <name.id>JLR</name.id>
              <electorate>MARANOA, QUEENSLAND</electorate>
              <party />
              <role />
              <in.gov>0</in.gov>
              <first.speech>0</first.speech>
              <name role="metadata">ADERMANN, Charles</name>
              <name role="display">Mr Adermann</name>
            </talker>
            <para>n asked the Minister for Commerce and Agriculture, <inline font-style="italic">upon notice -</inline></para>
          </talk.start>
          <list type="decimal-dotted">
            <item label="1.">
              <para>Is it a fact that there is a serious shortage of cases in the Stanthorpe fruit district threatening an approximate loss of &#163;60,000? </para>
            </item>
            <item label="2.">
              <para>If so. will he indicate what action has been taken to meet the position? </para>
            </item>
          </list>
        </question>
        <answer>
          <talk.start>
            <talker>
              <page.no>231</page.no>
              <name.id>KQB</name.id>
              <electorate>GWYDIR, NEW SOUTH WALES</electorate>
              <party>ALP</party>
              <role>Minister for Commerce and Agriculture</role>
              <in.gov>1</in.gov>
              <first.speech>0</first.speech>
              <name role="metadata">SCULLY, William</name>
              <name role="display">Mr Scully</name>
            </talker>
            <para>- The answers to the honorable member&#39;s questions are as follows :  -  1 and 2. This matter has received the constant attention of Timber Control in Queensland and every effort is being made to relieve the position which is acute in varying degrees in the fruit industry generally. </para>
          </talk.start>
          <para>Coal-mining Industry : Man-power Releases; Cost of Press Campaign; Prosecutions of Miners. </para>
        </answer>
        <question>
          <talk.start>
            <talker>
              <page.no>231</page.no>
              <time.stamp />
              <name.id>KIX</name.id>
              <electorate>DEAKIN, VICTORIA</electorate>
              <party />
              <role />
              <in.gov>0</in.gov>
              <first.speech>0</first.speech>
              <name role="metadata">HUTCHINSON, William</name>
              <name role="display">Mr Hutchinson</name>
            </talker>
            <para>n asked the Prime Minister, <inline font-style="italic">upon notice -</inline></para>
          </talk.start>
          <quote>
            <para>In view of recent statements by the Deputy Director-General of Man Power in New South Wales, will the Prime Minister make available information as to the number of employees &#34; released &#34; as a disciplinary measure from the coal -mining industry in New South Wales? </para>
          </quote>
        </question>
        <answer>
          <talk.start>
            <talker>
              <page.no>231</page.no>
              <name.id>009FQ</name.id>
              <electorate />
              <party>ALP</party>
              <role />
              <in.gov>1</in.gov>
              <first.speech>0</first.speech>
              <name role="metadata">CURTIN, John</name>
              <name role="display">Mr Curtin</name>
            </talker>
            <para>- During the past year the number of men released by manpower authorities from the coal-mining industry for various reasons was approximately 130. </para>
          </talk.start>
          <para>Mr.Hutchinson asked the Acting Minister for Supply and Shipping, <inline font-style="italic">upon notice -</inline></para>
          <list type="decimal-dotted">
            <item label="1.">
              <para>What is the total cost of the coal-saving press campaign since its commencement, and what is the total tonnage of coal lost through strikes and absenteeism from the same date? </para>
            </item>
            <item label="2.">
              <para>What was the output of coal in each State for the twelve months ended 31st December, 1943, and what tonnage was lost through strikes and absenteeism? </para>
            </item>
            <item label="3.">
              <para>What tonnage of coal was lost during the month of January this year, and in how many cases have prosecutions been launched against those responsible for the stoppages? </para>
            </item>
            <item label="4.">
              <para>Can he say why regulation 27ea of the National Security (Coal Control) Regulations was invoked against the management of Abermain No. 2 Colliery? </para>
            </item>
          </list>
        </answer>
        <question>
          <talk.start>
            <talker>
              <page.no>232</page.no>
              <time.stamp />
              <name.id>DTN</name.id>
              <electorate />
              <party>ALP</party>
              <role />
              <in.gov>1</in.gov>
              <first.speech>0</first.speech>
              <name role="metadata">EVATT, Herbert Vere</name>
              <name role="display">Dr Evatt</name>
            </talker>
            <para>t. - The answers to the honorable member&#39;s questions are as follows : - </para>
          </talk.start>
          <list type="decimal-dotted">
            <item label="1.">
              <para>The approximate total cost of the campaign since its commencement on 6th December, 1943, is &#163;11,000. Precise information as to the total tonnage of coal lost through strikes and absenteeism since that date is not yet available, but approximates 400,000 tons. </para>
            </item>
            <item label="2.">
              <para>- </para>
            </item>
          </list>
          <para class="block">Losses from absenteeism disclosed above cover those resulting from both avoidable and unavoidable absenteeism. It is estimated that at least 50 per cent, are due to unavoidable causes. </para>
          <list type="decimal-dotted">
            <item label="3.">
              <para>The tonnage of coal lost in New South Wales from all causes during the month of January was 248,797 tons. Precise information from the other States is not yet available. Prosecutions have been launched against 114 persons. </para>
            </item>
            <item label="4.">
              <para>A stoppage of work occurred at the mine over a question as to whether or not the safety of employees was endangered or likely to be enda.ngered by methods of working then in operation, or proposed to be put into operation, at that mine, and having satisfied myself that&#39; the question was one which ought to be determined in accordance with the regulation I took the appropriate action provided by the regulation to meet such circumstances. </para>
            </item>
          </list>
        </question>
        <answer>
          <talk.start>
            <talker>
              <page.no>232</page.no>
              <name.id>KIX</name.id>
              <electorate />
              <party />
              <role />
              <in.gov>0</in.gov>
              <first.speech>0</first.speech>
              <name role="metadata">HUTCHINSON, William</name>
              <name role="display">Mr Hutchinson</name>
            </talker>
            <para>asked the AttorneyGeneral, <inline font-style="italic">upon notice -</inline></para>
          </talk.start>
          <quote>
            <para>What arrangement, if any, has been entered into between the Attorney-General and the miners&#39; federation with respect to prosecutions for offences against the National Security (Coal Control) Regulations? </para>
          </quote>
        </answer>
        <question>
          <talk.start>
            <talker>
              <page.no>232</page.no>
              <time.stamp />
              <name.id>DTN</name.id>
              <electorate />
              <party>ALP</party>
              <role />
              <in.gov>1</in.gov>
              <first.speech>0</first.speech>
              <name role="metadata">EVATT, Herbert Vere</name>
              <name role="display">Dr Evatt</name>
            </talker>
            <para>t. - No arrangement has been entered into between the AttorneyGeneral and the miners&#39; federation at any time with respect to prosecutions for contraventions of the National Security (Coal Control) Regulations. As to contraventions of any National Security Regulations committed prior to the 1st November last, an amnesty was granted by the Government as a result of the conference held in October last. Since that time there has been a substantial number of prosecutions for absenteeism. </para>
          </talk.start>
        </question>
        <answer>
          <talk.start>
            <talker>
              <page.no>232</page.no>
              <name.id>K0K</name.id>
              <electorate>GRIFFITH, QUEENSLAND</electorate>
              <party />
              <role />
              <in.gov>0</in.gov>
              <first.speech>0</first.speech>
              <name role="metadata">CONELAN, William</name>
              <name role="display">Mr Conelan</name>
            </talker>
            <para>asked the Minister for War Organization of Industry, <inline font-style="italic">upon notice -</inline></para>
          </talk.start>
          <list type="decimal-dotted">
            <item label="1.">
              <para>Is it a fact that Australian mills are to manufacture 500,000 yards of double weft woollen and worsted cloth for export to New Zealand? </para>
            </item>
            <item label="2.">
              <para>Is it intended that the Australian people shall have double weft cloth made available to them in place of single &#34;weft cloth <inline font-style="italic">1</inline></para>
            </item>
            <item label="3.">
              <para>If not, what are the reasons for the discrimination? </para>
            </item>
          </list>
        </answer>
        <question>
          <talk.start>
            <talker>
              <page.no>232</page.no>
              <time.stamp />
              <name.id>KCF</name.id>
              <electorate>CORIO, VICTORIA</electorate>
              <party>ALP</party>
              <role>Minister in charge of the Council for Scientific and Industrial Research</role>
              <in.gov>1</in.gov>
              <first.speech>0</first.speech>
              <name role="metadata">DEDMAN, John</name>
              <name role="display">Mr Dedman</name>
            </talker>
            <para>n. - I desire to advise the honorable member as follows : - </para>
          </talk.start>
          <list type="decimal-dotted">
            <item label="1.">
              <para>An order for 500,000 yards of textile material was recently accepted from N;ew Zealand but only a portion of this is double weft cloth. </para>
            </item>
            <item label="2.">
              <para>In view of the importance of the matter, production of a double weft cloth will be arranged as soon as the general man-power position permits. </para>
            </item>
            <item label="3.">
              <para>It is not to be regarded as a case of discrimination. The Government considers it advisable to accept that order as a return for the essential goods which we are receiving from New Zealand. &#34; AUSTERITY Suits.&#34; </para>
            </item>
          </list>
        </question>
        <answer>
          <talk.start>
            <talker>
              <page.no>232</page.no>
              <name.id>K0K</name.id>
              <electorate />
              <party />
              <role />
              <in.gov>0</in.gov>
              <first.speech>0</first.speech>
              <name role="metadata">CONELAN, William</name>
              <name role="display">Mr Conelan</name>
            </talker>
            <para>asked the Minister for War Organization of Industry, <inline font-style="italic">upon notice -</inline></para>
          </talk.start>
          <list type="decimal-dotted">
            <item label="1.">
              <para>Will he give favorable consideration to the abolition of the standard suit? </para>
            </item>
            <item label="2.">
              <para>Will he give favorable consideration to the abolition of the imitation cuff bottoms on trousers ? </para>
            </item>
          </list>
        </answer>
        <question>
          <talk.start>
            <talker>
              <page.no>232</page.no>
              <time.stamp />
              <name.id>KCF</name.id>
              <electorate />
              <party>ALP</party>
              <role />
              <in.gov>1</in.gov>
              <first.speech>0</first.speech>
              <name role="metadata">DEDMAN, John</name>
              <name role="display">Mr Dedman</name>
            </talker>
            <para>n. - Under present conditions it is not practicable to provide the labour and other resources that would be required if the present limitations on men&#39;s suits were abolished. </para>
          </talk.start>
          <para>Tasmanian Shipping SERVICE </para>
        </question>
        <answer>
          <talk.start>
            <talker>
              <page.no>232</page.no>
              <name.id>KFW</name.id>
              <electorate>WILMOT, TASMANIA</electorate>
              <party />
              <role />
              <in.gov>0</in.gov>
              <first.speech>0</first.speech>
              <name role="metadata">GUY, James Allan</name>
              <name role="display">Mr Guy</name>
            </talker>
            <para>asked the Prime Minister, <inline font-style="italic">upon notice -</inline></para>
          </talk.start>
          <list type="decimal-dotted">
            <item label="1.">
              <para>Is it a fact that all passenger steamer services in Tasmania will cease this week for some considerable time, and that the only means of travel will be by air? </para>
            </item>
            <item label="2.">
              <para>Is it a fact that the Government pays a handsome subsidy to the shipping company concerned to provide a passenger and mail service ? </para>
            </item>
            <item label="3.">
              <para>Will this subsidy be withdrawn while the shipping company is unable to provide such a service? If so, will the Government transfer the subsidy usually paid to the shipping company to the airways company, who are providing extra services, to enable them to make provision for citizens to travel by air at steamer  fares  during  the  period the shipping company is unable to provide a substitute vessel? </para>
            </item>
          </list>
        </answer>
        <question>
          <talk.start>
            <talker>
              <page.no>233</page.no>
              <time.stamp />
              <name.id>009FQ</name.id>
              <electorate />
              <party>ALP</party>
              <role />
              <in.gov>1</in.gov>
              <first.speech>0</first.speech>
              <name role="metadata">CURTIN, John</name>
              <name role="display">Mr Curtin</name>
            </talker>
            <para>n. - The answers to the honorable member&#39;s questions are as  follows :  - </para>
          </talk.start>
          <list type="decimal-dotted">
            <item label="1.">
              <para>The steamer service between Tasmania and Melbourne will be suspended from 18th February, 1944, for approximately five weeks to enable the steamer concerned to undergo essential repairs. It was intended to utilize another vessel on this run during the period that the regular steamer was undergoing repair but  this  vessel is being used for other essential duties. </para>
            </item>
            <item label="2.">
              <para>The Postmaster-General&#39;s Department pays a subsidy in respect of the mail service. The subsidy amounts to &#163;30,000 per annum and is paid on a trip basis. The basis of paymentis as follows: - Summer time-table, &#163;15,000-130 voyages equal to &#163;115 7s. 8d. per voyage; winter time-table, &#163;15,000 - 96 voyages equal to &#163;156 5s. per voyage. As the steamer concerned is under requisition to the Shipping Control Board the subsidy is paid to the board and not to the owners of the vessel. </para>
            </item>
            <item label="3.">
              <para>The subsidy is paid only when the trips are carried out and will not be payable whilst the service is suspended. The exigencies of war have tosome extent interfered with transport generally and citizens generally are  put  to inconvenience and in many cases extra expense in necessary travelling  from  place to place. To grant a subsidy to Australian National Airways to enable citizens to travel by air to and from Tasmania at steamer rates would invite similar applications from many directions in the other States and would create a precedent which the Government could not resist in considering those applications. In the circumstances it is regretted that a subsidy cannot be granted in this case. </para>
            </item>
          </list>
        </question>
      </subdebate.1>
      <subdebate.1>
        <subdebateinfo>
          <title>Dairying Industry</title>
          <page.no>233</page.no>
        </subdebateinfo>
        <question>
          <talk.start>
            <talker>
              <page.no>233</page.no>
              <time.stamp />
              <name.id>KFW</name.id>
              <electorate />
              <party />
              <role />
              <in.gov>0</in.gov>
              <first.speech>0</first.speech>
              <name role="metadata">GUY, James Allan</name>
              <name role="display">Mr Guy</name>
            </talker>
            <para>y asked the Prime Minister, <inline font-style="italic">upon notice -</inline></para>
          </talk.start>
          <list type="decimal-dotted">
            <item label="1.">
              <para>Is it a fact that rising costs of all requirements  and  labour  for  dairying have  made  it unprofitable to carry on the industry? </para>
            </item>
            <item label="2.">
              <para>Is it a fact that the aim to have more factory butter available for export has brought about prohibition on the sale of cream and restriction on the output of dairy butter, causing farmers to sell their dairy herds and resulting in a reduced number of farm-fattened pigs? </para>
            </item>
            <item label="3.">
              <para>Is it a fact that, for the year ended the 31st March, 1943, dairy cows in Tasmania were reduced by 6,830 and one and two year  old  heifers by 13,023, or nearly 20,000 potential dairy cows? </para>
            </item>
            <item label="4.">
              <para>Is it a fact that, as a result, there is likely to be a very serious shortage of milk in Tasmania, and that unless action is taken to alleviate the position of dairymen by an . immediate provision for a fair return for their labour, serious chaos will result in the industry ? </para>
            </item>
            <item label="5.">
              <para>Did he recently receive a copy of a resolution carried at a public meeting in Hobart emphatically protesting against the unjust treatment being meted out to these dairymen, and requesting him to take necessary action to relieve the position? </para>
            </item>
            <item label="6.">
              <para>What action docs he propose to take to bring about better conditions for this section of the community? </para>
            </item>
          </list>
        </question>
        <answer>
          <talk.start>
            <talker>
              <page.no>233</page.no>
              <name.id>009FQ</name.id>
              <electorate />
              <party>ALP</party>
              <role />
              <in.gov>1</in.gov>
              <first.speech>0</first.speech>
              <name role="metadata">CURTIN, John</name>
              <name role="display">Mr Curtin</name>
            </talker>
            <para>- Theanswers to the honorable member&#39;s questions are as follows :  - </para>
          </talk.start>
          <list type="decimal-dotted">
            <item label="1.">
              <para>The dairying industrysubsidy of &#163;6,500,000 for the  year  April, 1943, to March, 1944, is calculated to build up the return to dairy-farmers to at least1s. 6d. per lb. commercial butter, which figure covers average production costs as estimated by the industry&#39;s own accredited representatives. </para>
            </item>
            <item label="2.">
              <para>The restrictions on the sale of cream, icecream and processed milk and the rationing of butter, were introduced as a means of partly bridging the large gap as between  total  essential demands and prospective production. No restriction has been placed on  farm  butter production, other than the condition imposed by the Rationing Commission to prevent a large potential black market. There is nothing to prevent a registered dairy-farmer from ceasing to manufacture his own butter and forwarding the cream to a butter factory - in fact this is a course that should be encouraged. </para>
            </item>
            <item label="3.">
              <para>According to the Commonwealth Statistician, the figures stated are substantially correct. </para>
            </item>
            <item label="4.">
              <para>It is not expected that there will be a shortage of milk in Tasmania for essential civilian needs. </para>
            </item>
            <item label="5.">
              <para>Without further information as to the  name  of the correspondent it is difficult to trace the receipt of the resolution in question. </para>
            </item>
            <item label="6.">
              <para>A special sub-committee, appointed by the industry&#39;s own organizations, is now revising production costs as the basis for a submission for a renewal of the dairy industry subsidy as from the 1st April, 1944, and this sub-committee is definitely taking all factors into consideration. </para>
            </item>
          </list>
        </answer>
      </subdebate.1>
    </debate>
  </answers.to.questions>
</hansard>
