<?xml version="1.0" encoding="utf-8"?>
<hansard xsi:noNamespaceSchemaLocation="../../hansard.xsd" version="2.1" xmlns:xsi="http://www.w3.org/2001/XMLSchema-instance">
  <session.header>
    <date>1913-11-06</date>
    <parliament.no>5</parliament.no>
    <session.no>1</session.no>
    <period.no>0</period.no>
    <chamber>REPS</chamber>
    <page.no>2936</page.no>
    <proof>0</proof>
  </session.header>
  <chamber.xscript>
    <para>House ofRep resen tat ives. </para>
    <business.start>
      <day.start>1913-11-06</day.start>
      <para>
        <inline font-weight="bold">Mr. Speaker</inline>took the chair at 2.30 p.m., and read prayers. </para>
    </business.start>
    <debate>
      <debateinfo>
        <title>DISTINGUISHED VISITOR</title>
        <page.no>2936</page.no>
        <type>distinguished visitors</type>
      </debateinfo>
      <speech>
        <talk.start>
          <talker>
            <page.no>2936</page.no>
            <time.stamp />
            <name.id>F4S</name.id>
            <electorate>Parramatta</electorate>
            <party>LP</party>
            <role>Prime Minister and Minister of Home Affairs</role>
            <in.gov>1</in.gov>
            <first.speech>0</first.speech>
            <name role="metadata">COOK, Joseph</name>
            <name role="display">Mr JOSEPH COOK</name>
          </talker>
          <para>. -  We have a distinguished visitor within the precincts - the Honorable W. L. Allardyce, C.M.G., the Governor of the Falkland Islands. I ask that the House extend to him the courtesy of a seat on the floor, and move accordingly. </para>
        </talk.start>
      </speech>
      <speech>
        <talk.start>
          <talker>
            <page.no>2936</page.no>
            <time.stamp />
            <name.id>F4N</name.id>
            <electorate>Wide Bay</electorate>
            <party />
            <role />
            <in.gov>0</in.gov>
            <first.speech>0</first.speech>
            <name role="metadata">FISHER, Andrew</name>
            <name role="display">Mr FISHER</name>
          </talker>
          <para>.- I concur in the suggestion of the Prime Minister, and second bis motion. <inline font-weight="bold">Mr. Allardyce</inline> holds an important office, and we shall be glad to receive him. </para>
        </talk.start>
        <para>Question resolved in the affirmative. </para>
      </speech>
    </debate>
    <debate>
      <debateinfo>
        <title>AUDIT BILL</title>
        <page.no>2936</page.no>
        <type>bill</type>
      </debateinfo>
      <para>Bill returned from the Senate with an  amendment. </para>
    </debate>
    <debate>
      <debateinfo>
        <title>POSITION OP MR. SPEAKER</title>
        <page.no>2936</page.no>
        <type>miscellaneous</type>
      </debateinfo>
      <speech>
        <talk.start>
          <talker>
            <page.no>2936</page.no>
            <time.stamp />
            <name.id>K8L</name.id>
            <electorate>Barrier</electorate>
            <party />
            <role />
            <in.gov>0</in.gov>
            <first.speech>0</first.speech>
            <name role="metadata">THOMAS, Josiah</name>
            <name role="display">Mr THOMAS</name>
          </talker>
          <para>.- I give notice that to-morrow I shall move - </para>
        </talk.start>
        <quote>
          <para class="block">That in view of the following words -  &#34;In the circumstances I directed the  Clerk  to carry out the decision of the House, and to read the Bill a third time before I put the motion,&#39; being added by the Honorable the  Speaker  to the <inline font-style="italic">Hansard</inline> report of his statement on the point of order raised by the honorable member for Kennedy, on 30th October <inline font-style="italic">&#91;Hansard,</inline> page 2789), and in view of his voting for the closure of the debate when his right to vote in Committee was being discussed, the  Speaker  has lost- </para>
        </quote>
      </speech>
      <speech>
        <talk.start>
          <talker>
            <page.no>2936</page.no>
            <time.stamp />
            <name.id>10000</name.id>
            <electorate />
            <party />
            <role />
            <in.gov>0</in.gov>
            <first.speech>0</first.speech>
            <name role="metadata">SPEAKER, Mr</name>
            <name role="display">Mr SPEAKER</name>
          </talker>
          <para>- I cannot accept the notice of motion, which is out of order, because it deals with a matter that has already been determined by the House, and also with something that took place in Committee, with which the House has no concern. </para>
        </talk.start>
        <interjection>
          <talk.start>
            <talker>
              <page.no>2936</page.no>
              <time.stamp />
              <name.id>K8L</name.id>
              <electorate />
              <party />
              <role />
              <in.gov>0</in.gov>
              <first.speech>0</first.speech>
              <name role="metadata">THOMAS, Josiah</name>
              <name role="display">Mr Thomas</name>
            </talker>
            <para>-  Do I understand that no member can give notice of a motion affirming that the  Speaker  has lost the confidence of the House ? </para>
          </talk.start>
        </interjection>
        <continue>
          <talk.start>
            <talker>
              <page.no>2936</page.no>
              <time.stamp />
              <name.id>10000</name.id>
              <electorate />
              <party />
              <role />
              <in.gov>0</in.gov>
              <first.speech>0</first.speech>
              <name role="metadata">SPEAKER, Mr</name>
              <name role="display">Mr SPEAKER</name>
            </talker>
            <para>- I rule that the notice of motion which the honorable member was reading is out of order. </para>
          </talk.start>
        </continue>
        <continue>
          <talk.start>
            <talker>
              <page.no>2936</page.no>
              <time.stamp />
              <name.id>K8L</name.id>
              <electorate />
              <party />
              <role />
              <in.gov>0</in.gov>
              <first.speech>0</first.speech>
              <name role="metadata">THOMAS, Josiah</name>
              <name role="display">Mr THOMAS</name>
            </talker>
            <para>- Then I give notice that to-morrow I shall move that <inline font-weight="bold">Mr. Speaker</inline> has lost the esteem, the respect, and the confidence of this House. </para>
          </talk.start>
        </continue>
        <interjection>
          <talk.start>
            <talker>
              <page.no>2937</page.no>
              <time.stamp />
              <name.id>F4S</name.id>
              <electorate />
              <party />
              <role />
              <in.gov>0</in.gov>
              <first.speech>0</first.speech>
              <name role="metadata">COOK, Joseph</name>
              <name role="display">Mr Joseph Cook</name>
            </talker>
            <para>-  I submit, <inline font-weight="bold">Mr. Speaker,</inline> that you ought to repudiate the terms of the motion of which notice has been given, as they are an insult to you. If the honorable member for Barrier wishes to challenge the actions of the  Speaker,  he should do so in respectful language. I submit that the terms of his notice of motion are insulting. </para>
          </talk.start>
        </interjection>
        <continue>
          <talk.start>
            <talker>
              <page.no>2937</page.no>
              <time.stamp />
              <name.id>10000</name.id>
              <electorate />
              <party />
              <role />
              <in.gov>0</in.gov>
              <first.speech>0</first.speech>
              <name role="metadata">SPEAKER, Mr</name>
              <name role="display">Mr SPEAKER</name>
            </talker>
            <para>- I have not seen the notice of motion in writing, and do not know what its terms will be. The honorable member has only indicated what he intends to do. I know nothing beyond that. </para>
          </talk.start>
        </continue>
      </speech>
    </debate>
    <debate>
      <debateinfo>
        <title>NO-CONFIDENCE MOTION</title>
        <page.no>2937</page.no>
        <type>miscellaneous</type>
      </debateinfo>
      <speech>
        <talk.start>
          <talker>
            <page.no>2937</page.no>
            <time.stamp />
            <name.id>F4N</name.id>
            <electorate>Wide Bay</electorate>
            <party />
            <role />
            <in.gov>0</in.gov>
            <first.speech>0</first.speech>
            <name role="metadata">FISHER, Andrew</name>
            <name role="display">Mr FISHER</name>
          </talker>
          <para>.- I give notice that to-morrow I shall move - </para>
        </talk.start>
        <quote>
          <para>That the Government does not possess the confidence of this House. </para>
        </quote>
        <interjection>
          <talk.start>
            <talker>
              <page.no>2937</page.no>
              <time.stamp />
              <name.id>F4S</name.id>
              <electorate />
              <party />
              <role />
              <in.gov>0</in.gov>
              <first.speech>0</first.speech>
              <name role="metadata">COOK, Joseph</name>
              <name role="display">Mr Joseph Cook</name>
            </talker>
            <para>-  This is the third motion of censure this session. </para>
          </talk.start>
        </interjection>
        <interjection>
          <talk.start>
            <talker>
              <page.no>2937</page.no>
              <time.stamp />
              <name.id>KYV</name.id>
              <electorate />
              <party />
              <role />
              <in.gov>0</in.gov>
              <first.speech>0</first.speech>
              <name role="metadata">RILEY, Edward</name>
              <name role="display">Mr Riley</name>
            </talker>
            <para>-  No, the second. </para>
          </talk.start>
        </interjection>
        <interjection>
          <talk.start>
            <talker>
              <page.no>2937</page.no>
              <time.stamp />
              <name.id>F4S</name.id>
              <electorate />
              <party />
              <role />
              <in.gov>0</in.gov>
              <first.speech>0</first.speech>
              <name role="metadata">COOK, Joseph</name>
              <name role="display">Mr Joseph Cook</name>
            </talker>
            <para>-  My impression is that it is the third. I ask my right honorable friend, purely and simply in the interests of public business, whether there in any prospect of an understanding being arrived at as to the length of time which the discussion of the motion will take? </para>
          </talk.start>
        </interjection>
        <interjection>
          <talk.start>
            <talker>
              <page.no>2937</page.no>
              <time.stamp />
              <name.id>F4N</name.id>
              <electorate />
              <party />
              <role />
              <in.gov>0</in.gov>
              <first.speech>0</first.speech>
              <name role="metadata">FISHER, Andrew</name>
              <name role="display">Mr Fisher</name>
            </talker>
            <para>-  It will be very reasonable. </para>
          </talk.start>
        </interjection>
        <interjection>
          <talk.start>
            <talker>
              <page.no>2937</page.no>
              <time.stamp />
              <name.id>F4S</name.id>
              <electorate />
              <party />
              <role />
              <in.gov>0</in.gov>
              <first.speech>0</first.speech>
              <name role="metadata">COOK, Joseph</name>
              <name role="display">Mr Joseph Cook</name>
            </talker>
            <para>-  What does the right honorable member mean by &#34;reasonable.&#34; Will it finish this week? </para>
          </talk.start>
        </interjection>
        <interjection>
          <talk.start>
            <talker>
              <page.no>2937</page.no>
              <time.stamp />
              <name.id>KXK</name.id>
              <electorate />
              <party />
              <role />
              <in.gov>0</in.gov>
              <first.speech>0</first.speech>
              <name role="metadata">WEBSTER, William</name>
              <name role="display">Mr Webster</name>
            </talker>
            <para>-  Does the Prime Minister want to dictate everything? </para>
          </talk.start>
        </interjection>
        <interjection>
          <talk.start>
            <talker>
              <page.no>2937</page.no>
              <time.stamp />
              <name.id>F4S</name.id>
              <electorate />
              <party />
              <role />
              <in.gov>0</in.gov>
              <first.speech>0</first.speech>
              <name role="metadata">COOK, Joseph</name>
              <name role="display">Mr Joseph Cook</name>
            </talker>
            <para>-  I am talking to the honorable member&#39;s leader now, if he does not mind! Is there any possibility of finishing the debate this week! </para>
          </talk.start>
        </interjection>
        <interjection>
          <talk.start>
            <talker>
              <page.no>2937</page.no>
              <time.stamp />
              <name.id>F4N</name.id>
              <electorate />
              <party />
              <role />
              <in.gov>0</in.gov>
              <first.speech>0</first.speech>
              <name role="metadata">FISHER, Andrew</name>
              <name role="display">Mr Fisher</name>
            </talker>
            <para>-  The honorable member means to-morrow? I think not. </para>
          </talk.start>
        </interjection>
        <interjection>
          <talk.start>
            <talker>
              <page.no>2937</page.no>
              <time.stamp />
              <name.id>F4S</name.id>
              <electorate />
              <party />
              <role />
              <in.gov>0</in.gov>
              <first.speech>0</first.speech>
              <name role="metadata">COOK, Joseph</name>
              <name role="display">Mr Joseph Cook</name>
            </talker>
            <para>-Then early next week! </para>
          </talk.start>
        </interjection>
        <interjection>
          <talk.start>
            <talker>
              <page.no>2937</page.no>
              <time.stamp />
              <name.id>F4N</name.id>
              <electorate />
              <party />
              <role />
              <in.gov>0</in.gov>
              <first.speech>0</first.speech>
              <name role="metadata">FISHER, Andrew</name>
              <name role="display">Mr Fisher</name>
            </talker>
            <para>-  Yes. </para>
          </talk.start>
        </interjection>
        <interjection>
          <talk.start>
            <talker>
              <page.no>2937</page.no>
              <time.stamp />
              <name.id>K8L</name.id>
              <electorate />
              <party />
              <role />
              <in.gov>0</in.gov>
              <first.speech>0</first.speech>
              <name role="metadata">THOMAS, Josiah</name>
              <name role="display">Mr Thomas</name>
            </talker>
            <para>-  I would not make any promise at all. </para>
          </talk.start>
        </interjection>
        <interjection>
          <talk.start>
            <talker>
              <page.no>2937</page.no>
              <time.stamp />
              <name.id>F4S</name.id>
              <electorate />
              <party />
              <role />
              <in.gov>0</in.gov>
              <first.speech>0</first.speech>
              <name role="metadata">COOK, Joseph</name>
              <name role="display">Mr Joseph Cook</name>
            </talker>
            <para>-  I shall be glad if the right honorable member will consult his colleagues, who seem - to put it vulgarly - to be &#34;running this show.&#34; </para>
          </talk.start>
        </interjection>
        <interjection>
          <talk.start>
            <talker>
              <page.no>2937</page.no>
              <time.stamp />
              <name.id>KQP</name.id>
              <electorate />
              <party />
              <role />
              <in.gov>0</in.gov>
              <first.speech>0</first.speech>
              <name role="metadata">MCDONALD, Charles</name>
              <name role="display">Mr McDonald</name>
            </talker>
            <para>-  The Attorney-General is running the Prime Minister. </para>
          </talk.start>
        </interjection>
      </speech>
    </debate>
    <debate>
      <debateinfo>
        <title>ADJOURNMENT</title>
        <page.no>2937</page.no>
        <type>adjournment</type>
      </debateinfo>
      <speech>
        <talk.start>
          <talker>
            <page.no>2937</page.no>
            <time.stamp />
            <name.id>F4S</name.id>
            <electorate>Parramatta</electorate>
            <party>LP</party>
            <role>Prime Minister and Minister of Home Affairs</role>
            <in.gov>1</in.gov>
            <first.speech>0</first.speech>
            <name role="metadata">COOK, Joseph</name>
            <name role="display">Mr JOSEPH COOK</name>
          </talker>
          <para>. -  I move - </para>
        </talk.start>
        <quote>
          <para>That the House do now adjourn. </para>
        </quote>
        <interjection>
          <talk.start>
            <talker>
              <page.no>2937</page.no>
              <time.stamp />
              <name.id>F4N</name.id>
              <electorate />
              <party />
              <role />
              <in.gov>0</in.gov>
              <first.speech>0</first.speech>
              <name role="metadata">FISHER, Andrew</name>
              <name role="display">Mr Fisher</name>
            </talker>
            <para>- <inline font-weight="bold">Mr. Speaker</inline></para>
          </talk.start>
        </interjection>
      </speech>
      <speech>
        <talk.start>
          <talker>
            <page.no>2937</page.no>
            <time.stamp />
            <name.id>10000</name.id>
            <electorate />
            <party />
            <role />
            <in.gov>0</in.gov>
            <first.speech>0</first.speech>
            <name role="metadata">SPEAKER, Mr</name>
            <name role="display">Mr SPEAKER</name>
          </talker>
          <para>- I have not yet stated the question. </para>
        </talk.start>
        <interjection>
          <talk.start>
            <talker>
              <page.no>2937</page.no>
              <time.stamp />
              <name.id>F4N</name.id>
              <electorate />
              <party />
              <role />
              <in.gov>0</in.gov>
              <first.speech>0</first.speech>
              <name role="metadata">FISHER, Andrew</name>
              <name role="display">Mr Fisher</name>
            </talker>
            <para>-  You, <inline font-weight="bold">Mr. Speaker,</inline> allowed the Prime Minister to interrogate me without the leave of the House, in impertinent and even in vulgar terms, and I desire to make a personal explanation. </para>
          </talk.start>
        </interjection>
        <interjection>
          <talk.start>
            <talker>
              <page.no>2937</page.no>
              <time.stamp />
              <name.id>F4S</name.id>
              <electorate />
              <party />
              <role />
              <in.gov>0</in.gov>
              <first.speech>0</first.speech>
              <name role="metadata">COOK, Joseph</name>
              <name role="display">Mr Joseph Cook</name>
            </talker>
            <para>-  I rise to a point of order. I require the right honorable member to withdraw his insulting observation that I was vulgar and insulting.. I was nothing of the kind. I am conscious only of having addressed a reasonable inquiry to him. Certainly I had no intention of insulting him, or of being vulgar. </para>
          </talk.start>
        </interjection>
        <interjection>
          <talk.start>
            <talker>
              <page.no>2937</page.no>
              <time.stamp />
              <name.id>F4N</name.id>
              <electorate />
              <party />
              <role />
              <in.gov>0</in.gov>
              <first.speech>0</first.speech>
              <name role="metadata">FISHER, Andrew</name>
              <name role="display">Mr Fisher</name>
            </talker>
            <para>-  After the explanation of the Prime Minister, I withdraw what I said. He certainly interrogated me again and again after I had given him an answer. </para>
          </talk.start>
        </interjection>
        <interjection>
          <talk.start>
            <talker>
              <page.no>2937</page.no>
              <time.stamp />
              <name.id>JUV</name.id>
              <electorate />
              <party />
              <role />
              <in.gov>0</in.gov>
              <first.speech>0</first.speech>
              <name role="metadata">MCWILLIAMS, William</name>
              <name role="display">Mr McWilliams</name>
            </talker>
            <para>-  Why not suspend the Standing Orders, and go on now ? </para>
          </talk.start>
        </interjection>
        <continue>
          <talk.start>
            <talker>
              <page.no>2937</page.no>
              <time.stamp />
              <name.id>10000</name.id>
              <electorate />
              <party />
              <role />
              <in.gov>0</in.gov>
              <first.speech>0</first.speech>
              <name role="metadata">SPEAKER, Mr</name>
              <name role="display">Mr SPEAKER</name>
            </talker>
            <para>- The question is thai the House do now adjourn. The honorable member for Wide Bay- </para>
          </talk.start>
        </continue>
        <interjection>
          <talk.start>
            <talker>
              <page.no>2937</page.no>
              <time.stamp />
              <name.id>F4N</name.id>
              <electorate />
              <party />
              <role />
              <in.gov>0</in.gov>
              <first.speech>0</first.speech>
              <name role="metadata">FISHER, Andrew</name>
              <name role="display">Mr Fisher</name>
            </talker>
            <para>-  I have nothing to add.. I only wished to protest against the. manner and language of the Prime Minister. </para>
          </talk.start>
        </interjection>
        <para>Question resolved in the affirmative. </para>
      </speech>
    </debate>
    <adjournment>
      <adjournmentinfo>
        <page.no>2937</page.no>
        <time.stamp>14:40:00</time.stamp>
      </adjournmentinfo>
      <para>House adjourned at 2.40 p.m. </para>
    </adjournment>
  </chamber.xscript>
</hansard>