<?xml version="1.0" encoding="utf-8"?>
<hansard xsi:noNamespaceSchemaLocation="../../hansard.xsd" version="2.1" xmlns:xsi="http://www.w3.org/2001/XMLSchema-instance">
  <session.header>
    <date>1913-11-25</date>
    <parliament.no>5</parliament.no>
    <session.no>1</session.no>
    <period.no>0</period.no>
    <chamber>REPS</chamber>
    <page.no>3436</page.no>
    <proof>0</proof>
  </session.header>
  <chamber.xscript>
    <para>House ofRepresentatives. </para>
    <business.start>
      <day.start>1913-11-25</day.start>
      <para>
        <inline font-weight="bold">Mr. Speaker</inline>took the chair at3 p.m., and read prayers. </para>
    </business.start>
    <debate>
      <debateinfo>
        <title>DEATH OF THE HONORABLE C.E.  FRAZER</title>
        <page.no>3436</page.no>
        <type>miscellaneous</type>
      </debateinfo>
      <speech>
        <talk.start>
          <talker>
            <page.no>3436</page.no>
            <time.stamp />
            <name.id>F4S</name.id>
            <electorate>ParramattaPrime Minister and Minister of Home Affairs</electorate>
            <party>LP</party>
            <role>Minister for Home Affairs</role>
            <in.gov>1</in.gov>
            <first.speech>0</first.speech>
            <name role="metadata">COOK, Joseph</name>
            <name role="display">Mr JOSEPH COOK</name>
          </talker>
          <para>. - Feelings of common humanity prompt us to a surcease in our parliamentary strife to enable us to lay a tribute of respect and esteem on the grave of a&#39; late comrade. I received this morning the news of the death of the honorable member for Kalgoorlie. The event was entirely unexpected. Only a day or two ago I was talking with <inline font-weight="bold">Mr. Frazer</inline> regarding a visit to the Mother Country which he contemplated. He wondered whether he could get away, and I told him. not to worry, offering him a pair during his absence. Therefore, this morning, the news of his untimely decease came to me as a tremendous shock. The Grim Reaper appears to take no account of the promise of life, nor of other circumstances, and one stands dumb in the presence of these mysterious visitations. <inline font-weight="bold">Mr. Frazer&#34;</inline> and I were always, I am glad to say, on terms of the utmost friendship. No matter how fierce the political fight might rage in this House, it never disturbed, even for a moment, the private friendship between us, and to-day I make willing mention of the many abilities for Parliamentary service which he possessed I have often said that there was scarcely an abler Parliamentarian in the House. He was in every way a worthy foeman, and while he hit hard he hit always above the belt. In my judgment, he was a most valuable public man. The loss to my friends on the other side will&#39; be great, as is the loss to the whole Parliament, but they will feel it especially, because their late comrade had peculiar qualities of the greatest value in ordinary party warfare. We cannot forget the distinguished public service that he rendered to the State when filling the office of Postmaster-General. Altogether his life was a very full one. Preferment and distinction came to him at an early age, but they were none the less worthily won by his qualities of heart and mind. and his concentration of effort on whatever he took in hand. I feel that a most valuable career has been lost to us. Although we do not see all the plan of life, I have no doubt that a kind Providence orders these things for some wise end, and when they occur we can only bow in submission. Our feelings to-day are those of intense sorrow. Personally, I confess to feeling deprived of a comrade who, although opposed to&#39; me politically, always behaved towards me as a nian and a gentleman. I- am sure that that feeling is shared by the House. I therefore move, if I may be permitted to do so without notice - </para>
        </talk.start>
        <quote>
          <para>Thai this House places upon record its high appreciation of the great public services of the late member for Kalgoorlie, the Honorable C. E. Frazer, and tenders ils sincere sympathy to the bereaved widow of an eminent citizen, whose untimely decease is a great loss to the Commonwealth. </para>
        </quote>
        <para class="block">I would only add one word more - a word of sympathy and kindly feeling to his widow in her time of trial. She was, I know, devoted to the interests of her husband to the fullest possible extent. Living, as I did, in the same hotel -with them, I had often opportunities of witnessing her devotion and care, and her efforts to make her husband&#39;s life useful and happy. Our hearts go out to her in sorrow for the loss that has fallen on her and upon us. </para>
      </speech>
      <speech>
        <talk.start>
          <talker>
            <page.no>3437</page.no>
            <time.stamp />
            <name.id>10000</name.id>
            <electorate />
            <party />
            <role />
            <in.gov>0</in.gov>
            <first.speech>0</first.speech>
            <name role="metadata">SPEAKER, Mr</name>
            <name role="display">Mr SPEAKER</name>
          </talker>
          <para>- T take it that it is the desire of the House, in the sad circumstances of the present occasion, that our ordinary procedure  shall  be departed from, and the Prime Minister allowed to move his motion without having given notice of it. </para>
        </talk.start>
        <para>Honorable Members.  -  Hear, heart </para>
      </speech>
      <speech>
        <talk.start>
          <talker>
            <page.no>3437</page.no>
            <time.stamp />
            <name.id>F4N</name.id>
            <electorate>Wide Bay</electorate>
            <party />
            <role />
            <in.gov>0</in.gov>
            <first.speech>0</first.speech>
            <name role="metadata">FISHER, Andrew</name>
            <name role="display">Mr FISHER</name>
          </talker>
          <para>.- I second the motion which has been moved, and so aporopriate.lv supported bv the Prime Minister, lt was my privilege to be connected with the late member for Kalgoorlie even more intimately than was the Prime Minister, and I indorse all that he has said concerning <inline font-weight="bold">Mr. Frazer&#39;s</inline> merits and high qualities. </para>
        </talk.start>
        <para>I saw him yesterday, on what was to be his death-bed, and this morning arrived only just too late to be with him in his last hour, when, in my opinion, a life of great promise to the public of Australia ebbed away. <inline font-weight="bold">Mr. Frazer</inline> was a singularly able young man, and showed his merits from the earliest days. He left his home in Victoria at the age of fifteen years to go to the gold-fields of Western Australia. At that time, Kalgoorlie was attracting multitudes of the most capable men, and it is a great tribute to <inline font-weight="bold">Mr. Frazer&#39;s</inline> merits that, at the age of twenty-three, he won a  Beat  in this National Parliament in competition with the able men who in his constituency had - similar aspirations. As the Prime Minister has said, he assiduously attended to his public duties, advancing his political views with a vigour, energy, and capacity that won the respect even of those who did not agree with them. That is just as it should be. He not only made a name for himself in the House and the country, but did great service to the Commonwealth. Of his finer qualities, those who were not so nearly associated with him as I was can know hut little. He never, apart &#39;from his speeches in Parliament, spoke an ill word, and never harboured an ill thought, of an opponent. Of such he spoke kindly in private. I have known him to defend them in private when he thought that to be necessary ; and in that way he showed himself a man whom we, whatever our political views, can all honour. </para>
        <para>In Ministerial office, I know, <inline font-weight="bold">Mr. Frazer</inline> worked hard. I fear that the arduous and onerous duties that fall upon Postmasters-General rather undermined his health, even at his time of life. But he attended to his duties as a Minister, as he did to his duties as a member, wiLh the same energy and capacity that we would expect from one who devoted himself to his country&#39;s services. </para>
        <para>I join with the Prime Minister in conveying our sympathy to her upon whom the blow must fall as it can fall upon no other person. She has lost a partner in life; we have lost a member in this House. The place here will be filled, and no doubt filled by a capable representative of the people; but the place of the husband - a devoted husband, in my opinion - cannot be filled; and . I am sure that the feelings of each and every one .of us go out to <inline font-weight="bold">Mrs. Frazer</inline> in her sudden and sad bereavement. It will be our privilege to follow the remains of the late Charles E. Frazer from this place to-morrow, and I am glad that the Government are kindly co-operating in allowing that honour and respect to be paid to his memory. I feel that, when we pay that lasE tribute, we shall do honour to one who served his country faithfully during the time he had the opportunity to represent the people. May we all during our parliamentary career do likewise, acting vigorously and earnestly, but always recognising that those to whom we are opposed hold as sacredly and as sincerely their political views as we hold ours-. I beg to second and support the motion- so appropriately proposed by the Prime Minister. </para>
        <para>Question resolved in the affirmative, honorable members standing in their places. </para>
        <para>Motion (by <inline font-weight="bold">Mr. Joseph</inline> Cook) agreed to- </para>
        <para>That <inline font-weight="bold">Mr. Speaker</inline> . be requested to transmit the foregoing resolution, and a copy of the addresses delivered thereon, to <inline font-weight="bold">Mrs. Frazer.</inline></para>
      </speech>
    </debate>
    <debate>
      <debateinfo>
        <title>ADJOURNMENT</title>
        <page.no>3438</page.no>
        <type>adjournment</type>
      </debateinfo>
      <para>
        <inline font-weight="bold">Mr. JOSEPH</inline>COOK (Parramatta- </para>
      <para>Prime Minister and Minister of Home Affairs) &#91;3.13&#93;. - I move - </para>
      <para>That the House do now adjourn. </para>
      <para>As . regards the funeral arrangements, I understand that the . remains of <inline font-weight="bold">Mr. Frazer</inline> will be removed from this House at eleven o&#39;clock to-morrow, and that full provision will be made for the accommodation of honorable members. </para>
      <para>Question resolved in the affirmative. </para>
    </debate>
    <adjournment>
      <adjournmentinfo>
        <page.no>3438</page.no>
        <time.stamp>15:15:00</time.stamp>
      </adjournmentinfo>
      <para>House adjourned at 3.15 p.m. </para>
    </adjournment>
  </chamber.xscript>
</hansard>