<?xml version="1.0" encoding="utf-8"?>
<hansard xsi:noNamespaceSchemaLocation="../../hansard.xsd" version="2.1" xmlns:xsi="http://www.w3.org/2001/XMLSchema-instance">
  <session.header>
    <date>1926-05-19</date>
    <parliament.no>10</parliament.no>
    <session.no>1</session.no>
    <period.no>1</period.no>
    <chamber>SENATE</chamber>
    <page.no>2099</page.no>
    <proof>0</proof>
  </session.header>
  <chamber.xscript>
    <para class="block">Senate. </para>
    <business.start>
      <day.start>1926-05-19</day.start>
      <para>The <inline font-weight="bold">President (Senator the Hon. T. Givens)</inline> took the chair  at 3  p.m., and read prayers. </para>
    </business.start>
    <debate>
      <debateinfo>
        <title>PAPERS</title>
        <page.no>2099</page.no>
        <type>papers</type>
      </debateinfo>
      <para>The  following papers were presented :  - </para>
      <para>Norfolk Island - Report  for  the year ended 30th June,1925. </para>
      <para>Ordered  to be  printed. </para>
      <para>Air Force Act and Defence Act - Regulations amended - Statutory Rules 1926, No. 49. </para>
      <para>Arbitration (Public Service) Act - Determinations by the Arbitrator, &#38;c. - </para>
      <para>No. 1 of 1926 - Arms, Explosives, and Munition Workers Federation of Australia; Amalgamated Engineering Union; and Australasian Society of Engineers. </para>
      <para>No. 2 of 1026 - Australasian Society of Engineers. </para>
      <para>No. 3 of 1026 - Arms. Explosives, and Munition Workers Federation of Australia ; Amalgamated Engineering Union; and Australasian Society of Engineers. </para>
      <para>No. 4 of 1926 - Arms, Explosives, and Munition Workers Federation of Australia. </para>
      <para>No. 5 of 1926 - Arms, Explosives, and Munition Workers Federation of Australia. </para>
      <para>No. 6 of 1926 - Arms, Explosives, and Munition Workers Federation of Australia. </para>
      <para>No. 7 of 1928 - Arms, Explosives, and Munition Workers Federation of Australia; Amalgamated Engineering Union; and Australasian Society of Engineers. </para>
      <para>Audit Act - Transfers of Amounts approved by the Governor-General in Council - Financial Year 1925-26 - Dated 28th April, 1926. </para>
      <para>Commerce (Trade Descriptions) Act - Regulations amended - Statutory Rules 1926, No. 29. </para>
      <para>Commonwealth Bank Act - Aggregate Balance-sheet of Commonwealth Bank of Australia at 31st December, 1925, together with a Statement of Liabilities and Assets of the Note Ibsus Department; and AuditorGeneral&#39;s Reports thereon. </para>
      <para>Commonwealth Bank Act - Regulations amended - Statutory Rules 1928, Nos. 25 and 30. </para>
      <para class="block">Customs Act and Commerce (Trade descriptions) Act - Regulations - Statutory Rules 1926. No. 22. </para>
      <para class="block">Defence Act - Regulations amended. - Statutory Rules 1926, Nos. 37, 48, 54. </para>
      <para class="block">Dried Fruits Advances Act - Return showing the amount of Advances paid in each State in respect of Dried Currants, Dried Sultanas, and Dried Loxias. </para>
      <para class="block">Elections, 1925- </para>
      <para>Statistical Returns showing the Voting within each Subdivision in relation to the Senate Elections, 1925, and the General Elections for the House of Representatives, 1925, viz.: - New South Wales, Victoria, Queensland, South Australia, Western Australia, Tasmania. </para>
      <para>Elections and Referendums. - Statistical Returns in relation to the Senate Elections, 1925, and the General Elections for the House of Representatives, 1925; together with Summaries of Elections and Referendums, 1903-1926. </para>
      <para>Excise Act - Regulations amended - Statutory Rules 1926, No. 27. </para>
      <para>Invalid and Old-age Pensions Act - Regulations amended- Statutory Rules 1926, No. 47. </para>
      <para>Lands Acquisition Act - Land acquired for Postal purposes at Morrisset, New South Wales. </para>
      <para>Naval Defence Act - Regulations amended - Statutory Rules 1926, Nos. 50, 51. </para>
      <para>New Guinea - Ordinances of 1926- </para>
      <para>No. 7 - Native Labour. </para>
      <para>No. 8 - Business Tax Repeal. </para>
      <para>No. 9- Timber </para>
      <para>No. 10 - Commonwealth Bank. </para>
      <para>Norfolk Island - Ordinances of 1926 - </para>
      <para>No. 3- Public &#34;f rust Funds Control. </para>
      <para>No. 4 - Companies. </para>
      <para>Papua- </para>
      <para>Ordinance No. 17 of 1925- Mineral Oil and Coal. </para>
      <para>Ordinances of 1926 - </para>
      <para>No. 1 - Probate and Administration. </para>
      <para>No. 2- White Women&#39;s Protection. </para>
      <para>Papuan Oilfields - Reports of the Commonwealth Representative for the period December, 1925, to March, 1026. </para>
      <para>Petroleum Prospecting Act - RegulationsStatutory Rules 1926, No. . 45. </para>
      <para>Post and Telegraph Act - Regulations amended- Statutory Rules 1926, Nos. 6, 7, 35. </para>
      <para>Precious Metals Prospecting Act - Regulations Statutory Rules 1926, No. 52. </para>
      <para>Public Service Act - </para>
      <para>Appointments - </para>
      <para>Department of Health - A. G. Gutteridge. </para>
      <para>Department of Works and Railways - H. J. Bonwick, A. A.&#39; Jackson. St. L. H. Jamispn. </para>
      <para>Regulations amended - Statutory Rules 1926, Nos. 81, 32, 33, 34, 38, 39, 40, 41. 42, 43, 44. </para>
      <para>Quarantine Act - Regulations amended - Statutory Rules 1926, No. 57. </para>
      <para>Tasmania- Report, by <inline font-weight="bold">Sir Nicholas</inline> Lockyer, C.B.E., I.S.O., on the Financial Position of Tasmania as affected by Federation. &#39; </para>
      <para>Territory for the Seat of Government - </para>
      <para>Ordinances of 1926 - </para>
      <para>No. 2 - Fire Precautions. </para>
      <para>No. 3 - Careless Use of Fire. </para>
      <para>Treaty of Peace (Germany) Act- Regulations amended - Statutory Rules 1926, Nos. 36, 59. </para>
      <para>War Service Homes Act - Land acquired in New South Wales at - Concord, Keiravillc. </para>
      <para>Workmen&#39;s Compensation Act - Regulations amended- Statutory Rules 1926, No. 46. </para>
    </debate>
    <debate>
      <debateinfo>
        <title>QUESTION</title>
        <page.no>2100</page.no>
        <type>Questions</type>
      </debateinfo>
      <subdebate.1>
        <subdebateinfo>
          <title>COMMONWEALTH ROADS GRANT</title>
          <page.no>2100</page.no>
        </subdebateinfo>
        <speech>
          <talk.start>
            <talker>
              <page.no>2100</page.no>
              <time.stamp />
              <name.id>JXJ</name.id>
              <electorate>WESTERN AUSTRALIA</electorate>
              <party />
              <role />
              <in.gov>0</in.gov>
              <first.speech>0</first.speech>
              <name role="metadata">NEEDHAM, Edward</name>
              <name role="display">Senator NEEDHAM</name>
            </talker>
            <para>- In view of the fact that four States have signed the roads loan agreement with the Commonwealth, is it the intention of the Government to immediately advance money to those States on the basis of the new proposals, in order that they may preserve the. continuity of their road policy? </para>
          </talk.start>
          <interjection>
            <talk.start>
              <talker>
                <page.no>2101</page.no>
                <time.stamp />
                <name.id>KBJ</name.id>
                <electorate />
                <party />
                <role />
                <in.gov>0</in.gov>
                <first.speech>0</first.speech>
                <name role="metadata">WILSON, Reginald</name>
                <name role="display">Senator Sir VICTOR WILSON</name>
              </talker>
              <para>- The honorable senator notified me that he intended to ask this question, and the Minister for Works and Railways has supplied the following answer: - In the event of Federal legislation not having been passed before the 30th June next, so that the State Governments who have accepted the Federal scheme will be in a position to maintain the continuity of present employment now engaged on the construction and reconstruction of roads proposals for which they have had the approval of the Minister for Works and Railways, the Government has decided to grant to those States a monthly advance equal to onetwelfth of the previous year&#39;s road grant. The Premiers of the States have already been so advised. </para>
            </talk.start>
          </interjection>
          <interjection>
            <talk.start>
              <talker>
                <page.no>2101</page.no>
                <time.stamp />
                <name.id>JXJ</name.id>
                <electorate />
                <party />
                <role />
                <in.gov>0</in.gov>
                <first.speech>0</first.speech>
                <name role="metadata">NEEDHAM, Edward</name>
                <name role="display">Senator Needham</name>
              </talker>
              <para>-  Is the grant to be paid on the basis of the new proposals ? </para>
            </talk.start>
          </interjection>
          <interjection>
            <talk.start>
              <talker>
                <page.no>2101</page.no>
                <time.stamp />
                <name.id>KBJ</name.id>
                <electorate>SOUTH AUSTRALIA</electorate>
                <party>NAT</party>
                <role />
                <in.gov>0</in.gov>
                <first.speech>0</first.speech>
                <name role="metadata">WILSON, Reginald</name>
                <name role="display">Senator Sir VICTOR WILSON</name>
              </talker>
              <para>- Nothing has yet been definitely decided in that regard, and the Minister&#39;s intention, which I have just outlined, is to get over the difficulty until the new scheme is finalized. </para>
            </talk.start>
          </interjection>
        </speech>
      </subdebate.1>
    </debate>
    <debate>
      <debateinfo>
        <title>QUESTION</title>
        <page.no>2101</page.no>
        <type>Questions</type>
      </debateinfo>
      <subdebate.1>
        <subdebateinfo>
          <title>OODNADATTA TO ALICE SPRINGS RAILWAY</title>
          <page.no>2101</page.no>
        </subdebateinfo>
        <interjection>
          <talk.start>
            <talker>
              <page.no>2101</page.no>
              <time.stamp />
              <name.id>K1P</name.id>
              <electorate>SOUTH AUSTRALIA</electorate>
              <party>NAT</party>
              <role />
              <in.gov>0</in.gov>
              <first.speech>0</first.speech>
              <name role="metadata">BARWELL, Henry</name>
              <name role="display">Senator Sir HENRY BARWELL</name>
            </talker>
            <para>- When are tenders likely to be called for the construction of the Oodnadatta to Alice Springs Railway? </para>
          </talk.start>
        </interjection>
        <interjection>
          <talk.start>
            <talker>
              <page.no>2101</page.no>
              <time.stamp />
              <name.id>KBJ</name.id>
              <electorate />
              <party />
              <role />
              <in.gov>0</in.gov>
              <first.speech>0</first.speech>
              <name role="metadata">WILSON, Reginald</name>
              <name role="display">Senator Sir VICTOR WILSON</name>
            </talker>
            <para>- The survey and other preliminary matters are now in hand, but if the honorable senator will give notice of his question I shall ask the Minister for Works and Railways if he can give the date when tenders will be called. </para>
          </talk.start>
        </interjection>
      </subdebate.1>
    </debate>
    <debate>
      <debateinfo>
        <title>PUBLIC WORKS COMMITTEE</title>
        <page.no>2101</page.no>
        <type>miscellaneous</type>
      </debateinfo>
      <subdebate.1>
        <subdebateinfo>
          <title>Port Augusta to Red Hill Railway</title>
          <page.no>2101</page.no>
        </subdebateinfo>
        <para>
          <inline font-weight="bold">Senator REIDbrought</inline>up the report of the Parliamentary Standing Committee on Public Works, together with minutes of evidence relating to the proposed extension of the trans-Australian railway from Port Augusta to Red Hill, South Australia, and the laying of a third rail to provide a railway of 4-ft. 8&#189;-in. gauge on the South Australian 5-ft. 3-in. gauge railway from Red Hill to the central railway station, Adelaide. </para>
      </subdebate.1>
    </debate>
    <debate>
      <debateinfo>
        <title>QUESTION</title>
        <page.no>2101</page.no>
        <type>Questions</type>
      </debateinfo>
      <subdebate.1>
        <subdebateinfo>
          <title>FINANCIAL POSITION OF TASMANIA</title>
          <page.no>2101</page.no>
        </subdebateinfo>
        <speech>
          <talk.start>
            <talker>
              <page.no>2101</page.no>
              <time.stamp />
              <name.id>KMP</name.id>
              <electorate>NEW SOUTH WALES</electorate>
              <party />
              <role />
              <in.gov>0</in.gov>
              <first.speech>0</first.speech>
              <name role="metadata">GRANT, John</name>
              <name role="display">Senator GRANT</name>
            </talker>
            <para>- Can the Minister representing the Treasurer tell the Senate how many years will elapse before Tasmania will be in a position to stand on its own financial resources? </para>
          </talk.start>
          <para class="block">Question not answered. </para>
        </speech>
      </subdebate.1>
    </debate>
    <debate>
      <debateinfo>
        <title>WINE EXPORT BOUNTY</title>
        <page.no>2101</page.no>
        <type>miscellaneous</type>
      </debateinfo>
      <speech>
        <talk.start>
          <talker>
            <page.no>2101</page.no>
            <time.stamp />
            <name.id>KTR</name.id>
            <electorate>SOUTH AUSTRALIA</electorate>
            <party />
            <role />
            <in.gov>0</in.gov>
            <first.speech>0</first.speech>
            <name role="metadata">MCLACHLAN, Alexander</name>
            <name role="display">Senator McLACHLAN</name>
          </talker>
          <para>- Has a decision been arrived at to extend the bounty upon export wines&#93; </para>
        </talk.start>
        <para>
          <inline font-weight="bold">Senator Sir VICTOR</inline>WILSON.The Tariff Board is now investigating the whole position of the wine industry, and no doubt at no distant date the Minister for Trade and Customs will be in a position to furnish to the Government the report of the board on this matter. </para>
      </speech>
    </debate>
    <debate>
      <debateinfo>
        <title>DEATH OF THE LATE QUEEN ALEXANDRA</title>
        <page.no>2101</page.no>
        <type>miscellaneous</type>
      </debateinfo>
      <speech>
        <talk.start>
          <talker>
            <page.no>2101</page.no>
            <time.stamp />
            <name.id>KLS</name.id>
            <electorate>QUEENSLAND</electorate>
            <party />
            <role />
            <in.gov>0</in.gov>
            <first.speech>0</first.speech>
            <name role="metadata">GIVENS, Thomas</name>
            <name role="display">The PRESIDENT (Senator the Hon T Givens</name>
          </talker>
          <para>-  I have to inform the Senate that I have been advised by  His Excellency  the Governor-General that the Senate&#39;s resolution of sympathy in connexion with the death of  Her  late Majesty Queen Alexandra has been laid before  His  Majesty the King, who has commanded that an expression of his grateful thanks be conveyed to the  President  and honorable members of the Senate for their message of sympathy. </para>
        </talk.start>
      </speech>
    </debate>
    <debate>
      <debateinfo>
        <title>ASSENT TO BILLS</title>
        <page.no>2101</page.no>
        <type>bill</type>
      </debateinfo>
      <para>Assent to the following bills reported :  - </para>
      <para>Western Australia Grant Bill. </para>
      <para>Power Alcohol Bounty Bill. </para>
      <para>Income Tax Assessment (Bonus Shares) Bill. </para>
      <para>Dried Fruit Advances Bill. </para>
    </debate>
    <debate>
      <debateinfo>
        <title>QUESTION</title>
        <page.no>2101</page.no>
        <type>Questions</type>
      </debateinfo>
      <subdebate.1>
        <subdebateinfo>
          <title>EX-AUSTRALIAN SOLDIERS IN ENGLAND</title>
          <page.no>2101</page.no>
        </subdebateinfo>
        <speech>
          <talk.start>
            <talker>
              <page.no>2101</page.no>
              <time.stamp />
              <name.id>JYG</name.id>
              <electorate>VICTORIA</electorate>
              <party />
              <role />
              <in.gov>0</in.gov>
              <first.speech>0</first.speech>
              <name role="metadata">ELLIOTT, Harold</name>
              <name role="display">Senator ELLIOTT</name>
            </talker>
            <para>- Is the Minister for Markets and Migration aware that a number of ex-Australian Imperial Force men in England are now desirous of returning to Australia? If so, will the Ministry give consideration to the matter of enabling them to return to their own country on the same terms as those granted to assisted immigrants from Great Britain? </para>
          </talk.start>
          <interjection>
            <talk.start>
              <talker>
                <page.no>2102</page.no>
                <time.stamp />
                <name.id>KBJ</name.id>
                <electorate />
                <party />
                <role />
                <in.gov>0</in.gov>
                <first.speech>0</first.speech>
                <name role="metadata">WILSON, Reginald</name>
                <name role="display">Senator Sir VICTOR WILSON</name>
              </talker>
              <para>- Action has already been taken in the matter. </para>
            </talk.start>
          </interjection>
          <interjection>
            <talk.start>
              <talker>
                <page.no>2102</page.no>
                <time.stamp />
                <name.id>JYX</name.id>
                <electorate />
                <party />
                <role />
                <in.gov>0</in.gov>
                <first.speech>0</first.speech>
                <name role="metadata">FINDLEY, Edward</name>
                <name role="display">Senator Findley</name>
              </talker>
              <para>-  What action? </para>
            </talk.start>
          </interjection>
          <interjection>
            <talk.start>
              <talker>
                <page.no>2102</page.no>
                <time.stamp />
                <name.id>KBJ</name.id>
                <electorate />
                <party />
                <role />
                <in.gov>0</in.gov>
                <first.speech>0</first.speech>
                <name role="metadata">WILSON, Reginald</name>
                <name role="display">Senator Sir VICTOR WILSON</name>
              </talker>
              <para>- If the honorable senator desires to know the exact terms of the decision arrived  at,  I askhim to give notice of his question. I shall be able tosupply full particulars tomorrow. </para>
            </talk.start>
          </interjection>
        </speech>
      </subdebate.1>
    </debate>
    <debate>
      <debateinfo>
        <title>OIL AGREEMENT BILL</title>
        <page.no>2102</page.no>
        <type>bill</type>
      </debateinfo>
      <para>Bill received from House of Representatives, and (on motion by <inline font-weight="bold">Senator Pearce)</inline> read a first time. </para>
    </debate>
    <debate>
      <debateinfo>
        <title>CUSTOMS TARIFF BILL</title>
        <page.no>2102</page.no>
        <type>bill</type>
      </debateinfo>
      <para>Bill received from House of Representatives. </para>
      <subdebate.1>
        <subdebateinfo>
          <title>First Reading</title>
          <page.no>2102</page.no>
        </subdebateinfo>
        <para>Motion (by <inline font-weight="bold">Senator Crawford)</inline> proposed - </para>
        <quote>
          <para>That the bill be now read a first time. </para>
        </quote>
        <speech>
          <talk.start>
            <talker>
              <page.no>2102</page.no>
              <time.stamp />
              <name.id>KMP</name.id>
              <electorate>New South Wales</electorate>
              <party />
              <role />
              <in.gov>0</in.gov>
              <first.speech>0</first.speech>
              <name role="metadata">GRANT, John</name>
              <name role="display">Senator GRANT</name>
            </talker>
            <para>. - I take it that the object of the bill is to amend the Customs tariff, and I regard this as a favorable opportunity to discuss the matter at some length. I have taken a keen interest in tariff questions for a number of years. The bill proposes to increase the tariff in certain  directions  and decrease it in others, but I point out that the existing tariff does notprotect Australian industries. </para>
          </talk.start>
          <interjection>
            <talk.start>
              <talker>
                <page.no>2102</page.no>
                <time.stamp />
                <name.id>K0F</name.id>
                <electorate />
                <party />
                <role />
                <in.gov>0</in.gov>
                <first.speech>0</first.speech>
                <name role="metadata">PEARCE, George</name>
                <name role="display">Senator Pearce</name>
              </talker>
              <para>-  I rise to a point of order. Is the honorable senator in order in  proceeding  to discuss, on the first reading of what I understand is a money bill, theprinciples of the measure itself ? I am under the impression that the practice of the Senate is that, in such circumstances, the  principles  embodied in the bill may not be discussed. </para>
            </talk.start>
          </interjection>
        </speech>
        <speech>
          <talk.start>
            <talker>
              <page.no>2102</page.no>
              <time.stamp />
              <name.id>KLS</name.id>
              <electorate />
              <party />
              <role />
              <in.gov>0</in.gov>
              <first.speech>0</first.speech>
              <name role="metadata">PRESIDENT, The</name>
              <name role="display">The PRESIDENT (Senator the Hon T Givens</name>
            </talker>
            <para>-  Only bills which the Senate may not amend can be debated on the motion for the first reading. This being such a measure, it is obviously open to discussion at this stage. The object of allowing a first-reading debate on a bill of the class I have mentioned is that honorable senators may discuss matters that are not relevant to the bill itself. Paradoxical as it may seem, the more irrelevant an honorable senator&#39;s remarks may be to the subject-matter of the measure, the more relevant they are. There is no limitation upon what an honorable senator may discuss on the first readings - his remarks may be relevant or irrelevant - and, therefore, I cannot rule that the honorable senator is out of order in discussing a relevant matter. A full opportunity to deal with the subject-matter of the bill itself will be given on the motion for the second reading, but if the honorable senator desires at this stage to bring before the Senate any matter that is not relevant to the bill he is entitled to do so. </para>
          </talk.start>
          <continue>
            <talk.start>
              <talker>
                <page.no>2102</page.no>
                <time.stamp />
                <name.id>KMP</name.id>
                <electorate />
                <party />
                <role />
                <in.gov>0</in.gov>
                <first.speech>0</first.speech>
                <name role="metadata">GRANT, John</name>
                <name role="display">Senator GRANT</name>
              </talker>
              <para>- I do not intend to deal with the bill except to say that the existing tariff does not, and never was, intended to, protect Australian industries. Its special object is to collect &#39; as much revenue as possible upon the articles proposed to be taxed. As I fully expected, the Minister who was in charge of the bill in the other branch of the legislature has cast his eyes upon the large number of articles at present admitted free of Customs duty. No doubt, if he could induce Parliament to raise the duties sufficiently high he would exclude all the goods manufactured in low-wage foreign protectionist countries. A large number, of people in Australia honestly believe that a protectionist tariff opens up fresh and maintains existing avenues of employment for the workers of Australia. The present shrewd Minister for Trade and Customs is under no such illusion. He looks upon the tariff as an instrument for the production of revenue, and for the express and very definite purpose, not of protecting industrial enterprises from competition, but of ensuring an overflowing treasury, thus avoiding the necessity for direct taxation. If this bill proposed to exclude foreign-made goods, and thereby rendered necessary their manufacture within the Commonwealth, there would be some reason for its introduction. But that is not its purpose at all. Nothing is further from the mind of the Minister for Trade and Customs. Experience has shown that in no country is a protective tariff sufficient to exclude foreign manufactured goods. In recent years we have borrowed large sums of money abroad. Every one knows that we do not get the actual cash, but that it comes to us in the shape of goods, and instead of allowing them to come in free of duty, we proceed, in effect, by means  of Customs tariffs, to tax ourselves on money borrowed abroad. </para>
            </talk.start>
          </continue>
          <interjection>
            <talk.start>
              <talker>
                <page.no>2103</page.no>
                <time.stamp />
                <name.id>JYX</name.id>
                <electorate />
                <party />
                <role />
                <in.gov>0</in.gov>
                <first.speech>0</first.speech>
                <name role="metadata">FINDLEY, Edward</name>
                <name role="display">Senator Findley</name>
              </talker>
              <para>- Why continue to borrow money abroad? </para>
            </talk.start>
          </interjection>
          <continue>
            <talk.start>
              <talker>
                <page.no>2103</page.no>
                <time.stamp />
                <name.id>KMP</name.id>
                <electorate />
                <party />
                <role />
                <in.gov>0</in.gov>
                <first.speech>0</first.speech>
                <name role="metadata">GRANT, John</name>
                <name role="display">Senator GRANT</name>
              </talker>
              <para>- There is no necessity to do that, but governments continue to borrow in that way. It would be far better if, instead of raising our national revenue by means of Customs taxation, we adopted a more satisfactory system. Speaking from memory, I think that our Customs and Excise revenue last year amounted to the extraordinary sum of &#163;36,000,000. The latest figures show that the amount for the current financial year will be, approximately, &#163;40,000,000. The Government is at its wit&#39;s end to know what to do with this money. To consolidate the support of its Tasmanian friends, the Ministry has handed out substantial doles to that State. It is a wonder that the people of Tasmania consent to receive it, because we have been told that the distribution of the dole in Great Britain has had the effect of sapping the independence and extracting the marrow from the backbone of the people. The Government is also giving doles to Western Australia.I do not know how long the people of the other States will consent to this arrangement. If I had my way, it would cease at once. Just because an alleged freetrade country like Great Britain collects annually over &#163;100,000,000 of revenue through the Customs House, the people of Australia are content to follow a bad example. Notwithstanding anything that may be said to the contrary, the fact should be clearly impressed upon the people that this tariff is not a proposal to exclude foreign-made goods from the Commonwealth. Figures relating to the revenue received from Customs show that, despite the tariff, goods are being imported in large quantities, instead of being made here. </para>
            </talk.start>
          </continue>
          <interjection>
            <talk.start>
              <talker>
                <page.no>2103</page.no>
                <time.stamp />
                <name.id>JZR</name.id>
                <electorate />
                <party />
                <role />
                <in.gov>0</in.gov>
                <first.speech>0</first.speech>
                <name role="metadata">OGDEN, James</name>
                <name role="display">Senator Ogden</name>
              </talker>
              <para>- If a 50 per cent. tariff will not keep them out, what will ? </para>
            </talk.start>
          </interjection>
          <continue>
            <talk.start>
              <talker>
                <page.no>2103</page.no>
                <time.stamp />
                <name.id>KMP</name.id>
                <electorate />
                <party />
                <role />
                <in.gov>0</in.gov>
                <first.speech>0</first.speech>
                <name role="metadata">GRANT, John</name>
                <name role="display">Senator GRANT</name>
              </talker>
              <para>- If we are going to have a protective tariff - if a duty of 50 per cent. is not sufficient to ensure the manufacture of goods in Australia - why not be honest about it ! </para>
            </talk.start>
          </continue>
          <interjection>
            <talk.start>
              <talker>
                <page.no>2103</page.no>
                <time.stamp />
                <name.id>KN7</name.id>
                <electorate />
                <party />
                <role />
                <in.gov>0</in.gov>
                <first.speech>0</first.speech>
                <name role="metadata">GUTHRIE, James</name>
                <name role="display">Senator Guthrie</name>
              </talker>
              <para>- Why does not the honorable senator wear Australian-made goods, and help Australian industries ? </para>
            </talk.start>
          </interjection>
          <continue>
            <talk.start>
              <talker>
                <page.no>2103</page.no>
                <time.stamp />
                <name.id>KMP</name.id>
                <electorate />
                <party />
                <role />
                <in.gov>0</in.gov>
                <first.speech>0</first.speech>
                <name role="metadata">GRANT, John</name>
                <name role="display">Senator GRANT</name>
              </talker>
              <para>- I am wearing Australian tweed. I doubt very much if the honorable senator himself is clothed from head to foot in Australian-made articles of clothing. </para>
            </talk.start>
          </continue>
          <interjection>
            <talk.start>
              <talker>
                <page.no>2103</page.no>
                <time.stamp />
                <name.id>KN7</name.id>
                <electorate />
                <party />
                <role />
                <in.gov>0</in.gov>
                <first.speech>0</first.speech>
                <name role="metadata">GUTHRIE, James</name>
                <name role="display">Senator Guthrie</name>
              </talker>
              <para>- I am pleased to say that I am. </para>
            </talk.start>
          </interjection>
          <interjection>
            <talk.start>
              <talker>
                <page.no>2103</page.no>
                <time.stamp />
                <name.id>JYX</name.id>
                <electorate />
                <party />
                <role />
                <in.gov>0</in.gov>
                <first.speech>0</first.speech>
                <name role="metadata">FINDLEY, Edward</name>
                <name role="display">Senator Findley</name>
              </talker>
              <para>- Does <inline font-weight="bold">Senator Guthrie</inline> ride about in a Ford motor car ? </para>
            </talk.start>
          </interjection>
          <continue>
            <talk.start>
              <talker>
                <page.no>2103</page.no>
                <time.stamp />
                <name.id>KMP</name.id>
                <electorate />
                <party />
                <role />
                <in.gov>0</in.gov>
                <first.speech>0</first.speech>
                <name role="metadata">GRANT, John</name>
                <name role="display">Senator GRANT</name>
              </talker>
              <para>- <inline font-weight="bold">Senator Guthrie</inline> is supporting a government that deliberately, and almost without any restriction, permits the importation of foreign-made goods to Australia. As I have stated, a protectionist tariff does not exclude foreign -made goods. The records of Victoria, and, indeed, of the Commonwealth, show that the people who have had control of the administration, have &#34; put . one over &#34; the honest workers, who have been led to believe that our tariff is sufficient to exclude foreign-made goods. The present Government has no intention, and, in my opinion, never will have any intention, of excluding foreign goods.. Its purpose is, not to protect Australian manufacturing industries or Australian workers, but to safeguard land-owners from direct taxation. It is extraordinary that last year &#163;36,000,000 was collected from the people through the Customs, and only a paltry &#163;2,000,000 from the real owners of the Commonwealth. Some years ago I had a return prepared for the information of honorable senators, showing, among other things, that the unimproved value of the land in the Commonwealth was more than &#163;445,000,000. Yet the owners of the land, who may be termed the owners of the Commonwealth, pay a paltry sum of &#163;2,000,000 a year. </para>
            </talk.start>
          </continue>
          <interjection>
            <talk.start>
              <talker>
                <page.no>2103</page.no>
                <time.stamp />
                <name.id>KOJ</name.id>
                <electorate />
                <party />
                <role />
                <in.gov>0</in.gov>
                <first.speech>0</first.speech>
                <name role="metadata">HAYS, Herbert</name>
                <name role="display">Senator H Hays</name>
              </talker>
              <para>- They also pay Customs duties. </para>
            </talk.start>
          </interjection>
          <continue>
            <talk.start>
              <talker>
                <page.no>2103</page.no>
                <time.stamp />
                <name.id>KMP</name.id>
                <electorate />
                <party />
                <role />
                <in.gov>0</in.gov>
                <first.speech>0</first.speech>
                <name role="metadata">GRANT, John</name>
                <name role="display">Senator GRANT</name>
              </talker>
              <para>- Not as landowners. </para>
            </talk.start>
          </continue>
          <interjection>
            <talk.start>
              <talker>
                <page.no>2103</page.no>
                <time.stamp />
                <name.id>KN7</name.id>
                <electorate />
                <party />
                <role />
                <in.gov>0</in.gov>
                <first.speech>0</first.speech>
                <name role="metadata">GUTHRIE, James</name>
                <name role="display">Senator Guthrie</name>
              </talker>
              <para>- Do not the landowners pay duty on the imported goods used by them? </para>
            </talk.start>
          </interjection>
          <continue>
            <talk.start>
              <talker>
                <page.no>2103</page.no>
                <time.stamp />
                <name.id>KMP</name.id>
                <electorate />
                <party />
                <role />
                <in.gov>0</in.gov>
                <first.speech>0</first.speech>
                <name role="metadata">GRANT, John</name>
                <name role="display">Senator GRANT</name>
              </talker>
              <para>- As land-owners, they pay annually to the revenue of the Commonwealth a paltry sum of only &#163;2,000,000. </para>
            </talk.start>
          </continue>
          <interjection>
            <talk.start>
              <talker>
                <page.no>2103</page.no>
                <time.stamp />
                <name.id>KN7</name.id>
                <electorate />
                <party />
                <role />
                <in.gov>0</in.gov>
                <first.speech>0</first.speech>
                <name role="metadata">GUTHRIE, James</name>
                <name role="display">Senator Guthrie</name>
              </talker>
              <para>- Over and above everything else that they pay. It is a class tax. </para>
            </talk.start>
          </interjection>
          <continue>
            <talk.start>
              <talker>
                <page.no>2103</page.no>
                <time.stamp />
                <name.id>KMP</name.id>
                <electorate />
                <party />
                <role />
                <in.gov>0</in.gov>
                <first.speech>0</first.speech>
                <name role="metadata">GRANT, John</name>
                <name role="display">Senator GRANT</name>
              </talker>
              <para>- Taxation through the Customs House is a most iniquitous form of taxation. </para>
            </talk.start>
          </continue>
          <interjection>
            <talk.start>
              <talker>
                <page.no>2103</page.no>
                <time.stamp />
                <name.id>KN7</name.id>
                <electorate />
                <party />
                <role />
                <in.gov>0</in.gov>
                <first.speech>0</first.speech>
                <name role="metadata">GUTHRIE, James</name>
                <name role="display">Senator Guthrie</name>
              </talker>
              <para>- The honorable senator is in favour of taxing only one section of the community? </para>
            </talk.start>
          </interjection>
          <continue>
            <talk.start>
              <talker>
                <page.no>2104</page.no>
                <time.stamp />
                <name.id>KMP</name.id>
                <electorate />
                <party />
                <role />
                <in.gov>0</in.gov>
                <first.speech>0</first.speech>
                <name role="metadata">GRANT, John</name>
                <name role="display">Senator GRANT</name>
              </talker>
              <para>- I believe in taxing those who own . the country. </para>
            </talk.start>
          </continue>
          <interjection>
            <talk.start>
              <talker>
                <page.no>2104</page.no>
                <time.stamp />
                <name.id>KN7</name.id>
                <electorate />
                <party />
                <role />
                <in.gov>0</in.gov>
                <first.speech>0</first.speech>
                <name role="metadata">GUTHRIE, James</name>
                <name role="display">Senator Guthrie</name>
              </talker>
              <para>- They are already overtaxed. The honorable senator does not know what he is talking about. </para>
            </talk.start>
          </interjection>
          <continue>
            <talk.start>
              <talker>
                <page.no>2104</page.no>
                <time.stamp />
                <name.id>KMP</name.id>
                <electorate />
                <party />
                <role />
                <in.gov>0</in.gov>
                <first.speech>0</first.speech>
                <name role="metadata">GRANT, John</name>
                <name role="display">Senator GRANT</name>
              </talker>
              <para>- Does the honorable senator suggest that persons who own over &#163;445,000,000 worth of land, and pay only &#163;2,000,000 a year are overtaxed. </para>
            </talk.start>
          </continue>
          <interjection>
            <talk.start>
              <talker>
                <page.no>2104</page.no>
                <time.stamp />
                <name.id>KN7</name.id>
                <electorate />
                <party />
                <role />
                <in.gov>0</in.gov>
                <first.speech>0</first.speech>
                <name role="metadata">GUTHRIE, James</name>
                <name role="display">Senator Guthrie</name>
              </talker>
              <para>- That is only one form of taxation. Customs and other taxation is additional. At any rate, they paid for the land which they own. </para>
            </talk.start>
          </interjection>
          <continue>
            <talk.start>
              <talker>
                <page.no>2104</page.no>
                <time.stamp />
                <name.id>KMP</name.id>
                <electorate />
                <party />
                <role />
                <in.gov>0</in.gov>
                <first.speech>0</first.speech>
                <name role="metadata">GRANT, John</name>
                <name role="display">Senator GRANT</name>
              </talker>
              <para>- The majority of them did. Other taxpayers have also to pay Customs duties, but the fact that they pay for the goods does not save them from direct taxation. I notice that the coal-miners in Great Britain, who have recently been on strike, have been complaining because the colliery owners in that country have been collecting &#163;6,000,000 a year in the way of royalties. Others object to the paltry &#163;5,000,000 or &#163;6,000,000 received by the Royal family, but, for some reason, they carefully avoid commenting upon the fact that the landowners of Great Britain collect annually &#163;300,000,000 for giving British people the right to live in their own country. Such a condition of affairs is being gradually brought about in the Commonwealth. I think this is an opportune time to ask the Senate to realize what it is about to do. I know an overwhelming majority of members of this Parliament favours collecting as much revenue as possible through the Customs House, and I also know why an intelligent section favour this form of taxation. I feel certain that the Minister for Customs <inline font-weight="bold">(Mr. Pratten)</inline> and those who support him know exactly what they are doing, but, in my opinion, they are quite wrong. Instead of collecting enormous sums by . way of duties on imported goods, which does not &#39;prevent their importation into the Commonwealth, we should see if it is not possible to obtain revenue in a more equitable manner. I think it is. For instance, in New South Wales, our city, municipal, and shire authorities have a very excellent system of taxation, which also has been in operation in Queensland for more than 30 years. As honorable senators are aware, the local governing bodies in that State impose taxation upon the unimproved value of the land as laid down by Henry George in his notable work, entitled <inline font-style="italic">Progress and Poverty.</inline> Queensland adopted that policy more than 30 years ago for local government purposes, and that system is, to a large extent, being adopted by the Labour Government in that State, with very good results, as its policy for raising revenue. </para>
            </talk.start>
          </continue>
          <interjection>
            <talk.start>
              <talker>
                <page.no>2104</page.no>
                <time.stamp />
                <name.id>K8P</name.id>
                <electorate />
                <party />
                <role />
                <in.gov>0</in.gov>
                <first.speech>0</first.speech>
                <name role="metadata">THOMPSON, William</name>
                <name role="display">Senator Thompson</name>
              </talker>
              <para>- The taxation of unimproved land values was first introduced in Queensland by a Liberal Government. </para>
            </talk.start>
          </interjection>
          <interjection>
            <talk.start>
              <talker>
                <page.no>2104</page.no>
                <time.stamp />
                <name.id>JRW</name.id>
                <electorate />
                <party />
                <role />
                <in.gov>0</in.gov>
                <first.speech>0</first.speech>
                <name role="metadata">CRAWFORD, Thomas</name>
                <name role="display">Senator Crawford</name>
              </talker>
              <para>- It was introduced 40 years ago. </para>
            </talk.start>
          </interjection>
          <continue>
            <talk.start>
              <talker>
                <page.no>2104</page.no>
                <time.stamp />
                <name.id>KMP</name.id>
                <electorate />
                <party />
                <role />
                <in.gov>0</in.gov>
                <first.speech>0</first.speech>
                <name role="metadata">GRANT, John</name>
                <name role="display">Senator GRANT</name>
              </talker>
              <para>- It may have been. </para>
            </talk.start>
          </continue>
          <interjection>
            <talk.start>
              <talker>
                <page.no>2104</page.no>
                <time.stamp />
                <name.id>KMI</name.id>
                <electorate />
                <party />
                <role />
                <in.gov>0</in.gov>
                <first.speech>0</first.speech>
                <name role="metadata">GRAHAM, Charles</name>
                <name role="display">Senator Graham</name>
              </talker>
              <para>- Is it not satisfactory ? </para>
            </talk.start>
          </interjection>
          <interjection>
            <talk.start>
              <talker>
                <page.no>2104</page.no>
                <time.stamp />
                <name.id>JRW</name.id>
                <electorate />
                <party />
                <role />
                <in.gov>0</in.gov>
                <first.speech>0</first.speech>
                <name role="metadata">CRAWFORD, Thomas</name>
                <name role="display">Senator Crawford</name>
              </talker>
              <para>- Unfortunately, the taxation of unimproved values is not the only tax imposed in-Queensland. </para>
            </talk.start>
          </interjection>
          <continue>
            <talk.start>
              <talker>
                <page.no>2104</page.no>
                <time.stamp />
                <name.id>KMP</name.id>
                <electorate />
                <party />
                <role />
                <in.gov>0</in.gov>
                <first.speech>0</first.speech>
                <name role="metadata">GRANT, John</name>
                <name role="display">Senator GRANT</name>
              </talker>
              <para>- It is a very good form of taxation&#39;, and the State land tax in Queensland is imposed on that principle, with perhaps some slight variations. The marvellous progress made by the city of Sydney during the last fifteen years has been due almost entirely to the fact that improvements are not taxed, as is the practice in such obsolete cities as Melbourne, Hobart, and Perth. The Government of New South Wales does not approach the Federal authorities for a dole as do the Governments of Western Australia and Tasmania. It would not dream of doing such a thing. The people who own the land in New South Wales contribute the local revenue required. That is why Sydney has so completely outstripped Melbourne during the last few years, and it will continue to do so until the authorities of this city realize that taxation here is based upon a wrong principle. Instead of collecting our national revenue through the Customs House, we should make the owners of the land contribute more than they are paying to-day. I am very glad to see that, according to the press, the Government contemplatesretiring from the field of direct income taxation. That is a step in the right direction. They should proceed further and abandon their determination to raise pur national revenue through the Customs House, and throw a very large financial responsibility directly upon the owners of the land. Just imagine collecting money on articles imported into the Commonwealth, and then distributing it in an expensive way  among the State authorities for roads construction. I am sure that whatever else was contemplated at the inception of federation, it was not for a moment thought that the Commonwealth Government would take a hand in road construction. They have adopted this policy because as soon as a new road or a railway is built, or any improvements are effected, there is a substantial increase in the value of the land in the immediate locality, towards which the land-owners, as such, make no contribution whatever. The money spent on such work is collected from those who purchase imported articles on which duty is paid at the Customs House, and is then handed back as a gift to those who own this country. It is a persistent effort on the part of the Government to place the taxation of the country upon the poorest section, and to hand over the proceeds to the wealthy members of the community. I know that there is no hope of amending the measure; the Government has its majority, and the bill as submitted to us will be passed by this chamber. I enter my emphatic protest against the continued imposition of Customs duties for the express purpose of enabling the owners of the country to escape their fair share of taxation. </para>
            </talk.start>
          </continue>
          <para>Question resolved in the affirmative. </para>
          <para>Bil&#93; read a first time. </para>
        </speech>
      </subdebate.1>
    </debate>
    <debate>
      <debateinfo>
        <title>EXCISE TARIFF BILL</title>
        <page.no>2105</page.no>
        <type>bill</type>
      </debateinfo>
      <para class="block">Bill received from House of Representatives, and (on motion by <inline font-weight="bold">Senator Crawford)</inline> read a first time. </para>
    </debate>
    <adjournment>
      <adjournmentinfo>
        <page.no>2105</page.no>
        <time.stamp>15:42:00</time.stamp>
      </adjournmentinfo>
      <para>Senate adjourned at  3.42  p.m. </para>
    </adjournment>
  </chamber.xscript>
</hansard>
