<?xml version="1.0" encoding="utf-8"?>
<hansard xsi:noNamespaceSchemaLocation="../../hansard.xsd" version="2.1" xmlns:xsi="http://www.w3.org/2001/XMLSchema-instance">
  <session.header>
    <date>1922-06-28</date>
    <parliament.no>8</parliament.no>
    <session.no>2</session.no>
    <period.no>0</period.no>
    <chamber>SENATE</chamber>
    <page.no>5</page.no>
    <proof>0</proof>
  </session.header>
  <chamber.xscript>
    <para class="block">COMMONWEALTH OF AUSTRALIA. </para>
    <para class="block">PARLIAMENTARY DEBATES. </para>
    <para class="block">SecondSession ofthe EighthParliament. </para>
    <para>The Parliament was prorogued on the 5th January. 1922, until 15th March, 1922. It was further prorogued to 17th May; thence to 28th June, when it met for the despatch of business ; and the Second Session commenced on that day. </para>
    <para>Parliament was opened by His Excellency the Governor-General. </para>
    <para class="block">Senate. </para>
    <business.start>
      <day.start>1922-06-28</day.start>
    </business.start>
    <debate>
      <debateinfo>
        <title>PROCLAMATION</title>
        <page.no>5</page.no>
        <type>proclamations</type>
      </debateinfo>
      <para>The  Senate met at 3 p.m. pursuant to the proclamation of His Excellency the Governor-General. </para>
      <para>The <inline font-weight="bold">President (Senator the Hon. T. Givens)</inline> having taken the chair, </para>
      <para>The  Clerk  read the proclamation. </para>
    </debate>
    <debate>
      <debateinfo>
        <title>GOVERNOR-GENERAL&#39;S SPEECH</title>
        <page.no>5</page.no>
        <type>miscellaneous</type>
      </debateinfo>
    </debate>
    <debate>
      <debateinfo>
        <title>HIS EXCELLENCY THE GOVER</title>
        <page.no>5</page.no>
        <type>miscellaneous</type>
      </debateinfo>
      <para class="block">NOR-GENERAL entered the chamber and took his seat, with the  President  on &#34;his right hand. A message was sent to the House of Representatives intimating that  His Excellency  desired the attendance of honorable members in the Senate chamber, who being come with their  Speaker, </para>
      <para>HIS EXCELLENCY was pleased to deliver the following speech : - </para>
      <para>Gentlemen of the Senate and of the House of Representatives : </para>
      <para>You are called together for the purpose  of  considering measures of urgent public importance. </para>
      <list type="decimal-dotted">
        <item label="1.">
          <para>Since the prorogation of Parliament Australia has lost the services of two of its public men. The passing of the Honorable Frank Gwynne Tudor, late Leader of the Opposition, caused profound sorrow throughout Australia. Ever since the establishment of the Commonwealth he served his country with ability, patriotism, and lofty self-sacrifice. By the death of <inline font-weight="bold">Senator the</inline> Honorable John Adamson, Australia has lost a citizen who devoted his life to the service of the State and Commonwealth, and has left a record of high achievement. </para>
        </item>
        <item label="2.">
          <para>Universal satisfaction is felt at the successful outcome of the &#34;Washington Conference, which was attended by <inline font-weight="bold">Senator the</inline> Right Honorable G. E. Pearce as  His  Majesty&#39;s Plenipotentiary on behalf of the Commonwealth of Australia. International agreements were reached of the greatest importance to the peace of the world, especially to those countries whose shores are washed by the Pacific Ocean. The six treaties signed at the Conference, and since ratified by the United States of America, namely - </para>
        </item>
      </list>
      <para>The Quadruple Treaty relating to the Pacific, </para>
      <para>The Supplement to the Quadruple Treaty, </para>
      <subdebate.1>
        <subdebateinfo>
          <title>The Naval Treaty,</title>
          <page.no>5</page.no>
        </subdebateinfo>
      </subdebate.1>
      <subdebate.1>
        <subdebateinfo>
          <title>The Submarine and Poison Gas Treaty,</title>
          <page.no>5</page.no>
        </subdebateinfo>
        <para>TheFar Eastern Treaty, and </para>
        <para>The Chinese Customs Treaty, will be submitted for your approval. Such legislation as is needed to enable  the Commonwealth to carry out its obligations under the treaties will be introduced. </para>
        <list type="decimal-dotted">
          <item label="3.">
            <para>In view of the results attained at the Washington Conference, which, my Advisers believe, guarantee peace in the Pacific for some time to come, it is proposed to reduce the establishment of the Navy and Army, and postpone the expansion of the Air Force. The necessary amendments of the Defence Act will be submitted for your approval. </para>
          </item>
          <item label="4.">
            <para>The reduction in the establishment of the Defence Forces will necessitate the compulsory retirement of a large number of officers and men, and also of the civil staff, who have rendered long and faithful service in peace and war. A Bill will he introduced to provide compensation for those persons who are compulsorily retired. </para>
          </item>
          <item label="5.">
            <para>In view of its importance to the Commonwealth the subject of immigration has been receiving the close attention of Min,isters. Large, schemes are being negotiated with the Government of the United Kingdom and the Governments .of several of the States in accordance with the Umpire Settlement Act. An agreement, making provision for the passages of migrants under the Act has been made between the British and Commonwealth Governments, and, in pursuance of the agreement made for joint co-operation between the Commonwealth and the States, approval has recently been given to measures for the assistance of the immigration of boys, and of British exmilitary officers from India. </para>
          </item>
          <item label="6.">
            <para>In pursuance of the Mandate received with respect to New Guinea, steps have been taken to provide the necessary machinery for the administration of the Mandated Territory. A number of ordinances have been framed enacting laws for its good government. Provision has been made for the development of the Territory, and, throughout, . the greatest care has been taken to secure the protection of the natives and their interests, and to comply in every respect with the terms of the Mandate. </para>
          </item>
          <item label="7.">
            <para>Experience having proved the necessity for continuous representation of Australia in the United -States, a measure will be introduced to provide for the appointment of an Australian Commissioner. </para>
            <list type="upperalpha-dotted">
              <item label="S.">
                <para>It is now certain that the revenue of the year will exceed the estimate, and it is expected that the position of the Consolidated Revenue Fund, at the close of this financial year, will be more satisfactory than was anticipated when the last Budget was delivered. </para>
              </item>
            </list>
          </item>
          <item label="9.">
            <para>My Advisers, realizing that the war has imposed very heavy burdens upon the taxpayers, recognise the necessity for the exercise of the most rigid economy in the Public Service and the general administration of government. As one means to this end my Government proposes, as soon as the necessary legislation has been passed, to appoint the Board of Commissioners recommended by the Royal Commission on Economies with a view to securing increased efficiency and economy in&#39; public expenditure. </para>
          </item>
          <item label="10.">
            <para>Consideration has been given to the reports furnished by the Royal Commission on Taxation, and legislation will be initiated to place the&#39; taxation laws &#39; of the Commonwealth on a more satisfactory basis. </para>
          </item>
          <item label="11.">
            <para>A Board of Appeal for dealing with objections to income tax assessments, as provided for by the Income Tax Assessment Act passed last session, has been appointed. </para>
          </item>
          <item label="12.">
            <para>The Parliamentary Committee appointed to inquire into the proposals to provide a scheme of radio-telegraphy for Australia having reported favorably, an agreement in accordance with the resolutions of Parliament has been made between the Commonwealth and Amalgamated Wireless (Australasia) Limited in which the suggestions made by the Committee have been adopted. The agreement willprovide adequate and satisfactory means of communication, invaluable to the commerce of Australia. </para>
          </item>
          <item label="13.">
            <para>My Advisers recognise that the welfare and progress of the Commonwealth depend upon primary production, and &#39;that a successful policy of land settlement is intimately associated with the provision of means of communication, including telegraphic and telephonic facilities. War exigencies have hitherto made it impracticable to obtain adequate supplies of necessary material for telegraphic and telephonic services. My Ministers have now made special arrangements whereby a largely increased amount of loan money will be made available, so that a continuous and progressive policy may be undertaken extending over a period of years. In this way it will be possible&#39; to overtake arrears and meet the growing needs of the Commonwealth. In order to secure the economical expenditure of this money and the most modern system in equipment, a special expert Advisory Board will be constituted. </para>
          </item>
          <item label="14.">
            <para>The report made by the Commissioners appointed by the Commonwealth and State Governments on the subject of the unification of the railway gauges presents a definite and practical scheme for the solution of a problem of vital importance. Each day of delay intensifies the evils resulting from the breaks of gauge and adds to the ultimate cost of the carrying out of a work which must be accomplished. My Qovernment proposes to press on with this question and to take all possible steps so that the scheme outlined by the independent experts may be proceeded with. </para>
          </item>
          <item label="15.">
            <para>You will have submitted to you a measure dealing with the Commonwealth Shipping Line. The Bill will contain provisions for placing the Line under independent and non-political control and management. </para>
          </item>
          <item label="16.">
            <para>My Government has taken steps towards linking up the moire remote  parts  of the Commonwealth with, the centres of population by subsidizing civil aviation companies formed to provide regular and speedy services. Four contracts have been let for the conveyance of passengers, mails, and parcels. The service between Geraldton and - Derby has now been in continuous and successful operation for five months, thus bringing one of the most remote parts of Australia into close touch with the world. Aeroplanes have been ordered for the other services&#39;, and construction works are well advanced in connexion with the aerodromes on the routes to be traversed. My Advisers propose to extend this modern method of communication, being convinced of its inestimable value to many country centres. </para>
          </item>
          <item label="17.">
            <para>During the past year good progress has been made in the construction of the works under the River Murray Agreement. The Blanchetown weir and lock have been completed, and the storage reservoirs on the Upper Murray and at Lake Victoria are now well in hand. The completion of this great scheme will make available large areas of land for close settlement and greatly increase the production pf the Commonwealth. It is hoped that the amended agreement passed by this Parliament may be ratified so as to attain still greater expedition in the execution of the works. </para>
          </item>
          <item label="18.">
            <para>The experiences of the war, the general expansion of internal trade and commerce, the growth of the population, and the development of the continent, have emphasized the need for an early amendment of the Constitution to enable Parliament to cope more adequately with the national problems of Australia. A series of measures will be introduced to provide for an extension of Federal powers, having due regard to the proper functions of the States. Opportunity will be furnished in both Houses for the free discussion of any other proposals for altering the Constitution which may be considered necessary. </para>
          </item>
          <item label="19.">
            <para>My Ministers, recognising the great value of the primary industries to Australia, and the rapidity of their expansion, have taken definite action to open up new markets and further exploit old ones. To this end they have in every way in their power assisted the producers to place their goods upon the world&#39;s market by co-operative effort. </para>
          </item>
        </list>
        <para>My  Government  proposes to continue its support of voluntary movements for the collective marketing of primary products upon the same broad principles upon which was based the assistance given by the Government last year to, the wheat, fruit, and dairy farmers. </para>
        <para>A special effort has been made to improve the standard of the exportable products of the country, and this matter will continue to receive the closest attention. </para>
        <list type="decimal-dotted">
          <item label="20.">
            <para>In view of the almost complete cessation of the beef export trade which threatened with ruin a most important branch of the grazing industry, my Government, recognising the gravity of the position, came to its aid with definite assistance-. My Ministers, realizing that unless all parties concerned in the production and preparation of meat for export co-operated, it would be impossible to give effective aid to the cattle industry, took steps to approach the shipping com- panies, the proprietors of the meat works, and the employees. These efforts were entirely successful. Under the arrangements entered into, all parties agreed to reduced charges, and these reductions, together with the assistance promised -by the Government, have led to the resumption of export, and have materially assisted the grazing industry to recover from a desperate position. A Bill will be submitted for your approval to sanction the action taken. My Advisers are pleased to be able to state that, owing to representations made by them to the Imperial Government, Australian meat will hereafter be used for Imperial Army and Navy requirements. </para>
          </item>
          <item label="21.">
            <para>Negotiations are in progress with the Dominions of Canada and New Zealand for the conclusion of reciprocal Tariff arrangements. </para>
          </item>
          <item label="22.">
            <para>The Tariff Board provided for by the Act passed last session has been constituted, and is performing its functions. </para>
          </item>
          <item label="23.">
            <para>Doubt having been expressed as to the efficacy of the Customs Tariff (Industries Preservation) Act 1921 to safeguard adequately Australian industries against foreign competition, my Advisers are watching the matter with the greatest caro, and, should occasion require, will promptly take such action as may be necessary to cope effectively with the situation. </para>
          </item>
          <item label="24.">
            <para>The number of Members of the House of Representatives for- the respective States having been determined in accordance with the Constitution and the Representation Act 1905, and the reports of the Distribution Commissioners having been received, the necessary resolutions to give effect to such reports will be placed forthwith before both Houses of Parliament. </para>
          </item>
          <item label="25.">
            <para>Certain defects having been discovered in the working of the Electoral Act, an amending measure will be. introduced. </para>
          </item>
          <item label="26.">
            <para>A Bill will be submitted with the object of effecting important alterations in the War Service Homes Act, which experience has shown to be necessary. During the recess arrangements have been made with the Governments of Western Australia and South Australia, and with the State Savings Bank of Victoria, for  carrying out, on behalf of the Commonwealth, building operations in the States, named. Efforts to obtain similar agreements with New South Wales and Tasmania have been unsuccessful, but the negotiations which are proceeding with </para>
          </item>
        </list>
        <para class="block">Queensland justify the hope that a successful result will be achieved. </para>
        <list type="decimal-dotted">
          <item label="27.">
            <para>Although the benefits provided by the Repatriation Act are generally achieving the abject for which they were designed, certain anomalies have been found to exist, particularly as affecting the more seriously incapacitated soldiers. Legislation dealing with the matter will be submitted at an early date. </para>
          </item>
          <item label="28.">
            <para>The Royal Commission on Economies, after an exhaustive inquiry, made a number of recommendations intended to secure more efficient, economical, and equitable administration in the (Public Service. Many of those recommendations and other necessary amendments of the Public Service Act have been embodied in a Bill which passed the Senate last session, and will be further proceeded with. </para>
          </item>
          <item label="29.">
            <para>A superannuation scheme for the Public Service of the Commonwealth, based on a just contributory system, will be introduced at an early date. </para>
          </item>
          <item label="30.">
            <para>A Bill to amend the Arbitration (Public Service) Act will also be submitted. </para>
          </item>
          <item label="31.">
            <para>It is proposed to introduce a Bill to give representation in the Parliament to residents in the Northern Territory. Proposals for the development and settlement of the Territory will also be submitted to you. </para>
          </item>
          <item label="32.">
            <para>Two Deputy Presidents have been appointed to the Commonwealth Court of Conciliation and Arbitration. It is anticipated that, with their assistance, the Court will be able to deal with the list of cases awaiting decision. </para>
          </item>
          <item label="33.">
            <para>My Ministers are giving close attention to the trend of events in industrial matters, and to the symptoms of industrial unrest. They recognise that the present machinery for the settlement of industrial disputes throughout Australia is most unsatisfactory, but they are of opinion that without an amendment of the Constitution, either as provided for  under Section 128 or by arrangement with the States, an effective remedy is impossible. My Advisers earnestly hope - notwithstanding the failure of previous attempts to secure agreement - that such a re-adjustment of powers between the Commonwealth and the States may be speedily arrived at as will put an end to the clashing jurisdictions, conflicting and overlapping awards, uncertainty, delay, expense, loss, and other unsatisfactory features of the present machinery for dealing with industrial disputes. </para>
          </item>
          <item label="34.">
            <para>The works in connexion with the construction of Canberra are in progress in accordance with the reports of the Advisory Committee. It is anticipated that reports on the works referred to the Public Works Committee will be available at an early date, and thereupon resolutions will be submitted forthwith to the House of Representatives. </para>
          </item>
          <item label="35.">
            <para>Further proposals will be submitted to you to secure the more rapid development and settlement of the Federal Capital and Territory. </para>
          </item>
          <item label="36.">
            <para>In order to safeguard more effectively the health of the people, and to improve the co-ordination of the activities of the Commonwealth and the States for that purpose, a Royal Commission will be appointed to make full and careful inquiry into the operation of the laws of the Commonwealth and the several States. </para>
          </item>
          <item label="37.">
            <para>My Ministers, appreciating the world-wide importance of the standardization of manufactures, have, through the Bureau of Science and Industry, in co-operation with certain recognised authorities and associations, made a commencement in the establishment of such standards. </para>
          </item>
          <item label="38.">
            <para>My Ministers will submit for your consideration measures relating to Naval and Air Defence, Lands Acquisition, </para>
          </item>
        </list>
      </subdebate.1>
      <subdebate.1>
        <subdebateinfo>
          <title>Bankruptcy, Patents, Trade Marks, Service and Execution of Process,, Crimes, Declarations, Navigation, Customs, Beer Excise, and Nationality</title>
          <page.no>10</page.no>
        </subdebateinfo>
        <para>In the earnest hope that under Divine guidance your deliberations may further the welfare of the people of the Commonwealth, I now leave you to the discharge of your high and important duties. </para>
      </subdebate.1>
    </debate>
    <debate>
      <debateinfo>
        <title>HIS EXCELLENCY THE GOVER</title>
        <page.no>10</page.no>
        <type>miscellaneous</type>
      </debateinfo>
      <para class="block">NOR-GENERAL having retired, </para>
      <para>The  President  read prayers. </para>
    </debate>
    <debate>
      <debateinfo>
        <title>QUESTION</title>
        <page.no>10</page.no>
        <type>Questions</type>
      </debateinfo>
      <subdebate.1>
        <subdebateinfo>
          <title>DEATH OF SENATOR ADAMSON</title>
          <page.no>10</page.no>
        </subdebateinfo>
        <speech>
          <talk.start>
            <talker>
              <page.no>10</page.no>
              <time.stamp />
              <name.id>KLS</name.id>
              <electorate>QUEENSLAND</electorate>
              <party />
              <role />
              <in.gov>0</in.gov>
              <first.speech>0</first.speech>
              <name role="metadata">GIVENS, Thomas</name>
              <name role="display">The PRESIDENT (Senator the Hon T Givens</name>
            </talker>
            <para>-  It is with most profound regret  that  I have to announce to the Senate that since we last met our late respected colleague, <inline font-weight="bold">Senator the</inline> Honorable John Adamson, met with his death by being run over by a train near to his own <inline font-style="italic">home</inline> in Brisbane. Immediately I received the news I sent, on behalf of the Senate and myself,  a  message of sorrow and sympathy to the widow of the late honorable senator. In doing so, I was well assured that I was acting in accordance with what would be the heartfelt desire of every member of the Senate. </para>
          </talk.start>
          <para>Honorable Senators.  -  Hear, hear! </para>
        </speech>
        <speech>
          <talk.start>
            <talker>
              <page.no>10</page.no>
              <time.stamp />
              <name.id>10000</name.id>
              <electorate />
              <party />
              <role />
              <in.gov>0</in.gov>
              <first.speech>0</first.speech>
              <name role="metadata">PRESIDENT, The</name>
              <name role="display">The PRESIDENT</name>
            </talker>
            <para>- Of course, my message was sent pending a more formal resolution in the Senate itself in connexion with the death of the late honorable senator, which, I anticipate, will be submitted in due course </para>
          </talk.start>
        </speech>
      </subdebate.1>
    </debate>
    <debate>
      <debateinfo>
        <title>NEW SENATORS</title>
        <page.no>10</page.no>
        <type>miscellaneous</type>
      </debateinfo>
      <speech>
        <talk.start>
          <talker>
            <page.no>10</page.no>
            <time.stamp />
            <name.id>KLS</name.id>
            <electorate />
            <party />
            <role />
            <in.gov>0</in.gov>
            <first.speech>0</first.speech>
            <name role="metadata">PRESIDENT, The</name>
            <name role="display">The PRESIDENT (Senator the Hon T Givens</name>
          </talker>
          <para>-  I have to announce that I have received a communication from  His Excellency  the Governor-General, enclosing a certificate of the choice of <inline font-weight="bold">Mr. Henry</inline> Chester-Master Garling as a senator to fill the vacancy in the representation of New South Wales in the Senate caused by the resignation, during last session, of <inline font-weight="bold">Senator H.</inline> E. Pratten. The certificate will be laid on the table, and read by the  Clerk. </para>
        </talk.start>
        <para>Certificate read by the  Clerk. </para>
        <continue>
          <talk.start>
            <talker>
              <page.no>10</page.no>
              <time.stamp />
              <name.id>KLS</name.id>
              <electorate />
              <party />
              <role />
              <in.gov>0</in.gov>
              <first.speech>0</first.speech>
              <name role="metadata">PRESIDENT, The</name>
              <name role="display">The PRESIDENT (Senator the Hon T Givens</name>
            </talker>
            <para>-  I have to announce that I  have  received a communication from His </para>
          </talk.start>
        </continue>
        <para class="block">
          <inline font-weight="bold">Excellency</inline>the Governor-General enclosing a certificate of the choice of <inline font-weight="bold">Mr. John</inline> Valentine MacDonald as a senator to fill the vacancy in the representation of Queensland in the Senate caused by the death of the late <inline font-weight="bold">Senator the</inline> Honorable J. Adamson. The certificate will be laid on the table, and read by the  Clerk. </para>
        <para>Certificate read by the  Clerk. </para>
        <para>
          <inline font-weight="bold">Senator Garling</inline>and <inline font-weight="bold">Senator MacDonald</inline> made and subscribed the oath of allegiance. </para>
      </speech>
    </debate>
    <debate>
      <debateinfo>
        <title>ASSENT TO BILLS</title>
        <page.no>10</page.no>
        <type>bill</type>
      </debateinfo>
      <para>Assent to the following Bills reported :  - </para>
      <para>Appropriation Act 1921-22. </para>
      <para>Australian Soldiers&#39; Repatriation Act 1921. </para>
      <para>Commonwealth Conciliation and Arbitration Act 1921. </para>
      <para>Commonwealth Electoral Act 1921. </para>
      <para>Commonwealth Public Works Committee Act 1921. </para>
      <para>Customs. Tariff 1921. </para>
      <para>Customs Tariff (Industries Preservation) Act 1921. </para>
      <para>Customs Tariff (New Zealand Preference) 1921. </para>
      <para>Excise Tariff 1921. </para>
      <para>Funding Arrangements Act 1921. </para>
      <para>High Court Procedure Act 1921. </para>
      <para>Income Tax Act 1921. </para>
      <para>Income Tax Assessment Act 1921. </para>
      <para>Income Tax Assessment Act 1921 (No. 2). </para>
      <para>Invalid and Old-age Pensions Appropriation Act 1921. </para>
      <para>Iron and Steel Bounty Act <inline font-style="italic">1921.</inline></para>
      <para>Loan Act (No. 2) 1921. </para>
      <para>Loans Redemption and Conversion Act 1921. Patents Act 1921. </para>
      <para>Repatriation Loan Act 1921. </para>
      <para>Returned Soldiers&#39; Woollen Company Loan Act 1921. </para>
      <para>Supplementary Appropriation Act 1919-20. </para>
      <para>Supplementary Appropriation Act 1920-1921. </para>
      <para>Supplementary Appropriation Act 1921-22. </para>
      <para>Supplementary Appropriation (Works . and Buildings) Act 19.19-1920. </para>
      <para>Supplementary Appropriation (Works and Buildings) Act 1920-1921. </para>
      <para>Tariff Board Act 1921. </para>
      <para>Trading with the Enemy Act 1921. </para>
      <para>Treaty of Peace (Hungary) Act 1921. </para>
      <para>War Precautions Act Repeal Act 1921. </para>
      <para>War Precautions (Coal) Act 1921. </para>
    </debate>
    <debate>
      <debateinfo>
        <title>WASHINGTON CONFERENCE</title>
        <page.no>10</page.no>
        <type>miscellaneous</type>
      </debateinfo>
      <para class="block">Letter from United States President. </para>
      <speech>
        <talk.start>
          <talker>
            <page.no>10</page.no>
            <time.stamp />
            <name.id>10000</name.id>
            <electorate />
            <party />
            <role />
            <in.gov>0</in.gov>
            <first.speech>0</first.speech>
            <name role="metadata">PRESIDENT, The</name>
            <name role="display">The PRESIDENT</name>
          </talker>
          <para>- I have to inform the Senate that the resolutions passed by the Senate on the 17th and 23rd November last with regard to the Disarmament Conference at Washington were conveyed to the  President  of the United </para>
        </talk.start>
        <para class="block">States through the Australian representative at the Conference, <inline font-weight="bold">Senator the</inline> Right Honorable G. F. Pearce, and the following letter was received by <inline font-weight="bold">Senator Pearce</inline> in reply: - </para>
      </speech>
      <subdebate.1>
        <subdebateinfo>
          <title>The White House,</title>
          <page.no>11</page.no>
        </subdebateinfo>
      </subdebate.1>
      <subdebate.1>
        <subdebateinfo>
          <title>Washington</title>
          <page.no>11</page.no>
        </subdebateinfo>
      </subdebate.1>
      <subdebate.1>
        <subdebateinfo>
          <title>December 3, 1921</title>
          <page.no>11</page.no>
        </subdebateinfo>
      </subdebate.1>
      <subdebate.1>
        <subdebateinfo>
          <title>My Dear Senator Pearce,</title>
          <page.no>11</page.no>
        </subdebateinfo>
        <para>I am writing just a few lines to thank you again for your call, and for bringing tome the resolutions adopted by the Senate of the Parliament of the Commonwealth of Australia expressing its congratulations on the efforts of the Government of the United States in behalf of armament limitation and greater guarantees of world peace. </para>
        <para>I will be grateful if you will express to the Senate of the Commonwealth my very great appreciation and gratification. Such assurances are an inspiration and a source of increased strength and determination in behalf of what I know we all believe is a noble and very worth-while cause. </para>
        <para>As testifying the united purpose of great free peoples, they have at this time a peculiar value in relation to the efforts which are being so earnestly pressed by the delegates to the Conference , on Limitation of Armament. </para>
        <para>Please convey to the Senate, to the Parliament, and the people of the Commonwealth of Australia, my sincerest wishes for their continuedprogress and prosperity, and for the fullest realization of the magnificent destiny which all Americans recognise as assured to your great people. </para>
        <para>Most sincerely yours, </para>
      </subdebate.1>
      <subdebate.1>
        <subdebateinfo>
          <title>Warren G. Harding</title>
          <page.no>11</page.no>
        </subdebateinfo>
      </subdebate.1>
      <subdebate.1>
        <subdebateinfo>
          <title>Honorable G. F. Pearce,</title>
          <page.no>11</page.no>
        </subdebateinfo>
      </subdebate.1>
      <subdebate.1>
        <subdebateinfo>
          <title>Hotel La Fayette,</title>
          <page.no>11</page.no>
        </subdebateinfo>
      </subdebate.1>
      <subdebate.1>
        <subdebateinfo>
          <title>Washington, D.C</title>
          <page.no>11</page.no>
        </subdebateinfo>
      </subdebate.1>
    </debate>
    <debate>
      <debateinfo>
        <title>QUESTION</title>
        <page.no>11</page.no>
        <type>Questions</type>
      </debateinfo>
      <subdebate.1>
        <subdebateinfo>
          <title>SETTLEMENT OF IRISH QUESTION</title>
          <page.no>11</page.no>
        </subdebateinfo>
        <speech>
          <talk.start>
            <talker>
              <page.no>11</page.no>
              <time.stamp />
              <name.id>KLS</name.id>
              <electorate />
              <party />
              <role />
              <in.gov>0</in.gov>
              <first.speech>0</first.speech>
              <name role="metadata">PRESIDENT, The</name>
              <name role="display">The PRESIDENT (Senator the Hon T Givens</name>
            </talker>
            <para>-  I have to inform the Senate that the resolution passed by the Senate on 8th December, 1921, with regard to the settlement of the Irish question has been conveyed, through the Government, to the Prime Minister of Great Britain, from whom has been received, in reply, a cablegram in the following terms :  - </para>
          </talk.start>
          <quote>
            <para>Please convey to Senate of the Commonwealth of Australia my sincere thanks for their very kind resolution. </para>
            <para>I will gladly transmit to my colleagues of the recent Irish Conference the Senate&#39;s message of greeting to Ireland as a member of the British Commonwealth of Nations. </para>
          </quote>
        </speech>
      </subdebate.1>
    </debate>
    <debate>
      <debateinfo>
        <title>MINISTERIAL PORTFOLIOS - REDISTRIBUTION</title>
        <page.no>11</page.no>
        <type>miscellaneous</type>
      </debateinfo>
      <speech>
        <talk.start>
          <talker>
            <page.no>11</page.no>
            <time.stamp />
            <name.id>KUL</name.id>
            <electorate>NEW SOUTH WALES</electorate>
            <party>FT; ANTI-SOC from 1910; LP from 1913; NAT from 1917</party>
            <role>Minister &#39; for Repatriation</role>
            <in.gov>0</in.gov>
            <first.speech>0</first.speech>
            <name role="metadata">MILLEN, Edward</name>
            <name role="display">Senator E D MILLEN</name>
          </talker>
          <para>
            <inline font-style="italic">(By leave).</inline>- I desire to announce that, following on the resignation of the Right Honorable <inline font-weight="bold">Sir Joseph</inline> Cook of the office of Treasurer, the Ministry has been reconstructed as follows :  - </para>
        </talk.start>
        <para>The Right Honorable William Morris Hughes, P.C., K.C., to be Prime Minister and Minister for External Affairs. </para>
        <para>
          <inline font-weight="bold">Senator the</inline>Right Honorable George Foster Pearce, P.C., to be Minister for Home and Territories. </para>
        <para>
          <inline font-weight="bold">Senator the</inline>Honorable Edward Davis Millen, to be Minister for Repatriation. </para>
        <para>The Honorable Littleton Ernest Groom, to be Attorney-General. </para>
        <para>The Honorable Walter Massy Greene, to be Minister for Defence and Health. </para>
        <para>The Honorable Alexander Poynton, O.B.E., to be Postmaster-General. </para>
        <para>The Honorable Arthur Stanislaus Rodgers, to be Minister for Trade and Customs. </para>
        <para>The Honorable Stanley Melbourne Bruce, M.C., to be Treasurer. </para>
        <para>The Honorable Richard Witty Foster, to be Minister for Works and Rail-&#39; ways. </para>
        <para>The Honorable <inline font-weight="bold">Sir Granville</inline> de Laune Ryrie, K.C.M.G., to be Honorary Minister. </para>
        <para>
          <inline font-weight="bold">Senator the</inline>Honorable John Earle, to be Vice-President of the Executive Council. </para>
        <para>The Honorable Hector Lamond, to be Honorary Minister. </para>
        <para class="block">The Minister for Repatriation in this Chamber will represent the Prime Minister, the Minister for External Affairs, and the Treasurer; the Minister for Home and Territories will represent the Attorney-General and the Minister for Defence and Health; and the VicePresident of the Executive Council will represent the Minister for Works and Railways, the Postmaster-General, and the Minister for Trade and Customs. </para>
      </speech>
    </debate>
    <debate>
      <debateinfo>
        <title>GOVERNOR-GENERAL&#39;S SPEECH</title>
        <page.no>11</page.no>
        <type>miscellaneous</type>
      </debateinfo>
      <speech>
        <talk.start>
          <talker>
            <page.no>11</page.no>
            <time.stamp />
            <name.id>KLS</name.id>
            <electorate />
            <party />
            <role />
            <in.gov>0</in.gov>
            <first.speech>0</first.speech>
            <name role="metadata">PRESIDENT, The</name>
            <name role="display">The PRESIDENT (Senator the Hon T Givens</name>
          </talker>
          <para>- I have to report that I have received a copy of the Speech with which His Excellency the GovernorGeneral was graciously pleased to open  the present session of the Commonwealth Parliament. </para>
        </talk.start>
        <para>Motion (by <inline font-weight="bold">Senator E.</inline> D. Millen) agreed . to - </para>
        <quote>
          <para>That the consideration of the Speech be an Order of the Day for the next day of sitting. </para>
        </quote>
      </speech>
    </debate>
    <debate>
      <debateinfo>
        <title>SITTING OF THE SENATE</title>
        <page.no>12</page.no>
        <type>miscellaneous</type>
      </debateinfo>
      <para>Motion (by <inline font-weight="bold">Senator E.</inline> D. Millen) agreed to - </para>
      <quote>
        <para>That the Senate, at its rising, adjourn until 3 p.m. . to-morrow. </para>
      </quote>
    </debate>
    <debate>
      <debateinfo>
        <title>DEATH OF THE HONORABLE F. G. TUDOR.</title>
        <page.no>12</page.no>
        <type>miscellaneous</type>
      </debateinfo>
      <speech>
        <talk.start>
          <talker>
            <page.no>12</page.no>
            <time.stamp />
            <name.id>KUL</name.id>
            <electorate>NEW SOUTH WALES</electorate>
            <party>FT; ANTI-SOC from 1910; LP from 1913; NAT from 1917</party>
            <role>Minister for Repatriation</role>
            <in.gov>0</in.gov>
            <first.speech>0</first.speech>
            <name role="metadata">MILLEN, Edward</name>
            <name role="display">Senator E D MILLEN</name>
          </talker>
          <para>
            <inline font-style="italic">(By leave).</inline>- I desire to submit two motions, one in reference to the death of <inline font-weight="bold">Mr. Tudor,</inline> and the other in relation to the death of <inline font-weight="bold">Senator Adamson.</inline> I now move - </para>
        </talk.start>
        <quote>
          <para>That this Senate expresses its profound regret at the death of the late Honorable Prank Gwynne Tudor, who, from the commencement of the Commonwealth, represented the Division of Yarra for twenty-one years. This Senate also places on record its high appreciation of the sterling public service rendered by the deceased member to the people of the Commonwealth, and extends to his widow and family its sincere sympathy in their bereavement. </para>
        </quote>
        <para class="block">The Senate has already been reminded of the fact that death has been busy in the ranks of Federal parliamentarians since we last met here. I feel certain that, although that reference was timely, it was not needed to remind honorable senators of those whose loss we now mourn. <inline font-weight="bold">Mr. Tudor</inline> had had a long, distinguished, and honorable public career. He entered the National Parliament on its formation in 1901, and it is evidence of the esteem of those who sent him here that they retained his services until his decease. During that long period of very assiduous and faithful public service he attained Ministerial rank, and held office in four Ministries. Even those most sharply separated from him in political views &#39;felt that on all occasions and under all circumstances he administered the Departments under his control according to the highest traditions.  His  worth to the country and to his party was recognised further by his receiving the high and honorable position of leader of his party, which he held up to the time of his death. Regarding hispublic career I need hardly add more than that, if there was ever a man of whom we might say that he sought to serve his country from a high sense of duty asthat duty presented itself to him, it was the gentleman whose loss we now mourn. He was the esteemed friend of us all..  His  kindly, lovable disposition, hisgenerosity towards his fellows - even in the moments of warm debate - were very marked. There was that about his personality that attracted, and, indeed, compelled, esteem and respect. That characteristic <inline font-weight="bold">Mr. Tudor</inline> possessed to the fullest extent. We can only regret that his services, which were very constantand very marked, are no longer available&#39; to this Parliament and to this country. Perhaps I may make a passing reference to those who will necessarily mourn his loss more than we do. In close proximity to the tragedy that has robbed them of a husband, and father, our expression of sympathy may be a poor thing,&#39; but in all sincerity we offer it to the relatives of the deceased. No more appropriate epitaph could be written over his grave than that on all occasions his one thought was to do his duty. </para>
      </speech>
      <speech>
        <talk.start>
          <talker>
            <page.no>12</page.no>
            <time.stamp />
            <name.id>KKZ</name.id>
            <electorate>New South Wales</electorate>
            <party />
            <role />
            <in.gov>0</in.gov>
            <first.speech>0</first.speech>
            <name role="metadata">GARDINER, Albert</name>
            <name role="display">Senator GARDINER</name>
          </talker>
          <para>.- It is with feelings of sincere regret and sympathy that I desire to associate myself with all that has been said by the Leader o&#39;f the Government <inline font-weight="bold">(Senator E. D. Millen).</inline> Associated as I was with the late <inline font-weight="bold">Mr. Tudor,</inline> it is impossible to overestimate his many manly -virtues. As a member of this Parliament from its inception, he won a high place in the hearts of us all, and we unanimously agree that no more warm-hearted friend, or more generous opponent, ever held a seat in Parliament. I join with the Leader of the Government in his expressionsof appreciation and in the motion conveying our sympathy to the widow and family in the loss of such a good and able man. </para>
        </talk.start>
        <para>Question resolved in the affirmative, honorable senators standing in their places. </para>
      </speech>
    </debate>
    <debate>
      <debateinfo>
        <title>QUESTION</title>
        <page.no>12</page.no>
        <type>Questions</type>
      </debateinfo>
      <subdebate.1>
        <subdebateinfo>
          <title>THE LATE SENATOR ADAMSON</title>
          <page.no>12</page.no>
        </subdebateinfo>
        <speech>
          <talk.start>
            <talker>
              <page.no>12</page.no>
              <time.stamp />
              <name.id>KUL</name.id>
              <electorate>NEW SOUTH WALES</electorate>
              <party>FT; ANTI-SOC from 1910; LP from 1913; NAT from 1917</party>
              <role>Minister for Repatriation</role>
              <in.gov>0</in.gov>
              <first.speech>0</first.speech>
              <name role="metadata">MILLEN, Edward</name>
              <name role="display">Senator E D MILLEN</name>
            </talker>
            <para>- <inline font-style="italic">(By leave).</inline> - I now move - </para>
          </talk.start>
          <quote>
            <para>That this Senate expresses its great sorrow at the death of the late <inline font-weight="bold">Senator John</inline> Adamson, </para>
            <para class="block">C.B.E., and tenders its deepest sympathy to <inline font-weight="bold">Mrs. Adamson</inline> and her family in their bereavement. </para>
          </quote>
          <para class="block">The late <inline font-weight="bold">Senator Adamson</inline> was, as far as his membership of this Parliament was concerned, quite a young man. He only joined our ranks at the election of 1920, and thereforewas, comparatively speaking, new amongst us. But he had a very creditable period of public service in the State which he represented. For fifteen years he was, in one capacity or another, serving the people of his State, and for some portion of that time in a Ministerial capacity. Whatever views may be held regarding the incident to which I am about to refer - I have in mind his resignation of Ministerial office owing to a difference of opinion with his colleagues - ho was returned to represent the people of the great northern State in this Parliament. The members of this Chamber had then an opportunity of direct acquaintance with him. He had always been an active figure in the public life of his State. I may refer particularly to his work in connexion with the war. He was a thorough Britisher in the sense of ever striving to do that for which the Empire stands.  His  activities&#39; in connexion with our soldiers, which were brought particularly under my notice because of my association with theRepatriation Department, deserved the highest praise. He was at all times available to do what he could to alleviate the conditions in which our returned men necessarily found themselves. &#34;Whilst a member of this Chamber his deep earnestness and great concern in the discharge of what he thought to be his duty, in spite of failing health, must have impressed us all. I venture to say that, had it not been for his conscientious desire, and his determination to stand to the post to which he had been called, possibly he would have prolonged his days somewhat. During his term here we learned to respect and admire the late <inline font-weight="bold">Senator John</inline> Adamson for his blunt honesty and sincerity of purpose. Therefore, I submit the motion with the full confidence thatall senatorswill earnestly join in extending to his widow and family that sympathy which we undoubtedly feel.  </para>
        </speech>
        <speech>
          <talk.start>
            <talker>
              <page.no>13</page.no>
              <time.stamp />
              <name.id>KKZ</name.id>
              <electorate>New South Wales</electorate>
              <party />
              <role />
              <in.gov>0</in.gov>
              <first.speech>0</first.speech>
              <name role="metadata">GARDINER, Albert</name>
              <name role="display">Senator GARDINER</name>
            </talker>
            <para>. - It is my duty to join with the Minister in charge of the Senate <inline font-weight="bold">(Senator E. D. Millen)</inline> in express ing the regret we all feel at the death of <inline font-weight="bold">Senator John</inline> Adamson and our sympathy with his relatives. The late senator did not enjoy a prolonged period amongst us., but we all know that he had won for himself a favorable name and an honorable position in the State of Queensland. The personality of the man was unmistakable. My slight acquaintance with him only confirmed me in the high opinion I had formed of him from his reputation in Queensland. It is with most sincere regret that I now join with the Leader of the Senate in mourning the loss of one of the most distinguished members ever sent by the people of Queensland to this Chamber. </para>
          </talk.start>
        </speech>
        <speech>
          <talk.start>
            <talker>
              <page.no>13</page.no>
              <time.stamp />
              <name.id>K2L</name.id>
              <electorate>Queensland</electorate>
              <party />
              <role />
              <in.gov>0</in.gov>
              <first.speech>0</first.speech>
              <name role="metadata">REID, Matthew</name>
              <name role="display">Senator REID</name>
            </talker>
            <para>. - As an old friend and colleague of the late <inline font-weight="bold">Senator Adamson,</inline> I should like to indorse the remarks made by the Minister for Repatriation <inline font-weight="bold">(Senator E. D. Millen)</inline> and the Leader of the Opposition <inline font-weight="bold">(Senator Gardiner).</inline> I knew him for a long time before he entered politics. He left the ministry of the Church to take an active part in the public affairs of his State, and I may add that his sympathies were always with the suffering and the oppressed. In everything he did he sought to uplift those whom we may call the &#34; working classes &#34; of this country.  His  political career was at times very stormy and his fortunes changeable. The Minister forRepatriation has referred to one incident in connexion with the late war, in which the late honorable senator took such an active part. He resigned his position in the Queensland Ministry owing, as the Leader of the Senate has remarked, to a difference of opinion with his colleagues. He came out of the Ministry and stood for what he considered to be the true ideal of a Democracy, namely, that every Democrat should serve his country during such a crisis. I may be excused if I refer to something that occurred at a public meeting which I attended with the late honorable senator during the conscription campaign in Queensland, but I shall not mention the name of the town, because the incident does not redound to its credit. As we left the meeting the mob became so unruly that the late honorable senator was felled by a stone which struck him on the head, and we were obliged to take shelter in a railway carriage under police protection. </para>
          </talk.start>
          <para class="block">I refer to that episode because it demonstrates in what mariner occasionally a man may be treated for honestly endeavouring to serve his country. I wish, also, to express my deep sympathy with the late honorable senator&#39;s family.  His  health had been failing for a long time before he became a member of this Senate. I join in the motion and wish to convey to his widow and family my deepest sympathy in their bereavement. </para>
        </speech>
        <speech>
          <talk.start>
            <talker>
              <page.no>14</page.no>
              <time.stamp />
              <name.id>KS9</name.id>
              <electorate>Queensland</electorate>
              <party />
              <role />
              <in.gov>0</in.gov>
              <first.speech>0</first.speech>
              <name role="metadata">MACDONALD, John Valentine</name>
              <name role="display">Senator MacDONALD</name>
            </talker>
            <para>. - I can hardly allow this occasion to pass -.without saying a few words, expressive of my sympathy with the family of the late <inline font-weight="bold">Senator Adamson,</inline> because his unfortunate death had an important . bearing on my appearance in this&#39; . Chamber. I knew the late senator for a . number of years, and in circumstances quite different from those in which he appeared to other honorable senators. My acquaintance with him did not, perhaps, extend over such a long period as was indicated by the honorable senator who preceded me, but I saw a good deal of him for many years before he entered this Parliament, and I formed the very highest opinion of him as a man of his word and as one who held, perhaps, too strongly, in view of the uncertainty of human affairs, to his political -beliefs. Probably this trait in his character . hastened his end, because we all know that in the discussion of political questions we sometimes speak too heatedly and expend a great deal of vital force, which in later life cannot readily be made up, and whose absence leads to catastrophe. On certain occasions, long before the war threw its dread shadows over the world, I was the recipient of little homilies from the late senator, - with whom I was on terms of friendship. I knew him as a highly cultured and widely read man, who had &#39; delved very deeply into those sources of - knowledge which are available to every one of a literary bent. I would like to say very much more ; but as this is an occasion when brevity is observed, I willmerely add my expressions of appreciation of the late <inline font-weight="bold">Senator Adamson&#39;s</inline> personality and join with others in conveying my deep sympathy to his widow and family.. </para>
          </talk.start>
          <para>Question resolved in the affirmative, honorable senators standing in - their places. . </para>
        </speech>
        <speech>
          <talk.start>
            <talker>
              <page.no>14</page.no>
              <time.stamp />
              <name.id>KLS</name.id>
              <electorate />
              <party />
              <role />
              <in.gov>0</in.gov>
              <first.speech>0</first.speech>
              <name role="metadata">PRESIDENT, The</name>
              <name role="display">The PRESIDENT (Senator the Hon T Givens</name>
            </talker>
            <para>- It is hardly necessary for me to inform the Senate that I shall take the earliest opportunity of forwarding the resolutions just passed to the widow of the late Honorable F.G. Tudor, and of the late <inline font-weight="bold">Senator John.</inline> Adamson, together with copies of the speeches delivered this afternoon. </para>
          </talk.start>
        </speech>
      </subdebate.1>
    </debate>
    <debate>
      <debateinfo>
        <title>ADJOURNMENT</title>
        <page.no>14</page.no>
        <type>adjournment</type>
      </debateinfo>
      <speech>
        <talk.start>
          <talker>
            <page.no>14</page.no>
            <time.stamp />
            <name.id>KUL</name.id>
            <electorate>NEW SOUTH WALES</electorate>
            <party>FT; ANTI-SOC from 1910; LP from 1913; NAT from 1917</party>
            <role>Minister for Repatriation</role>
            <in.gov>0</in.gov>
            <first.speech>0</first.speech>
            <name role="metadata">MILLEN, Edward</name>
            <name role="display">Senator E D MILLEN</name>
          </talker>
          <para>. - As a mark of respect to the late Honorable Frank Gwynne Tudor and the late <inline font-weight="bold">Senator John</inline> Adamson, I move - </para>
        </talk.start>
        <para>That the Senate do now adjourn. </para>
        <para>Question resolved in the affirmative. </para>
        <para>Senate adjourned at 4.7 p.m. </para>
      </speech>
    </debate>
  </chamber.xscript>
</hansard>
