<?xml version="1.0" encoding="utf-8"?>
<hansard xsi:noNamespaceSchemaLocation="../../hansard.xsd" version="2.1" xmlns:xsi="http://www.w3.org/2001/XMLSchema-instance">
  <session.header>
    <date>1922-08-10</date>
    <parliament.no>8</parliament.no>
    <session.no>2</session.no>
    <period.no>0</period.no>
    <chamber>SENATE</chamber>
    <page.no>1279</page.no>
    <proof>0</proof>
  </session.header>
  <chamber.xscript>
    <para class="block">Senate. </para>
    <business.start>
      <day.start>1922-08-10</day.start>
      <para>The <inline font-weight="bold">President (Senator the Hon. T. Givens)</inline> took the chair at 3 p.m., and read prayers. </para>
    </business.start>
    <debate>
      <debateinfo>
        <title>CASE OF CAPTAIN STRASBURG</title>
        <page.no>1279</page.no>
        <type>miscellaneous</type>
      </debateinfo>
      <subdebate.1>
        <subdebateinfo>
          <title>Reportof Select Committee</title>
          <page.no>1279</page.no>
        </subdebateinfo>
        <speech>
          <talk.start>
            <talker>
              <page.no>1279</page.no>
              <time.stamp />
              <name.id>KKZ</name.id>
              <electorate>NEW SOUTH WALES</electorate>
              <party />
              <role />
              <in.gov>0</in.gov>
              <first.speech>0</first.speech>
              <name role="metadata">GARDINER, Albert</name>
              <name role="display">Senator GARDINER</name>
            </talker>
            <para>- I should like, as a matter of privilege or with the consent of the Senate, to move that the trine for bringing up the report of the Select Committee inquiring into theclaims of Captain J. Strasburg for the war gratuity, which was fixed for to-day, should beextended until the 1st November. </para>
          </talk.start>
        </speech>
        <speech>
          <talk.start>
            <talker>
              <page.no>1279</page.no>
              <time.stamp />
              <name.id>KLS</name.id>
              <electorate>QUEENSLAND</electorate>
              <party />
              <role />
              <in.gov>0</in.gov>
              <first.speech>0</first.speech>
              <name role="metadata">GIVENS, Thomas</name>
              <name role="display">The PRESIDENT (Senatorthe Hon T Givens</name>
            </talker>
            <para>- I suppose that the Government do not propose to answer questions to-day. </para>
          </talk.start>
          <interjection>
            <talk.start>
              <talker>
                <page.no>1279</page.no>
                <time.stamp />
                <name.id>KUL</name.id>
                <electorate>NEW SOUTH WALES</electorate>
                <party>FT; ANTI-SOC from 1910; LP from 1913; NAT from 1917</party>
                <role />
                <in.gov>0</in.gov>
                <first.speech>0</first.speech>
                <name role="metadata">MILLEN, Edward</name>
                <name role="display">Senator E D MILLEN</name>
              </talker>
              <para>-  No. </para>
            </talk.start>
          </interjection>
        </speech>
        <speech>
          <talk.start>
            <talker>
              <page.no>1279</page.no>
              <time.stamp />
              <name.id>10000</name.id>
              <electorate />
              <party />
              <role />
              <in.gov>0</in.gov>
              <first.speech>0</first.speech>
              <name role="metadata">PRESIDENT, The</name>
              <name role="display">The PRESIDENT</name>
            </talker>
            <para>- Then the Senate can proceed to the Order of the Day for the report of the Committee to be brought up, and <inline font-weight="bold">Senator Gardiner</inline> can then submit his motion. </para>
          </talk.start>
          <para>On the Order of the Day being read, </para>
          <para>Motion (by <inline font-weight="bold">Senator Gardiner)</inline> agreed to. </para>
          <para>That the time for bringing up the report be extended to 1st November next. </para>
        </speech>
      </subdebate.1>
    </debate>
    <debate>
      <debateinfo>
        <title>ADJOURNMENT</title>
        <page.no>1279</page.no>
        <type>adjournment</type>
      </debateinfo>
      <subdebate.1>
        <subdebateinfo>
          <title>Motion of Censure</title>
          <page.no>1279</page.no>
        </subdebateinfo>
        <speech>
          <talk.start>
            <talker>
              <page.no>1279</page.no>
              <time.stamp />
              <name.id>KUL</name.id>
              <electorate>NEW SOUTH WALES</electorate>
              <party>FT; ANTI-SOC from 1910; LP from 1913; NAT from 1917</party>
              <role>Minister for Repatriation</role>
              <in.gov>0</in.gov>
              <first.speech>0</first.speech>
              <name role="metadata">MILLEN, Edward</name>
              <name role="display">Senator E D MILLEN</name>
            </talker>
            <para>; - As honorable senators probably know unofficially, in con sequence of a motion of which notice has been given in another place, that Chamber has adjourned, and, followingthe constitutionalpractice in such cases, I move - </para>
          </talk.start>
          <quote>
            <para>That the Senate do now adjourn. </para>
          </quote>
          <para>Question resolved in the affirmative. </para>
          <para>Senate adjourned at3.3. p.m. </para>
        </speech>
      </subdebate.1>
    </debate>
  </chamber.xscript>
</hansard>
