<?xml version="1.0" encoding="utf-8"?>
<hansard xsi:noNamespaceSchemaLocation="../../hansard.xsd" version="2.1" xmlns:xsi="http://www.w3.org/2001/XMLSchema-instance">
  <session.header>
    <date>1924-06-11</date>
    <parliament.no>9</parliament.no>
    <session.no>2</session.no>
    <period.no>2</period.no>
    <chamber>SENATE</chamber>
    <page.no>1129</page.no>
    <proof>0</proof>
  </session.header>
  <chamber.xscript>
    <para class="block">Senate. </para>
    <business.start>
      <day.start>1924-06-11</day.start>
      <para>The <inline font-weight="bold">President (Senator the Hon. T. Givens)</inline> took the chair at 3 p.m., and read prayers. </para>
    </business.start>
    <debate>
      <debateinfo>
        <title>PAPERS</title>
        <page.no>1129</page.no>
        <type>papers</type>
      </debateinfo>
      <para>The following papers were presented :  - </para>
      <quote>
        <para>Arbitration (Public Service) Act - Determinations by the Arbitrator,&#38;c. - </para>
      </quote>
      <para>No. 18 of 1924- Professional Officers&#39; Association, Commonwealth Public Service. </para>
      <para>No. 20 of 1924- Commonwealth Public Service Clerical Association; Australian Telegraphists&#39; Union; Commonwealth Postmasters&#39; Association; Federated Public Service Assistants&#39; Association; Australian Postal Assistants&#39; Union; General Division Officers&#39; Union of the Trade and Customs Department; Australian Postal Linemen&#39;s Union; and Australian  Letter Carriers&#39; Association. </para>
      <para>No. 22 of 1924- Commonwealth Public  Service Clerical Association. </para>
      <para>Audit Act - Transfers of amounts approved&#39; by the Governor-General in Council - Financial Year 1923-24- Dated 21st May, 1924. </para>
      <para>Commerce (Trades Descriptions) Act - Regulations amended - Statutory Rules 1924, No. 73. </para>
      <para>Excise Act - Regulations amended - Statutory Rules 1924, No. 74. </para>
      <para>Institute of Science and Industry Act - Second Annual Report of Director, covering period from 1st July, 1922, to 31st December, 1923. </para>
      <para>International Labour Conference - Draft  Conventions and Recommendations adopted at Third Session, held at Geneva, October-November, 1921 . </para>
      <para>Lands Acquisition -Act - Lnnd acquired for Postal purposes - </para>
      <para>New South &#34;Wales- The Entrance, Tuggernh Lake. </para>
      <para>South Australia - Bute; North Norwood. </para>
      <para>Tasmania - Claremont ; Invermay . </para>
      <para>Victoria - Blackburn ; Bunyip ; North Geelong; Fakenham Bast. </para>
      <para>Western Australia- Mount Hawthorn. </para>
      <para>Naval Defence Act - Regulations amended -Statutory Rules 1024, No. 77. </para>
      <para>Now Guinea - Ordinances of 1924 - </para>
      <para>No. 14 - Fisheries. </para>
      <para>No. 15 - Lands Registration. </para>
      <para>No. 16- Mining. </para>
      <para>No. 17 - Transfer of Land Control. </para>
      <para>No. 18- District Courts (No. 2). </para>
      <para>Northern Territory - Ordinances of 1924- </para>
      <para>No. 8 - Justices&#39; Appeals. </para>
      <para>No. 11- Aboriginals (No. 2). </para>
      <para>No. 12 - Deceased Brother&#39;s </para>
      <para>Widow&#39;s Marriage. </para>
      <para>Public Service Act- Appointment of F. R. Kerr, Department of Health. </para>
      <para>Spirits Act - Regulations amended - Statutory Rules 1924, No. 75. </para>
      <para>War Service Homes Act - Land acquired in New South Wales at Coogee (in lieu of notification presented on 27th March, 1924); AVaverloy. </para>
    </debate>
    <debate>
      <debateinfo>
        <title>CANNED FRUIT BOUNTY BILL</title>
        <page.no>1130</page.no>
        <type>bill</type>
      </debateinfo>
      <para>Assent reported. </para>
    </debate>
    <debate>
      <debateinfo>
        <title>SEAT OF GOVERNMENT (ADMINISTRATION) BILL</title>
        <page.no>1130</page.no>
        <type>bill</type>
      </debateinfo>
      <para>Bill received from the House of Representatives. </para>
      <para>Motion (by <inline font-weight="bold">Senator Peabob)</inline> proposed - </para>
      <para>That the Bill be now read a first time. </para>
      <interjection>
        <talk.start>
          <talker>
            <page.no>1130</page.no>
            <time.stamp />
            <name.id>KKZ</name.id>
            <electorate>NEW SOUTH WALES</electorate>
            <party>ALP; PROG LAB from 1928</party>
            <role />
            <in.gov>0</in.gov>
            <first.speech>0</first.speech>
            <name role="metadata">GARDINER, Albert</name>
            <name role="display">Senator GARDINER</name>
          </talker>
          <para>- May I speak to this motion 1 </para>
        </talk.start>
      </interjection>
      <speech>
        <talk.start>
          <talker>
            <page.no>1130</page.no>
            <time.stamp />
            <name.id>10000</name.id>
            <electorate />
            <party />
            <role />
            <in.gov>0</in.gov>
            <first.speech>0</first.speech>
            <name role="metadata">PRESIDENT, The</name>
            <name role="display">The PRESIDENT</name>
          </talker>
          <para>- No. It is a formal motion. </para>
        </talk.start>
        <interjection>
          <talk.start>
            <talker>
              <page.no>1130</page.no>
              <time.stamp />
              <name.id>KKZ</name.id>
              <electorate>NEW SOUTH WALES</electorate>
              <party>ALP; PROG LAB from 1928</party>
              <role />
              <in.gov>0</in.gov>
              <first.speech>0</first.speech>
              <name role="metadata">GARDINER, Albert</name>
              <name role="display">Senator GARDINER</name>
            </talker>
            <para>- I merely wished to enter my protest against the Senate doing business while the House of Representatives is discussing a censure motion. </para>
          </talk.start>
        </interjection>
        <para>Question resolved in the affirmative. </para>
        <para>BUI read a first time. </para>
      </speech>
    </debate>
    <debate>
      <debateinfo>
        <title>LOAN BILL</title>
        <page.no>1130</page.no>
        <type>bill</type>
      </debateinfo>
      <para> Bill received from the House of Representatives arid (on motion by <inline font-weight="bold">Senator</inline></para>
      <para>Tearoe) read a first time. </para>
    </debate>
    <debate>
      <debateinfo>
        <title>ADJOURNMENT</title>
        <page.no>1130</page.no>
        <type>adjournment</type>
      </debateinfo>
      <subdebate.1>
        <subdebateinfo>
          <title>Censure Motion: Conduct of Business</title>
          <page.no>1130</page.no>
        </subdebateinfo>
        <para>Motion (by <inline font-weight="bold">Senator Pearce)</inline> proposed - </para>
        <para>That the Senate do now adjourn. </para>
        <speech>
          <talk.start>
            <talker>
              <page.no>1130</page.no>
              <time.stamp />
              <name.id>KKZ</name.id>
              <electorate>New South Wales</electorate>
              <party />
              <role />
              <in.gov>0</in.gov>
              <first.speech>0</first.speech>
              <name role="metadata">GARDINER, Albert</name>
              <name role="display">Senator GARDINER</name>
            </talker>
            <para>. - I am sure that the Government did not t give consideration beforehand to the action they have taken to day. The Senate should either go on with its business, notwithstanding the. fact that a censure motion has been submitted in the House of Representatives, or adjourn without the transaction of any business. If anything is likely to bring this Chamber into ridicule it is when Ministers proceed to deal with Midi business as suits them, and then ask the Senate to adjourn on the pretenoe that it is in accordance with the practice that has been followed during the last 23 years when a no-confidence debate is taking place in the House of Representatives. </para>
          </talk.start>
          <interjection>
            <talk.start>
              <talker>
                <page.no>1130</page.no>
                <time.stamp />
                <name.id>K0F</name.id>
                <electorate>WESTERN AUSTRALIA</electorate>
                <party>ALP; NAT from 1917; UAP from 1931</party>
                <role />
                <in.gov>0</in.gov>
                <first.speech>0</first.speech>
                <name role="metadata">PEARCE, George</name>
                <name role="display">Senator PEARCE</name>
              </talker>
              <para>- In such circumstances formal business has always been transacted. </para>
            </talk.start>
          </interjection>
          <continue>
            <talk.start>
              <talker>
                <page.no>1130</page.no>
                <time.stamp />
                <name.id>KKZ</name.id>
                <electorate />
                <party />
                <role />
                <in.gov>0</in.gov>
                <first.speech>0</first.speech>
                <name role="metadata">GARDINER, Albert</name>
                <name role="display">Senator GARDINER</name>
              </talker>
              <para>- I should like the Minister to prove that it has <inline font-style="italic">irvor</inline> been done. It is my recollection that it has not been done. I have even seen u Minister interrupt the course of a debate in this Chamber and move &#34; That the Senate do now adjourn&#34; in. consequenceof something that has. transpired in another place. I do not care which procedure is followed, but we certainly should adopt one course or the other; and I protest against the action of the Minister in asking that certain business should be done by the Senate, and then, making a pretence of asking the Senate to adjourn in accordance with the practice adopted when a no-confidence debate is in progress in the House of Representatives. It was absurd for the Government to go on -with any business in this Chamber. They may go out of office, and if there was anything like decent parliamentary representation, they would not remain in power. If there existed among members anything like the spirit of independence that existed among members of Parliaments which I have known, the fact that a Government had paid away a sum of money without the authority of Parliament would put them out of office. </para>
            </talk.start>
          </continue>
          <interjection>
            <talk.start>
              <talker>
                <page.no>1131</page.no>
                <time.stamp />
                <name.id>K09</name.id>
                <electorate />
                <party />
                <role />
                <in.gov>0</in.gov>
                <first.speech>0</first.speech>
                <name role="metadata">PAYNE, Herbert</name>
                <name role="display">Senator Payne</name>
              </talker>
              <para>- Surely we cannot discuss that matter now. </para>
            </talk.start>
          </interjection>
          <continue>
            <talk.start>
              <talker>
                <page.no>1131</page.no>
                <time.stamp />
                <name.id>KKZ</name.id>
                <electorate />
                <party />
                <role />
                <in.gov>0</in.gov>
                <first.speech>0</first.speech>
                <name role="metadata">GARDINER, Albert</name>
                <name role="display">Senator GARDINER</name>
              </talker>
              <para>- If to give away the people&#39;s money to the friends of Ministers without the consent of Parliament is not calculated to put a Ministry out of office, under what conditions can one conceive of a Government being defeated? </para>
            </talk.start>
          </continue>
          <interjection>
            <talk.start>
              <talker>
                <page.no>1131</page.no>
                <time.stamp />
                <name.id>K0F</name.id>
                <electorate />
                <party />
                <role />
                <in.gov>0</in.gov>
                <first.speech>0</first.speech>
                <name role="metadata">PEARCE, George</name>
                <name role="display">Senator Pearce</name>
              </talker>
              <para>- Now we understand why the honorable senator has risen to enter a protest. </para>
            </talk.start>
          </interjection>
          <continue>
            <talk.start>
              <talker>
                <page.no>1131</page.no>
                <time.stamp />
                <name.id>KKZ</name.id>
                <electorate />
                <party />
                <role />
                <in.gov>0</in.gov>
                <first.speech>0</first.speech>
                <name role="metadata">GARDINER, Albert</name>
                <name role="display">Senator GARDINER</name>
              </talker>
              <para>- If the Minister is anxious to transact business, I am entitled to transact mine. It cannot be a one-sided arrangement. No Ministry with a spark of honesty would hand over . the people&#39;s money to certain wealthy individuals without parliamentary authority, and I cannot imagine a Minister who belongs to such a Government being anxious to get ready to conduct business as usual. &#34;When a grave charge is hanging over the heads  of  Ministers, I should imagine he would have the decency not to make a pretence of proceeding with further business. <inline font-weight="bold">Senator Pearce</inline> has been long enough in public lifo to know what should be done, and to act accordingly. He cannot say that the Senate is pressed for time, and that the business he has brought forward is of great importance or urgency. Either the Senate should adjourn when a censure motion is being debated in another place, or it should ignore what is happening elsewhere and carry on with its business. I am to some extent indifferent as to which course is adopted, but I certainly protest against the action of Ministers who follow one course in respect to trivial matters, and then solemnly make the pretence of treating the censure motion submitted in another place seriously, as it should have been so treated at the outset, by asking the Senate to adjourn. </para>
            </talk.start>
          </continue>
          <interjection>
            <talk.start>
              <talker>
                <page.no>1131</page.no>
                <time.stamp />
                <name.id>JXP</name.id>
                <electorate />
                <party />
                <role />
                <in.gov>0</in.gov>
                <first.speech>0</first.speech>
                <name role="metadata">DRAKE-BROCKMAN, Edmund</name>
                <name role="display">Senator Drake-Brockman</name>
              </talker>
              <para>- The honorable senator is making an awful noise about a very trivial matter. </para>
            </talk.start>
          </interjection>
          <continue>
            <talk.start>
              <talker>
                <page.no>1131</page.no>
                <time.stamp />
                <name.id>KKZ</name.id>
                <electorate />
                <party />
                <role />
                <in.gov>0</in.gov>
                <first.speech>0</first.speech>
                <name role="metadata">GARDINER, Albert</name>
                <name role="display">Senator GARDINER</name>
              </talker>
              <para>- The honorable senator by interjecting will only cause me to prolong my remarks. I merely wish to enter my protest against any business being transacted in this chamber whilst a motion of censure is under discussion in another place. </para>
            </talk.start>
          </continue>
          <interjection>
            <talk.start>
              <talker>
                <page.no>1131</page.no>
                <time.stamp />
                <name.id>JXP</name.id>
                <electorate>WESTERN AUSTRALIA</electorate>
                <party>NAT</party>
                <role />
                <in.gov>0</in.gov>
                <first.speech>0</first.speech>
                <name role="metadata">DRAKE-BROCKMAN, Edmund</name>
                <name role="display">Senator DRAKE-BROCKMAN</name>
              </talker>
              <para>-Brock man. - But I <inline font-style="italic">waa</inline> protesting against the noise. </para>
            </talk.start>
          </interjection>
          <continue>
            <talk.start>
              <talker>
                <page.no>1131</page.no>
                <time.stamp />
                <name.id>KKZ</name.id>
                <electorate />
                <party />
                <role />
                <in.gov>0</in.gov>
                <first.speech>0</first.speech>
                <name role="metadata">GARDINER, Albert</name>
                <name role="display">Senator GARDINER</name>
              </talker>
              <para>- I know that &#34; a noisy noise annoys an oyster.&#34; I hope that, when the Senate meets to-morrow, the Leader of the Government in this Chamber will either be prepared with business, and will go on with it, no matter what the state of affairs may be in another place, or will intimate that we are back to the old traditions, and that the Senate will transact no business while a vote of censure is under discussion elsewhere. This matter is well worthy of consideration. It is a tradition well worth living up to. As <inline font-style="italic">noon</inline> as a motion of censure which the Leader of the Government in another place considers is of sufficient importance to be treated seriously has been tabled, it should be an intimation to this Chamber that no business can be transacted here until it has been either carried or rejected. The House that makes or .unmakes Governments should do so. I hope that Ministers in this Chamber will follow what has been a very excellent practice, namely, that when a challenge has been issued by one section in another House against the Government, no business shall be transacted here until the motion has been either carried or negatived. I cannot accept the Minister&#39;s excuse that what has been done to-day is purely formal and of a trivial nature. </para>
            </talk.start>
          </continue>
          <interjection>
            <talk.start>
              <talker>
                <page.no>1131</page.no>
                <time.stamp />
                <name.id>JXP</name.id>
                <electorate>WESTERN AUSTRALIA</electorate>
                <party>NAT</party>
                <role />
                <in.gov>0</in.gov>
                <first.speech>0</first.speech>
                <name role="metadata">DRAKE-BROCKMAN, Edmund</name>
                <name role="display">Senator DRAKE-BROCKMAN</name>
              </talker>
              <para>-brockman. - The business done here to-day is like the vote of censure in another place - only trivial. </para>
            </talk.start>
          </interjection>
          <continue>
            <talk.start>
              <talker>
                <page.no>1131</page.no>
                <time.stamp />
                <name.id>KKZ</name.id>
                <electorate />
                <party />
                <role />
                <in.gov>0</in.gov>
                <first.speech>0</first.speech>
                <name role="metadata">GARDINER, Albert</name>
                <name role="display">Senator GARDINER</name>
              </talker>
              <para>- I am aware, of course, that the Standing Orders will not permit me to discuss what is taking place elsewhere, otherwise I would reply to the honorable senator. But I should like to say that I cannot imagine anything more serious than that a Government should help their friends from the public funds. The charge made in another place against the Government is the most serious that I have ever heard made against any Government. I hope, however, that to-morrow the Minister <inline font-weight="bold">(Senator Pearce)</inline> will have a definite course marked out for the Senate - <inline font-style="italic">that</inline> he will not be prepared to do just a little business that it suits him to do, and then move the adjournment in the pretence that he does so because the Government have been threatened in another place. At this stage I offer no comment on the fact that, with the servile crowd behind them, the Ministry may be permitted to continue in office after the motion of censure has been dealt with. </para>
            </talk.start>
          </continue>
          <para>Question resolved in the affirmative. </para>
        </speech>
      </subdebate.1>
    </debate>
    <adjournment>
      <adjournmentinfo>
        <page.no>1132</page.no>
        <time.stamp>15:14:00</time.stamp>
      </adjournmentinfo>
      <para>Senate  adjourned at  3.14  p.m. </para>
    </adjournment>
  </chamber.xscript>
</hansard>
