<?xml version="1.0" encoding="utf-8"?>
<hansard xsi:noNamespaceSchemaLocation="../../hansard.xsd" version="2.1" xmlns:xsi="http://www.w3.org/2001/XMLSchema-instance">
  <session.header>
    <date>1904-04-27</date>
    <parliament.no>2</parliament.no>
    <session.no>1</session.no>
    <period.no>0</period.no>
    <chamber>SENATE</chamber>
    <page.no>1244</page.no>
    <proof>0</proof>
  </session.header>
  <chamber.xscript>
    <para class="block">Senate. </para>
    <business.start>
      <day.start>1904-04-27</day.start>
      <para>The  President  took the chair at 2.30 p.m., and read prayers. </para>
    </business.start>
    <debate>
      <debateinfo>
        <title>PRIVILEGE</title>
        <page.no>1244</page.no>
        <type>privilege</type>
      </debateinfo>
      <subdebate.1>
        <subdebateinfo>
          <title>Select Committee;</title>
          <page.no>1244</page.no>
        </subdebateinfo>
        <speech>
          <talk.start>
            <talker>
              <page.no>1244</page.no>
              <time.stamp />
              <name.id>JTV</name.id>
              <electorate>QUEENSLAND</electorate>
              <party>ALP</party>
              <role>Minister foi Defence</role>
              <in.gov>0</in.gov>
              <first.speech>0</first.speech>
              <name role="metadata">DAWSON, Anderson</name>
              <name role="display">Senator DAWSON</name>
            </talker>
            <para>. - By permission pf the Senate, and before the business of the day is proceeded with, I beg to move - </para>
          </talk.start>
          <quote>
            <para>Thai <inline font-weight="bold">Senator Dawson</inline> and <inline font-weight="bold">Senator McGregor</inline> be discharged from attending the Select Committee 3D privilege - Case of <inline font-weight="bold">Senator Neild.</inline></para>
          </quote>
        </speech>
        <speech>
          <talk.start>
            <talker>
              <page.no>1244</page.no>
              <time.stamp />
              <name.id>KTF</name.id>
              <electorate>South Australia</electorate>
              <party>ALP</party>
              <role>Vice-President of the Executive Council</role>
              <in.gov>1</in.gov>
              <first.speech>0</first.speech>
              <name role="metadata">MCGREGOR, Gregor</name>
              <name role="display">Senator McGREGOR</name>
            </talker>
            <para>. - I beg to second the motion^ &#187; </para>
          </talk.start>
        </speech>
        <speech>
          <talk.start>
            <talker>
              <page.no>1244</page.no>
              <time.stamp />
              <name.id>10000</name.id>
              <electorate />
              <party />
              <role />
              <in.gov>0</in.gov>
              <first.speech>0</first.speech>
              <name role="metadata">PRESIDENT, The</name>
              <name role="display">The PRESIDENT</name>
            </talker>
            <para>- I will put this motion without notice having been given, _ because under standing order 61 any Minister of the Crown - .arid I presume that <inline font-weight="bold">Senator Dawson</inline> is a Minister of the Crown, although I have no official notice of the fact at present - may move any motion in connexion with the business pf the Senate without notice. </para>
          </talk.start>
          <para>Question resolved in the affirmative. </para>
          <continue>
            <talk.start>
              <talker>
                <page.no>1244</page.no>
                <time.stamp />
                <name.id>10000</name.id>
                <electorate />
                <party />
                <role />
                <in.gov>0</in.gov>
                <first.speech>0</first.speech>
                <name role="metadata">PRESIDENT, The</name>
                <name role="display">The PRESIDENT</name>
              </talker>
              <para>- It will now be necessary to nominate or ballot for two senators to fill the places of <inline font-weight="bold">Senator Dawson</inline> and <inline font-weight="bold">Senator McGregor.</inline></para>
            </talk.start>
          </continue>
          <interjection>
            <talk.start>
              <talker>
                <page.no>1244</page.no>
                <time.stamp />
                <name.id>JXT</name.id>
                <electorate>NEW SOUTH WALES</electorate>
                <party>FT</party>
                <role />
                <in.gov>0</in.gov>
                <first.speech>0</first.speech>
                <name role="metadata">NEILD, John</name>
                <name role="display">Senator Lt Col NEILD</name>
              </talker>
              <para>
                <inline font-weight="bold">-Col. NEILD</inline>(New South Wales). - I understood from Ministers that, this course was to be adopted. I have ascertained that <inline font-weight="bold">Senator Higgs</inline> and <inline font-weight="bold">Senator Best-</inline></para>
            </talk.start>
          </interjection>
          <continue>
            <talk.start>
              <talker>
                <page.no>1244</page.no>
                <time.stamp />
                <name.id>10000</name.id>
                <electorate />
                <party />
                <role />
                <in.gov>0</in.gov>
                <first.speech>0</first.speech>
                <name role="metadata">PRESIDENT, The</name>
                <name role="display">The PRESIDENT</name>
              </talker>
              <para>- Unless a Minister of the Crown submits the motion, notice ought to be given under standing order 61. </para>
            </talk.start>
          </continue>
          <interjection>
            <talk.start>
              <talker>
                <page.no>1244</page.no>
                <time.stamp />
                <name.id>JXT</name.id>
                <electorate>NEW SOUTH WALES</electorate>
                <party>FT</party>
                <role />
                <in.gov>0</in.gov>
                <first.speech>0</first.speech>
                <name role="metadata">NEILD, John</name>
                <name role="display">Senator Lt Col NEILD</name>
              </talker>
              <para>-Gol. NEILD. - I suppose that weshall have an adjournment for two or three weeks, and, with your permission, sir, I would point out that as the Select Committee is now reduced to five members, and a quorum is four, it will be practically impossible to hold meetings. Therefore, I was going to ask the leave of the Senate to propose that <inline font-weight="bold">Senator Best</inline> and <inline font-weight="bold">&#39;Senator Higgs</inline> be appointed to the Select Committee. But perhaps it will be more convenient for. a Minister to move the motion. </para>
            </talk.start>
          </interjection>
          <continue>
            <talk.start>
              <talker>
                <page.no>1244</page.no>
                <time.stamp />
                <name.id>10000</name.id>
                <electorate />
                <party />
                <role />
                <in.gov>0</in.gov>
                <first.speech>0</first.speech>
                <name role="metadata">PRESIDENT, The</name>
                <name role="display">The PRESIDENT</name>
              </talker>
              <para>- It will be more in order if a Minister moves the motion. </para>
            </talk.start>
          </continue>
          <continue>
            <talk.start>
              <talker>
                <page.no>1244</page.no>
                <time.stamp />
                <name.id>JTV</name.id>
                <electorate>QUEENSLAND</electorate>
                <party>ALP</party>
                <role />
                <in.gov>0</in.gov>
                <first.speech>0</first.speech>
                <name role="metadata">DAWSON, Anderson</name>
                <name role="display">Senator DAWSON</name>
              </talker>
              <para>- I have no objection to the proposed course. I move - </para>
            </talk.start>
          </continue>
          <quote>
            <para>That two senators be appointed by ballot to the Select Committee on privilege in place of Senators Dawson and McGregor, discharged. </para>
          </quote>
          <continue>
            <talk.start>
              <talker>
                <page.no>1244</page.no>
                <time.stamp />
                <name.id>KTF</name.id>
                <electorate />
                <party />
                <role />
                <in.gov>0</in.gov>
                <first.speech>0</first.speech>
                <name role="metadata">MCGREGOR, Gregor</name>
                <name role="display">Senator McGREGOR</name>
              </talker>
              <para>- I beg to second the motion. </para>
            </talk.start>
          </continue>
          <para>Question resolved in the affirmative. </para>
          <continue>
            <talk.start>
              <talker>
                <page.no>1244</page.no>
                <time.stamp />
                <name.id>10000</name.id>
                <electorate />
                <party />
                <role />
                <in.gov>0</in.gov>
                <first.speech>0</first.speech>
                <name role="metadata">PRESIDENT, The</name>
                <name role="display">The PRESIDENT</name>
              </talker>
              <para>- I wish to call the attention of honorable senators to the standing &#39;order with reference to procedure  on ballot. Every senator will be. given a list containing the names of all the members of the Senate, and will strike out two names, and two only. That is the shortest and speediest way of proceeding with the business. </para>
            </talk.start>
          </continue>
          <interjection>
            <talk.start>
              <talker>
                <page.no>1245</page.no>
                <time.stamp />
                <name.id>K8T</name.id>
                <electorate />
                <party />
                <role />
                <in.gov>0</in.gov>
                <first.speech>0</first.speech>
                <name role="metadata">TRENWITH, William</name>
                <name role="display">Senator Trenwith</name>
              </talker>
              <para>- Is it needful for any member of the Senate to be asked if he is willing to sit on the Committee? </para>
            </talk.start>
          </interjection>
          <continue>
            <talk.start>
              <talker>
                <page.no>1245</page.no>
                <time.stamp />
                <name.id>10000</name.id>
                <electorate />
                <party />
                <role />
                <in.gov>0</in.gov>
                <first.speech>0</first.speech>
                <name role="metadata">PRESIDENT, The</name>
                <name role="display">The PRESIDENT</name>
              </talker>
              <para>- The parliamentary rule is that it is not a privilege to serve on a Committee, but a duty, and that unless excused by the Senate or by a standing order any senator appointed must serve. </para>
            </talk.start>
          </continue>
        </speech>
        <speech>
          <talk.start>
            <talker>
              <page.no>1245</page.no>
              <time.stamp />
              <name.id>K0X</name.id>
              <electorate>South Australia</electorate>
              <party>Protectionist</party>
              <role>Vice-President of the Executive Council</role>
              <in.gov>1</in.gov>
              <first.speech>0</first.speech>
              <name role="metadata">PLAYFORD, Thomas</name>
              <name role="display">Senator PLAYFORD</name>
            </talker>
            <para>- Under present circumstances, should we not receive a formal announcement from Ministers as to the constitution of the new Administration? You have already stated, sir, that you have no official knowledge that the two honorable senators, whose names have been mentioned, are Ministers. It appears to me that the proper course to have pursued would have been for one of the new Ministers to make an announcement. Then, the Senate having ascertained that they were Ministers, they could have said that, having been appointed members of the Government, they would like to be relieved from attendance on the Committee on Privilege. That appears to be the natural order in which the business should have been conducted. </para>
          </talk.start>
          <continue>
            <talk.start>
              <talker>
                <page.no>1245</page.no>
                <time.stamp />
                <name.id>KTF</name.id>
                <electorate />
                <party />
                <role />
                <in.gov>0</in.gov>
                <first.speech>0</first.speech>
                <name role="metadata">MCGREGOR, Gregor</name>
                <name role="display">Senator McGREGOR</name>
              </talker>
              <para>- I might state that I am prepared to make an announcement, but we took the present course on very good advice, and to suit the convenience of the Senate. If it is the wish of the Senate that an announcement should be made before the ballot is taken, I am prepared to make it. </para>
            </talk.start>
          </continue>
          <continue>
            <talk.start>
              <talker>
                <page.no>1245</page.no>
                <time.stamp />
                <name.id>10000</name.id>
                <electorate />
                <party />
                <role />
                <in.gov>0</in.gov>
                <first.speech>0</first.speech>
                <name role="metadata">PRESIDENT, The</name>
                <name role="display">The PRESIDENT</name>
              </talker>
              <para>- I do not think it can be made now. </para>
            </talk.start>
          </continue>
          <continue>
            <talk.start>
              <talker>
                <page.no>1245</page.no>
                <time.stamp />
                <name.id>KTF</name.id>
                <electorate />
                <party />
                <role />
                <in.gov>0</in.gov>
                <first.speech>0</first.speech>
                <name role="metadata">MCGREGOR, Gregor</name>
                <name role="display">Senator McGREGOR</name>
              </talker>
              <para>- We have gone so far in the matter of the ballot, that I think it would be wise to allow it to continue. </para>
            </talk.start>
          </continue>
          <para class="italic">
            <inline font-style="italic">A ballot having been taken,</inline>
          </para>
          <continue>
            <talk.start>
              <talker>
                <page.no>1245</page.no>
                <time.stamp />
                <name.id>10000</name.id>
                <electorate />
                <party />
                <role />
                <in.gov>0</in.gov>
                <first.speech>0</first.speech>
                <name role="metadata">PRESIDENT, The</name>
                <name role="display">The PRESIDENT</name>
              </talker>
              <para>
                <inline font-weight="bold">- Senator Best</inline>and <inline font-weight="bold">Senator Higgs</inline> have been appointed to fill the vacancies on the Committee. </para>
            </talk.start>
          </continue>
        </speech>
      </subdebate.1>
    </debate>
    <debate>
      <debateinfo>
        <title>RESIGNATION OF THE DEAKIN MINISTRY : NEW ADMINISTRATION</title>
        <page.no>1245</page.no>
        <type>miscellaneous</type>
      </debateinfo>
      <speech>
        <talk.start>
          <talker>
            <page.no>1245</page.no>
            <time.stamp />
            <name.id>KTF</name.id>
            <electorate>South Australia</electorate>
            <party>ALP</party>
            <role>Vice-President of the Executive Council</role>
            <in.gov>1</in.gov>
            <first.speech>0</first.speech>
            <name role="metadata">MCGREGOR, Gregor</name>
            <name role="display">Senator McGREGOR</name>
          </talker>
          <para>. - With the permission of the Senate, I wish to submit a motion for the purpose of enabling me to make a statement with respect to what has transpired within the last few days. I move - </para>
        </talk.start>
        <quote>
          <para>That the Senate at its rising adjourn until Wednesday,  18th  May. </para>
        </quote>
        <para class="block">Honorable senators will recollect that, last week, in consequence of a vote taken in another place, the Government of which <inline font-weight="bold">Mr. Deakin</inline> was Prime Minister, resigned office. On Saturday <inline font-weight="bold">Mr. Watson</inline> was sent for by  His Excellency  the GovernorGeneral, and was requested to form a new Administration. I have, to-day, to announce that he has been successful in doing so. The names of the new Ministers, and the positions which they occupy, are as follow.: - </para>
      </speech>
      <subdebate.1>
        <subdebateinfo>
          <title>Prime Minister and Treasurer- The Honorable J. C. Watson</title>
          <page.no>1245</page.no>
        </subdebateinfo>
      </subdebate.1>
      <subdebate.1>
        <subdebateinfo>
          <title>Minister for External Affairs - The Honorable W. M. Hughes</title>
          <page.no>1245</page.no>
        </subdebateinfo>
      </subdebate.1>
      <subdebate.1>
        <subdebateinfo>
          <title>Attorney-General - The Honorable H. B. Higgins</title>
          <page.no>1245</page.no>
        </subdebateinfo>
      </subdebate.1>
      <subdebate.1>
        <subdebateinfo>
          <title>Minister for Home Affairs - The Honorable E. L. Batchelor</title>
          <page.no>1245</page.no>
        </subdebateinfo>
      </subdebate.1>
      <subdebate.1>
        <subdebateinfo>
          <title>Minister for Trade and Customs - The Honorable A. Fisher</title>
          <page.no>1245</page.no>
        </subdebateinfo>
      </subdebate.1>
      <subdebate.1>
        <subdebateinfo>
          <title>Minister for Defence - The Honorable Senator A. Dawson</title>
          <page.no>1245</page.no>
        </subdebateinfo>
      </subdebate.1>
      <subdebate.1>
        <subdebateinfo>
          <title>Postmaster-General - The Honorable H. Mahon</title>
          <page.no>1245</page.no>
        </subdebateinfo>
        <para>Vice-President of the Executive Council - The Honorable <inline font-weight="bold">Senator G.</inline> McGregor. In &#34;moving that the Senate adjourn until the 1 8th May, I think that honorable senators will acknowledge that, on account of the length of the present session, and the many difficulties that naturally face a new Ministrymany of the members of which have had very little Ministerial experience in the past, whilst some have had none whatever - they are really entitled to a little consideration. I am almost certain that every member of the Senate will be magnanimous enough to grant to the new Ministry the length of time asked for. Without going into any statement of policy - which would really be injudicious, and which, in fact, I should be unable to do at present- I may state that in due course the Government will put their policy before Parliament, and will await the approval of both Houses. I therefore submit the motion which I have already indicated. </para>
        <speech>
          <talk.start>
            <talker>
              <page.no>1245</page.no>
              <time.stamp />
              <name.id>JTV</name.id>
              <electorate>QUEENSLAND</electorate>
              <party>ALP</party>
              <role>Minister for Defence</role>
              <in.gov>0</in.gov>
              <first.speech>0</first.speech>
              <name role="metadata">DAWSON, Anderson</name>
              <name role="display">Senator DAWSON</name>
            </talker>
            <para>. - I beg to second the motion.  </para>
          </talk.start>
        </speech>
        <speech>
          <talk.start>
            <talker>
              <page.no>1245</page.no>
              <time.stamp />
              <name.id>JXO</name.id>
              <electorate>Queensland</electorate>
              <party>Protectionist</party>
              <role>Attorney-General</role>
              <in.gov>1</in.gov>
              <first.speech>0</first.speech>
              <name role="metadata">DRAKE, James</name>
              <name role="display">Senator DRAKE</name>
            </talker>
            <para>- It is, of course, natural that the incoming Ministry should ask for some time to prepare their policy. Those who have been in office - and there are many honorable senators who have been in that position - recognise the difficulties that face the Government. We in the Senate shall, I hope, be in the future, as we have been hitherto, critics, but I trust that we shall always be fair critics. We recognise that in order that a new Ministry may have absolutely fair play it is necessary that they should have sufficient time to prepare their  Bills and to bring  them down to Parliament. When we do meet again I hope that the Government will have their Bills ready, and that we shall be able to go on with the work of the session. I have therefore no objection whatever to the motion moved by my honorable friend the Vice-President of the Executive Council. </para>
          </talk.start>
          <para>Question resolved in the affirmative. </para>
        </speech>
      </subdebate.1>
    </debate>
    <debate>
      <debateinfo>
        <title>LEAVE OF ABSENCE</title>
        <page.no>1246</page.no>
        <type>leave of absence</type>
      </debateinfo>
      <para>Motion (by <inline font-weight="bold">Senator McGregor)</inline> proposed - </para>
      <quote>
        <para>That one month&#39;s leave of absence be granted to <inline font-weight="bold">Senator Lt.-Col.</inline> Gould on account of urgent private business. </para>
      </quote>
      <speech>
        <talk.start>
          <talker>
            <page.no>1246</page.no>
            <time.stamp />
            <name.id>10000</name.id>
            <electorate />
            <party />
            <role />
            <in.gov>0</in.gov>
            <first.speech>0</first.speech>
            <name role="metadata">PRESIDENT, The</name>
            <name role="display">The PRESIDENT</name>
          </talker>
          <para>- It must be understood that it would be a very objectionable practice if motions which may involve principles should as a rule be moved without notice. As the motion which the VicePresident of the Executive Council has just moved is connected with the leave of absence of an honorable senator, and as under the peculiar circumstances at present existing an- unexpected adjournment of the Senate for three weeks is about to take place, I feel that I am justified in putting the motion without notice. </para>
        </talk.start>
        <para>Question resolved in the affirmative. </para>
        <para>Motion (bv <inline font-weight="bold">Senator McGregor)</inline> agreed to - </para>
        <quote>
          <para>That one month&#39;s leave of absence be granted to <inline font-weight="bold">Senator Stewart</inline> on account of urgent private business. </para>
        </quote>
      </speech>
    </debate>
    <debate>
      <debateinfo>
        <title>NAVIGATION BILL</title>
        <page.no>1246</page.no>
        <type>bill</type>
      </debateinfo>
      <para>Motion (by <inline font-weight="bold">Senator McGregor)</inline> agreed to- </para>
      <quote>
        <para>That the Order of the Day for the second reading of this Bill be read and discharged. </para>
      </quote>
      <para>Question resolved in the affirmative. </para>
    </debate>
    <debate>
      <debateinfo>
        <title>MERCHANDISE MARKS BILL</title>
        <page.no>1246</page.no>
        <type>bill</type>
      </debateinfo>
      <para>Motion (by <inline font-weight="bold">Senator McGregor)</inline> agreed to - </para>
      <quote>
        <para>That the Order of the Day for the second reading of this Bill be read and discharged. </para>
      </quote>
      <para>Question resolved in the affirmative. </para>
    </debate>
    <debate>
      <debateinfo>
        <title>ADJOURNMENT</title>
        <page.no>1246</page.no>
        <type>adjournment</type>
      </debateinfo>
      <para class="block">Tasmanian Defence Force. Motion (by <inline font-weight="bold">Senator McGregor)</inline> proposed - . That the Senate do now adjourn. </para>
      <speech>
        <talk.start>
          <talker>
            <page.no>1246</page.no>
            <time.stamp />
            <name.id>KVD</name.id>
            <electorate>Tasmania</electorate>
            <party />
            <role />
            <in.gov>0</in.gov>
            <first.speech>0</first.speech>
            <name role="metadata">MULCAHY, Edward</name>
            <name role="display">Senator MULCAHY</name>
          </talker>
          <para>- I ask the consideration of honorable senators for a few moments that I may correct a mistake which affects others as well as myself. During the course of the speech made by <inline font-weight="bold">Senator O&#39;Keefe</inline> in the debate on the AddressinReply, by way of interjection, I took, on behalf of the late Government of Tasmania, a certain amount of responsibility, in fact, the principal responsibility in connexion with the position which had arisen between the Defence Department and the Military Forces in Tasmania. At the time believing that the late Tasmanian Government were, to some extent, to blame for the members of the Defence Force in Tasmania being paid at a lower rate than those in other parts of the Commonwealth, I made the interjection to which I have referred. I did so in a spirit of fairness to the present Tasmanian Government. In justice to my late colleagues in the Government of Tasmania, as well as to myself, I now desire to make an explanation. I have to  say that my attention has been called to the matter by the late Premier of Tasmania&#34;, <inline font-weight="bold">Sir Elliot</inline> Lewis, and the late Treasurer of Tasmania, <inline font-weight="bold">Mr. Bird,</inline> and both those gentlemen have assured me that my statement was erroneous. The late Premier of Tasmania, I find, made no request whatever to the Defence Department of the Commonwealth to have the Military Forces in Tasmania placed upon a footing in any way different to the Military Forces in the other States. As a matter of fact, in justice to the late Premier of Tasmania, I should state that his policy was to leave entirely to the Commonwealth Government and the Tasmanian representatives in the Federal Parliament the conduct of all matters connected with the Commonwealth Departments. <inline font-weight="bold">Sir Elliot</inline> Lewis has called my attention tq the matter because my statement has been made use of in the Parliament of Tasmania. I make the correction at the earliest possible moment, and I have now to say that any action taken as between the State Government of Tasmania and the Commonwealth Government in connexion with the Defence Force in&#39; that State originated entirely with the present Tasmanian Government. </para>
        </talk.start>
        <para>Question resolved in the affirmative.  Senate adjourned at  3.57 p.m. </para>
      </speech>
    </debate>
  </chamber.xscript>
</hansard>
