<?xml version="1.0" encoding="utf-8"?>
<hansard xsi:noNamespaceSchemaLocation="../../hansard.xsd" version="2.1" xmlns:xsi="http://www.w3.org/2001/XMLSchema-instance">
  <session.header>
    <date>1904-04-21</date>
    <parliament.no>2</parliament.no>
    <session.no>1</session.no>
    <period.no>0</period.no>
    <chamber>SENATE</chamber>
    <page.no>1181</page.no>
    <proof>0</proof>
  </session.header>
  <chamber.xscript>
    <para class="block">Senate, </para>
    <business.start>
      <day.start>1904-04-21</day.start>
      <para>The  President  took the chair at  2.30  p.m., and read prayers. </para>
    </business.start>
    <debate>
      <debateinfo>
        <title>PETITION</title>
        <page.no>1181</page.no>
        <type>petition</type>
      </debateinfo>
      <para>
        <inline font-weight="bold">Senator FRASER</inline>presented a petition from the  President  of the Central Council of Employers of Australia, praying the Senate not to pass the Navigation and Shipping Bill, but to recommend the appointment of a Royal Commission to inquire into its probable effects. </para>
      <para>Petition received and read. </para>
    </debate>
    <debate>
      <debateinfo>
        <title>SPECIAL ADJOURNMENT</title>
        <page.no>1181</page.no>
        <type>special adjournment</type>
      </debateinfo>
      <speech>
        <talk.start>
          <talker>
            <page.no>1181</page.no>
            <time.stamp />
            <name.id>K0X</name.id>
            <electorate>South Australia</electorate>
            <party>Protectionist</party>
            <role>Vice-President of the Executive Council</role>
            <in.gov>1</in.gov>
            <first.speech>0</first.speech>
            <name role="metadata">PLAYFORD, Thomas</name>
            <name role="display">Senator PLAYFORD</name>
          </talker>
          <para>. - As there is no business set down on the notice-paper for to-morrow, I move - </para>
        </talk.start>
        <quote>
          <para>That the Senate, at its rising, adjourn until Wednesday next. </para>
        </quote>
        <interjection>
          <talk.start>
            <talker>
              <page.no>1181</page.no>
              <time.stamp />
              <name.id>JVC</name.id>
              <electorate />
              <party />
              <role />
              <in.gov>0</in.gov>
              <first.speech>0</first.speech>
              <name role="metadata">DOBSON, Henry</name>
              <name role="display">Senator Dobson</name>
            </talker>
            <para>-  Why not until Tuesday next? </para>
          </talk.start>
        </interjection>
        <continue>
          <talk.start>
            <talker>
              <page.no>1181</page.no>
              <time.stamp />
              <name.id>K0X</name.id>
              <electorate />
              <party />
              <role />
              <in.gov>0</in.gov>
              <first.speech>0</first.speech>
              <name role="metadata">PLAYFORD, Thomas</name>
              <name role="display">Senator PLAYFORD</name>
            </talker>
            <para>- I consulted the Prime Minister, and he thinksthat we might as well adjourn till Wednesday. </para>
          </talk.start>
        </continue>
        <para>Question resolved in the affirmative. </para>
      </speech>
    </debate>
    <debate>
      <debateinfo>
        <title>QUESTION</title>
        <page.no>1181</page.no>
        <type>Questions</type>
      </debateinfo>
      <subdebate.1>
        <subdebateinfo>
          <title>VOLUNTEER RIFLE REGIMENTS</title>
          <page.no>1181</page.no>
        </subdebateinfo>
        <interjection>
          <talk.start>
            <talker>
              <page.no>1181</page.no>
              <time.stamp />
              <name.id>JXT</name.id>
              <electorate />
              <party />
              <role />
              <in.gov>0</in.gov>
              <first.speech>0</first.speech>
              <name role="metadata">NEILD, John</name>
              <name role="display">Senator Lt Col NEILD</name>
            </talker>
            <para>asked the VicePresident of the Executive Council, <inline font-style="italic">upon notice -</inline></para>
          </talk.start>
        </interjection>
        <quote>
          <list type="decimal-dotted">
            <item label="1.">
              <para>What was the enrolled strength of each of the four Volunteer Rifle Regiments of the New South Wales branch of the Commonwealth Military Forces on the 30th June, 1901? </para>
            </item>
            <item label="2.">
              <para>What was the percentage of efficients in each of the said regiments on the 30th June, 1901 ? </para>
            </item>
            <item label="3.">
              <para>The same particulars respecting the same regiments on the 30th June, 1902 ? </para>
            </item>
            <item label="4.">
              <para>The same particulars respecting the same regiments on the 30th June, 1903? </para>
            </item>
            <item label="5.">
              <para>The same particulars respecting the same regiments on the 31st December, 1903? </para>
            </item>
          </list>
        </quote>
        <speech>
          <talk.start>
            <talker>
              <page.no>1182</page.no>
              <time.stamp />
              <name.id>K0X</name.id>
              <electorate />
              <party>Protectionist</party>
              <role />
              <in.gov>1</in.gov>
              <first.speech>0</first.speech>
              <name role="metadata">PLAYFORD, Thomas</name>
              <name role="display">Senator PLAYFORD</name>
            </talker>
            <para>- The answers to the honorable senator&#39;s questions are given in the form of a return, as follows: - </para>
          </talk.start>
          <para class="block">
            <graphic href="018332190404216_1_0.jpg" />
          </para>
          <para>The percentage of efficients in the regiments on the 31st December, 1903, cannot be given, as the number of efficients can only be ascertained at the conclusion of each financial year. </para>
          <para class="block">STANDING ORDERS. </para>
          <para>The  PRESIDENT  laid upon the table the first report of the Standing Orders Committee, which was read by the  Clerk  as follows: - </para>
          <quote>
            <para>The Standing Orders Committee, having considered the paper referred to them, containing &#34; Remarks and Suggestions on the Standing Orders,&#34; by the Honorable the  President,  beg to report to the Senate the following resolutions agreed to by the Committee :  - </para>
            <list type="decimal-dotted">
              <item label="1.">
                <para>That in any case which may arise which has not been provided for by the rules, or in which the rules appear insufficient or manifestly inconvenient, the  President  should state to the Senate (after mature consideration, if possible) what, in his opinion, is the best procedure to adopt-, in the event of no objection being taken by the Senate, this shall be the procedure until altered by the Senate. </para>
              </item>
              <item label="2.">
                <para>That at the commencement of each session the  President  shall present to the Standing Orders Committee a paper formulating and tabulating all the decisions arrived at during last session, giving reasons (if it should be necessary to do so) why, in his opinion, any of his own decisions were incorrect, or any of the decisions of the Senate would lead to inconvenient results. </para>
                <list type="upperalpha-dotted">
                  <item label="R.">
                    <para>C.  Baker, </para>
                  </item>
                </list>
              </item>
            </list>
            <para>Chairman. </para>
          </quote>
          <para>Motion (by <inline font-weight="bold">Senator Playford)</inline> agreed to - </para>
          <quote>
            <para>That the paper be printed and taken into consideration at the next meeting of the Senate. </para>
          </quote>
          <para class="block">PRIVATE BUSINESS. </para>
        </speech>
        <speech>
          <talk.start>
            <talker>
              <page.no>1182</page.no>
              <time.stamp />
              <name.id>K0F</name.id>
              <electorate>Western Australia</electorate>
              <party />
              <role />
              <in.gov>0</in.gov>
              <first.speech>0</first.speech>
              <name role="metadata">PEARCE, George</name>
              <name role="display">Senator PEARCE</name>
            </talker>
            <para>- I ask leave of the Senate to transfer my notice of motion for to-day relative to the adoption of the day labour system to this day fortnight. </para>
          </talk.start>
        </speech>
        <speech>
          <talk.start>
            <talker>
              <page.no>1182</page.no>
              <time.stamp />
              <name.id>10000</name.id>
              <electorate />
              <party />
              <role />
              <in.gov>0</in.gov>
              <first.speech>0</first.speech>
              <name role="metadata">PRESIDENT, The</name>
              <name role="display">The PRESIDENT</name>
            </talker>
            <para>- It will be put down for that day. </para>
          </talk.start>
        </speech>
        <speech>
          <talk.start>
            <talker>
              <page.no>1182</page.no>
              <time.stamp />
              <name.id>K7V</name.id>
              <electorate>South Australia</electorate>
              <party />
              <role />
              <in.gov>0</in.gov>
              <first.speech>0</first.speech>
              <name role="metadata">SYMON, Josiah</name>
              <name role="display">Senator Sir JOSIAH SYMON</name>
            </talker>
            <para>- If this is being done with a view to the re-arrangement of business, would it not be very much simpler and better if <inline font-weight="bold">Senator Playford</inline> were to move - subject, of course, to the assent of private senators who have notices&#39; of motion on the paper - any motion which he intends to make? If he will intimate to the Senate the course which he intends to take, possibly the business in the names of private senators could be re-arranged by one motion. </para>
          </talk.start>
          <para>
            <inline font-weight="bold">Senator PLAYFORD</inline>(South AustraliaVicePresident of the Executive Council). - I understand that no honorable senator desires to go on with private business to-day, and it may simplify matters very much if I submit a motion for the re-arrangement of private business. I move - </para>
          <quote>
            <para>That private business, notices of motion, and orders of the day be notices of motion and orders of the day for Thursday next, and that Government business, orders of the day be orders of theday for Wednesday next. </para>
          </quote>
          <para>
            <inline font-weight="bold">Senator PEARCE</inline>(Western Australia). - There is a matter arising out of the present order of business on the paper which I should like to see rectified if possible. Owing to an adjournment of the Senate the order of private business has been disturbed, and with the consent of the Senate the motion which I had moved relative to old-age pensions, although it is an order of the day, is set down for a Thursday, when notices of motion have precedence of orders of the day. I desire this business to be set down, as was intended, for a Thursday when orders of the day take precedence of notices of motion. Although&#39; it was the first notice of motion from a private senator, still, so long as notices of motion are handed in it will be postponed until it goes off the paper altogether. The  President  has ruled that days when the Senate did not sit shall not be counted, and, therefore, to-day I cannot say on what Thursday orders of the day will have precedence. </para>
          <continue>
            <talk.start>
              <talker>
                <page.no>1182</page.no>
                <time.stamp />
                <name.id>10000</name.id>
                <electorate />
                <party />
                <role />
                <in.gov>0</in.gov>
                <first.speech>0</first.speech>
                <name role="metadata">PRESIDENT, The</name>
                <name role="display">The PRESIDENT</name>
              </talker>
              <para>- Perhaps I may explain this matter. I find that on Thursday,  3rd  March, a sessional order was passed providing that, orders of the day  (private business), should have precedence of notices of motion on alternate Thursdays. The business paper was accordingly arranged thus - </para>
            </talk.start>
          </continue>
          <para class="block">
            <graphic href="018332190404216_2_1.jpg" />
          </para>
          <para class="block">but on the 17th March,  on  which day motions had precedence, the Senate, at the commencement of the proceedings, resolved to adjourn, at its rising that day, until the 13th April. I read the expression &#34;alternate Thursdays&#34; in the sessional order to mean &#34; alternate sitting Thursdays.&#34; Therefore, I directed the  Clerk  to place orders of the day first for the next sitting Thursday, namely, the 14th April, as will be seen by the business paper issued  on  the 18th March. I can easily understand honorable senators taking a different view, but  that  seemed to me to  be  the intention and wish of the Senate. According to the ordinary practice, <inline font-weight="bold">Senator Pearce&#39;s-</inline> motion will be placed third, but if the Senate so desire, it will be placed first on the paper for next Thursday. </para>
          <interjection>
            <talk.start>
              <talker>
                <page.no>1183</page.no>
                <time.stamp />
                <name.id>JXT</name.id>
                <electorate>NEW SOUTH WALES</electorate>
                <party>FT</party>
                <role />
                <in.gov>0</in.gov>
                <first.speech>0</first.speech>
                <name role="metadata">NEILD, John</name>
                <name role="display">Senator Lt Col NEILD</name>
              </talker>
              <para>
                <inline font-weight="bold">-Col. NEILD</inline>(New South Wales). - I would suggest that the business in the name of private senators should be allowed to come on in its intended order. I think,, sir, that if you are not going to  alter the rotation of order day and motion day, it will be better for <inline font-weight="bold">Senator Pearce</inline> to put his business down for the first order day. </para>
            </talk.start>
          </interjection>
          <continue>
            <talk.start>
              <talker>
                <page.no>1183</page.no>
                <time.stamp />
                <name.id>10000</name.id>
                <electorate />
                <party />
                <role />
                <in.gov>0</in.gov>
                <first.speech>0</first.speech>
                <name role="metadata">PRESIDENT, The</name>
                <name role="display">The PRESIDENT</name>
              </talker>
              <para>- That is the 28th April. </para>
            </talk.start>
          </continue>
          <interjection>
            <talk.start>
              <talker>
                <page.no>1183</page.no>
                <time.stamp />
                <name.id>K0X</name.id>
                <electorate />
                <party />
                <role />
                <in.gov>0</in.gov>
                <first.speech>0</first.speech>
                <name role="metadata">PLAYFORD, Thomas</name>
                <name role="display">Senator Playford</name>
              </talker>
              <para>-  The chances are that on that day no business will come on. </para>
            </talk.start>
          </interjection>
          <para>
            <inline font-weight="bold">Senator Sir JOSIAH</inline>SYMON  (South  Australia). - As there is much uncertainty as to the time when the next parliamentary business will be transacted, what I would suggest to <inline font-weight="bold">Senator Pearce</inline> is that if the motion  of <inline font-weight="bold">Senator Playford</inline> be carried,  he  can move  to  have, his notice  of  motion taken, when the business  is  definitely arranged, for a day when orders  of  the day will have precedence. Although  to-day  week  is  the next day for private business,  it  may not be the day  on  which the business will be taken, and  in  that case his notice  of motion  will again be put  off.  The better way would be for my honorable friend to assent to this formal motion, and next week, if the Senate is in a position to rearrange definitely its order of business, specific motions and orders can be dealt with. There can be no doubt that <inline font-weight="bold">Senator Playford</inline> is pursuing the right course. Although, ordinarily speaking, the carrying of an amendment in a Government Bill in the other House - whatever the result 04 the vote may be - is not the cause of bringing about an adjournment of the Senate, and although the Senate has functions which are much greater than those of a Legislative Council, still we are only following the precedent which was set in 1901. We know that the amendment which has been moved in another place may have an effect which would be equivalent to a motion of censure. My honorable friend has not mentioned trie reason for this motion, but we all know what it is, and there can be no doubt that it is the constitutional parliamentary course to pursue. </para>
        </speech>
        <speech>
          <talk.start>
            <talker>
              <page.no>1183</page.no>
              <time.stamp />
              <name.id>K8T</name.id>
              <electorate>Victoria</electorate>
              <party />
              <role />
              <in.gov>0</in.gov>
              <first.speech>0</first.speech>
              <name role="metadata">TRENWITH, William</name>
              <name role="display">Senator TRENWITH</name>
            </talker>
            <para>-! understand you, sir, to have ruled that&#39; Ihe expression &#34; alternate Thursdays &#34; means alternate silting days.- lt further means the days on which the Senate sits. If that is so, it would be unwise to make any alteration in the paper. An honorable senator is- entitled to the place he has obtained upon the paper, and the arrangement which the  President  has made seems to me to preserve to him all the rights and all the advantages he would have had. if the Senate had continued to sit regularly. I, therefore, submit that there should be no alteration of the order in which business appears on the paper, seeing that the alternation intended bv the Senate, in agreeing to the sessional order, to which reference has been made, is preserved by the action proposed to be taken by the  President. </para>
          </talk.start>
          <interjection>
            <talk.start>
              <talker>
                <page.no>1183</page.no>
                <time.stamp />
                <name.id>K0F</name.id>
                <electorate />
                <party />
                <role />
                <in.gov>0</in.gov>
                <first.speech>0</first.speech>
                <name role="metadata">PEARCE, George</name>
                <name role="display">Senator Pearce</name>
              </talker>
              <para>-  I withdraw my request. </para>
            </talk.start>
          </interjection>
          <para>Question resolved in the. affirmative. </para>
        </speech>
      </subdebate.1>
    </debate>
    <debate>
      <debateinfo>
        <title>PAPERS</title>
        <page.no>1183</page.no>
        <type>papers</type>
      </debateinfo>
      <para>
        <inline font-weight="bold">Senator PLAYFORD</inline>laid upon the table the following papers: - </para>
      <quote>
        <para>British New Guinea Report, year ended 30th June, 1903. </para>
        <para>Transfers of amounts approved by the GovernorGeneral in Council under the Audit Act. </para>
      </quote>
    </debate>
    <adjournment>
      <adjournmentinfo>
        <page.no>1183</page.no>
        <time.stamp>14:53:00</time.stamp>
      </adjournmentinfo>
      <para>Senate adjourned at 2.53 p.m. </para>
    </adjournment>
  </chamber.xscript>
</hansard>
