<?xml version="1.0" encoding="utf-8"?>
<hansard xsi:noNamespaceSchemaLocation="../../hansard.xsd" version="2.1" xmlns:xsi="http://www.w3.org/2001/XMLSchema-instance">
  <session.header>
    <date>1913-11-19</date>
    <parliament.no>5</parliament.no>
    <session.no>1</session.no>
    <period.no>0</period.no>
    <chamber>SENATE</chamber>
    <page.no>3267</page.no>
    <proof>0</proof>
  </session.header>
  <chamber.xscript>
    <business.start>
      <day.start>1913-11-19</day.start>
      <para>The  President  took the chair at 3 p.m., and read prayers. </para>
    </business.start>
    <debate>
      <debateinfo>
        <title>LEAVE OF ABSENCE</title>
        <page.no>3267</page.no>
        <type>leave of absence</type>
      </debateinfo>
      <para>Motion (by <inline font-weight="bold">Senator Maughan,</inline> by leave) agreed to - </para>
      <quote>
        <para>That&#39; one month&#39;s leave, of absence be granted to <inline font-weight="bold">Senator Ferrickson</inline> account of urgent . private business. &#39; </para>
      </quote>
    </debate>
    <debate>
      <debateinfo>
        <title>QUESTION</title>
        <page.no>3267</page.no>
        <type>Questions</type>
      </debateinfo>
      <subdebate.1>
        <subdebateinfo>
          <title>WIRELESS TELEGRAPHY</title>
          <page.no>3267</page.no>
        </subdebateinfo>
        <para>King Island - Mr. Swinburne&#39;s Report</para>
        <speech>
          <talk.start>
            <talker>
              <page.no>3267</page.no>
              <time.stamp />
              <name.id>KRX</name.id>
              <electorate>TASMANIA</electorate>
              <party />
              <role />
              <in.gov>0</in.gov>
              <first.speech>0</first.speech>
              <name role="metadata">LONG, James</name>
              <name role="display">Senator LONG</name>
            </talker>
            <para>- Can the Minister representing the Postmaster-General say if anything is being done, or is proposed to be done, to comply with the wishes of the residents of King Island for wireless communication with either the mainland or Tasmania? Honorable senators know that an application for some relief has frequently Been made to the Department under both the present Government and the previous one. </para>
          </talk.start>
          <interjection>
            <talk.start>
              <talker>
                <page.no>3267</page.no>
                <time.stamp />
                <name.id>KUL</name.id>
                <electorate />
                <party />
                <role />
                <in.gov>0</in.gov>
                <first.speech>0</first.speech>
                <name role="metadata">MILLEN, Edward</name>
                <name role="display">Senator Millen</name>
              </talker>
              <para>-  Is this a question or a speech? </para>
            </talk.start>
          </interjection>
          <continue>
            <talk.start>
              <talker>
                <page.no>3267</page.no>
                <time.stamp />
                <name.id>KRX</name.id>
                <electorate />
                <party />
                <role />
                <in.gov>0</in.gov>
                <first.speech>0</first.speech>
                <name role="metadata">LONG, James</name>
                <name role="display">Senator LONG</name>
              </talker>
              <para>- Do the present Government propose to do anything in the way of giving these isolated people the relief which they have unsuccessfully sought for the past two or three years ? </para>
            </talk.start>
          </continue>
        </speech>
        <speech>
          <talk.start>
            <talker>
              <page.no>3267</page.no>
              <time.stamp />
              <name.id>KQ4</name.id>
              <electorate>VICTORIA</electorate>
              <party>LP</party>
              <role>Vice-President of the Executive Council</role>
              <in.gov>1</in.gov>
              <first.speech>0</first.speech>
              <name role="metadata">MCCOLL, James</name>
              <name role="display">Senator McCOLL</name>
            </talker>
            <para>- Ishall . be very glad to get the information for the honorable senator if he will give notice of a question. I have not the information at the present time. </para>
          </talk.start>
          <continue>
            <talk.start>
              <talker>
                <page.no>3267</page.no>
                <time.stamp />
                <name.id>KRX</name.id>
                <electorate />
                <party />
                <role />
                <in.gov>0</in.gov>
                <first.speech>0</first.speech>
                <name role="metadata">LONG, James</name>
                <name role="display">Senator LONG</name>
              </talker>
              <para>- Has the report of <inline font-weight="bold">Mr. Swinburne</inline> yet been presented to the Government; and, ifso, when is it likely to be made available to honorable senators J </para>
            </talk.start>
          </continue>
        </speech>
        <speech>
          <talk.start>
            <talker>
              <page.no>3267</page.no>
              <time.stamp />
              <name.id>KUL</name.id>
              <electorate />
              <party>LP</party>
              <role />
              <in.gov>1</in.gov>
              <first.speech>0</first.speech>
              <name role="metadata">MILLEN, Edward</name>
              <name role="display">Senator MILLEN</name>
            </talker>
            <para>- I understand that the report has been received; but, as a legal action is pending, clearly it is not desirable to make the report public </para>
          </talk.start>
        </speech>
      </subdebate.1>
    </debate>
    <debate>
      <debateinfo>
        <title>QUESTION</title>
        <page.no>3267</page.no>
        <type>Questions</type>
      </debateinfo>
      <subdebate.1>
        <subdebateinfo>
          <title>AUSTRALIAN NAY</title>
          <page.no>3267</page.no>
        </subdebateinfo>
        <speech>
          <talk.start>
            <talker>
              <page.no>3267</page.no>
              <time.stamp />
              <name.id>JXJ</name.id>
              <electorate>WESTERN AUSTRALIA</electorate>
              <party />
              <role />
              <in.gov>0</in.gov>
              <first.speech>0</first.speech>
              <name role="metadata">NEEDHAM, Edward</name>
              <name role="display">Senator NEEDHAM</name>
            </talker>
            <para>- Has the atten  tion of the Minister of Defence been called to the following statement by the Prime Minister in the press? -  &#34;Admiral Patey &#34; said <inline font-weight="bold">Mr. Cook,</inline> &#34;is out here to develop the Fleet, and to make it an efficient instrument of war.&#34; &#34; Anything he suggests in that direction will receive the fullest consideration, and I think,, in most cases, the approval of the Government.&#34; </para>
          </talk.start>
          <para class="block">Does that mean that &#39;Admiral Patey has full control of the disposition of the Australian Fleet; that he has the full right to officerthe Fleet, to get his officers from&#39; where he likes, and send the Fleet where he likes, without this Parliament being considered ? </para>
        </speech>
        <speech>
          <talk.start>
            <talker>
              <page.no>3267</page.no>
              <time.stamp />
              <name.id>KUL</name.id>
              <electorate />
              <party>LP</party>
              <role />
              <in.gov>1</in.gov>
              <first.speech>0</first.speech>
              <name role="metadata">MILLEN, Edward</name>
              <name role="display">Senator MILLEN</name>
            </talker>
            <para>- I desire to compliment the honorable senator on  His  extremely lively imagination. .: </para>
          </talk.start>
          <interjection>
            <talk.start>
              <talker>
                <page.no>3267</page.no>
                <time.stamp />
                <name.id>JXJ</name.id>
                <electorate />
                <party />
                <role />
                <in.gov>0</in.gov>
                <first.speech>0</first.speech>
                <name role="metadata">NEEDHAM, Edward</name>
                <name role="display">Senator Needham</name>
              </talker>
              <para>-  I want a replyto my question. </para>
            </talk.start>
          </interjection>
          <continue>
            <talk.start>
              <talker>
                <page.no>3268</page.no>
                <time.stamp />
                <name.id>KUL</name.id>
                <electorate />
                <party />
                <role />
                <in.gov>0</in.gov>
                <first.speech>0</first.speech>
                <name role="metadata">MILLEN, Edward</name>
                <name role="display">Senator MILLEN</name>
              </talker>
              <para>- For further reply I refer the honorable senator to a very full statement made by myself in the Senate a few weeks ago,- which indicated the attitude of the Government in regard to the matter now brought under review. </para>
            </talk.start>
          </continue>
        </speech>
        <speech>
          <talk.start>
            <talker>
              <page.no>3268</page.no>
              <time.stamp />
              <name.id>KRX</name.id>
              <electorate />
              <party />
              <role />
              <in.gov>0</in.gov>
              <first.speech>0</first.speech>
              <name role="metadata">LONG, James</name>
              <name role="display">Senator LONG</name>
            </talker>
            <para>- I desire to direct the attention of the Minister of Defence to an article in the <inline font-style="italic">Age</inline> dealing with a series of important questions regarding naval administration. I only propose to quote the first part of one article - </para>
          </talk.start>
          <quote>
            <para>Australia&#39;s naval scheme is menaced by several grave dangers. One, and perhaps the most serious, &#39;is an attempt on the part of a section of the Board of Naval &#39;Administration, and of officers serving in the fleet itself, completely to Anglicise the institution by making the lives of Australian officers a &#34; hell upon earth.&#34; </para>
          </quote>
          <para class="block">There can be no doubt that there is some foundation for the statement. </para>
        </speech>
        <speech>
          <talk.start>
            <talker>
              <page.no>3268</page.no>
              <time.stamp />
              <name.id>10000</name.id>
              <electorate />
              <party />
              <role />
              <in.gov>0</in.gov>
              <first.speech>0</first.speech>
              <name role="metadata">PRESIDENT, The</name>
              <name role="display">The PRESIDENT</name>
            </talker>
            <para>- The honorable senator must not argue the question. </para>
          </talk.start>
          <continue>
            <talk.start>
              <talker>
                <page.no>3268</page.no>
                <time.stamp />
                <name.id>KRX</name.id>
                <electorate />
                <party />
                <role />
                <in.gov>0</in.gov>
                <first.speech>0</first.speech>
                <name role="metadata">LONG, James</name>
                <name role="display">Senator LONG</name>
              </talker>
              <para>- Will the Minister cause an investigation to be made into this serious statement, and report to the Senate as to its accuracy or otherwise) </para>
            </talk.start>
          </continue>
          <continue>
            <talk.start>
              <talker>
                <page.no>3268</page.no>
                <time.stamp />
                <name.id>KUL</name.id>
                <electorate />
                <party />
                <role />
                <in.gov>0</in.gov>
                <first.speech>0</first.speech>
                <name role="metadata">MILLEN, Edward</name>
                <name role="display">Senator MILLEN</name>
              </talker>
              <para>- I do not see that an inquiry would be of any value to either the Fleet or the country. If there is any truth in the statement, at any time it makes itself manifest I shall regard it as the first duty of the Minister of Defence, myself or other person, to take prompt steps to put an end to it. </para>
            </talk.start>
          </continue>
        </speech>
      </subdebate.1>
    </debate>
    <debate>
      <debateinfo>
        <title>QUESTION</title>
        <page.no>3268</page.no>
        <type>Questions</type>
      </debateinfo>
      <subdebate.1>
        <subdebateinfo>
          <title>COMPULSORY TRAINING</title>
          <page.no>3268</page.no>
        </subdebateinfo>
        <speech>
          <talk.start>
            <talker>
              <page.no>3268</page.no>
              <time.stamp />
              <name.id>KTD</name.id>
              <electorate>NEW SOUTH WALES</electorate>
              <party />
              <role />
              <in.gov>0</in.gov>
              <first.speech>0</first.speech>
              <name role="metadata">MCDOUGALL, Allan</name>
              <name role="display">Senator MCDOUGALL</name>
            </talker>
            <para>- Have the Government considered any claim for compensating the Cadets who were smashed up by a motor car in Sydney some months ago <inline font-style="italic">1</inline> Is it proposed to recompense the boys for the injuries they received while attempting to do their duty to their country under the guidance of their officers? </para>
          </talk.start>
        </speech>
        <speech>
          <talk.start>
            <talker>
              <page.no>3268</page.no>
              <time.stamp />
              <name.id>KUL</name.id>
              <electorate />
              <party>LP</party>
              <role />
              <in.gov>1</in.gov>
              <first.speech>0</first.speech>
              <name role="metadata">MILLEN, Edward</name>
              <name role="display">Senator MILLEN</name>
            </talker>
            <para>- The matter- referred to by the honorable senator is under reference now to the Crown Law officers. </para>
          </talk.start>
          <interjection>
            <talk.start>
              <talker>
                <page.no>3268</page.no>
                <time.stamp />
                <name.id>KTD</name.id>
                <electorate />
                <party />
                <role />
                <in.gov>0</in.gov>
                <first.speech>0</first.speech>
                <name role="metadata">MCDOUGALL, Allan</name>
                <name role="display">Senator Mcdougall</name>
              </talker>
              <para>- That is where it has been for twelve months, and the boys are dying. </para>
            </talk.start>
          </interjection>
        </speech>
      </subdebate.1>
    </debate>
    <debate>
      <debateinfo>
        <title>QUESTION</title>
        <page.no>3268</page.no>
        <type>Questions</type>
      </debateinfo>
      <subdebate.1>
        <subdebateinfo>
          <title>LIBERALISM</title>
          <page.no>3268</page.no>
        </subdebateinfo>
        <speech>
          <talk.start>
            <talker>
              <page.no>3268</page.no>
              <time.stamp />
              <name.id>K1Z</name.id>
              <electorate>NEW SOUTH WALES</electorate>
              <party />
              <role />
              <in.gov>0</in.gov>
              <first.speech>0</first.speech>
              <name role="metadata">RAE, Arthur</name>
              <name role="display">Senator RAE</name>
            </talker>
            <para>- Will the Minister of Defence ascertain if the Prime&#39; Minister will communicate with Emperor Nicholas, the Czar of Russia, likewise with Tuan Shih-K&#39;ai, the  President  of the Chinese&#39; Republic, and other advanced rulers, to learn the most effective way they have of dealing with political opponents, with a view to its adoption in this country, so that true Liberalism may secure a permanent foothold ? </para>
          </talk.start>
          <interjection>
            <talk.start>
              <talker>
                <page.no>3268</page.no>
                <time.stamp />
                <name.id>K6M</name.id>
                <electorate />
                <party />
                <role />
                <in.gov>0</in.gov>
                <first.speech>0</first.speech>
                <name role="metadata">CLEMONS, John</name>
                <name role="display">Senator Clemons</name>
              </talker>
              <para>- That is what it has in the Senate, is it not; what is the matter with it? </para>
            </talk.start>
          </interjection>
        </speech>
        <speech>
          <talk.start>
            <talker>
              <page.no>3268</page.no>
              <time.stamp />
              <name.id>KUL</name.id>
              <electorate />
              <party>LP</party>
              <role />
              <in.gov>1</in.gov>
              <first.speech>0</first.speech>
              <name role="metadata">MILLEN, Edward</name>
              <name role="display">Senator MILLEN</name>
            </talker>
            <para>- If I thought that the Prime Minister would obtain the services of* my honorable friend to convey that message personally, I should be disposed to advise him to adopt the suggestion. </para>
          </talk.start>
        </speech>
      </subdebate.1>
    </debate>
    <debate>
      <debateinfo>
        <title>QUESTION</title>
        <page.no>3268</page.no>
        <type>Questions</type>
      </debateinfo>
      <subdebate.1>
        <subdebateinfo>
          <title>PAYMENTS TO THE STATES</title>
          <page.no>3268</page.no>
        </subdebateinfo>
        <speech>
          <talk.start>
            <talker>
              <page.no>3268</page.no>
              <time.stamp />
              <name.id>KRZ</name.id>
              <electorate>WESTERN AUSTRALIA</electorate>
              <party />
              <role />
              <in.gov>0</in.gov>
              <first.speech>0</first.speech>
              <name role="metadata">LYNCH, Patrick</name>
              <name role="display">Senator LYNCH</name>
            </talker>
            <para>- I desire to draw the attention of the Minister representing the Prime Minister to the following statement which was made by the Treasurer, and reported in the press of Western Australia, on the 27.th May. - </para>
          </talk.start>
          <quote>
            <para>The system they were following in finance was disastrous. ^10^,000,000 had gone into the Federal Treasury during the last two years, most of which should have gone into the State coffers. . . . The Federal Government was not giving the money back to the States, but was throwing it away in all directions. </para>
          </quote>
          <para class="block">In view of that statement, do the Government propose to repair the alleged  injustice  to the States by increasing the payments to them, or to withdraw their charge that the late Government committed an injustice to the State Treasuries ? </para>
        </speech>
        <speech>
          <talk.start>
            <talker>
              <page.no>3268</page.no>
              <time.stamp />
              <name.id>KUL</name.id>
              <electorate />
              <party>LP</party>
              <role />
              <in.gov>1</in.gov>
              <first.speech>0</first.speech>
              <name role="metadata">MILLEN, Edward</name>
              <name role="display">Senator MILLEN</name>
            </talker>
            <para>- I can hardly imagine that the honorable senator expects a question of that kind to be seriously taken. I have not seen the state-&#39; ment referred to. I understand that it is of great age, almost antique. Further than that, a statement which I havenever had brought under my notice be-&#39; fore is hardly one to which my honorable&#39; friend can expect me to make a reasonable reply at the present moment. </para>
          </talk.start>
        </speech>
      </subdebate.1>
    </debate>
    <debate>
      <debateinfo>
        <title>QUESTION</title>
        <page.no>3268</page.no>
        <type>Questions</type>
      </debateinfo>
      <subdebate.1>
        <subdebateinfo>
          <title>CASE OF MR. HENRY CHINN</title>
          <page.no>3268</page.no>
        </subdebateinfo>
        <speech>
          <talk.start>
            <talker>
              <page.no>3268</page.no>
              <time.stamp />
              <name.id>KKZ</name.id>
              <electorate>NEW SOUTH WALES</electorate>
              <party />
              <role />
              <in.gov>0</in.gov>
              <first.speech>0</first.speech>
              <name role="metadata">GARDINER, Albert</name>
              <name role="display">Senator GARDINER</name>
            </talker>
            <para>- I ask the; Leader of the Government in this Chamber whether he will lay on the table. of the&#39; Senate the report and evidence of the. Royal Commission which inquired into the suspension of Mr: Henry Chinn during January and February last? </para>
          </talk.start>
        </speech>
        <speech>
          <talk.start>
            <talker>
              <page.no>3268</page.no>
              <time.stamp />
              <name.id>KUL</name.id>
              <electorate />
              <party>LP</party>
              <role />
              <in.gov>1</in.gov>
              <first.speech>0</first.speech>
              <name role="metadata">MILLEN, Edward</name>
              <name role="display">Senator MILLEN</name>
            </talker>
            <para>- I do not know whether that report is available or not.. If it. is, I see no. objection to making it 1 available to honorable, senators.. - </para>
          </talk.start>
        </speech>
        <speech>
          <talk.start>
            <talker>
              <page.no>3269</page.no>
              <time.stamp />
              <name.id>JZM</name.id>
              <electorate>NEW SOUTH WALES</electorate>
              <party />
              <role />
              <in.gov>0</in.gov>
              <first.speech>0</first.speech>
              <name role="metadata">OAKES, Charles</name>
              <name role="display">Senator OAKES</name>
            </talker>
            <para>- I wish to ask <inline font-weight="bold">Senator de</inline> Largie whether the <inline font-style="italic">&#163;2</inline> 2s. per day expenses which have been paid to <inline font-weight="bold">Mr. Chinn</inline> have been paid on the authority of the  chairman  only, or on the authority of the Select Committee as a whole? </para>
          </talk.start>
        </speech>
        <speech>
          <talk.start>
            <talker>
              <page.no>3269</page.no>
              <time.stamp />
              <name.id>JU7</name.id>
              <electorate>WESTERN AUSTRALIA</electorate>
              <party />
              <role />
              <in.gov>0</in.gov>
              <first.speech>0</first.speech>
              <name role="metadata">DE LARGIE, Hugh</name>
              <name role="display">Senator DE LARGIE</name>
            </talker>
            <para>- It has been paid on the full authority of the Committee, every member agreeing to the amount. </para>
          </talk.start>
        </speech>
        <speech>
          <talk.start>
            <talker>
              <page.no>3269</page.no>
              <time.stamp />
              <name.id>KRX</name.id>
              <electorate />
              <party />
              <role />
              <in.gov>0</in.gov>
              <first.speech>0</first.speech>
              <name role="metadata">LONG, James</name>
              <name role="display">Senator LONG</name>
            </talker>
            <para>- I desire to ask the Leader of the Government whether they have been paying <inline font-weight="bold">Mr. Starke</inline> &#163;12 12s. per day to represent the EngineerinChief and the Government upon that inquiry. </para>
          </talk.start>
          <continue>
            <talk.start>
              <talker>
                <page.no>3269</page.no>
                <time.stamp />
                <name.id>KUL</name.id>
                <electorate />
                <party />
                <role />
                <in.gov>0</in.gov>
                <first.speech>0</first.speech>
                <name role="metadata">MILLEN, Edward</name>
                <name role="display">Senator MILLEN</name>
              </talker>
              <para>- I am unable to answer that question. </para>
            </talk.start>
          </continue>
        </speech>
        <speech>
          <talk.start>
            <talker>
              <page.no>3269</page.no>
              <time.stamp />
              <name.id>JXV</name.id>
              <electorate>SOUTH AUSTRALIA</electorate>
              <party>ALP; NAT from 1917</party>
              <role />
              <in.gov>0</in.gov>
              <first.speech>0</first.speech>
              <name role="metadata">NEWLANDS, John</name>
              <name role="display">Senator NEWLANDS</name>
            </talker>
            <para>- I call the attention of the Minister of Defence to a statement which appeared in the press one day last week, and which purported to emanate from the Honorary Minister in another place. The statement reads - </para>
          </talk.start>
          <quote>
            <para>Therefore, whatever the report of this packed tribunal contains, it will not affect this Department one jot. </para>
          </quote>
          <para class="block">These remarks, I may explain, had reference to the Chinn Inquiry. The Honorary Minister in another place accused this Chamber of having constituted a packed inquiry into the circumstances surrounding <inline font-weight="bold">Mr. Chinn&#39;s</inline> dismissal. Does <inline font-weight="bold">Senator Millen</inline> approve of the language used by his colleague, and will he say whether he believes that the Committee appointed by the Senate is a packed one? </para>
          <continue>
            <talk.start>
              <talker>
                <page.no>3269</page.no>
                <time.stamp />
                <name.id>KUL</name.id>
                <electorate />
                <party />
                <role />
                <in.gov>0</in.gov>
                <first.speech>0</first.speech>
                <name role="metadata">MILLEN, Edward</name>
                <name role="display">Senator MILLEN</name>
              </talker>
              <para>- I am not aware that I am called upon to express an opinion on the utterances of my colleagues, or to state my belief in regard to any action for which a section of the Senate may be responsible. </para>
            </talk.start>
          </continue>
          <continue>
            <talk.start>
              <talker>
                <page.no>3269</page.no>
                <time.stamp />
                <name.id>JXV</name.id>
                <electorate>SOUTH AUSTRALIA</electorate>
                <party>ALP; NAT from 1917</party>
                <role />
                <in.gov>0</in.gov>
                <first.speech>0</first.speech>
                <name role="metadata">NEWLANDS, John</name>
                <name role="display">Senator NEWLANDS</name>
              </talker>
              <para>- Then, will the Minister state, &#34;off his own bat,&#34; whether he believes the Select Committee appointed to inquire into the circumstances surrounding <inline font-weight="bold">Mr. Chinn&#39;s</inline> dismissal is a packed one? </para>
            </talk.start>
          </continue>
          <continue>
            <talk.start>
              <talker>
                <page.no>3269</page.no>
                <time.stamp />
                <name.id>KUL</name.id>
                <electorate />
                <party />
                <role />
                <in.gov>0</in.gov>
                <first.speech>0</first.speech>
                <name role="metadata">MILLEN, Edward</name>
                <name role="display">Senator MILLEN</name>
              </talker>
              <para>- My reply is that I do not propose to answer that question. </para>
            </talk.start>
          </continue>
        </speech>
      </subdebate.1>
    </debate>
    <debate>
      <debateinfo>
        <title>QUESTION</title>
        <page.no>3269</page.no>
        <type>Questions</type>
      </debateinfo>
      <subdebate.1>
        <subdebateinfo>
          <title>SUGAR EXCISE</title>
          <page.no>3269</page.no>
        </subdebateinfo>
        <speech>
          <talk.start>
            <talker>
              <page.no>3269</page.no>
              <time.stamp />
              <name.id>KSU</name.id>
              <electorate>QUEENSLAND</electorate>
              <party />
              <role />
              <in.gov>0</in.gov>
              <first.speech>0</first.speech>
              <name role="metadata">MAUGHAN, William</name>
              <name role="display">Senator MAUGHAN</name>
            </talker>
            <para>- I ask the Min ister representing the Minister of Trade and Customs whether any money has yet&#39; been received by the Government under the Excise Tariff (Sugar) Act?&#39; </para>
          </talk.start>
        </speech>
        <speech>
          <talk.start>
            <talker>
              <page.no>3269</page.no>
              <time.stamp />
              <name.id>KQ4</name.id>
              <electorate />
              <party>LP</party>
              <role />
              <in.gov>1</in.gov>
              <first.speech>0</first.speech>
              <name role="metadata">MCCOLL, James</name>
              <name role="display">Senator McCOLL</name>
            </talker>
            <para>- I am not in possession of the information which the honorable member desires, but I will obtain it for him. </para>
          </talk.start>
        </speech>
      </subdebate.1>
    </debate>
    <debate>
      <debateinfo>
        <title>QUESTION</title>
        <page.no>3269</page.no>
        <type>Questions</type>
      </debateinfo>
      <subdebate.1>
        <subdebateinfo>
          <title>NAVAL BOARD</title>
          <page.no>3269</page.no>
        </subdebateinfo>
        <speech>
          <talk.start>
            <talker>
              <page.no>3269</page.no>
              <time.stamp />
              <name.id>K3E</name.id>
              <electorate>VICTORIA</electorate>
              <party />
              <role />
              <in.gov>0</in.gov>
              <first.speech>0</first.speech>
              <name role="metadata">RUSSELL, Edward</name>
              <name role="display">Senator RUSSELL</name>
            </talker>
            <para>- Has the Minister of Defence any objection to lay on the table of the Senate the recommendations of the Naval Board regarding increased accommodation for itself and its staff ? </para>
          </talk.start>
        </speech>
        <speech>
          <talk.start>
            <talker>
              <page.no>3269</page.no>
              <time.stamp />
              <name.id>KUL</name.id>
              <electorate />
              <party>LP</party>
              <role />
              <in.gov>1</in.gov>
              <first.speech>0</first.speech>
              <name role="metadata">MILLEN, Edward</name>
              <name role="display">Senator MILLEN</name>
            </talker>
            <para>- I am quite willing to lay any papers of that kind on the table of the Senate. At the present moment, however, I scarcely think that there are any such papers. </para>
          </talk.start>
        </speech>
      </subdebate.1>
    </debate>
    <debate>
      <debateinfo>
        <title>QUESTION</title>
        <page.no>3269</page.no>
        <type>Questions</type>
      </debateinfo>
      <subdebate.1>
        <subdebateinfo>
          <title>SMALL-POX OUTBREAK : QUARANTINE</title>
          <page.no>3269</page.no>
        </subdebateinfo>
        <speech>
          <talk.start>
            <talker>
              <page.no>3269</page.no>
              <time.stamp />
              <name.id>K1Z</name.id>
              <electorate />
              <party />
              <role />
              <in.gov>0</in.gov>
              <first.speech>0</first.speech>
              <name role="metadata">RAE, Arthur</name>
              <name role="display">Senator RAE</name>
            </talker>
            <para>- I ask the Minister of Defence whether the Government have arrived at any determination in regard to the removal of the quarantine embargo which has been placed upon the city of Sydney . on account of the alleged small-pox epidemic? </para>
          </talk.start>
        </speech>
        <speech>
          <talk.start>
            <talker>
              <page.no>3269</page.no>
              <time.stamp />
              <name.id>KUL</name.id>
              <electorate />
              <party>LP</party>
              <role />
              <in.gov>1</in.gov>
              <first.speech>0</first.speech>
              <name role="metadata">MILLEN, Edward</name>
              <name role="display">Senator MILLEN</name>
            </talker>
            <para>- As honorable senators are aware, there has been a Conference of medical men sitting in this city during the last few days, but the report of that Conference has not yet reached the Government. </para>
          </talk.start>
        </speech>
      </subdebate.1>
    </debate>
    <debate>
      <debateinfo>
        <title>QUESTION</title>
        <page.no>3269</page.no>
        <type>Questions</type>
      </debateinfo>
      <subdebate.1>
        <subdebateinfo>
          <title>COLONEL RYRIE</title>
          <page.no>3269</page.no>
        </subdebateinfo>
        <speech>
          <talk.start>
            <talker>
              <page.no>3269</page.no>
              <time.stamp />
              <name.id>KTD</name.id>
              <electorate />
              <party />
              <role />
              <in.gov>0</in.gov>
              <first.speech>0</first.speech>
              <name role="metadata">MCDOUGALL, Allan</name>
              <name role="display">Senator McDOUGALL</name>
            </talker>
            <para>- Can the Minister of Defence say whether an individual named Ryrie, who was engaged in a fight with a man named Bourke, an account of which appeared in yesterday&#39;s papers, is the same gentleman who threatened last week in another place to annihilate certain honorable members? </para>
          </talk.start>
        </speech>
        <speech>
          <talk.start>
            <talker>
              <page.no>3269</page.no>
              <time.stamp />
              <name.id>KUL</name.id>
              <electorate />
              <party>LP</party>
              <role />
              <in.gov>1</in.gov>
              <first.speech>0</first.speech>
              <name role="metadata">MILLEN, Edward</name>
              <name role="display">Senator MILLEN</name>
            </talker>
            <para>- The honorable senator does not expect an answerto that question. </para>
          </talk.start>
        </speech>
      </subdebate.1>
    </debate>
    <debate>
      <debateinfo>
        <title>LIGHTING WESTERN AUSTRALIAN COAST</title>
        <page.no>3269</page.no>
        <type>miscellaneous</type>
      </debateinfo>
      <subdebate.1>
        <subdebateinfo>
          <title>Survey Steamers</title>
          <page.no>3269</page.no>
        </subdebateinfo>
        <speech>
          <talk.start>
            <talker>
              <page.no>3269</page.no>
              <time.stamp />
              <name.id>KRZ</name.id>
              <electorate />
              <party />
              <role />
              <in.gov>0</in.gov>
              <first.speech>0</first.speech>
              <name role="metadata">LYNCH, Patrick</name>
              <name role="display">Senator LYNCH</name>
            </talker>
            <para>- I direct the attention of the Minister representing the Minister of Trade and Customs to the following paragraph, which appears in the report by Commander Brewis on the lighting of the western coast of Australia </para>
          </talk.start>
          <para>The coast-line of Western Australia,; from Eucla to Wyndham, amounts to approximately  3,130 nautical miles. From Eucla to Fort Darwin is a distance of 3,300 miles, of which fully  3,400  miles must be considered imperfectly charted, and, in parts, entirely unexamined. </para>
          <para>Accurate charts are obligatory for trade and navigation, and this is a most important coastal requirement. If two vessels proceeded steadily with this work, it would take at least fifteen years, and probably twenty years, to complete. </para>
          <para class="block">In view of the fact that only one vessel is engaged in the work, namely, H.M.S. <inline font-style="italic">Fantome,</inline> and that, according to Commander Brewis, she would require forty years to thoroughly examine the coastal waters of Western Australia, will the Government take into consideration the necessity for securing the services of another survey vessel, so that the work may be completed in a reasonable time? If we are to wait forty years for the present steamer to complete her work, it is difficult to say what damage may be done in the meantime. </para>
        </speech>
        <speech>
          <talk.start>
            <talker>
              <page.no>3270</page.no>
              <time.stamp />
              <name.id>KQ4</name.id>
              <electorate />
              <party>LP</party>
              <role />
              <in.gov>1</in.gov>
              <first.speech>0</first.speech>
              <name role="metadata">MCCOLL, James</name>
              <name role="display">Senator McCOLL</name>
            </talker>
            <para>- The matter is under consideration at the present moment. </para>
          </talk.start>
        </speech>
      </subdebate.1>
    </debate>
    <debate>
      <debateinfo>
        <title>QUESTION</title>
        <page.no>3270</page.no>
        <type>Questions</type>
      </debateinfo>
      <subdebate.1>
        <subdebateinfo>
          <title>TASMANIAN MAIL CONTRACT</title>
          <page.no>3270</page.no>
        </subdebateinfo>
        <speech>
          <talk.start>
            <talker>
              <page.no>3270</page.no>
              <time.stamp />
              <name.id>K2D</name.id>
              <electorate>TASMANIA</electorate>
              <party />
              <role />
              <in.gov>0</in.gov>
              <first.speech>0</first.speech>
              <name role="metadata">READY, Rudolph</name>
              <name role="display">Senator READY</name>
            </talker>
            <para>- I ask the Honorary Minister whether it is because the Government realize that they have made a grave mistake that the Tasmanian mail contract has not yet been signed ? </para>
          </talk.start>
        </speech>
        <speech>
          <talk.start>
            <talker>
              <page.no>3270</page.no>
              <time.stamp />
              <name.id>K6M</name.id>
              <electorate />
              <party>LP</party>
              <role />
              <in.gov>1</in.gov>
              <first.speech>0</first.speech>
              <name role="metadata">CLEMONS, John</name>
              <name role="display">Senator CLEMONS</name>
            </talker>
            <para>- It is not, because the Government have not made a mistake. </para>
          </talk.start>
        </speech>
      </subdebate.1>
    </debate>
    <debate>
      <debateinfo>
        <title>QUESTION</title>
        <page.no>3270</page.no>
        <type>Questions</type>
      </debateinfo>
      <subdebate.1>
        <subdebateinfo>
          <title>CONDUCT OP BUSINESS</title>
          <page.no>3270</page.no>
        </subdebateinfo>
        <speech>
          <talk.start>
            <talker>
              <page.no>3270</page.no>
              <time.stamp />
              <name.id>KRX</name.id>
              <electorate />
              <party />
              <role />
              <in.gov>0</in.gov>
              <first.speech>0</first.speech>
              <name role="metadata">LONG, James</name>
              <name role="display">Senator LONG</name>
            </talker>
            <para>- In view of the notice of motion which has been given by <inline font-weight="bold">Senator Millen</inline> to-day in regard to giving precedence to Government business, which predicates the termination of the session, will the honorable gentleman say whether he proposes to employ the same methods to get business through this Senate which have been employed in the other branch of the Legislature ? </para>
          </talk.start>
        </speech>
        <speech>
          <talk.start>
            <talker>
              <page.no>3270</page.no>
              <time.stamp />
              <name.id>KUL</name.id>
              <electorate />
              <party>LP</party>
              <role />
              <in.gov>1</in.gov>
              <first.speech>0</first.speech>
              <name role="metadata">MILLEN, Edward</name>
              <name role="display">Senator MILLEN</name>
            </talker>
            <para>- I am hopeful that this Chamber will continue to maintain its traditional good behaviour, and that such methods will not be necessary. </para>
          </talk.start>
        </speech>
      </subdebate.1>
    </debate>
    <debate>
      <debateinfo>
        <title>PAPERS</title>
        <page.no>3270</page.no>
        <type>papers</type>
      </debateinfo>
      <para>MINISTERS laid upon the table the following papers: - </para>
      <para> Commonwealth Bank Act 1911. - Regulations. - Statutory Rules 1913, No. 140., </para>
      <para> Commonwealth Electoral Act 1902-1911 and Referendum (Constitution Alteration) Act 1906- 1912. - Regulations amended, Sc. - Statutory Rules 1913 No.- 377. </para>
      <para>Lands. Acquisition Act 1906 - Land acquired: under, at - </para>
      <para>Bayswater, Western Australia - For Defence purposes. </para>
      <para>East Perth, Western Australia--For Postal purposes. </para>
      <para>Melbourne,, Victoria - For Postal purposes. Public Service Act 1902-1911. - Appointments, Promotions, &#38;c. - </para>
      <para>Department of Home Affairs - </para>
      <list type="upperalpha-dotted">
        <item label="C.">
          <para>L. Clarke - Appointment (with variation) to new position of Draughtsman,. ClassE, Lands and Surveys Branch. </para>
        </item>
        <item label="L.">
          <para>H. Haslem, B. H. R. Ziggel- Promotion to new position of. Draughtsman, Class E, and appointment as, Draughtsman, Class F, respectively, Lands and: Surveys Branch. </para>
        </item>
        <item label="H.">
          <para>J. Manderson - Promotion as Clerk, 3rd Class, Central Staff. </para>
        </item>
        <item label="V.">
          <para>F. Turner - Promotion as Clerk, 4th Class, Lands and Surveys. Branch,, Federal Territory. </para>
        </item>
        <item label="J.">
          <para>D. Thomson - Appointment as Draughtsman, Class. E, Central Staff.. </para>
        </item>
      </list>
      <para>Department of the Treasury - </para>
      <list type="upperalpha-dotted">
        <item label="A.">
          <para>W.. Stephen - Appointment to new position of Valuer, Class D, Land Tax. Branch, New South Wales. </para>
        </item>
      </list>
      <para>Postmaster-General&#39;s Department - </para>
      <list type="upperalpha-dotted">
        <item label="A.">
          <para>J. Christie - Promotion as Superintendent, First Class, Mail Branch, New South Wales. </para>
        </item>
      </list>
      <para>Railways - </para>
      <para class="block">Report- (together with Appendices) of theUniform Gauge Conference, held at Melbourne, December, 1912, and April, 1913. </para>
      <para class="block">Seamen&#39;s Compensation Act 191 1. - Regulations. - Statutory Rules 1913, No. 279. </para>
      <para>Trade Marks Act 1905-1912. - Provisional Regulations. - Statutory Rules1913, No; 260. </para>
      <para>Wood Pulp and Rock Phosphate Bounties Act: 1912. - Regulations. - Statutory Rules 1913, No. 278. </para>
    </debate>
    <debate>
      <debateinfo>
        <title>QUESTION</title>
        <page.no>3270</page.no>
        <type>Questions</type>
      </debateinfo>
      <subdebate.1>
        <subdebateinfo>
          <title>SENATOR READY AND MR. SPEAKER</title>
          <page.no>3270</page.no>
        </subdebateinfo>
        <speech>
          <talk.start>
            <talker>
              <page.no>3270</page.no>
              <time.stamp />
              <name.id>K1Z</name.id>
              <electorate />
              <party />
              <role />
              <in.gov>0</in.gov>
              <first.speech>0</first.speech>
              <name role="metadata">RAE, Arthur</name>
              <name role="display">Senator RAE</name>
            </talker>
            <para>- I call attention to a. report appearing in the Sydney <inline font-style="italic">DailyTelegraph</inline> of Saturday last of a speech delivered by <inline font-weight="bold">Senator Ready</inline> in support of the Labour candidate for Bathurst. I do so with a view of asking a question asto the intentions of the Government regarding it. The following is the report :  - </para>
          </talk.start>
          <quote>
            <para>The  Speaker  of the House of Representativescame in for some severe criticism at the handsof <inline font-weight="bold">Senator Ready,</inline> of Tasmania, in the course of a speech in support of the Labour candidate for Bathurst last night. <inline font-weight="bold">Senator Ready</inline> quoted thesubleader of <inline font-style="italic">The Daily Telegraph,</inline> condemning, the Government for their treatment of <inline font-weight="bold">Mr. McGrath,</inline> and said that the editor of that great- journal had better look out or the  Speaker  would have him up before the Bar of the House. </para>
            <para>For myself ,. proceeded the senator, let me stateemphatically and unmistakably, speaking as- one. of your legislators, clothed with my full responsibility as such, and here, publicly, that the-&#39;  Speaker  -in his unparalleled course of action- has shown, himself to be a pitiable, -puny, party.  puppet ; and he has degraded and prostituted the high office and the still higher traditions of the  Speaker  of the House of Representatives. I, for one, shall not be coerced, or my right to free speech denied, but I shall say so everywhere, and they can throw me out of the Senate if they dare when I return there on Wednesday next. They had to turn <inline font-weight="bold">Mr. McGrath</inline> out on the casting vote of the  Speaker.  When it comes to the Senate, there are more than seven of us there, you know. </para>
          </quote>
          <para class="block">I wish to know whether the attention of the Government has been called to the  report, and whether they intend to take  any action in the matter? </para>
        </speech>
        <speech>
          <talk.start>
            <talker>
              <page.no>3271</page.no>
              <time.stamp />
              <name.id>KUL</name.id>
              <electorate />
              <party>LP</party>
              <role />
              <in.gov>1</in.gov>
              <first.speech>0</first.speech>
              <name role="metadata">MILLEN, Edward</name>
              <name role="display">Senator MILLEN</name>
            </talker>
            <para>-  As  far as I know, the attention of the Government has not been drawn to the statement which <inline font-weight="bold">Senator Rae</inline> has quoted. Had it been, I venture to say that they would not have taken any notice of it. </para>
          </talk.start>
        </speech>
      </subdebate.1>
    </debate>
    <debate>
      <debateinfo>
        <title>THE GOVERNMENT AND THE SENATE</title>
        <page.no>3271</page.no>
        <type>miscellaneous</type>
      </debateinfo>
      <subdebate.1>
        <subdebateinfo>
          <title>Suspension of Standing Orders</title>
          <page.no>3271</page.no>
        </subdebateinfo>
        <speech>
          <talk.start>
            <talker>
              <page.no>3271</page.no>
              <time.stamp />
              <name.id>KTF</name.id>
              <electorate>South Australia</electorate>
              <party />
              <role />
              <in.gov>0</in.gov>
              <first.speech>0</first.speech>
              <name role="metadata">MCGREGOR, Gregor</name>
              <name role="display">Senator McGREGOR</name>
            </talker>
            <para>. - I wish to ask the Leader of the Government in the Senate, without notice, whether, in view of the reasons given for the adjournment of the Senate on the 6th November, and considering that the disability then alleged still hangs over the head of the Government, it is their intention to proceed with business in the Senate. </para>
          </talk.start>
          <interjection>
            <talk.start>
              <talker>
                <page.no>3271</page.no>
                <time.stamp />
                <name.id>KUL</name.id>
                <electorate />
                <party />
                <role />
                <in.gov>0</in.gov>
                <first.speech>0</first.speech>
                <name role="metadata">MILLEN, Edward</name>
                <name role="display">Senator Millen</name>
              </talker>
              <para>-  The presence of Ministers here to-day prepared to go on with the business is the best answer to that question. </para>
            </talk.start>
          </interjection>
          <continue>
            <talk.start>
              <talker>
                <page.no>3271</page.no>
                <time.stamp />
                <name.id>KTF</name.id>
                <electorate />
                <party />
                <role />
                <in.gov>0</in.gov>
                <first.speech>0</first.speech>
                <name role="metadata">MCGREGOR, Gregor</name>
                <name role="display">Senator McGREGOR</name>
              </talker>
              <para>- Then I move- </para>
            </talk.start>
          </continue>
          <quote>
            <para class="block">That so much of the Standing Orders be suspended as would prevent him moving that the Senate do now adjourn. </para>
          </quote>
          <interjection>
            <talk.start>
              <talker>
                <page.no>3271</page.no>
                <time.stamp />
                <name.id>KUL</name.id>
                <electorate />
                <party />
                <role />
                <in.gov>0</in.gov>
                <first.speech>0</first.speech>
                <name role="metadata">MILLEN, Edward</name>
                <name role="display">Senator Millen</name>
              </talker>
              <para>-  It is not necessary to suspend the Standing Orders. </para>
            </talk.start>
          </interjection>
        </speech>
        <speech>
          <talk.start>
            <talker>
              <page.no>3271</page.no>
              <time.stamp />
              <name.id>10000</name.id>
              <electorate />
              <party />
              <role />
              <in.gov>0</in.gov>
              <first.speech>0</first.speech>
              <name role="metadata">PRESIDENT, The</name>
              <name role="display">The PRESIDENT</name>
            </talker>
            <para>- I understand that the honorable senator desires to move the suspension of the Standing Orders in order to enable him to move the adjournment of the Senate in the ordinary way. If he had desired to move the adjournment of the Senate for the purpose of discussing a matter of urgent public importance he need not have taken this course. But the Standing Orders provide that only a Minister can move the adjournment of the Senate in the ordinary way. I assume that <inline font-weight="bold">Senator McGregor</inline> does not intend to move the adjournment for the purpose of discussing a matter of urgent public business, because he has not given me written notice to that- effect; as required by the Standing Orders. Consequently, it is necessary for him to proceed as he has done to enable him to move that the Senate do now adjourn. </para>
          </talk.start>
        </speech>
        <speech>
          <talk.start>
            <talker>
              <page.no>3271</page.no>
              <time.stamp />
              <name.id>KUL</name.id>
              <electorate>New South WalesMinister of Defence</electorate>
              <party>LP</party>
              <role />
              <in.gov>1</in.gov>
              <first.speech>0</first.speech>
              <name role="metadata">MILLEN, Edward</name>
              <name role="display">Senator MILLEN</name>
            </talker>
            <para>. - There need be no pretended ignorance as to the purpose of this motion. It is evident thai <inline font-weight="bold">Senator McGregor</inline> has submitted it with a view of closing the doors of the Senate, and preventing it from proceeding with the work which is before it to-day. </para>
          </talk.start>
          <interjection>
            <talk.start>
              <talker>
                <page.no>3271</page.no>
                <time.stamp />
                <name.id>JU7</name.id>
                <electorate />
                <party />
                <role />
                <in.gov>0</in.gov>
                <first.speech>0</first.speech>
                <name role="metadata">DE LARGIE, Hugh</name>
                <name role="display">Senator de Largie</name>
              </talker>
              <para>-  Which you did a fortnight ago. </para>
            </talk.start>
          </interjection>
          <continue>
            <talk.start>
              <talker>
                <page.no>3271</page.no>
                <time.stamp />
                <name.id>KUL</name.id>
                <electorate />
                <party />
                <role />
                <in.gov>0</in.gov>
                <first.speech>0</first.speech>
                <name role="metadata">MILLEN, Edward</name>
                <name role="display">Senator MILLEN</name>
              </talker>
              <para>- Which we did with <inline font-weight="bold">Senator de</inline> Largie&#39;s assistance the other day. </para>
            </talk.start>
          </continue>
          <interjection>
            <talk.start>
              <talker>
                <page.no>3271</page.no>
                <time.stamp />
                <name.id>JU7</name.id>
                <electorate />
                <party />
                <role />
                <in.gov>0</in.gov>
                <first.speech>0</first.speech>
                <name role="metadata">DE LARGIE, Hugh</name>
                <name role="display">Senator de Largie</name>
              </talker>
              <para>-  Not at. all. </para>
            </talk.start>
          </interjection>
          <continue>
            <talk.start>
              <talker>
                <page.no>3271</page.no>
                <time.stamp />
                <name.id>KUL</name.id>
                <electorate />
                <party />
                <role />
                <in.gov>0</in.gov>
                <first.speech>0</first.speech>
                <name role="metadata">MILLEN, Edward</name>
                <name role="display">Senator MILLEN</name>
              </talker>
              <para>- I wish to call the attention of the Senate - and I am not doing it with any desire to make party capital - to what this means. I ask the Senate, and especially an experienced and responsible leader like <inline font-weight="bold">Senator McGregor,</inline> to consider carefully what the Senate is now asked to do. We are here to-day to do business. Whether the action taken by the Government in the past was defensible or otherwise is, no doubt, a matter for discussion. But I do ask the Senate to pause before deliberately closing these doors whilst business which is before us remains unfinished. </para>
            </talk.start>
          </continue>
          <interjection>
            <talk.start>
              <talker>
                <page.no>3271</page.no>
                <time.stamp />
                <name.id>KKZ</name.id>
                <electorate />
                <party />
                <role />
                <in.gov>0</in.gov>
                <first.speech>0</first.speech>
                <name role="metadata">GARDINER, Albert</name>
                <name role="display">Senator Gardiner</name>
              </talker>
              <para>-  You did that a fortnight ago. </para>
            </talk.start>
          </interjection>
          <continue>
            <talk.start>
              <talker>
                <page.no>3271</page.no>
                <time.stamp />
                <name.id>KUL</name.id>
                <electorate />
                <party />
                <role />
                <in.gov>0</in.gov>
                <first.speech>0</first.speech>
                <name role="metadata">MILLEN, Edward</name>
                <name role="display">Senator MILLEN</name>
              </talker>
              <para>- I did it following the customary procedure, which was condemned by <inline font-weight="bold">Senator Gardiner.</inline> But I now take it, from his interjection, that he is prepared to support <inline font-weight="bold">Senator McGregor</inline> in doing what he denounced as wrong a fortnight ago. </para>
            </talk.start>
          </continue>
          <interjection>
            <talk.start>
              <talker>
                <page.no>3271</page.no>
                <time.stamp />
                <name.id>K1Z</name.id>
                <electorate />
                <party />
                <role />
                <in.gov>0</in.gov>
                <first.speech>0</first.speech>
                <name role="metadata">RAE, Arthur</name>
                <name role="display">Senator Rae</name>
              </talker>
              <para>-  Do not jump at conclusions. </para>
            </talk.start>
          </interjection>
          <continue>
            <talk.start>
              <talker>
                <page.no>3271</page.no>
                <time.stamp />
                <name.id>KUL</name.id>
                <electorate />
                <party />
                <role />
                <in.gov>0</in.gov>
                <first.speech>0</first.speech>
                <name role="metadata">MILLEN, Edward</name>
                <name role="display">Senator MILLEN</name>
              </talker>
              <para>- I am putting it in all seriousness to honorable senators opposite that they should pause before taking this action. I admit their power to do it if they like. But before they place the Senate before the country as deliberately, and wilfully, and for no just reason at all, refusing to do the business which is on the notice-paper to be done, they should reflect seriously. I do not propose to say any more. There is the position. I appeal to honorable senators opposite to hesitate before . they ask the Senate to take such a course. </para>
            </talk.start>
          </continue>
        </speech>
        <speech>
          <talk.start>
            <talker>
              <page.no>3271</page.no>
              <time.stamp />
              <name.id>KTF</name.id>
              <electorate>South Australia</electorate>
              <party />
              <role />
              <in.gov>0</in.gov>
              <first.speech>0</first.speech>
              <name role="metadata">MCGREGOR, Gregor</name>
              <name role="display">Senator McGREGOR</name>
            </talker>
            <para>. - I am very much obliged to the </para>
          </talk.start>
          <para class="block">Minister of Defence for the very wise and kindly counsel which he has given to as. But I think that if the honorable senator would take a few minutes to consider, he would come to the conclusion that the action of the Government in the past has given every reason for this course. In view of what has occurred, I am satisfied that the people of the country have a right to have some time given to them for the calm consideration of the position that has arisen. If any action of this kind was ever necessary, it is necessary now as a protest against the arbitrary conduct of the Government. Consequently, I hope that the people will take notice of the reason why we have adopted this course. </para>
          <para class="block">Question put. The Senate divided - </para>
        </speech>
      </subdebate.1>
      <subdebate.1>
        <subdebateinfo>
          <title>Ayes ... ... ... 24</title>
          <page.no>3272</page.no>
        </subdebateinfo>
      </subdebate.1>
      <subdebate.1>
        <subdebateinfo>
          <title>Noes ... ... ... 5</title>
          <page.no>3272</page.no>
        </subdebateinfo>
      </subdebate.1>
      <subdebate.1>
        <subdebateinfo>
          <title>Majority ... ... 19</title>
          <page.no>3272</page.no>
        </subdebateinfo>
        <para class="block">
          <graphic href="072332191311192_5_0_3_P.jpg" />
        </para>
        <para class="block">
          <graphic href="072332191311192_5_0_2_N.jpg" />
        </para>
        <para class="block">
          <graphic href="072332191311192_5_0_1_A.jpg" />
        </para>
        <para>Question so resolved in the affirmative. </para>
      </subdebate.1>
    </debate>
    <debate>
      <debateinfo>
        <title>ADJOURNMENT</title>
        <page.no>3272</page.no>
        <type>adjournment</type>
      </debateinfo>
      <para class="block">NO-CONFIDENCE MOTION. </para>
      <speech>
        <talk.start>
          <talker>
            <page.no>3272</page.no>
            <time.stamp />
            <name.id>KTF</name.id>
            <electorate>South Australia</electorate>
            <party />
            <role />
            <in.gov>0</in.gov>
            <first.speech>0</first.speech>
            <name role="metadata">MCGREGOR, Gregor</name>
            <name role="display">Senator McGREGOR</name>
          </talker>
          <para>.- I move- </para>
        </talk.start>
        <quote>
          <para>That the Senate do now adjourn. </para>
        </quote>
        <para>In submitting the motion, as the Leader of &#39;the Government in the Senate may be desirous - as he was in connexion with the motion just carried - of obtaining some reason from us as to why this course of action is necessary, I wish to say that up to the present time honorable senators on this side have done everything they possibly could to assist the Government to carry on the business of the country. They have even gone so far as to assist the Government to adjourn the Senate whenthe representatives of the Government in this Chamber have thought it necessary. It has been stated by some one, and I am informed that the authority is the Prime Minister, that it was at my request that the last adjournment of the Senate was made. I emphatically deny that. I deny that at any time I have requested the representatives of the Government in- this Chamber to adjourn the Senate, although the Opposition have always been preparedto assist them to do so when they thought it was necessary. </para>
        <interjection>
          <talk.start>
            <talker>
              <page.no>3272</page.no>
              <time.stamp />
              <name.id>K5R</name.id>
              <electorate />
              <party />
              <role />
              <in.gov>0</in.gov>
              <first.speech>0</first.speech>
              <name role="metadata">SENIOR, William</name>
              <name role="display">Senator Senior</name>
            </talker>
            <para>- And this is all the thanks we get. </para>
          </talk.start>
        </interjection>
        <continue>
          <talk.start>
            <talker>
              <page.no>3272</page.no>
              <time.stamp />
              <name.id>KTF</name.id>
              <electorate />
              <party />
              <role />
              <in.gov>0</in.gov>
              <first.speech>0</first.speech>
              <name role="metadata">MCGREGOR, Gregor</name>
              <name role="display">Senator McGREGOR</name>
            </talker>
            <para>- We get only misrepresentation, because it is gross misrepresentation on the part of the PrimeMinister or of any other member of the Government to say that I or any honorable senator on this side has requested them at any time to adjourn the Senate. The Leader of the Government in theSenate knows very well the reason why it was adjourned on the 6th November. Healso knows that from the very inauguration of the Federal Parliament, when a motion of no-confidence in the Government has been submitted in another place, it has always been the practice to adjournthe Senate. That has become a precedent of the Senate, and a parliamentary practice that is almost as binding as any section of the Constitution. <inline font-weight="bold">Senator Millen</inline> is aware that in every other Parliament in the world the same course is followed, and is in keeping with the recognised relations of all Upper Houses to the more popular Legislative Chambers in every country. A statement to this effect was made on the occasion of the last adjournment of the Senate by Senate Millen, although I understand that some of his colleagues have said that if the honorable senator had had more sense he would not have taken the course he did. I do not know . that any of the honorable senator&#39;s present colleagues have one-half his sensed but that is the way in which the members of the present Government characterize each other when they are apart. What they, do when they are together&#39; is, of course, a matter of secrecy. The Leader of the Government in the Senate knows very well that what I have said is a . fact, and that time after time the Senate has been adjourned for the very same reason, as. that for which it was adjourned on Thursday week last. He is aware also that at &#39; the very beginning of this session the Senate was adjourned for some time for an exactly similar reason. I wish to remind honorable senators that the motion, because of which the last adjournment of the Senate was made, has not yet been decided. In view of the fact that the Government are prepared, in this Chamber and in another place, to go on with the business of the country whilst a motion of np-confidence is hanging over their heads, it is time that some action was taken in the Senate to show the people of Australia that -the true friends of constitutional government at the present time in this Parliament are the members of the Opposition. That is why I have submitted this motion. </para>
          </talk.start>
        </continue>
      </speech>
      <speech>
        <talk.start>
          <talker>
            <page.no>3273</page.no>
            <time.stamp />
            <name.id>KUL</name.id>
            <electorate>New South Wales</electorate>
            <party>LP</party>
            <role>Minister of Defence</role>
            <in.gov>1</in.gov>
            <first.speech>0</first.speech>
            <name role="metadata">MILLEN, Edward</name>
            <name role="display">Senator MILLEN</name>
          </talker>
          <para>. - I do not propose to detain the Senate for more than a few minutes. I wish to refer to some of the extraordinary allegations of my honorable friend opposite. First, he has referred - and, metaphorically speaking, he seemed to pat himself, on the hack - to the fact that he and his friends have  given  evidence of a desire to assist in the transaction of public business. </para>
        </talk.start>
        <interjection>
          <talk.start>
            <talker>
              <page.no>3273</page.no>
              <time.stamp />
              <name.id>K1Z</name.id>
              <electorate />
              <party />
              <role />
              <in.gov>0</in.gov>
              <first.speech>0</first.speech>
              <name role="metadata">RAE, Arthur</name>
              <name role="display">Senator Rae</name>
            </talker>
            <para>- Have we not postponed our private business to allow your business <inline font-style="italic">to</inline> come on? </para>
          </talk.start>
        </interjection>
        <continue>
          <talk.start>
            <talker>
              <page.no>3273</page.no>
              <time.stamp />
              <name.id>KUL</name.id>
              <electorate />
              <party />
              <role />
              <in.gov>0</in.gov>
              <first.speech>0</first.speech>
              <name role="metadata">MILLEN, Edward</name>
              <name role="display">Senator MILLEN</name>
            </talker>
            <para>- Let the motion now submitted to the Senate speak on that point rather than honorable senators opposite. Here is an evidence of aD positive desire on the part of the Opposition here to frustrate the business of the country. They deliberately come here- </para>
          </talk.start>
        </continue>
        <interjection>
          <talk.start>
            <talker>
              <page.no>3273</page.no>
              <time.stamp />
              <name.id>JYX</name.id>
              <electorate />
              <party />
              <role />
              <in.gov>0</in.gov>
              <first.speech>0</first.speech>
              <name role="metadata">FINDLEY, Edward</name>
              <name role="display">Senator Findley</name>
            </talker>
            <para>- &#34;Why did the Senate adjourn for a fortnight? </para>
          </talk.start>
        </interjection>
        <continue>
          <talk.start>
            <talker>
              <page.no>3273</page.no>
              <time.stamp />
              <name.id>KUL</name.id>
              <electorate />
              <party />
              <role />
              <in.gov>0</in.gov>
              <first.speech>0</first.speech>
              <name role="metadata">MILLEN, Edward</name>
              <name role="display">Senator MILLEN</name>
            </talker>
            <para>- I shall deal with that matter directly. I want to furnish this motion as an evidence of a desire on the part of the Opposition not to help forward the business of the country, but to absolutely frustrate it, and bring it to a stand-still. </para>
          </talk.start>
        </continue>
        <interjection>
          <talk.start>
            <talker>
              <page.no>3273</page.no>
              <time.stamp />
              <name.id>JYX</name.id>
              <electorate />
              <party />
              <role />
              <in.gov>0</in.gov>
              <first.speech>0</first.speech>
              <name role="metadata">FINDLEY, Edward</name>
              <name role="display">Senator Findley</name>
            </talker>
            <para>- It is submitted for the same reason as you submitted a motion ti fortnight ago. </para>
          </talk.start>
        </interjection>
        <continue>
          <talk.start>
            <talker>
              <page.no>3273</page.no>
              <time.stamp />
              <name.id>KUL</name.id>
              <electorate />
              <party />
              <role />
              <in.gov>0</in.gov>
              <first.speech>0</first.speech>
              <name role="metadata">MILLEN, Edward</name>
              <name role="display">Senator MILLEN</name>
            </talker>
            <para>- Another remark -of my honorable friend to which I desire to make a passing reference was the statement that he had not requested the adjournment to to-day. I do not ordinarily like &#39; to. traverse &#39; matters that have transpired in private! between myself and the Leader -of the Opposition, but as the matter has been challenged, may I remind him that he himself did suggest - I do not know that it was a request - that this day would suit him admirably. Further, that he thought that this was a desirable day to adjourn to was proved by the fact that when a division was called for he sat on this bench and voted with me. </para>
          </talk.start>
        </continue>
        <interjection>
          <talk.start>
            <talker>
              <page.no>3273</page.no>
              <time.stamp />
              <name.id>KRZ</name.id>
              <electorate>WESTERN AUSTRALIA</electorate>
              <party>ALP; NAT from 1917</party>
              <role />
              <in.gov>0</in.gov>
              <first.speech>0</first.speech>
              <name role="metadata">LYNCH, Patrick</name>
              <name role="display">Senator LYNCH</name>
            </talker>
            <para>- What about the length of the adjournment? </para>
          </talk.start>
        </interjection>
        <continue>
          <talk.start>
            <talker>
              <page.no>3273</page.no>
              <time.stamp />
              <name.id>KUL</name.id>
              <electorate />
              <party />
              <role />
              <in.gov>0</in.gov>
              <first.speech>0</first.speech>
              <name role="metadata">MILLEN, Edward</name>
              <name role="display">Senator MILLEN</name>
            </talker>
            <para>- Let me deal with the reason for the adjournment then, and the position which exists to-day. As I told the Senate a fortnight ago, and as <inline font-weight="bold">Senator McGregor</inline> has just reiterated, it has been the custom here, as I believe it is with every second Chamber in a bicameral Legislature, to adjourn when the Government is challenged in another branch. Following that practice, I did move a motion to adjourn the Senate, and I submit that I was entirely right in doing so. Here comes the point to which I desire to direct attention. The Government has itself to judge when it will accept a motion as one of challenge. </para>
          </talk.start>
        </continue>
        <interjection>
          <talk.start>
            <talker>
              <page.no>3273</page.no>
              <time.stamp />
              <name.id>JXJ</name.id>
              <electorate />
              <party />
              <role />
              <in.gov>0</in.gov>
              <first.speech>0</first.speech>
              <name role="metadata">NEEDHAM, Edward</name>
              <name role="display">Senator Needham</name>
            </talker>
            <para>- Why did you accept it? </para>
          </talk.start>
        </interjection>
        <continue>
          <talk.start>
            <talker>
              <page.no>3273</page.no>
              <time.stamp />
              <name.id>KUL</name.id>
              <electorate />
              <party />
              <role />
              <in.gov>0</in.gov>
              <first.speech>0</first.speech>
              <name role="metadata">MILLEN, Edward</name>
              <name role="display">Senator MILLEN</name>
            </talker>
            <para>- All right; I am trying to explain the matter, if the honorable senator will allow me to do so. The Government is not bound to accept every motion as one of challenge. </para>
          </talk.start>
        </continue>
        <interjection>
          <talk.start>
            <talker>
              <page.no>3273</page.no>
              <time.stamp />
              <name.id>JU7</name.id>
              <electorate />
              <party />
              <role />
              <in.gov>0</in.gov>
              <first.speech>0</first.speech>
              <name role="metadata">DE LARGIE, Hugh</name>
              <name role="display">Senator de Largie</name>
            </talker>
            <para>- Did they accept this one? </para>
          </talk.start>
        </interjection>
        <continue>
          <talk.start>
            <talker>
              <page.no>3273</page.no>
              <time.stamp />
              <name.id>KUL</name.id>
              <electorate />
              <party />
              <role />
              <in.gov>0</in.gov>
              <first.speech>0</first.speech>
              <name role="metadata">MILLEN, Edward</name>
              <name role="display">Senator MILLEN</name>
            </talker>
            <para>- The Government is not bound to allow a motion , to be indefinitely debated. In this particular case the Government took action under a standing order, which, I am free to admit, is a new one to me, which, in the interests of public business- </para>
          </talk.start>
        </continue>
      </speech>
      <subdebate.1>
        <subdebateinfo>
          <title>Honorable Senators. - Oh!</title>
          <page.no>3273</page.no>
        </subdebateinfo>
        <speech>
          <talk.start>
            <talker>
              <page.no>3273</page.no>
              <time.stamp />
              <name.id>KUL</name.id>
              <electorate />
              <party>LP</party>
              <role />
              <in.gov>1</in.gov>
              <first.speech>0</first.speech>
              <name role="metadata">MILLEN, Edward</name>
              <name role="display">Senator MILLEN</name>
            </talker>
            <para>- I, at any rate, am candid enough to admit that there are some things in this world which I do not claim to know. I understand that Senators Russell and Needham know everything which ever was or ever will be. </para>
          </talk.start>
          <interjection>
            <talk.start>
              <talker>
                <page.no>3273</page.no>
                <time.stamp />
                <name.id>K3E</name.id>
                <electorate />
                <party />
                <role />
                <in.gov>0</in.gov>
                <first.speech>0</first.speech>
                <name role="metadata">RUSSELL, Edward</name>
                <name role="display">Senator Russell</name>
              </talker>
              <para>- I am admiring your new virtue - candour. </para>
            </talk.start>
          </interjection>
          <continue>
            <talk.start>
              <talker>
                <page.no>3273</page.no>
                <time.stamp />
                <name.id>KUL</name.id>
                <electorate />
                <party />
                <role />
                <in.gov>0</in.gov>
                <first.speech>0</first.speech>
                <name role="metadata">MILLEN, Edward</name>
                <name role="display">Senator MILLEN</name>
              </talker>
              <para>- I admit at once that I was not aware of the existence of the standing order. I only wish that there were more of such Standing Orders that we might fall back upon. The position remains that the Government, in the interest of business proceeding, took action which it had a perfect right to take, and thereupon went on with business in the other House. Just as we cease to do business here when they do, seeing the action the Government have taken there, we are entitled now to proceed to the discharge of public business. Honorable senators opposite are those who to-day are frustrating that effort, who are deliberately drawing a log across the track of public work. Here is the work now prepared to go on with, and honorable senators opposite must take the responsibility of deliberately and openly attempting to prevent business from being done. The Leader of the Opposition made a reference to the true friends of constitutional government. Search the history of constitutional government, and find a case where action has been taken like that which is being taken here to-day. I welcome it. There need be no doubt about the fact that the whole purpose of the Opposition since Parliament has met has been to frustrate public business. </para>
            </talk.start>
          </continue>
          <interjection>
            <talk.start>
              <talker>
                <page.no>3274</page.no>
                <time.stamp />
                <name.id>JXV</name.id>
                <electorate>SOUTH AUSTRALIA</electorate>
                <party>ALP; NAT from 1917</party>
                <role />
                <in.gov>0</in.gov>
                <first.speech>0</first.speech>
                <name role="metadata">NEWLANDS, John</name>
                <name role="display">Senator NEWLANDS</name>
              </talker>
              <para>- That is not true. </para>
            </talk.start>
          </interjection>
          <continue>
            <talk.start>
              <talker>
                <page.no>3274</page.no>
                <time.stamp />
                <name.id>KUL</name.id>
                <electorate />
                <party />
                <role />
                <in.gov>0</in.gov>
                <first.speech>0</first.speech>
                <name role="metadata">MILLEN, Edward</name>
                <name role="display">Senator MILLEN</name>
              </talker>
              <para>- It is true. </para>
            </talk.start>
          </continue>
          <interjection>
            <talk.start>
              <talker>
                <page.no>3274</page.no>
                <time.stamp />
                <name.id>JXV</name.id>
                <electorate>SOUTH AUSTRALIA</electorate>
                <party>ALP; NAT from 1917</party>
                <role />
                <in.gov>0</in.gov>
                <first.speech>0</first.speech>
                <name role="metadata">NEWLANDS, John</name>
                <name role="display">Senator NEWLANDS</name>
              </talker>
              <para>- Not in this Chamber, at any rate. </para>
            </talk.start>
          </interjection>
          <continue>
            <talk.start>
              <talker>
                <page.no>3274</page.no>
                <time.stamp />
                <name.id>KUL</name.id>
                <electorate />
                <party />
                <role />
                <in.gov>0</in.gov>
                <first.speech>0</first.speech>
                <name role="metadata">MILLEN, Edward</name>
                <name role="display">Senator MILLEN</name>
              </talker>
              <para>- It is perfectly right. The endeavour of the Opposition since Parliament has met has been to prevent public business from being put through. </para>
            </talk.start>
          </continue>
          <interjection>
            <talk.start>
              <talker>
                <page.no>3274</page.no>
                <time.stamp />
                <name.id>K1Z</name.id>
                <electorate />
                <party />
                <role />
                <in.gov>0</in.gov>
                <first.speech>0</first.speech>
                <name role="metadata">RAE, Arthur</name>
                <name role="display">Senator Rae</name>
              </talker>
              <para>- Where? </para>
            </talk.start>
          </interjection>
        </speech>
        <speech>
          <talk.start>
            <talker>
              <page.no>3274</page.no>
              <time.stamp />
              <name.id>KUL</name.id>
              <electorate>NEW SOUTH WALES</electorate>
              <party>FT; ANTI-SOC from 1910; LP from 1913; NAT from 1917</party>
              <role />
              <in.gov>0</in.gov>
              <first.speech>0</first.speech>
              <name role="metadata">MILLEN, Edward</name>
              <name role="display">Senator MILLEN</name>
            </talker>
            <para>- If any proof is wanted, you have only to turn to last Saturday&#39;s issue of the Sydney <inline font-style="italic">Daily Telegraph</inline> to find that <inline font-weight="bold">Mr. Hughes,</inline> a paid scribe for that journal, boasts that during the time we have been assembled the Opposition have prevented us from doing any business. While that is their tactics in the other House, there is no need for similar tactics here, because the Government have not presented any serious business to the Senate until to-day. Now we are confronted with two serious propositions by the Government. The Opposition, carrying on in this Chamber, no doubt, the deliberate efforts, of their <inline font-style="italic">confreres</inline> in the other Chamber, seek to block public business. Confronted with the. question as to whether or not it will- suit the pros posals of the Government, the Opposition  turn round and say that, instead, they will close these doers to prevent any public business from being done at all. I welcome the action of my honorable friends. It is the clearest evidence that- we can have to put before the country that the Opposition, not allowed to rule, are determined that no other party shall. Whilst I regret, in the interests of the public, that this has taken place, I am perfectly pleased, speaking from a party point of view, that my honorable friendshave committed this tremendous outrage upon parliamentary procedure. </para>
          </talk.start>
        </speech>
        <speech>
          <talk.start>
            <talker>
              <page.no>3274</page.no>
              <time.stamp />
              <name.id>KTF</name.id>
              <electorate>South Australia</electorate>
              <party />
              <role />
              <in.gov>0</in.gov>
              <first.speech>0</first.speech>
              <name role="metadata">MCGREGOR, Gregor</name>
              <name role="display">Senator McGREGOR</name>
            </talker>
            <para>. - I am really amused at the course of action which the Leader of the Government here has taken. I am surprised that he does not do the same thing: as is done in another place. If the Government suspend a few of the senatorsthey can still have a quorum, and carryon the business they desire to deal with,, whether it is in the interests of the country or not. The Leader of the Senate, need not call the attention of the membersof the Opposition to anything that the Government have done anywhere. The members of the Opposition, both here and in another place, are well aware of everything that the Government have done. I am sure that the great majority of the people of Australia are taking notice of the things that the Government are doing; and attempting to do. There is no necessity for the Government to delay for morethan five minutes the -business of the country, either in one section of Parliament-, or in another. All that the Government have to do is to carry out their practice- for the last few weeks ; they can deal with the no-confidence motion, put on theclosure, and defeat the motion in less than five minutes. If Ministers want to carry on the business of the country, they will&#39; take my advice, and do something of that description. But we, as members of the Opposition, have a right to call public attention to the conditions existing, and this is the only way in which we can. do so. </para>
          </talk.start>
        </speech>
        <division>
          <division.header>
            <time.stamp />
            <para>Question put. The Senate divided.</para>
          </division.header>
          <division.data>
            <ayes>
              <num.votes>0</num.votes>
              <title>AYES</title>
            </ayes>
            <noes>
              <num.votes>5</num.votes>
              <title>NOES</title>
            </noes>
          </division.data>
          <para>Majority- . .  ... 19 </para>
          <para class="block">
            <graphic href="072332191311192_8_0_6_P.jpg" />
          </para>
          <para>AYES</para>
          <para class="block">
            <graphic href="072332191311192_8_0_4_A.jpg" />
          </para>
          <para>NOES</para>
          <para class="block">
            <graphic href="072332191311192_8_0_5_N.jpg" />
          </para>
          <division.result>
            <para class="block">Question so resolved in the affirmative. </para>
          </division.result>
        </division>
      </subdebate.1>
    </debate>
    <adjournment>
      <adjournmentinfo>
        <page.no>3275</page.no>
        <time.stamp>15:53:00</time.stamp>
      </adjournmentinfo>
      <para class="block">Senate adjourned at  3.53 p.m. </para>
    </adjournment>
  </chamber.xscript>
</hansard>
