<?xml version="1.0" encoding="utf-8"?>
<hansard xsi:noNamespaceSchemaLocation="../../hansard.xsd" version="2.1" xmlns:xsi="http://www.w3.org/2001/XMLSchema-instance">
  <session.header>
    <date>1952-08-26</date>
    <parliament.no>20</parliament.no>
    <session.no>1</session.no>
    <period.no>5</period.no>
    <chamber>REPS</chamber>
    <page.no>604</page.no>
    <proof>0</proof>
  </session.header>
  <chamber.xscript>
    <para class="block">House of Representatives. </para>
    <business.start>
      <day.start>1952-08-26</day.start>
      <para>Mv. Speaker  Hon.  Archie Cameron)&#39; took the chair at 2.30 p.m., and read prayers. </para>
    </business.start>
    <debate>
      <debateinfo>
        <title>DEATH OF MR. RUPERT SUMNER RYAN, C.M.G., D.S.O., M.P</title>
        <page.no>604</page.no>
        <type>miscellaneous</type>
      </debateinfo>
      <speech>
        <talk.start>
          <talker>
            <page.no>604</page.no>
            <time.stamp />
            <name.id>N76</name.id>
            <electorate>Kooyong</electorate>
            <party>LP</party>
            <role>Prime Minister</role>
            <in.gov>1</in.gov>
            <first.speech>0</first.speech>
            <name role="metadata">MENZIES, Robert</name>
            <name role="display">Mr MENZIES</name>
          </talker>
          <para>. - <inline font-style="italic">-lt</inline> is my melancholy duty toannounce to the House that the honorable member for Flinders <inline font-weight="bold">(Mr. Ryan),</inline> who has been a very highly regarded and: valued member of this chamber; died at an early hour to-day, at the age of 68 years. The In te  Colonel Rupert  Sumner Ryan enjoyed the great affection- and respect of members of all political parties represented in this Parliament. He had been a member for Flinders since 1940, and was a member of the Social Security Committee until it ceased to function. As most honorable gentlemen areaware, he served with great distinction in World War I., and attained the rank of lieutenant-colonel. He was mentioned in despatches five times, and gained the Distinguished Service Order in 1918. From 1920, he was BritishDeputy High Commissioner with theRhineland High Commission at Coblenz.  In 1928, he was made a Companion of the Order of St. Michael and St George. Oh the 11th October, 1950, hewas appointed  Deputy Chairman  of Committees during the absence of <inline font-weight="bold">Mr. Speaker</inline> overseas, and at the time of his death he was a. Temporary Chairman of Committees and Chairman of the Foreign  Affairs  Committee. The news of hia  louth  has come with great suddenness to  nil  honorable members. I do not think  that  any of us was aware of any condition in the health of the late honorable member which could have caused his sudden death. It is my sad duty  to  place on record our sense of loss, both personal and political, in this chamber, and  to  convey, on behalf of the House,  to  the family of the late honorable gentleman  an  expression of our warm admiration and our happy memories of his performance of his duty in the Parliament of Australia. I move - </para>
        </talk.start>
        <quote>
          <para>That this House expresses its deep regret at the death  of <inline font-weight="bold">Mr. Rupert</inline> Sumner Ryan, C.M.G., D.S.O., who at the time of  his death was Member  for  the Division  of  Flinders in the House  of  Representatives, places on record its appreciation  of  his meritorious public service, and tenders its profound sympathy to his family in their bereavement. </para>
        </quote>
      </speech>
      <speech>
        <talk.start>
          <talker>
            <page.no>605</page.no>
            <time.stamp />
            <name.id>DTN</name.id>
            <electorate>Barton</electorate>
            <party />
            <role>Leader of the Opposition</role>
            <in.gov>0</in.gov>
            <first.speech>0</first.speech>
            <name role="metadata">EVATT, Herbert Vere</name>
            <name role="display">Dr EVATT</name>
          </talker>
          <para>. - I second the motion.  Colonel Ryan  was active in the House so recently that ordinary words of regret seem quite inadequate to meet this tragic occasion. As the Prime Minister <inline font-weight="bold">(Mr. Menzies)</inline> has pointed out, the late honorable gentleman had a most distinguished military career. He made many important contributions to the debates in this House, particularly on international affairs, of which he was a keen student.  Lt  is very difficult to associate him- with ordinary party .politics, although he was, of course, an active supporter of hia party. lt is certain that we, on this side of the House, will feel his loss as much as any, and I join with the Prime Minister in expressing, on behalf of members of the Opposition, our deep regret at his death, and our tender sympathy with his relatives. </para>
        </talk.start>
      </speech>
      <speech>
        <talk.start>
          <talker>
            <page.no>605</page.no>
            <time.stamp />
            <name.id>F4T</name.id>
            <electorate>McphersonTreasurer</electorate>
            <party>CP</party>
            <role>Treasurer</role>
            <in.gov>0</in.gov>
            <first.speech>0</first.speech>
            <name role="metadata">FADDEN, Arthur William</name>
            <name role="display">Sir ARTHUR FADDEN</name>
          </talker>
          <para>- I desire to associate the members of the Australian Country party with the sentiments of regret which have been expressed on the occasion of the death of the late honorable member for Flinders, <inline font-weight="bold">Mr. Rupert</inline> Ryan, a man who endeared himself to all with whom he came&#39; in contact. He was a kindly man, and will be greatly missed. &#39; He had a tolerant outlook, and was a profound student of world affairs, his knowledge being such that he was a most valuable member of the Parliament. I join with the Prime Minister and the Leader of the Opposition, in expressing, on behalf of the members of the Australian Country party, our deepest sympathy with his relative? in their bereavement. </para>
        </talk.start>
        <para>Question resolved in the affirmative, honorable members standing in their places. </para>
      </speech>
    </debate>
    <debate>
      <debateinfo>
        <title>DEATH OF SENATOR EDMUND STEPHEN KOPEK PIESSE</title>
        <page.no>605</page.no>
        <type>miscellaneous</type>
      </debateinfo>
      <speech>
        <talk.start>
          <talker>
            <page.no>605</page.no>
            <time.stamp />
            <name.id>N76</name.id>
            <electorate>Kooyong</electorate>
            <party>LP</party>
            <role>Prime Minister</role>
            <in.gov>1</in.gov>
            <first.speech>0</first.speech>
            <name role="metadata">MENZIES, Robert</name>
            <name role="display">Mr MENZIES</name>
          </talker>
          <para>. - It is my sad task to refer to the death on the 26th August of <inline font-weight="bold">Senator Edmund</inline> Stephen Roper Piesse,&#34; of Western Australia; The honorable gentleman, who was 52 years of age, became a senator for Western Australia in 1950, so that the length of his parliamentary service was not great. However, long before lie entered this Parliament, he war prominently associated with the affairs pf the Australian Country party in Western Australia, and had earned a high place in the regard of his colleagues. He was a member of the Australian Imperial Force in World War I., and upon his return from active service became prominently associated .with <inline font-style="italic">the merino</inline> breeding industry. This activity lasted from 1919 to 1946. For ten years the late <inline font-weight="bold">Senator Piesse</inline> was  president  of the Katanning Agricultural Society, and for three years he was a member of the Katanning Roads Board. He had extensive business interests in Katanning, and was  .chairman  of the Katanning Stock and Trading Company. It will be seen from that simple narrative of the facts that <inline font-weight="bold">Senator Piesse</inline> brought with him into the Parliament a very large experience of country affairs. It is indeed a misfortune that after so short a period of service in the Senate he should have met a relatively early death. The late <inline font-weight="bold">Senator Piesse</inline> is survived by a widow and one daughter. Although he was not a member of this House I am sure that it is the general feeling of honorable members that we should place on record out appreciation of the work done by him. our regret at bis untimely demise, and our warm and profound sympathy with his relatives. I move - </para>
        </talk.start>
        <quote>
          <para>That this House expresses its deep regret at the death of <inline font-weight="bold">Senator Edmund</inline> Stephen Roper Piesse,a member of the Senate of the Commonwealth Parliament, places on record its appreciation of his meritorious public service, and tenders its profound sympathy to his family in their bereavement. </para>
        </quote>
      </speech>
      <speech>
        <talk.start>
          <talker>
            <page.no>606</page.no>
            <time.stamp />
            <name.id>DTN</name.id>
            <electorate>Barton</electorate>
            <party />
            <role>Leader of the Opposition</role>
            <in.gov>0</in.gov>
            <first.speech>0</first.speech>
            <name role="metadata">EVATT, Herbert Vere</name>
            <name role="display">Dr EVATT</name>
          </talker>
          <para>. - I second the motion. &#34;We of the House of Representatives do not have the same opportunity as do our colleagues of the Senate to become acquainted with the newer members of the Senate, but my colleagues from the Senate have asked me particularly to pay tribute to <inline font-weight="bold">Senator Piesse</inline> for his broad outlook on national problems and for his frequent contributions of value to the Senate. Therefore, the members of the Opposition join with the Prime Minister <inline font-weight="bold">(Mr.</inline> Menzies) and the House in expressing regret at the loss of a servant of the State and of the nation, and in expressing special sympathy and sorrow, with his relatives. </para>
        </talk.start>
      </speech>
      <speech>
        <talk.start>
          <talker>
            <page.no>606</page.no>
            <time.stamp />
            <name.id>F4T</name.id>
            <electorate>McPhersonTreasurer</electorate>
            <party>CP</party>
            <role />
            <in.gov>0</in.gov>
            <first.speech>0</first.speech>
            <name role="metadata">FADDEN, Arthur William</name>
            <name role="display">Sir ARTHUR FADDEN</name>
          </talker>
          <para>- On behalf of the Australian Country party I associate myself with the sentiments which have been expressed concerning the untimely passing of <inline font-weight="bold">Senator Piesse.</inline> I was not privileged to know <inline font-weight="bold">Senator Piesse</inline> for very long. I had been acquainted with him only since his election as a senator for Western Australia and as a member of the party which I have the honour to lead. However, I knew him for a sufficiently long period to appreciate in him all the qualities of an outstandingly modest and conscientious man. With the Prime Minister <inline font-weight="bold">(Mr. Menzies),</inline> and the Leader of the Opposition <inline font-weight="bold">(Dr. Evatt)</inline> I support the motion of sympathy forhis wife and daughter who are left to mourn his loss. </para>
        </talk.start>
      </speech>
      <speech>
        <talk.start>
          <talker>
            <page.no>606</page.no>
            <time.stamp />
            <name.id>JF7</name.id>
            <electorate>Fremantle</electorate>
            <party />
            <role />
            <in.gov>0</in.gov>
            <first.speech>0</first.speech>
            <name role="metadata">BEAZLEY, Kim</name>
            <name role="display">Mr BEAZLEY</name>
          </talker>
          <para>- Because the late <inline font-weight="bold">Senator Piesse</inline> frequently remained at Canberra for week-ends, as I do myself, I came to know him very well. I should not like tolose this opportunity to pay a tribute to him. <inline font-weight="bold">Senator Piesse</inline> was a man whomI shall remember as being most charitable in his political judgments and as entirely free of the misrepresentations which form a large part of political conflict in this country. If any one word could be used to sum up his character, I think that it honestly could be said that he was a gentleman. </para>
        </talk.start>
        <para>Question resolved in the affirmative, honorable members standing in their places. </para>
      </speech>
    </debate>
    <debate>
      <debateinfo>
        <title>ADJOURNMENT</title>
        <page.no>606</page.no>
        <type>adjournment</type>
      </debateinfo>
      <para>
        <inline font-weight="bold">Mr. MENZIES</inline>(Kooyong - Prime </para>
      <para>Minister). - As a mark of respect to the memory of the deceased honorable gentlemen, I move - </para>
      <para>That the House do now adjourn. </para>
      <para>Question resolved in the affirmative. </para>
    </debate>
    <adjournment>
      <adjournmentinfo>
        <page.no>606</page.no>
        <time.stamp>14:43:00</time.stamp>
      </adjournmentinfo>
      <para>House adjourned at  2.43  p.m. </para>
    </adjournment>
  </chamber.xscript>
</hansard>