<?xml version="1.0" encoding="utf-8"?>
<hansard xsi:noNamespaceSchemaLocation="../../hansard.xsd" version="2.1" xmlns:xsi="http://www.w3.org/2001/XMLSchema-instance">
  <session.header>
    <date>1939-04-20</date>
    <parliament.no>15</parliament.no>
    <session.no>1</session.no>
    <period.no>3</period.no>
    <chamber>REPS</chamber>
    <page.no>12</page.no>
    <proof>0</proof>
  </session.header>
  <chamber.xscript>
    <para class="block">House of Representatives. </para>
    <business.start>
      <day.start>1939-04-20</day.start>
      <para>
        <inline font-weight="bold">Mr.</inline>Speaker  (Hon. G. J. Bell) took thechair at11  a.m.,  and read prayers. </para>
    </business.start>
    <debate>
      <debateinfo>
        <title>DEATH OF HON. FRANCIS CLARKE</title>
        <page.no>12</page.no>
        <type>miscellaneous</type>
      </debateinfo>
      <speech>
        <talk.start>
          <talker>
            <page.no>12</page.no>
            <time.stamp />
            <name.id>C7E</name.id>
            <electorate>Cowper</electorate>
            <party>CP</party>
            <role>Prime Minister</role>
            <in.gov>1</in.gov>
            <first.speech>0</first.speech>
            <name role="metadata">PAGE, Earle</name>
            <name role="display">Sir EARLE PAGE</name>
          </talker>
          <para>. - It is with regret that I inform honorable members of the death of the Honorable Francis Clarke, who was a member of the first Commonwealth Parliament. </para>
        </talk.start>
        <para>
          <inline font-weight="bold">Mr. Clarke</inline>was a member of the Legislative Assembly of New South Wales for the Macleay electorate from May, 1893, to June, 1894. He was elected for the Hastings and Macleay electorate at the general election of July, 1894, and continued to represent that electorate until September, 1898, when he resigned. Honorable members may recall that the reason for his resignation was to permit <inline font-weight="bold">Sir Edmund</inline> Barton, who at that time was piloting through the Parliament of New South Wales proposals relating to federation, to hold a seat in that Parliament. He was again elected to the seat in March, 1900, and held it until elected to the House of Representatives for Cowper, at the general election of 1901. He was defeated at the general election of 1903. </para>
        <para>Subsequent to his membership of this House the late <inline font-weight="bold">Mr. Clarke</inline> was appointed a member of the Royal Commission on the Customs Tariff 1904-1907, and a member of the Northern Territory Commission in 1918. </para>
        <para>It is, I think, appropriate that we should place on record our appreciation of thework of one who was closely associated with the inauguration of federation, as a member of the first Commonwealth Parliament.. </para>
        <para>To the members of the late <inline font-weight="bold">Mr. Clarke&#39;s</inline> family we extend deep sympathy in their bereavement. </para>
        <para>I move - </para>
        <quote>
          <para>That this House expresses its regret at the death of the Honorable Francis Clarke, who was memberfor Cowper in the House of Representatives in the first Commonwealth </para>
        </quote>
        <para class="block">Parliament,  places on record its appreciation of his public services, and tenders to the members of his family its deep sympathy in their bereavement. </para>
      </speech>
      <speech>
        <talk.start>
          <talker>
            <page.no>13</page.no>
            <time.stamp />
            <name.id>009FQ</name.id>
            <electorate>Fremantle</electorate>
            <party />
            <role>Leader of the Opposition</role>
            <in.gov>0</in.gov>
            <first.speech>0</first.speech>
            <name role="metadata">CURTIN, John</name>
            <name role="display">Mr CURTIN</name>
          </talker>
          <para>. - I second the motion. The passing of <inline font-weight="bold">Mr. Clarke</inline> takes from us another member of that historic band which assembled in the first Parliament of the Commonwealth. I am sure that we who belong to the present generation have nothing but the highest respect and admiration for those men who founded this federation, and who were associated in guiding the Commonwealth during the days of its infancy. The Opposition pays tribute to the work of the late <inline font-weight="bold">Mr. Clarke,</inline> and joins with the Prime Minister <inline font-weight="bold">(Sir Earle Page)</inline> and honorable members generally in expressing sympathy for the bereaved family. </para>
        </talk.start>
      </speech>
      <speech>
        <talk.start>
          <talker>
            <page.no>13</page.no>
            <time.stamp />
            <name.id>N76</name.id>
            <electorate>Kooyong</electorate>
            <party />
            <role>Leader of the United Australia party</role>
            <in.gov>0</in.gov>
            <first.speech>0</first.speech>
            <name role="metadata">MENZIES, Robert</name>
            <name role="display">Mr MENZIES</name>
          </talker>
          <para>. - I desire, very briefly and sincerely, to associate the members of the United Australia party with everything that has been so well said by the Prime Minister <inline font-weight="bold">(Sir Earle Page)</inline> and the Leader of the Opposition <inline font-weight="bold">(Mr. Curtin).</inline></para>
        </talk.start>
        <para>Question resolved in the affirmative, honorable members standing in their places. </para>
        <para>Motion (by <inline font-weight="bold">Sir Earle</inline> Page) - <inline font-style="italic">by leave</inline> - agreed to. </para>
        <para>That <inline font-weight="bold">Mr. Speaker</inline> be requested to transmit to the relatives of the deceased ex-member the foregoing resolution, together with a copy of the speeches delivered thereon. </para>
      </speech>
    </debate>
    <debate>
      <debateinfo>
        <title>ASSENT TO BILLS</title>
        <page.no>13</page.no>
        <type>bill</type>
      </debateinfo>
      <para class="block">Assent to the following bills reported : - </para>
      <quote>
        <para>Australian Soldiers&#39; Repatriation Bill 1038. Seamen&#39;s Compensation Bill 193S. Trade Agreement (Switzerland) Bill 1038. Apple and Pear Organization Bill 1038. Apple and Pear Export Charges Bill 1938. Primary Produce Export Charges  Bill  1938. Apple and Pear Publicity and Research Bill 1938. </para>
      </quote>
      <para>Apple and Pear Tax Assessment Bill 1938. </para>
      <para>Apple and Pear Tax Bill 1938. </para>
      <para>Newsprinting  Paper Bounty Bill 19tiS. </para>
      <para>War Pensions Appropriation Bil! 193S. </para>
      <para>Financial Belief Bill 1938. </para>
      <para>Customs Tariff (No. 2) 1938. </para>
      <para>Customs Tariff (No. 3) 1038. </para>
      <para>Customs Tariff (No. 4) 1938. </para>
      <para>Excise Tariff (No. 2) 1938. </para>
      <para>Loan Bill (No. 2) 1938. </para>
      <para>Appropriation Bill (No. 2) 1938-30. </para>
      <para>Defence Equipment Bill 1938. States Grants (Fertilizer) Bill (No. 2) 1938. </para>
      <para>States Grants (Fertilizer) Bill 1038. Supplementary Appropriation Bill 1930-37. Supplementary Appropriation (Works and </para>
      <para>Buildings) Bill 1930-37. Sales Tax Exemptions Bill 1938. </para>
    </debate>
    <debate>
      <debateinfo>
        <title>GRIFFITH ELECTORAL DIVISION</title>
        <page.no>13</page.no>
        <type>miscellaneous</type>
      </debateinfo>
      <para>Death of Mk. F. M. J. BAKER Issue of Writ. </para>
      <speech>
        <talk.start>
          <talker>
            <page.no>13</page.no>
            <time.stamp />
            <name.id>10000</name.id>
            <electorate />
            <party />
            <role />
            <in.gov>0</in.gov>
            <first.speech>0</first.speech>
            <name role="metadata">SPEAKER, Mr</name>
            <name role="display">Mr SPEAKER</name>
          </talker>
          <para>- I desire to inform the House that it is my intention to issue a writ on Friday, the 28th Apr il. for the election of a member to serve for the electoral division of Griffith, m the State of Queensland, in the place of <inline font-weight="bold">Mr. Francis</inline> Matthew John Baker, deceased. The dates in connexion with the election will be fixed as follows: - Nominations, 10th May, 1939 ; polling, 20th May, 1939 ; return of writ, on or before the 10th June, 1939. </para>
        </talk.start>
      </speech>
    </debate>
    <debate>
      <debateinfo>
        <title>WILMOT ELECTORAL DIVISION</title>
        <page.no>13</page.no>
        <type>miscellaneous</type>
      </debateinfo>
      <subdebate.1>
        <subdebateinfo>
          <title>Death of Right Honorable J. A. Lyons: Issue of Writ</title>
          <page.no>13</page.no>
        </subdebateinfo>
        <speech>
          <talk.start>
            <talker>
              <page.no>13</page.no>
              <time.stamp />
              <name.id>10000</name.id>
              <electorate />
              <party />
              <role />
              <in.gov>0</in.gov>
              <first.speech>0</first.speech>
              <name role="metadata">SPEAKER, Mr</name>
              <name role="display">Mr SPEAKER</name>
            </talker>
            <para>- I also desire to inform honorable members that I propose to issue a writ on Wednesday, the 3rd May next, for the election of a member to serve for the electoral division of Wilmot, in the State of Tasmania, in place of the Right Honorable Joseph Aloysius Lyons, deceased. The dates in connexion with the election will be fixed as follows: - Nominations, 12th May, 1939; polling, 27th May, 1939; return of writ, on or before the 17th June, 1939. </para>
          </talk.start>
        </speech>
      </subdebate.1>
    </debate>
    <debate>
      <debateinfo>
        <title>QUESTION</title>
        <page.no>13</page.no>
        <type>Questions</type>
      </debateinfo>
      <subdebate.1>
        <subdebateinfo>
          <title>QUESTIONS WITHOUT &#39;NOTICE</title>
          <page.no>13</page.no>
        </subdebateinfo>
        <speech>
          <talk.start>
            <talker>
              <page.no>13</page.no>
              <time.stamp />
              <name.id>C7E</name.id>
              <electorate />
              <party>CP</party>
              <role />
              <in.gov>1</in.gov>
              <first.speech>0</first.speech>
              <name role="metadata">PAGE, Earle</name>
              <name role="display">Sir EARLE PAGE</name>
            </talker>
            <para>- I desire to intimate to honorable members that to-day the Government will not answer questions without notice. </para>
          </talk.start>
        </speech>
      </subdebate.1>
    </debate>
    <debate>
      <debateinfo>
        <title>REVIEW OF INTERNATIONAL SITUATION</title>
        <page.no>13</page.no>
        <type>miscellaneous</type>
      </debateinfo>
      <speech>
        <talk.start>
          <talker>
            <page.no>13</page.no>
            <time.stamp />
            <name.id>DQC</name.id>
            <electorate>NORTH SYDNEY, NEW SOUTH WALES</electorate>
            <party>UAP</party>
            <role>Attorney-General</role>
            <in.gov>0</in.gov>
            <first.speech>0</first.speech>
            <name role="metadata">HUGHES, William Morris</name>
            <name role="display">Mr HUGHES</name>
          </talker>
          <para>- I lay on the table of the House - </para>
        </talk.start>
        <quote>
          <para>Review .of international situation, September, 1938, to April, 1939. </para>
        </quote>
        <para class="block">This paper has been distributed to honorable members. </para>
      </speech>
    </debate>
    <debate>
      <debateinfo>
        <title>FORMATION OF PAGE MINISTRY</title>
        <page.no>14</page.no>
        <type>miscellaneous</type>
      </debateinfo>
      <subdebate.1>
        <subdebateinfo>
          <title>Ministerial Changes</title>
          <page.no>14</page.no>
        </subdebateinfo>
        <speech>
          <talk.start>
            <talker>
              <page.no>14</page.no>
              <time.stamp />
              <name.id>C7E</name.id>
              <electorate>Cowper</electorate>
              <party>CP</party>
              <role>Prime Minister</role>
              <in.gov>1</in.gov>
              <first.speech>0</first.speech>
              <name role="metadata">PAGE, Earle</name>
              <name role="display">Sir EARLE PAGE</name>
            </talker>
            <para>. - I desire to inform the House that, immediately following the lamented death of the late Right Honorable J. A. Lyons on Friday, the 7th April,  His Excellency  the Governor-General appointed me Prime Minister of the Commonwealth.  His Excellency  also confirmed Ministers in their existing portfolios. </para>
          </talk.start>
          <para>I desire also formally to announce to the House the following changes which had taken place prior to the death of <inline font-weight="bold">Mr. Lyons</inline> : - </para>
          <para>The resignation of the Right Honorable R. G. Menzies, K.C., M.P., of the offices of Attorney-General and Minister of State for Industry was accepted by His Excellency the Governor-General on the 20th March, 1939. </para>
          <para>The Right Honorable W. M. Hughes, K.C., M.P., Minister for External Affairs, was on the same date appointed by His Excellency to be Attorney-General and Minister of State for Industry. </para>
          <para>
            <inline font-weight="bold">Mr. J.</inline>N. Lawson, M.P., resigned his appointments as Parliamentary Secretary to the Treasurer and Parliamentary Secretary to the Minister for Industry. </para>
        </speech>
      </subdebate.1>
    </debate>
    <debate>
      <debateinfo>
        <title>SPECIAL ADJOURNMENT</title>
        <page.no>14</page.no>
        <type>special adjournment</type>
      </debateinfo>
      <subdebate.1>
        <subdebateinfo>
          <title>Resignation of Page Ministry</title>
          <page.no>14</page.no>
        </subdebateinfo>
        <speech>
          <talk.start>
            <talker>
              <page.no>14</page.no>
              <time.stamp />
              <name.id>C7E</name.id>
              <electorate>Cowper</electorate>
              <party>CP</party>
              <role>Prime Minister</role>
              <in.gov>1</in.gov>
              <first.speech>0</first.speech>
              <name role="metadata">PAGE, Earle</name>
              <name role="display">Sir EARLE PAGE</name>
            </talker>
            <para>. - I move - </para>
          </talk.start>
          <quote>
            <para>That the House, at its rising, adjourn until Wednesday, the 3rd May next, at 3 p.m., unless <inline font-weight="bold">Mr. Speaker</inline> shall, prior to that date, by telegram addressed to each member of the House, fix an earlier day of meeting. </para>
          </quote>
          <para class="block">The motion is couched in these unusual terms for the purpose of enabling a new Government to be formed in the interim and, should the international position become very acute, to permit an immediate calling together of the House. It is necessary, I think, that I should set out the reasons which make this step necessary, and also some of the reasons why, in my opinion at least, a fortnight should be allowed for the formation of a new Government. I should like, first, to say to honorable members that I had no personal wish to launch a discussion at this stage. The Leader of the Opposition <inline font-weight="bold">(Mr. Curtin)</inline> will corroborate my statement that the Government desired that this motion shouldbe moved yesterday and passed formally; but because that honorable gentleman felt that there should be some discussion of the matter, and that such discussion would undoubtedly be out of harmony with the solemnity of yesterday&#39;s proceedings - a submission with which I agreed - he suggested that the House should meet to-day for this purpose. The Leader of the United Australia party <inline font-weight="bold">(Mr. Menzies)</inline> was called into consultation. He agreed that the course proposed by <inline font-weight="bold">Mr. Curtin</inline> should be followed, and in order to enable this motion to be moved and dealt with, I was requested to defer the tendering of my resignation to the Governor-General from yesterday,  when  I intended to return my commission, until to-day. In fact, I might say that when the right honorable gentleman came to me on Tuesday night and informed me of his election as leader of the United Australia party, and after I had congratulated him on his election, I told him that I was entirely at his disposal as to the time at which I should tender my advice to the Governor-General. Because of the suggestion that has been made that, for some extraordinary reason, I should defer the making of my course known, I make this statement to-day, although my desire was to make it, explaining the reasons which actuated me and my party in the attitude which I adopted, at a time when I was no longer Prime Minister or leader of a government in which there were members of both parties. Honorable members will recall the dramatic onset of the last stage of the illness which brought about <inline font-weight="bold">Mr. Lyons&#39;s</inline> death. On Tuesday he was present at a meeting of the Cabinet in  Canberra;  that night he travelled to Sydney. OnWednesday, at about 10 a.m., he informed me by telephone that he did not think that he would be well enough to attend the luncheon of the Royal Agricultural Society to mark the opening of the Sydney Show and he asked me to take his place. When next day I, in company with the Treasurer <inline font-weight="bold">(Mr. Casey),</inline> saw Lim in hospital he was very much better, and his doctor said that he had a reasonable chance of recovering quickly. I left him at about 1 o&#39;clock, having promised to interview another Minister on his behalf. I had no sooner reached my home, not more than ten minutes&#39; travel by car, when I received a telephone call asking me to go back to the hospital. <inline font-weight="bold">Mr. Lyons</inline> had suddenly become unconscious, and the authorities at the hospital had broadcast a message to Dame Enid Lyons and myself to return to the hospital, immediately. I went back and found that the right honorable gentleman had developed a very bad heart attack. From that time until he . died next morning, some eighteen or twenty hours after, he was never fully conscious ; he was at times sufficiently conscious to recognize his wife and those close to him, but not to deal with public matters.  His Excellency  the Governor-General spoke to me in the afternoon and asked whether it would be possible for him to get advice from <inline font-weight="bold">Mr. Lyons</inline> regarding the nomination of his successor.  His Excellency  had a discussion with two of the doctors attending <inline font-weight="bold">Mr. Lyons</inline> and they informed him that such a direction from the patient was impossible. Consequently, when the right honorable gentleman died, no advice had been tendered to the GovernorGeneral by the only person constitutionally competent to give it. </para>
          <para>The position then was that the United Australia party, which was in partnership with the Country party in the government of the country, and which being the larger party, had always provided the leader of the Government, was temporarily without a  deputy  leader; therefore, no officer of that party could rightly be said to be in the direct line of succession. In those circumstances, and without any advice from me, the Governor-General decided to commission me to form a government to carry on the affairs of this country. As honorable members will agree, it. was obvious to all at that time that at any moment Australia might find itself at war, and that it was imperative there should be a government fully clothed with all powers - not merely an interim government carrying on temporarily pending the choice of a new leader - but one with complete and absolute power to deal with any situation that might arise. The Governor-General issued his commission to me without any qualification whatever. I discussed the position with him and with my colleagues in- the Government, pointing out that for twelve years I had cooperated with . members of the United Australia party or of the Nationalist party in the government of this country, and stating that, in my opinion, a composite government Avas likely to be permanently successful only if led by the leader of the numerically stronger party, who should deal with the general problems of government as a whole. Although I had been given an unqualified commission my wish was that the <inline font-style="italic">status quo ante</inline> should be re-established at the earliest possible moment. I told my colleagues, without any pressure at all, and without the signature of any document - the existence of which I absolutely deny, because no such document was ever drawn or signed - that when the United Australia party elected its leader I would tender my resignation to the Governor-General and give to him whatever advice he sought. That is the position I am still in. As I have said, as soon as the right honorable member for Kooyong <inline font-weight="bold">(Mr. Menzies)</inline> was elected, I indicated my readiness to take immediate action. However, it is beyond question that the change in the leadership of the United Australia party has resulted in a change in the relationship of the two parties composing the Government. The general basis for the successful functioning of a composite government must be the fullest mutual confidence and loyalty between the parties composing it. For twelve years in this Parliament, I have sat in composite governments with <inline font-weight="bold">Mr. Bruce</inline> and <inline font-weight="bold">Mr. Lyons,</inline> under such conditions, and have by my co-operation been able to give stability to the government in this chamber, in which during that period no party had a majority. Mutual confidence and loyalty are still essential conditions for the existence and proper functioning of a composite government; but at present, unfortunately, there is another consideration which overrides, but does not dislodge, these conditions. Every one realizes that to-day we are perhaps on the threshold of war. During the last four or five weeks actions have been taken by certain aggressor countries, which, ifpermitted to continue, would undoubtedly finally lead to Australia having no option but to fight in self-defence. More recently, extraordinary steps have been taken by other nations, such as the United States of America, for instance, in an endeavour to assure the peace of the world. It seems to me that if a wartime government is to function - and that may be the position at any time, although I hope not - it must function in such a way as to secure the greatest possible measure of co-operation in the community. The Australian Government needs a leader with not merely the qualities I have mentioned, but also the three essential qualities of courage, loyalty and judgment, in such degree as will ensure that the people of Australia will give the last ounce of their energies and resources in a united national effort to ensure our preservation. Therefore, as the Leader of the Country party, which had been associated for so many years with the United Australia party in the government of this country, I was compelled to consider the qualifications of the new Leader of the United Australia party - not that the Country party is interested in the personnel of the ministerial members of the United Australia party, or of its representatives in this Parliament. That is entirely a party domestic matter, but if the leader of that party was to become the leader of a united national effort, I was entitled to consider whether he possessed the qualifications necessary for his high office. I had to ask myself whether his public record was such as to inspire the people of Australia to the maximum unstinted effort in a time of national emergency. Because of that I was reminded of three incidents in the public career of the newly elected Leader of the United Australia party. The first of the three happened only 24 clays previously, when, honorable members will remember, the right honorable gentleman tendered his resignation as Attorney-General in the Lyons administration. This country is spending many millions of pounds in preparations for a defensive war, and we are endeavouring to get every industry to put forward the maximum effort in order that Australia may be prepared for any eventuality. At this time, when all our efforts were being strained to put the defences of this country in order, the right honorable gentleman insisted on resigning from the Government because he differed from its attitude towards national insurance. </para>
          <interjection>
            <talk.start>
              <talker>
                <page.no>16</page.no>
                <time.stamp />
                <name.id>KV7</name.id>
                <electorate />
                <party />
                <role />
                <in.gov>0</in.gov>
                <first.speech>0</first.speech>
                <name role="metadata">STEWART, Frederick</name>
                <name role="display">Sir Frederick Stewart</name>
              </talker>
              <para>-  He was keeping faith with the public. </para>
            </talk.start>
          </interjection>
          <continue>
            <talk.start>
              <talker>
                <page.no>16</page.no>
                <time.stamp />
                <name.id>C7E</name.id>
                <electorate />
                <party />
                <role />
                <in.gov>0</in.gov>
                <first.speech>0</first.speech>
                <name role="metadata">PAGE, Earle</name>
                <name role="display">SIR EARLE PAGE</name>
              </talker>
              <para>- I shall quote but one sentence from his letter of resignation to the late Prime Minister. He said - </para>
            </talk.start>
          </continue>
          <quote>
            <para>I frankly do not think we can expect to be taken seriously if we start off again with conferences and drafting committees at a time when we have already so notoriously failed to go on with an act which represents two years of labour, a vast amount of organization, and a considerable expenditure of public and private funds. </para>
          </quote>
          <para class="block">Now the right honorable gentleman  says that that is exactly what he intends to do. </para>
          <para>The second incidentis this: Some 24 weeks ago he went to Sydney, where he made a speech on leadership ; that pronouncement was regarded by the public and the press of Australia as an attack upon his own leader. I do not say that it was; I merely say that it was construed in that way. </para>
          <interjection>
            <talk.start>
              <talker>
                <page.no>16</page.no>
                <time.stamp />
                <name.id>KZZ</name.id>
                <electorate>MACQUARIE, NEW SOUTH WALES</electorate>
                <party>UAP</party>
                <role />
                <in.gov>0</in.gov>
                <first.speech>0</first.speech>
                <name role="metadata">LAWSON, John</name>
                <name role="display">Mr JOHN LAWSON</name>
              </talker>
              <para>-  His leader did not regard it as such. </para>
            </talk.start>
          </interjection>
          <continue>
            <talk.start>
              <talker>
                <page.no>16</page.no>
                <time.stamp />
                <name.id>C7E</name.id>
                <electorate />
                <party />
                <role />
                <in.gov>0</in.gov>
                <first.speech>0</first.speech>
                <name role="metadata">PAGE, Earle</name>
                <name role="display">Sir EARLE PAGE</name>
              </talker>
              <para>- I spoke to <inline font-weight="bold">Mr. Lyons</inline> and he was very distressed about the matter. </para>
            </talk.start>
          </continue>
          <interjection>
            <talk.start>
              <talker>
                <page.no>16</page.no>
                <time.stamp />
                <name.id>KV7</name.id>
                <electorate />
                <party />
                <role />
                <in.gov>0</in.gov>
                <first.speech>0</first.speech>
                <name role="metadata">STEWART, Frederick</name>
                <name role="display">Sir Frederick Stewart</name>
              </talker>
              <para>-  At least six members of this House had an assurance from <inline font-weight="bold">Mr. Lyons</inline> that he did not so regard it. </para>
            </talk.start>
          </interjection>
          <para class="block">
            <inline font-weight="bold">Mr. SPEAKER</inline>(Hon. G. J. Bell).Order!  The Chair must insist that the Prime Minister be heard. These interjections are distinctly disorderly and are unfair to the right honorable gentleman and to other members who wish to hear him. </para>
          <continue>
            <talk.start>
              <talker>
                <page.no>16</page.no>
                <time.stamp />
                <name.id>C7E</name.id>
                <electorate />
                <party />
                <role />
                <in.gov>0</in.gov>
                <first.speech>0</first.speech>
                <name role="metadata">PAGE, Earle</name>
                <name role="display">Sir EARLE PAGE</name>
              </talker>
              <para>- I come now to the third incident: Some 24 years ago the right honorable member for Kooyong was a member of the Australian Military Forces and held the King&#39;s Commission. In 1915, after having been in the military forces for some years, he resigned his commission and did not go overseas. </para>
            </talk.start>
          </continue>
          <interjection>
            <talk.start>
              <talker>
                <page.no>16</page.no>
                <time.stamp />
                <name.id>KJQ</name.id>
                <electorate />
                <party />
                <role />
                <in.gov>0</in.gov>
                <first.speech>0</first.speech>
                <name role="metadata">JAMES, Rowland</name>
                <name role="display">Mr James</name>
              </talker>
              <para>-  That is dirt! </para>
            </talk.start>
          </interjection>
          <continue>
            <talk.start>
              <talker>
                <page.no>17</page.no>
                <time.stamp />
                <name.id>C7E</name.id>
                <electorate />
                <party />
                <role />
                <in.gov>0</in.gov>
                <first.speech>0</first.speech>
                <name role="metadata">PAGE, Earle</name>
                <name role="display">Sir EARLE PAGE</name>
              </talker>
              <para>- I am not suggesting that the right honorable gentleman had not the best possible reasons for his action. </para>
            </talk.start>
          </continue>
          <interjection>
            <talk.start>
              <talker>
                <page.no>17</page.no>
                <time.stamp />
                <name.id>KZZ</name.id>
                <electorate>MACQUARIE, NEW SOUTH WALES</electorate>
                <party>UAP</party>
                <role />
                <in.gov>0</in.gov>
                <first.speech>0</first.speech>
                <name role="metadata">LAWSON, John</name>
                <name role="display">Mr JOHN LAWSON</name>
              </talker>
              <para>- Then why did the right honorable gentleman mention the matter ? </para>
            </talk.start>
          </interjection>
          <continue>
            <talk.start>
              <talker>
                <page.no>17</page.no>
                <time.stamp />
                <name.id>C7E</name.id>
                <electorate />
                <party />
                <role />
                <in.gov>0</in.gov>
                <first.speech>0</first.speech>
                <name role="metadata">PAGE, Earle</name>
                <name role="display">Sir EARLE PAGE</name>
              </talker>
              <para>- I am not calling into question the reason for the right honorable gentleman&#39;s action, nor would I question the reason of any other individual in similar circumstances. All I say is that the right honorable gentleman has not explained, to the satisfaction of the very great body of people who did participate in the war, his reasons, and because of this I am afraid that he will not be able to get that maximum effort from the people of Australia to which I have referred. </para>
            </talk.start>
          </continue>
          <para>Impersonally, have been very considerably perturbed in regard to the whole position. I believe that the present is a time when we should he in a position to pull our whole weight in a combined national effort to ensure the defence of Australia. Because I felt the urgent need for this unity, on Wednesday last I sent a message to the High Commissioner for Australia, <inline font-weight="bold">Mr. Bruce,</inline> at Honolulu, telling him that in my view there would, in all probability, be turmoil, and possibly an election, in Australia at a time when we would need the whole of our national effort for one purpose - the defence of Australia - and I believed that if he returned to this country he would be able to exercise an ameliorative influence in public affairs. To this end I informed him that if he were wiling to return to active public life in Australia, I would resign my seat which, as honorable members know, is a fairly safe one, in order to enable him to re-enter this Parliament. <inline font-weight="bold">Mr. Bruce</inline> cabled to me a reply to the effect that he was not prepared to accept my seat, but would be willing to come back to Australia if, by so doing, it would be possible to bring into existence a nonparty government of the Commonwealth - a government comprising members of all parties, irrespective of their affiliations. He added that he had no wish to interfere with the internal organization of those parties, but would be prepared to place himself at the disposal of the people of Australia if there was a general desire that he should do so. That offer was made and the Country party hae considered it. Though the party objects strongly to my leaving politics, it desires such a national government to be brought about. I believe that the United Australia party is still considering the suggestion, but it will be of no avail to approach any other party unless we can get substantial agreement on the proposal. I wish to make it clear that I am not wedded to the selection of any individual as the future leader of the Government. As leader of my own party, I make this offer on the floor of the House : If the leaders of the three parties can agree upon the choice of a national leader, either from inside or outside this Parliament, I shall be willing to serve under him, and my party will be prepared to co-operate in the administration of this country under those conditions. If it be necessary for a man from outside the Parliament to be brought in, I shall be prepared at once to vacate my 6eat in order to enable him to enter this Parliament to carry out the agreement. Alternatively, I am willing to discuss with the House itself whether means cannot be adopted amongst the parties in this chamber, all of which I believe have the same earnest resolve to defend Australia at all costs from aggression, to secure an expression of opinion by this Parliament as to whom its leader should be. I make only one stipulation : In order that there shall be no question of our bona fides, neither I nor any member of my party shall be regarded as a candidate for such leadership. </para>
          <para>My position may be shortly stated : The Leader of the United Australia party having been elected, I shall see the Governor-General this afternoon and tender the resignation of my commission as Prime Minister. It is obvious that whoever is chosen and accepts the responsibility of forming a government will require time to select his Ministers. I believe that a fortnight at least should be allowed for this task and for preparing a legislative programme for presentation to this House so that Parliament may function immediately upon re-assembling. If, in the meantime, anything happens in the international field rendering necessary  the earlier meeting of Parliament, the form of the motion will permit the House to be called together by <inline font-weight="bold">Mr. Speaker</inline> in the shortest possible time. </para>
        </speech>
        <speech>
          <talk.start>
            <talker>
              <page.no>18</page.no>
              <time.stamp />
              <name.id>N76</name.id>
              <electorate>Kooyong</electorate>
              <party />
              <role>Leader of the United Australia party</role>
              <in.gov>0</in.gov>
              <first.speech>0</first.speech>
              <name role="metadata">MENZIES, Robert</name>
              <name role="display">Mr MENZIES</name>
            </talker>
            <para>. -  I do not oppose the motion. On the contrary, I support it, and I should have had no occasion to say more than that if it were not for the most extraordinary speech that has just been made by the Prime Minister <inline font-weight="bold">(Sir Earle Page),</inline> speaking, as I understand, in his capacity as Leader of the Country party, but not, I imagine, on behalf of his Cabinet. </para>
          </talk.start>
          <para>Honorable Members.  -  Hear, hear ! </para>
          <continue>
            <talk.start>
              <talker>
                <page.no>18</page.no>
                <time.stamp />
                <name.id>N76</name.id>
                <electorate />
                <party />
                <role />
                <in.gov>0</in.gov>
                <first.speech>0</first.speech>
                <name role="metadata">MENZIES, Robert</name>
                <name role="display">Mr MENZIES</name>
              </talker>
              <para>- It was an extraordinary speech, delivered, if I may say so, at a most inappropriate time. We all agree, irrespective of party associations, that the Commonwealth is, at the moment, called upon to deal with difficult problems. Most of us believe that those problems can be attacked successfully only by a concerted effort. I, in consequence, and in spite of some temptation during the last two days, have preserved complete silence on subjects that are now matters of notoriety, although I have heard whispers occasionally about the reason for the refusal of the Country party to co-operate with me in the formation of a government. I should have been very glad to avoid having to say anything about that matter even if that refusal had been persisted in, because my own view is that in the interests of Australia the door might have been kept open. If that door had been closed for reasons of high policy, I could have respected those reasons. But the door has been closed, bolted, and barred, presumably, for reasons which are not only offensive and personal, but also paltry. I shall say something about those reasons in their turn, and I shall speak, <inline font-weight="bold">Mr. Speaker,</inline> with due restraint - indeed with more restraint than I might have felt disposed to display on another occasion. </para>
            </talk.start>
          </continue>
          <para>The first reason that has been adduced for the refusal of the Country party to co-operate with me, as Leader of the United Australia party, is that I resigned from the Lyons Government on the issue of national insurance. But honorable members know that I resigned from that government because, only a few weeks ago, I had given a specific pledge in writing to my electors. </para>
          <interjection>
            <talk.start>
              <talker>
                <page.no>18</page.no>
                <time.stamp />
                <name.id>JSC</name.id>
                <electorate />
                <party />
                <role />
                <in.gov>0</in.gov>
                <first.speech>0</first.speech>
                <name role="metadata">BRENNAN, Frank</name>
                <name role="display">Mr Brennan</name>
              </talker>
              <para>-  Irrespective of the honorable gentleman&#39;s Cabinet colleagues ? Did he have no responsibility to them? </para>
            </talk.start>
          </interjection>
          <continue>
            <talk.start>
              <talker>
                <page.no>18</page.no>
                <time.stamp />
                <name.id>N76</name.id>
                <electorate />
                <party />
                <role />
                <in.gov>0</in.gov>
                <first.speech>0</first.speech>
                <name role="metadata">MENZIES, Robert</name>
                <name role="display">Mr MENZIES</name>
              </talker>
              <para>- I am stating my views; in due course, the honorable gentleman may have an opportunity to give his. After all, I am the person who has been attacked - nobody else. I resigned from the Lyons Government because, as I have told the House, I gave a specific pledge to my electors in connexion with the national insurance scheme. Is it a contemptible thing for a man to keep his word? Is it the mark of a coward for a man to keep his word on an issue which is far from popular? I have no apologies to offer for my resignation. On the contrary, I regard it as one of the more respectable actions of my public life. </para>
            </talk.start>
          </continue>
          <para>The second reason given exhibits an amazing effort at ingenuity on the part of the right honorable gentleman. Having, I think, looked the matter up, he said that 24 weeks ago - I have forgotten the date - I made a speech to members of the Constitutional Club in Sydney on the subject of leadership. I do not know whether any honorable gentleman was present on that occasion and heard the speech, but I can say now that not one word of it do I wish to retract. The burden of my remarks was that the dictatorships owed no small portion of their success to two things - one was the leadership, the undivided leadership, which they enjoyed ; the other was the undivided loyalty to that leadership which existed inside their countries. I went on to. say that whilst I despised the doctrines of dictatorships and would resist them to the utmost, the test of a successful democracy was leadership, and loyalty to that leadership. After I had said that I actually went out of my. way to add that it was a homily which I was addressing to myself and every other person in Australia who occupied any public position involving leadership of the people. I am not responsible for the manner in which my views may have been twisted. The right honorable the Prime Minister refrained from saying that he personally thought that my speech  was an attack on my late leader. All I can say on that point is that conversations which I had with my late leader and friend were completely inconsistent with any suggestion that he regarded my speech as an attack upon him. After all, is this not getting down pretty low? If we are to be held responsible not only for what we say - I am always prepared to accept responsibility for my utterances - but also for the gloss which some person who may or may not have heard a speech puts upon it, that will be the end of all pleasure in public life. I invite every honorable gentleman in this chamber to ask himself : &#34; How should I like that standard of judgment to be applied to me?&#34; </para>
          <para>I come now to the third ground of attack, which, I may add, is no novelty. It represents a stream of mud through which : I have waded at every election campaign in which I have participated. The attack is &#34; You did not go to the war.&#34; That is a statement which, I daresay, has occasionally been directed to some members of the party led by the right honorable gentleman. </para>
          <interjection>
            <talk.start>
              <talker>
                <page.no>19</page.no>
                <time.stamp />
                <name.id>K9A</name.id>
                <electorate />
                <party />
                <role />
                <in.gov>0</in.gov>
                <first.speech>0</first.speech>
                <name role="metadata">GANDER, Joseph</name>
                <name role="display">Mr Gander</name>
              </talker>
              <para>- Yes, and in the Government front rank. &#34; Shoot &#39;em down, Thorby:&#39;!  ;  &#34; </para>
            </talk.start>
          </interjection>
          <continue>
            <talk.start>
              <talker>
                <page.no>19</page.no>
                <time.stamp />
                <name.id>N76</name.id>
                <electorate />
                <party />
                <role />
                <in.gov>0</in.gov>
                <first.speech>0</first.speech>
                <name role="metadata">MENZIES, Robert</name>
                <name role="display">Mr MENZIES</name>
              </talker>
              <para>- There are certain people who regard it as their ordained mission in life to pry into the private reasons for the actions of other people; to put them up against a wall and say, &#34; Why didn&#39;t you do so and so ? &#34;. Presumably prying in this fashion, the right honorable gentleman discovered some facts concerning my action at the time he mentions, but failed to discover others. He said, with all its deadly implication, that I resigned a military commission a year after the Great War broke out. If he had investigated a little further, he would have discovered that I, in common with other young men of my age, was a trainee under the then existing system of compulsory training, and as such, in common with other young men, I took my chance of being a private, a sergeant, a lieutenant or an officer of any other rank. When my period of universal training expired, my activity in connexion with the system also expired. I did not resign anything. I served the ordinary term of a compulsory trainee. </para>
            </talk.start>
          </continue>
          <para class="block">I was in exactly the same position as any other person who at that time had to answer the extremely important questions - Is it my duty to go to the war, or is it my duty not to go ? The answers to those questions cannot be made on the public platform. Those questions relate to a man&#39;s intimate, personal and family affairs, and, in consequence, I, facing those problems, problems of intense difficulty, found myself, for reasons which were and are compelling, unable to join my two brothers in the infantry of the Australian Imperial Force. </para>
          <interjection>
            <talk.start>
              <talker>
                <page.no>19</page.no>
                <time.stamp />
                <name.id>JXL</name.id>
                <electorate />
                <party />
                <role />
                <in.gov>0</in.gov>
                <first.speech>0</first.speech>
                <name role="metadata">FROST, Charles</name>
                <name role="display">Mr Frost</name>
              </talker>
              <para>- It is the business of no one but yourself. </para>
            </talk.start>
          </interjection>
          <continue>
            <talk.start>
              <talker>
                <page.no>19</page.no>
                <time.stamp />
                <name.id>N76</name.id>
                <electorate />
                <party />
                <role />
                <in.gov>0</in.gov>
                <first.speech>0</first.speech>
                <name role="metadata">MENZIES, Robert</name>
                <name role="display">Mr MENZIES</name>
              </talker>
              <para>- I say that. After all, this kind of attack is very disagreeable. It is the sort of attack that is made, and in my case has been made, time and again; but I am foolish enough to believe that the only judgment as to a man&#39;s capacity, a man&#39;s courage, a man&#39;s fortitude that has any relevancy to his public conduct is the judgment of the people who have known him and worked with him. Members of the United Australia party are familiar with me; they know my many faults; they are acquainted with such poor qualities as they may think that I possess; they believe, and I am conscious of the honour that they have done me in expressing that belief, that I am capable of leading them, and I am vain enough to hope that I have capacity enough to discharge that trust, and that in the discharge of it I shall exhibit none of those miserable attribute;-, that have been suggested by the Prime Minister in the most remarkable attack that I have ever heard in the whole of my public career. </para>
            </talk.start>
          </continue>
        </speech>
        <speech>
          <talk.start>
            <talker>
              <page.no>19</page.no>
              <time.stamp />
              <name.id>009FQ</name.id>
              <electorate>Fremantle</electorate>
              <party />
              <role>Leader of the Opposition</role>
              <in.gov>0</in.gov>
              <first.speech>0</first.speech>
              <name role="metadata">CURTIN, John</name>
              <name role="display">Mr CURTIN</name>
            </talker>
            <para>. - I shall not in any way share the personal aspects of the controversy that has developed here this morning - has developed openly here this morning, but has, I venture to say, been one of the factors making orderly government in Australia almost impossible in the last two years. The coalition has survived since the last election, it will now be universally recognized, solely because of the personal influence of the late Prime Minister, and with his passing, all of the inevitable points of collision, some political, but it would appear the major ones personal, have come to the surface. The speech of the Prime Minister <inline font-weight="bold">(Sir Earle Page)</inline> about the personal unfitness of the Leader of the United Australia party <inline font-weight="bold">(Mr. Menzies)</inline> to become head of the Government would, if we believed the right honorable gentleman, disqualify the Leader of the United Australia party from any claim to national leadership. That is on the one hand. On the other hand, although the right honorable member for Kooyong <inline font-weight="bold">(Mr. Menzies)</inline> has spoken in the most restrained way, I have not the least doubt that if he took us into his confidence as fully as the Prime Minister has done, he would make it plain to us and the people that the leadership of the Country party is not in such hands as would justify the people of Australia in having any confidence in it. Thus it must be clear to Australia now that the Leader of the Country party has no confidence whatever in the United Australia party as a collateral branch of responsible government when it selects the right honorable member for Kooyong as its leader; and in the light of the interjections that punctuated the speech of the Prime Minister I have not the least doubt that members of the United Aust tralia party, who found it difficult to tolerate some of the practices of the present Prime Minister while Deputy  Prime Minister, would, if they spoke the truth, make it clear that they do not regard his presence in the Government, let alone as leader, as a contribution to the welfare of this nation. Thus two responsible spokesmen, for they are the most responsible persons in the two parties that have formed the coalition and have been responsible for the government of this Commonwealth for some considerable time, have now convicted each other of offences which make the good government of Australia not only difficult, but, indeed, so long as they exhibit this attitude towards each other, impossible. My position is that we have no confidence whatever in either the United Australia party or the Country party, separately or corporately. We told the people that the Labour party was the only party whose principles were consistent and whose elements were homogeneous. The honorable gentlemen behind me, and&#34; other recruits who will come to the ranks of my party, sit in this Parliament as members of a completely solid and consistent party. Last December, when the Government had the undoubted value of the astute leadership of the deceased Prime Minister, an election was held in a constituency which was a traditional stronghold of the Government. The appeal to the people was on high issues and the candidate against the Labour party was a man of great and unusual distinction who had held the highest office in his own State. Such a formidable representative of anti-Labour, who stood for the policy of the United Australia party and its association with the policy of the Country party in this Parliament, was defeated in the most remarkable transfer of votes that can be recalled in the history of this Commonwealth, and the vacancy which was caused by the death of the Honorable Charles Hawker is now filled, not by a supporter of the Government, but by an opponent of the Government. That is to say, the people of Australia, were they to have the opportunity to express themselves, would say about the Government as a whole in effect what the Prime Minister has said about the Leader of the United Australia party, and what the Leader of the United Australia party has said about the Leader of the Country party. </para>
          </talk.start>
          <para>Opposition Members. - Hear, hear ! </para>
          <continue>
            <talk.start>
              <talker>
                <page.no>20</page.no>
                <time.stamp />
                <name.id>009FQ</name.id>
                <electorate />
                <party />
                <role />
                <in.gov>0</in.gov>
                <first.speech>0</first.speech>
                <name role="metadata">CURTIN, John</name>
                <name role="display">Mr CURTIN</name>
              </talker>
              <para>-- It would appear to me, <inline font-weight="bold">Mr. Speaker,</inline> that the solution of this difficulty is that the people of Australia should be heard. One suggestion by the right honorable the Prime Minister was that he would be prepared to recommend that the three party leaders in this House should consult, with a view to the formation of a government. Presumably, the right honorable gentleman meant an allparty government. If there could be anything worse than a government consisting of two parties it would be a government consisting of three parties. Such a combination would not be a government, it would be a society of disputation and debate; decisions would never .be reached; determinations could not be arrived at, let alone carried out. I say to Australia, quite seriously, that however good a government may be, it will be all the better if it is composed of men who subscribe to the one set of political principles, who are united in their outlook upon the problems of the country, and who may as a team translate into reality ideas that they have as to the way in which the country should be administered. That government would bo a government of leadership and action. And any government, even if it has the best policies, would do far better service to the nation if there were arrayed against it in Parliament an Opposition courageous, intelligent, and patriotic. It is not a good thing for democracies to have governments that are unchecked by criticism or by honest opposition. We have to preserve the reality of democracy, and, therefore, all this talk about an allparty government is not really a contribution to the safety of the nation. It is designed merely to ensure the safety of the government against internal criticism, however necessary it may be in the interests of the nation that that criticism should be levelled. Let us not have the reality of totalitarianism while pretending to maintain democratic institutions. For myself and my party, 1 say that either in peace or war we are prepared to take the responsibility of governing this country on the basis of our own programme. We shall not attempt to govern this country on any other platform than that of Labour, and we shall make no presumptuous endeavour to become the Government until the people of Australia give us a majority in this House. So long as the people of Australia give to Labour in this Parliament a minority of members we shall accept the duty cast upon us, that of opposition. But, when the people of Australia, as I hope and think they will, cast on us the responsibility of government, then we shall accept the responsibility of governing on our own policy, a policy which the people will first have approved, and we shall not be involved in struggles for portfolios and leadership. The Prime Minister, as Leader of the Country party, says that what is required is a leader of courage, loyalty and judgment; he has, by implication, said that the United Australia party had a leader of that kind in the deceased Prime Minister; in effect, he says that the present choice of the United Australia party does not possess those attributes. Otherwise his speech was meaningless. The Country party accuses the United Australia party,, its political collaborator for years, of having reached the stage of complete bankruptcy in leadership. That is the charge implicit in everything said by the Leader of the Country party against the United Australia party. 1 repeat that the leaders of both parties have convicted each other of unfitness to be leaders of this coalition. Therefore, as the leaders of this coalition cannot agree, and because of the divergence of policy and principles which emerges from the discussion between these collaborators, it must be palpable that separately or together they are no longer fitted to be entrusted with the government of this Commonwealth. </para>
            </talk.start>
          </continue>
          <para class="block">Question resolved in the affirmative. </para>
        </speech>
      </subdebate.1>
    </debate>
    <debate>
      <debateinfo>
        <title>ADJOURNMENT</title>
        <page.no>21</page.no>
        <type>adjournment</type>
      </debateinfo>
      <para>Photographs Taken in Parliament House. </para>
      <para>Motion (by <inline font-weight="bold">Sir Earle</inline> Page) proposed - </para>
      <quote>
        <para>That the House do now adjourn. </para>
      </quote>
      <speech>
        <talk.start>
          <talker>
            <page.no>21</page.no>
            <time.stamp />
            <name.id>JNX</name.id>
            <electorate>Bass</electorate>
            <party />
            <role />
            <in.gov>0</in.gov>
            <first.speech>0</first.speech>
            <name role="metadata">BARNARD, Herbert</name>
            <name role="display">Mr BARNARD</name>
          </talker>
          <para>,- On several occasions, <inline font-weight="bold">Mr. Speaker,</inline> the matter of granting permission to take photographs from the press gallery in this chamber has been raised. I should like to know whether permission was given to press photographers this morning to take photographs from the gallery? </para>
        </talk.start>
      </speech>
      <speech>
        <talk.start>
          <talker>
            <page.no>21</page.no>
            <time.stamp />
            <name.id>JOS</name.id>
            <electorate>DARWIN, TASMANIA</electorate>
            <party />
            <role />
            <in.gov>0</in.gov>
            <first.speech>0</first.speech>
            <name role="metadata">BELL, George</name>
            <name role="display">Mr SPEAKER (Hon G J Bell</name>
          </talker>
          <para />
        </talk.start>
        <para>Permission was given by me for the taking of the photographs. The matter of photographs in Parliament House has been raised previously, and I gave an assurance that permission would be given only under certain conditions. Those conditions were themselves suggested by the Leader of the Opposition <inline font-weight="bold">(Mr. Curtin),</inline> but one of them has not been observed to-day. It has been reported to me that the photographer states that he misunderstood the instructions given. I shall have to give further consideration to the whole matter. </para>
        <para class="block">Question resolved in the affirmative. </para>
      </speech>
    </debate>
    <debate>
      <debateinfo>
        <title>PAPERS</title>
        <page.no>22</page.no>
        <type>papers</type>
      </debateinfo>
      <para>The following papers were  presented  : - </para>
      <quote>
        <para>Audit Act - Finance - Treasurer&#39;s Statement of Receipts and Expenditure for year 1937- 38, accompanied by the report of the Auditor-General. </para>
      </quote>
      <para>Ordered to be printed. </para>
      <para>Air Force Act - Regulations amended - </para>
      <para>Statutory Rules 1938, No. 120. </para>
      <para>Statutory Rules 1939, No. 21. </para>
      <para>Arbitration (Public Service) Act - Determinations by the Arbitrator, &#38;c. - </para>
      <para>1938- </para>
      <para>No. 30 - Meat Inspectors&#39; Association, Commonwealth Public Service. </para>
      <para>No. 31 - Amalgamated Postal Workers&#39; Union of Australia. </para>
      <para>No. 32 - Fourth Division Postmasters&#39;, Postal Clerks&#39; and Telegraphists&#39; Union. </para>
      <para>1939- </para>
      <para>No. 1 - Postal Electricians Supervisors and Foremen&#39;s Association, Postmaster-General&#39;s Department, Commonwealth of Australia; and </para>
      <para>No. 2 - Australian Postal Electricians&#39; Union. </para>
      <para>No. 3 - Federated Public Service Assistants&#39; Association of Australia. </para>
      <para>No. 4 - Professional Officers&#39; Association, Commonwealth Public Service. </para>
      <para>No. 5 - Commonwealth Public Service Clerical Association. </para>
      <para>No.6 - Federated Public Service Assistants&#39; Association of Australia. </para>
      <para>Canned Fruits Export Charges Act - Regulations amended - Statutory Rules 1938, No. 114. </para>
      <para>Commonwealth Bank Act - Balance-sheets of Commonwealth Bank and Commonwealth Savings Bank and Statement of the Liabilities and Assets of the Note Issue Department, as at 31st December, 1938; together with the Auditor-General&#39;s reports thereon. </para>
      <para>Commonwealth Public Service Act - Appointments - Department - </para>
      <para>Postmaster-General - I. H. Robertson. </para>
      <para>Treasury - E. K. Heath, M. A. Whitehead. </para>
      <para>Works-J. W. F. Barbour, W. A. Boekenstein, B. A. Brogan, C. I. Dimant, N. M. Hannaker, H. G. Hannam. F. C. Hargrave, E. L. Miller, G. J. Mylne, A. J. W. Pate, G. M. Pike, R. H. Shaw, C. D. Spottswood. </para>
      <para>Regulations amended - </para>
      <para>Statutory Rules 1938, No. 113. </para>
      <para>Statutory Rules 1939, No. 4. </para>
      <para>Commonwealth Railways Act - By-laws Nos. 79, 80. </para>
      <para>Customs Act - Regulations amended - Statutory Rules 1939, Nos. 9, 22. </para>
      <para>Customs Act and Commerce (Trade Descriptions) Act - Regulations amended - Statutory Rules 1939, Nos. 10, 12. </para>
      <para>Dairy Produce Export Control Act - Regulations amended - StatutoryRules 1938, No. 118. </para>
      <para>Defence Act - Regulations amended, &#38;c. - </para>
      <para>Statutory Rules 1938, No. 122. </para>
      <para>Statutory Rules 1939, Nos. 7, 13, 18. </para>
      <para>Defence Act and Naval Defence Act- Regulations amended - Statutory Rules 1938, Nos. 116, 121. </para>
      <para>Dried Fruits Export Charges Act - Regulations amended - Statutory Rules 1939, No. 17. </para>
      <para class="block">Excise Act - Regulations amended - Statutory Rules 1939, No. 5. </para>
      <para class="block">Flour Tax (Wheat Industry Assistance) Assessment Act- Regulations - Statutory Rules 1938, No. 112. </para>
      <para class="block">Income Tax Assessment Act - Regulations amended - Statutory Rules 1939, No. 6. </para>
      <para class="block">Lands Acquisition  Act-  Land acquired - </para>
      <para class="block">For Administrative purposes - Darwin, Northern Territory. </para>
      <para class="block">For Customs purposes - Port Kembla, New South Wales. </para>
      <para class="block">For Defence purposes - </para>
      <para class="block">Amberley, Queensland. </para>
      <para class="block">Cloncurry, Queensland. </para>
      <para class="block">Darwin, Northern Territory. </para>
      <para class="block">Deloraine, Tasmania. </para>
      <para class="block">Fremantle, Western Australia. </para>
      <para class="block">Georgetown, Tasmania. </para>
      <para class="block">Gladstone, Queensland. </para>
      <para class="block">Kalgoorlie, Western Australia. </para>
      <para class="block">Karumba, Queensland. </para>
      <para class="block">Laverton, Victoria. </para>
      <para class="block">Maylands, Western Australia (2). </para>
      <para class="block">North Stockton, New &#39;South Wales. </para>
      <para class="block">Rockhampton, Queensland (3). </para>
      <para class="block">Rottnest Island, Western Australia. </para>
      <para class="block">Toowoomba, Queensland. </para>
      <para class="block">For Postal purposes - </para>
      <para class="block">Balhannah, South Australia. </para>
      <para class="block">Edwardstown, South Australia. </para>
      <para class="block">Glenunga, South Australia. </para>
      <para class="block">Melbourne, Victoria. </para>
      <para class="block">Mount Isa, Queensland. </para>
      <para class="block">Nanneclla, Victoria. </para>
      <para class="block">Point Lonsdale, Victoria. </para>
      <para class="block">Sunnybank, Queensland. </para>
      <para class="block">Swansea, New South Wales. </para>
      <para class="block">Sydney, New South Wales. </para>
      <para class="block">Tallangatta, Victoria. </para>
      <para class="block">Tintinara,  South Australia. </para>
      <para class="block">Wagga Wagga, New South Wales. </para>
      <para class="block">Nationality Act - Return for 1938. </para>
      <para class="block">Naval Defence Act - Regulations amended - </para>
      <para>Statutory Rules 1939, Nos. 3, 19. </para>
      <para class="block">Northern Territory Acceptance Act and Northern Territory (Administration) Act - </para>
      <para class="block">Ordinances of 1938 - </para>
      <para class="block">No. 16 - Motor Vehicles. </para>
      <para class="block">No. 17 - Amendments Incorporation. </para>
      <para class="block">No. 18 - Birds Protection. </para>
      <para class="block">No. 19 - Registration. </para>
      <para class="block">Ordinances of 1939 - </para>
      <para class="block">No. 1 - Marine. </para>
      <para class="block">No. 2 - Income Tax. </para>
      <para class="block">No. 3 - Public Service. </para>
      <para class="block">Income Tax Ordinance - Regulations amended. </para>
      <para>Papua Act - Ordinances of 1938 - </para>
      <para>No. 15 - Navigation. </para>
      <para>No. 16 - Superannuation (No. 2). </para>
      <para>Patents Act - Regulations amended - Statutory Rules 1939, No. 1. </para>
      <para>Port Augusta to Port Pirie Railway Act, Commonwealth Railways Act, and Lands Acquisition Act - Land acquired for Railway purposes at Hundred of Pirie, South Australia (6). </para>
      <para>Post and Telegraph Act - Regulations amended - Statutory Rules 1939, No. 14. </para>
      <para>Quarantine Act- Regulations amended - Statutory Rules 1939, No. 20. </para>
      <para>Sales Tax Assessment Acts (Nos. 1-9) - Regulations amended - Statutory Rules 1938, No. 117. </para>
      <para>Seat of Government Acceptance Act and Seat of Government (Administration) Act - </para>
      <para>Ordinances of 1938 - </para>
      <para>No. 34 - Maintenance Orders. (Facilities for Enforcement). </para>
      <para>No. 35  -  Ordinances Revision. </para>
      <para>No. 36 - Seat of Government (Ad  ministration) (No. 2). </para>
      <para>No. 37  -  National Capital Development. </para>
      <para>No. 38- Industrial Board (No. 3). </para>
      <para>No. 39  -  Plant Diseases (No. 2). </para>
      <para>No. 40 - Rabbit Destruc ion. </para>
      <para>No. 41- Motor Traffic. Ordinance of 1939 - No. 1- Hospital Tax. </para>
      <para>Regulations amended - </para>
      <para>Apiaries Ordinance. </para>
      <para>Building and Services Ordinance (3). </para>
      <para>Education Ordinance. </para>
      <para>Liquor Ordinance. </para>
      <para>Meat Ordinance. </para>
      <para>Mining Ordinance. </para>
      <para>Nurses Registration Ordinance. </para>
      <para>Pounds Ordinance. </para>
      <para>Public Health Ordinance (4). </para>
      <para>Public Parks Ordinance. </para>
      <para>Trading Hours Ordinance. </para>
      <para>Science and Industry Research Act - Regula  tions amended - Statutory Rules 1939, No. 15. </para>
      <para>Spirits Act - Regutations amended - Statutory Rules 1939, No. 8. </para>
      <para>Wheat Industry Assistance Act. - Regulations - Statutory Rules 1939. No. 16. </para>
      <para>WineGrapesCharges Act; - Regulations amended - Statutory Rules 1939. No. 11. </para>
      <para>House adjourned at 12.2 p.m. until Wednesday, the 3rd May. at 3p.m.. unless Mr.Speaker should, prior to that date,by telegram addressed toeach member of the House, fix an earlier date ofmeeting. </para>
    </debate>
  </chamber.xscript>
  <answers.to.questions>
    <debate>
      <debateinfo>
        <title>ANSWERS TO QUESTIONS</title>
        <page.no>23</page.no>
        <type>ANSWERS TO QUESTIONS</type>
      </debateinfo>
      <subdebate.1>
        <subdebateinfo>
          <title>The following answers to questionswere circulated :  -</title>
          <page.no>23</page.no>
        </subdebateinfo>
        <question>
          <talk.start>
            <talker>
              <page.no>23</page.no>
              <time.stamp />
              <name.id>KHL</name.id>
              <electorate>MELBOURNE, VICTORIA</electorate>
              <party />
              <role />
              <in.gov>0</in.gov>
              <first.speech>0</first.speech>
              <name role="metadata">HOLLOWAY, Edward</name>
              <name role="display">Mr Holloway</name>
            </talker>
            <para>y asked the Minister for Trade and Customs, <inline font-style="italic">upon notice -</inline></para>
          </talk.start>
          <list type="decimal-dotted">
            <item label="1.">
              <para>Hasa report been received from the Tariff Board dealing with the recent inquiry into jute, hemp and flax yarns and jute,hemp and linen threads? </para>
            </item>
            <item label="2.">
              <para>If so, when will honorable members receive copies? </para>
            </item>
          </list>
        </question>
        <answer>
          <talk.start>
            <talker>
              <page.no>23</page.no>
              <name.id>KXY</name.id>
              <electorate>EDEN-MONARO, NEW SOUTH WALES</electorate>
              <party>UAP</party>
              <role>Minister for Trade and Customs</role>
              <in.gov>0</in.gov>
              <first.speech>0</first.speech>
              <name role="metadata">PERKINS, John</name>
              <name role="display">Mr Perkins</name>
            </talker>
            <para>- The answers to the honorable member&#39;s questions are as follows :  - </para>
          </talk.start>
          <list type="decimal-dotted">
            <item label="1.">
              <para>No. </para>
            </item>
            <item label="2.">
              <para>See answer to 1. </para>
            </item>
          </list>
        </answer>
        <question>
          <talk.start>
            <talker>
              <page.no>23</page.no>
              <time.stamp />
              <name.id>KHL</name.id>
              <electorate />
              <party />
              <role />
              <in.gov>0</in.gov>
              <first.speech>0</first.speech>
              <name role="metadata">HOLLOWAY, Edward</name>
              <name role="display">Mr Holloway</name>
            </talker>
            <para>y asked the Minister for Trade and Customs, <inline font-style="italic">upon notice -</inline></para>
          </talk.start>
          <list type="decimal-dotted">
            <item label="1.">
              <para>Has the Tariff Board completed its report dealing with the request (or move duty upon imported tractor wheels? </para>
            </item>
            <item label="2.">
              <para>If so, when will the report be tabled? </para>
            </item>
          </list>
        </question>
        <answer>
          <talk.start>
            <talker>
              <page.no>23</page.no>
              <name.id>KXY</name.id>
              <electorate />
              <party>UAP</party>
              <role />
              <in.gov>0</in.gov>
              <first.speech>0</first.speech>
              <name role="metadata">PERKINS, John</name>
              <name role="display">Mr Perkins</name>
            </talker>
            <para>- The answers to the honorable member&#39;s questions are as follows: - </para>
          </talk.start>
          <list type="decimal-dotted">
            <item label="1.">
              <para>No. </para>
            </item>
            <item label="2.">
              <para>See answer to 1. </para>
            </item>
          </list>
        </answer>
      </subdebate.1>
    </debate>
  </answers.to.questions>
</hansard>
