<?xml version="1.0" encoding="utf-8"?>
<hansard xsi:noNamespaceSchemaLocation="../../hansard.xsd" version="2.1" xmlns:xsi="http://www.w3.org/2001/XMLSchema-instance">
  <session.header>
    <date>1956-02-22</date>
    <parliament.no>22</parliament.no>
    <session.no>1</session.no>
    <period.no>1</period.no>
    <chamber>SENATE</chamber>
    <page.no>53</page.no>
    <proof>0</proof>
  </session.header>
  <chamber.xscript>
    <business.start>
      <day.start>1956-02-22</day.start>
      <para>The <inline font-weight="bold">President (Senator the Hon. A.</inline><inline font-style="italic">M.</inline> McMullin)  took the chair at 3 p.m., and read prayers. </para>
    </business.start>
    <debate>
      <debateinfo>
        <title>DEATH OF ME. WILLIAM DAVIES, M.P</title>
        <page.no>53</page.no>
        <type>miscellaneous</type>
      </debateinfo>
      <speech>
        <talk.start>
          <talker>
            <page.no>53</page.no>
            <time.stamp />
            <name.id>JZI</name.id>
            <electorate>QueenslandMinister for the Navy</electorate>
            <party>LP</party>
            <role>Minister for the Navy</role>
            <in.gov>1</in.gov>
            <first.speech>0</first.speech>
            <name role="metadata">O&#39;SULLIVAN, Neil</name>
            <name role="display">Senator O&#39;SULLIVAN</name>
          </talker>
          <para>- <inline font-style="italic">by leave</inline> - It is with deep regret that I inform honorable senators of the death of <inline font-weight="bold">Mr. William</inline> Davies, member for the division of Cunningham in the House of Representatives, who died at Wollongong on Friday last, the 17th February, at the age of 73. </para>
        </talk.start>
        <para>
          <inline font-weight="bold">Mr. Davies</inline>was born at Abertillery, in South Wales. He came to Australia in 1912, and figured prominently in industrial matters relating to coal-mining. He was associated with politics for a great many years, and gave long and distinguished service to the Australian Labour party. </para>
        <para>His parliamentary service  began in  1917, when he was elected to the <inline font-style="italic">New</inline> South Wales Legislative Assembly for the division of Wollongong. Subsequently, he represented, at different times, the divisions of Wollondilly, Wollongong, Illawarra and Wollongong-Kembla. He served in the New South Wales Parliament continuously for 32 years, from 1917 until the 28th October, 1949, when he resigned to contest the federal election. While a member of the Kew South Wales Parliament, he was Minister for Public Instruction in 1927, and from 1930 until 1932 he was Minister for Education. </para>
        <para>In 1949 he was elected to the House of Representatives for the division of Cunningham, which electorate he continued to represent until his death. He is survived by a widow, a son and a daughter. I move - </para>
        <quote>
          <para>That the Senate expresses its deep regret at the death of <inline font-weight="bold">Mr. William</inline> Davies, who was at the time of his death a member of the House of Representatives for the Division of Cunningham, places on record its appreciation of his meritorious public service, and tender? its sincere sympathy to his widow and the members of his family in their bereavement. </para>
        </quote>
      </speech>
      <speech>
        <talk.start>
          <talker>
            <page.no>53</page.no>
            <time.stamp />
            <name.id>KTN</name.id>
            <electorate>Tasmania</electorate>
            <party />
            <role>Leader of the Opposition</role>
            <in.gov>0</in.gov>
            <first.speech>0</first.speech>
            <name role="metadata">MCKENNA, Nicholas</name>
            <name role="display">Senator McKENNA</name>
          </talker>
          <para>. - On behalf of the Opposition I second the motion which the Leader of the Government in the Senate <inline font-weight="bold">(Senator O&#39;sullivan)</inline> has moved. The record of public service of the late member outlined by the Minister inspires the thought that <inline font-weight="bold">Mr. William</inline> Davies, who, at the time of his death, was the member for Cunningham in the House of Representatives, and was able to command the confidence of the electors of various electorates in Australia over a period of 39 years, and throughout the whole of that term won and held the respect and affection of his parliamentary colleagues, both State and Federal, must have had outstanding qualities of heart and mind. That, indeed, was the case. <inline font-weight="bold">Mr. Davies</inline> was a man of the highest character, the utmost integrity, and very great ability. In addition, he was kindly and tolerant, and he possessed a judicial mind. It did not surprise those of us who knew him that during his long illness he preserved that outstanding quality of his - tranquillity - and that he remained captain of his soul.  His  long illness afforded him the blessing of time for contemplation and for preparation for his end. As he approached that supreme and critical moment, that must come to each one of us, he had every cause for satisfaction as he reviewed a life devoted to service for others. He died with the certain knowledge that he had played a vital part in improving the difficult lot. of coal-miners, in promoting the cause of education and in improving the lot of his fellows generally, particularly those of the areas that he represented so conscientiously and well. </para>
        </talk.start>
        <para>
          <inline font-weight="bold">Mr. Davies</inline>was a devoted family man. We extend to his bereaved wife and family our very deepest sympathy in their sorrow at his passing. We trust that they will be given the strength to bear that sorrow and that it will lighten that burden to know that the work and the personal worth of the late <inline font-weight="bold">Mr. Davies</inline> was both widely known and very highly appraised throughout Australia. Wc hope, too, it will lighten that burden for them to know that we, his former colleagues in this Parliament, also deeply mourn his passing. </para>
      </speech>
      <speech>
        <talk.start>
          <talker>
            <page.no>53</page.no>
            <time.stamp />
            <name.id>JQP</name.id>
            <electorate>Queensland</electorate>
            <party>CP</party>
            <role>Minister for Repatriation</role>
            <in.gov>0</in.gov>
            <first.speech>0</first.speech>
            <name role="metadata">COOPER, Walter</name>
            <name role="display">Senator COOPER</name>
          </talker>
          <para>. - The members of the Australian Country party desire to be associated with the motion before the </para>
        </talk.start>
        <para class="block">Senate concerning the death of <inline font-weight="bold">Mr. William</inline> Davies, the former member for Cunningham. The late member had a very long term of public service to his credit in both the State and Federal spheres of politics. I personally remember him very well, especially the courtesy and help that he extended to me on the various occasions when I met him in his electorate when I was dealing with repatriation matters. He was always helpful, and on those occasions I found that among his other duties he took a very keen interest in the general welfare of returned soldiers. We deeply regret his death and we extend to his widow and family our very deepest sympathy. </para>
        <para>Question resolved in the affirmative,, honorable senators standing their places. </para>
      </speech>
    </debate>
    <debate>
      <debateinfo>
        <title>ADJOURNMENT</title>
        <page.no>54</page.no>
        <type>adjournment</type>
      </debateinfo>
      <para>Motion (by <inline font-weight="bold">Senator O&#39;Sullivan)</inline> agreed to - </para>
      <quote>
        <para>That, as a mark of respect to the memory of the deceased member, the Senate do now adjourn. </para>
        <para class="block">Senate adjourned at 3.8 p.m. </para>
      </quote>
    </debate>
  </chamber.xscript>
</hansard>