<?xml version="1.0" encoding="utf-8"?>
<hansard xsi:noNamespaceSchemaLocation="../../hansard.xsd" version="2.1" xmlns:xsi="http://www.w3.org/2001/XMLSchema-instance">
  <session.header>
    <date>1907-11-22</date>
    <parliament.no>3</parliament.no>
    <session.no>2</session.no>
    <period.no>0</period.no>
    <chamber>SENATE</chamber>
    <page.no>6407</page.no>
    <proof>0</proof>
  </session.header>
  <chamber.xscript>
    <para>Senate. </para>
    <business.start>
      <day.start>1907-11-22</day.start>
      <para>The  President  took the chair at 12 noon, and read prayers. </para>
    </business.start>
    <debate>
      <debateinfo>
        <title>QUESTION</title>
        <page.no>6407</page.no>
        <type>Questions</type>
      </debateinfo>
      <subdebate.1>
        <subdebateinfo>
          <title>FEDERAL CAPITAL</title>
          <page.no>6407</page.no>
        </subdebateinfo>
        <interjection>
          <talk.start>
            <talker>
              <page.no>6407</page.no>
              <time.stamp />
              <name.id>JXT</name.id>
              <electorate />
              <party />
              <role />
              <in.gov>0</in.gov>
              <first.speech>0</first.speech>
              <name role="metadata">NEILD, John</name>
              <name role="display">Senator Colonel NEILD</name>
            </talker>
            <para>-I beg to ask the Vice-President of the Executive Council, without notice, whether he has received official or unofficial information to. the effect that the speech delivered by the  deputy  leader of tie third party yesterday, in opposition to dealing with the question of the Federal Capital, has created profound consternation in New South Wales ; andalso whether he is prepared to give to the Senate an assurance that the intention of the Government to deal with that question as soon as conveniently may be after the Christmas adjournment will not be altered,- and that they will not be deterred by the opposition of <inline font-weight="bold">Senator Dobson?</inline></para>
          </talk.start>
        </interjection>
        <speech>
          <talk.start>
            <talker>
              <page.no>6407</page.no>
              <time.stamp />
              <name.id>JPC</name.id>
              <electorate>VICTORIA</electorate>
              <party>Protectionist</party>
              <role>Vice-President of the Executive Council</role>
              <in.gov>1</in.gov>
              <first.speech>0</first.speech>
              <name role="metadata">BEST, Robert</name>
              <name role="display">Senator BEST</name>
            </talker>
            <para>- I have receivedno official information of the kind suggested by my honorable friend, and notwithstanding the suggestions and threats which have been mentioned, the Government intend, courageously, to pursue the even tenor of their way. </para>
          </talk.start>
        </speech>
      </subdebate.1>
    </debate>
    <debate>
      <debateinfo>
        <title>QUESTION</title>
        <page.no>6407</page.no>
        <type>Questions</type>
      </debateinfo>
      <subdebate.1>
        <subdebateinfo>
          <title>ADVERTISING THE COMMONWEALTH</title>
          <page.no>6407</page.no>
        </subdebateinfo>
        <para>Cable Messages</para>
        <speech>
          <talk.start>
            <talker>
              <page.no>6407</page.no>
              <time.stamp />
              <name.id>KTF</name.id>
              <electorate>SOUTH AUSTRALIA</electorate>
              <party />
              <role />
              <in.gov>0</in.gov>
              <first.speech>0</first.speech>
              <name role="metadata">MCGREGOR, Gregor</name>
              <name role="display">Senator McGREGOR</name>
            </talker>
            <para>-  I beg to ask the Vice-President of the Executive Council, without notice, if he can tell the Senate what rate per word is charged by Reuter&#39;s Telegraph Company in respect of the cables which are sent home for the Government ? </para>
          </talk.start>
        </speech>
        <speech>
          <talk.start>
            <talker>
              <page.no>6407</page.no>
              <time.stamp />
              <name.id>JPC</name.id>
              <electorate />
              <party>Protectionist</party>
              <role />
              <in.gov>1</in.gov>
              <first.speech>0</first.speech>
              <name role="metadata">BEST, Robert</name>
              <name role="display">Senator BEST</name>
            </talker>
            <para>- The Government has a special concession, and is charged is. per word in respect of the press messages which I referred to last night and which are circulated amongst some of the newspapers in the United Kingdom. The rate for ordinary Government messages is is 7&#189;d. per word, and, of course, the rate to the public is 3s. per word. I am given to understand that the charge of is per word to the Government barely covers the expenses. </para>
          </talk.start>
        </speech>
      </subdebate.1>
    </debate>
    <debate>
      <debateinfo>
        <title>QUESTION</title>
        <page.no>6407</page.no>
        <type>Questions</type>
      </debateinfo>
      <subdebate.1>
        <subdebateinfo>
          <title>SPRINGFIELD POST OFFICE</title>
          <page.no>6407</page.no>
        </subdebateinfo>
        <para>Case of Mrs. Murray</para>
        <speech>
          <talk.start>
            <talker>
              <page.no>6407</page.no>
              <time.stamp />
              <name.id>K6M</name.id>
              <electorate>TASMANIA</electorate>
              <party />
              <role />
              <in.gov>0</in.gov>
              <first.speech>0</first.speech>
              <name role="metadata">CLEMONS, John</name>
              <name role="display">Senator CLEMONS</name>
            </talker>
            <para>- I desire to ask. the Minister representing the PostmasterGeneral, without notice, if he can give me any information with regard to the recent dismissal of <inline font-weight="bold">Mrs. Murray</inline> from the postoffice at Springfield, in Tasmania ; and also if he will see that <inline font-weight="bold">Mrs. Murray</inline> is given an opportunity which, so far she has not had, to answer any specific charge which has been made against her? </para>
          </talk.start>
        </speech>
        <speech>
          <talk.start>
            <talker>
              <page.no>6407</page.no>
              <time.stamp />
              <name.id>KPE</name.id>
              <electorate>TASMANIA</electorate>
              <party>Protectionist</party>
              <role>Minister for Home Affairs</role>
              <in.gov>1</in.gov>
              <first.speech>0</first.speech>
              <name role="metadata">KEATING, John</name>
              <name role="display">Senator KEATING</name>
            </talker>
            <para>- Some time ago the honorable senator notified me that he proposed to ask a question about this case, but he refrained from doing so until I could make an inquiry of the Post and Telegraph Department. It supplied me with some information, with which the honorable senator was furnished, but, as he desired that <inline font-weight="bold">Mrs. Murray</inline> should be acquainted with the nature of the specific charges made against her, I asked the Department for further information. It has now supplied me with a memorandum . from which it appears that a letter had been written by a resident in Tasmania.  with regard to the case, and forwarded  to  the Department through a member of the other House. The memorandum reads as follows - </para>
          </talk.start>
          <quote>
            <para>In connexion with  a  letter received from <inline font-weight="bold">Mr. Alexander</inline> Kidd through <inline font-weight="bold">Mr. D.</inline> Starrer, M.P., relative  to  the removal of the Fast Office at Springfield from the charge of <inline font-weight="bold">Mrs. Murray,</inline> the  Deputy  Postmaster-General, Hobart, reported on 14th November, 1907, that owing  to  complaints which had been made to him at various times respecting the manner in which the Tost Office referred to was conducted and a petition for removal of the Office to <inline font-weight="bold">Mr. J.</inline></para>
          </quote>
          <para class="block">Lobb&#39;s  &#39; place, the Postal Inspector visited the District and reported on 14th September last that, after hearing the statements of a number of the residents, he considered there was good ground  for  the complaint made ; the Inspector added that a large majority of the residents desired the change asked for. </para>
          <list type="decimal-dotted">
            <item label="2.">
              <para>In consequence of the receipt of a petition and letters from residents for the retention of <inline font-weight="bold">Mrs. Murray&#39;s</inline> services, the  Deputy  PostmasterGeneral states he instructed the Inspector to again visit the locality and make a further investigation. This was done and the Inspector reported that his previous opinion wasfully confirmed. The  Deputy  Postmaster-General therefore deemed it best to transfer the Office, which was done on 1st October last, since when he states no complaint has reached him concerning the management of the Office. </para>
            </item>
          </list>
          <para>With regard to knowledge on the part of the late postmistress of the charges made against her, the memorandum goes on to say - </para>
          <list type="decimal-dotted">
            <item label="3.">
              <para>Regarding statements made in <inline font-weight="bold">Mr. Kidd&#39;s</inline> letter that the Inspector took statements only from  a <inline font-weight="bold">Mr. Hingston,</inline> who was the principal mover and informer in the matter, and who it is stated is at enmity with <inline font-weight="bold">Mrs. Murray,</inline> and that the Inspector would not inform the latter what charges were laid against her, the Inspector states that he interviewed several of the residents of the district who were not in any way, so far as he is aware, connected with <inline font-weight="bold">Mr. Hingston,</inline> and that he gave <inline font-weight="bold">Mrs. Murray</inline> all the information in his possession respecting complaints made against her. </para>
            </item>
            <item label="4.">
              <para>In connexion with <inline font-weight="bold">Mr. Kidd&#39;s</inline> further statement that the Inspector said <inline font-weight="bold">Mr. Lobb</inline> was an old friend of his, the Inspector asserts this is not correct and that the request for <inline font-weight="bold">Mr. Lobb&#39;s</inline> appointment was made by the residents before he (the inspector) knew anything of an impending change. </para>
            </item>
          </list>
        </speech>
      </subdebate.1>
    </debate>
    <debate>
      <debateinfo>
        <title>QUESTION</title>
        <page.no>6408</page.no>
        <type>Questions</type>
      </debateinfo>
      <subdebate.1>
        <subdebateinfo>
          <title>EUROPEAN MAILS: ADELAIDE</title>
          <page.no>6408</page.no>
        </subdebateinfo>
        <para>Penalties for Late Deliveries</para>
        <speech>
          <talk.start>
            <talker>
              <page.no>6408</page.no>
              <time.stamp />
              <name.id>K8W</name.id>
              <electorate>QUEENSLAND</electorate>
              <party />
              <role />
              <in.gov>0</in.gov>
              <first.speech>0</first.speech>
              <name role="metadata">TURLEY, Henry</name>
              <name role="display">Senator TURLEY</name>
            </talker>
            <para>-- Yesterday I asked the Vice-President of&#39; the Executive Council the following questions - </para>
          </talk.start>
          <list type="decimal-dotted">
            <item label="1.">
              <para>During the time the Orient Steam-ship Com pany has held contracts forthe delivery of mails, uponhow many occasions have they been late in delivering such mails at Adelaide? </para>
            </item>
            <item label="2.">
              <para>What are the dates on which such deliveries have been late, and the number of hours over contract  time in each case? </para>
            </item>
            <item label="3.">
              <para>What would be the amount of the penalties under conditions in respective contracts, at full rates specified inthe contracts for such late deliveries? </para>
            </item>
          </list>
          <para class="block">The honorable gentleman supplied me with a portion of the information I sought, and said he would look up the matter and furnish the remainder of the desired information if I would make another inquiry. </para>
        </speech>
        <speech>
          <talk.start>
            <talker>
              <page.no>6408</page.no>
              <time.stamp />
              <name.id>JPC</name.id>
              <electorate />
              <party>Protectionist</party>
              <role />
              <in.gov>1</in.gov>
              <first.speech>0</first.speech>
              <name role="metadata">BEST, Robert</name>
              <name role="display">Senator BEST</name>
            </talker>
            <para>- I gave to my honorable friend the best information which I could. </para>
          </talk.start>
          <interjection>
            <talk.start>
              <talker>
                <page.no>6408</page.no>
                <time.stamp />
                <name.id>K8W</name.id>
                <electorate />
                <party />
                <role />
                <in.gov>0</in.gov>
                <first.speech>0</first.speech>
                <name role="metadata">TURLEY, Henry</name>
                <name role="display">Senator Turley</name>
              </talker>
              <para>- No. The honorable senator gave no information as to the number of late arrivals at Adelaide and as to the amount of the penalties. </para>
            </talk.start>
          </interjection>
          <continue>
            <talk.start>
              <talker>
                <page.no>6408</page.no>
                <time.stamp />
                <name.id>JPC</name.id>
                <electorate />
                <party />
                <role />
                <in.gov>0</in.gov>
                <first.speech>0</first.speech>
                <name role="metadata">BEST, Robert</name>
                <name role="display">Senator BEST</name>
              </talker>
              <para>-- The Secretary to the Post and Telegraph Department states that it will take a considerable time to get that information completed, and that when completed it will be forwarded to the honorable senator. He desires to know &#34;upon how many occasions&#34; the Orient Steam Navigation Company have been late in delivering the mails, and makes no reference to any particular period. If he will fix upon a date to which he wishes the Department to go back, it will considerably facilitate the getting of the information. </para>
            </talk.start>
          </continue>
        </speech>
      </subdebate.1>
    </debate>
    <debate>
      <debateinfo>
        <title>QUESTION</title>
        <page.no>6408</page.no>
        <type>Questions</type>
      </debateinfo>
      <subdebate.1>
        <subdebateinfo>
          <title>SUSPENSION OF STANDING ORDERS</title>
          <page.no>6408</page.no>
        </subdebateinfo>
        <interjection>
          <talk.start>
            <talker>
              <page.no>6408</page.no>
              <time.stamp />
              <name.id>JXT</name.id>
              <electorate />
              <party />
              <role />
              <in.gov>0</in.gov>
              <first.speech>0</first.speech>
              <name role="metadata">NEILD, John</name>
              <name role="display">Senator Colonel NEILD</name>
            </talker>
            <para>- <inline font-weight="bold">Mr. President,</inline> I desire to mention a matter which I admit is not of much consequence now. I am inclined to think that yesterday we rather departed from our practice with reference to the suspension of the Standing Orders. They were suspended to facilitate thespeedy passage of the Supply Bill. The question I desire to ask you, sir, is whether notice was taken of the fact that something more was done than to suspend the Standing Orders. The resolutions which are called Sessional Orders were suspended. So far as my recollection goes, that is a new practice, and I only make these remarks in the hope that during the adjournment you may give some consideration to the matter. </para>
          </talk.start>
        </interjection>
        <speech>
          <talk.start>
            <talker>
              <page.no>6408</page.no>
              <time.stamp />
              <name.id>10000</name.id>
              <electorate />
              <party />
              <role />
              <in.gov>0</in.gov>
              <first.speech>0</first.speech>
              <name role="metadata">PRESIDENT, The</name>
              <name role="display">The PRESIDENT</name>
            </talker>
            <para>- Yesterday the Senate determined to suspend so much of the Standing Orders as would prevent the passage of the Supply Bill through, all its stages without delay. The Sessional Orders provide that Government business shall take precedence at certain times, and private business at other times &#34;unless otherwise ordered.&#34; The suspension of the Standing Orders was made with the intention of enabling the Supply Bill to go through all its stages irrespective of other  business, and I construed that as an expression of the will of the House that the. Sessional Orders should not interfere with the consideration of the Bill. </para>
          </talk.start>
        </speech>
      </subdebate.1>
    </debate>
    <debate>
      <debateinfo>
        <title>EARLY CLOSING OF POST OFFICES</title>
        <page.no>6409</page.no>
        <type>miscellaneous</type>
      </debateinfo>
      <interjection>
        <talk.start>
          <talker>
            <page.no>6409</page.no>
            <time.stamp />
            <name.id>JXT</name.id>
            <electorate />
            <party />
            <role />
            <in.gov>0</in.gov>
            <first.speech>0</first.speech>
            <name role="metadata">NEILD, John</name>
            <name role="display">Senator Colonel NEILD</name>
          </talker>
          <para>- Unhappily, sir, I was out of the chamber for a few minutes last night when the Vice-President of the Executive Council replied on the second reading of the Supply Bill, and I am not aware as to whether he gave any assurance to the Senate with reference to a matter I pressed upon his notice when speaking, namely, the early closing of post and telegraph offices. I know that he did intend to say something about the subject, and if he did not speak last night, I shall be glad if he will make a statement today. </para>
        </talk.start>
      </interjection>
      <speech>
        <talk.start>
          <talker>
            <page.no>6409</page.no>
            <time.stamp />
            <name.id>JPC</name.id>
            <electorate />
            <party>Protectionist</party>
            <role />
            <in.gov>1</in.gov>
            <first.speech>0</first.speech>
            <name role="metadata">BEST, Robert</name>
            <name role="display">Senator BEST</name>
          </talker>
          <para>- The hour when I spoke last night was so late, that it was quite impossible for me to make an adequate reply to the criticisms of honorable senators. Evidently, <inline font-weight="bold">Senator Neild</inline> was under the impression that the Postmaster-General had determined to close post and telegraph offices in the Commonwealth at  6  p.m. </para>
        </talk.start>
        <interjection>
          <talk.start>
            <talker>
              <page.no>6409</page.no>
              <time.stamp />
              <name.id>JXT</name.id>
              <electorate />
              <party />
              <role />
              <in.gov>0</in.gov>
              <first.speech>0</first.speech>
              <name role="metadata">NEILD, John</name>
              <name role="display">Senator Colonel Neild</name>
            </talker>
            <para>-  To close them generally. </para>
          </talk.start>
        </interjection>
        <continue>
          <talk.start>
            <talker>
              <page.no>6409</page.no>
              <time.stamp />
              <name.id>JPC</name.id>
              <electorate />
              <party />
              <role />
              <in.gov>0</in.gov>
              <first.speech>0</first.speech>
              <name role="metadata">BEST, Robert</name>
              <name role="display">Senator BEST</name>
            </talker>
            <para>- As a matter of fact, the order was not intended to apply to telegraph offices at all. As regard postoffices - </para>
          </talk.start>
        </continue>
        <para>In the opinion of the Postmaster-General, there are many places where office&#39;s can be closed at 6 p.m. without any serious inconvenience, and only in such cases will offices be closed at that hour. In several States a large proportion of the Post Offices are already closed at 6 o&#39;clock, and it is considered desirable, with a view to reduce to reasonable limits the working hours of the staffs, to extend this arrangement wherever practicable. Where mails arrive after 6 p.m. and up to 8 p.m., arrangements will be made, as at present, for the delivery of correspondence, but it is thought unnecessary to keep offices open continuously after 6 p.m. merely for the purpose of waiting for these mails and transacting an infinitesimal amount of business. </para>
      </speech>
      <speech>
        <talk.start>
          <talker>
            <page.no>6409</page.no>
            <time.stamp />
            <name.id>KAH</name.id>
            <electorate>NEW SOUTH WALES</electorate>
            <party />
            <role />
            <in.gov>0</in.gov>
            <first.speech>0</first.speech>
            <name role="metadata">WALKER, James</name>
            <name role="display">Senator WALKER</name>
          </talker>
          <para>- Arising out of that answer, I desire to acquaint the VicePresident of the Executive Council with the fact that the postmaster atEdgecliff Post Office, near Sydney, has informed me that the closing of that office at  6  p.m. would be of no use to him, because he would have to keep open for the receipt and delivery of telegrams. </para>
        </talk.start>
      </speech>
      <speech>
        <talk.start>
          <talker>
            <page.no>6409</page.no>
            <time.stamp />
            <name.id>10000</name.id>
            <electorate />
            <party />
            <role />
            <in.gov>0</in.gov>
            <first.speech>0</first.speech>
            <name role="metadata">PRESIDENT, The</name>
            <name role="display">The PRESIDENT</name>
          </talker>
          <para>- The honorable senator cannot debate the matter, but he can ask a question. </para>
        </talk.start>
        <continue>
          <talk.start>
            <talker>
              <page.no>6409</page.no>
              <time.stamp />
              <name.id>KAH</name.id>
              <electorate />
              <party />
              <role />
              <in.gov>0</in.gov>
              <first.speech>0</first.speech>
              <name role="metadata">WALKER, James</name>
              <name role="display">Senator WALKER</name>
            </talker>
            <para>- In a case of that sort, what is to be done? Is the postmaster to remain on duty and to deliver letters just as he did before? </para>
          </talk.start>
        </continue>
        <continue>
          <talk.start>
            <talker>
              <page.no>6409</page.no>
              <time.stamp />
              <name.id>JPC</name.id>
              <electorate />
              <party />
              <role />
              <in.gov>0</in.gov>
              <first.speech>0</first.speech>
              <name role="metadata">BEST, Robert</name>
              <name role="display">Senator BEST</name>
            </talker>
            <para>- From the explanation supplied to me by the Department, I gather that that will be so. It is only in cases where the public will not be seriously inconvenienced, that it is intended to close the post-offices. </para>
          </talk.start>
        </continue>
      </speech>
    </debate>
    <debate>
      <debateinfo>
        <title>QUESTION</title>
        <page.no>6409</page.no>
        <type>Questions</type>
      </debateinfo>
      <subdebate.1>
        <subdebateinfo>
          <title>AMMUNITION FACTORY</title>
          <page.no>6409</page.no>
        </subdebateinfo>
        <interjection>
          <talk.start>
            <talker>
              <page.no>6409</page.no>
              <time.stamp />
              <name.id>JXT</name.id>
              <electorate />
              <party />
              <role />
              <in.gov>0</in.gov>
              <first.speech>0</first.speech>
              <name role="metadata">NEILD, John</name>
              <name role="display">Senator Colonel NEILD</name>
            </talker>
            <para>- I beg to ask  the Minister of Home Affairs, without notice, whether he is now in a position to make any statement to the Senate with reference to the proposed construction and establishment of an ammunition factory or arsenal forthe service of the Commonwealth? </para>
          </talk.start>
        </interjection>
        <speech>
          <talk.start>
            <talker>
              <page.no>6409</page.no>
              <time.stamp />
              <name.id>KPE</name.id>
              <electorate />
              <party>Protectionist</party>
              <role />
              <in.gov>1</in.gov>
              <first.speech>0</first.speech>
              <name role="metadata">KEATING, John</name>
              <name role="display">Senator KEATING</name>
            </talker>
            <para>- I am not in a position to state the latest development in regard to this matter, because, during the last few days, I have had no communication on the subject with my honorable colleague. </para>
          </talk.start>
        </speech>
      </subdebate.1>
    </debate>
    <debate>
      <debateinfo>
        <title>DISPUTED ELECTIONS. AND QUALIFICATIONS BILL</title>
        <page.no>6409</page.no>
        <type>bill</type>
      </debateinfo>
      <para>Assent reported. </para>
    </debate>
    <debate>
      <debateinfo>
        <title>QUESTION</title>
        <page.no>6409</page.no>
        <type>Questions</type>
      </debateinfo>
      <subdebate.1>
        <subdebateinfo>
          <title>CUSTOMS LEAKAGES</title>
          <page.no>6409</page.no>
        </subdebateinfo>
        <speech>
          <talk.start>
            <talker>
              <page.no>6409</page.no>
              <time.stamp />
              <name.id>KNB</name.id>
              <electorate>SOUTH AUSTRALIA</electorate>
              <party />
              <role />
              <in.gov>0</in.gov>
              <first.speech>0</first.speech>
              <name role="metadata">GUTHRIE, Robert</name>
              <name role="display">Senator GUTHRIE</name>
            </talker>
            <para>-I wish, <inline font-style="italic">upon notice,</inline> to draw the attention of the VicePresident of the Executive Council to a paragraph in the daily papers of the 21st November, headed &#34; Customs Administration,&#34; &#34;Proposed System of Inspectors,&#34; and more particularly the last portion - </para>
          </talk.start>
          <para>It is said that an overhaul of the methods pursued at some of the other capitals would reveal leakages which would parallel those discovered at Adelaide,  and to ask if the Department has any knowledge or suspicion of such alleged leakages ? </para>
        </speech>
        <speech>
          <talk.start>
            <talker>
              <page.no>6409</page.no>
              <time.stamp />
              <name.id>JPC</name.id>
              <electorate />
              <party>Protectionist</party>
              <role />
              <in.gov>1</in.gov>
              <first.speech>0</first.speech>
              <name role="metadata">BEST, Robert</name>
              <name role="display">Senator BEST</name>
            </talker>
            <para>- The answer to the honorable senator&#39;s question is as follows - </para>
          </talk.start>
          <para>The Department has no knowledge or suspicion of any such leakages, nor have any facts been communicated to it, or any precise statements made on the subject which give any grounds for apprehension. The duty of inspection of accounts and of transactions relating to Customs revenue devolves upon the AuditorGeneral by law, and it is presumed that that officer does his duty. The question as to whether an improved system of inspection is required is now engaging the attention of the Minister. </para>
        </speech>
      </subdebate.1>
    </debate>
    <debate>
      <debateinfo>
        <title>QUESTION</title>
        <page.no>6410</page.no>
        <type>Questions</type>
      </debateinfo>
      <subdebate.1>
        <subdebateinfo>
          <title>EUROPEAN MAIL TENDERS, 1906</title>
          <page.no>6410</page.no>
        </subdebateinfo>
        <speech>
          <talk.start>
            <talker>
              <page.no>6410</page.no>
              <time.stamp />
              <name.id>K8W</name.id>
              <electorate />
              <party />
              <role />
              <in.gov>0</in.gov>
              <first.speech>0</first.speech>
              <name role="metadata">TURLEY, Henry</name>
              <name role="display">Senator TURLEY</name>
            </talker>
            <para>asked the VicePresident of the Executive Council, <inline font-style="italic">upon notice -</inline></para>
          </talk.start>
          <list type="decimal-dotted">
            <item label="1.">
              <para>What was the amount of subsidy asked by the Orient Company in their tender of last year for the carriage of mails, &#38;c, between Australia and the United Kingdom? </para>
            </item>
            <item label="2.">
              <para>Did the conditions of the tender include the ships calling at Brisbane without any additional subsidy ? </para>
            </item>
            <item label="3.">
              <para>Were the conditions in the tender regarding class of ships, speed, and freights considered by the Government as favorable to the producers and people of Australia generally as those embodied in the contract just agreed to by the Senate ? </para>
            </item>
          </list>
        </speech>
        <speech>
          <talk.start>
            <talker>
              <page.no>6410</page.no>
              <time.stamp />
              <name.id>JPC</name.id>
              <electorate />
              <party>Protectionist</party>
              <role />
              <in.gov>1</in.gov>
              <first.speech>0</first.speech>
              <name role="metadata">BEST, Robert</name>
              <name role="display">Senator BEST</name>
            </talker>
            <para>- I find that I am unable to give my honorable friend any further information than that which I gave yesterday.I can only repeat the departmental reply, which is as follows- </para>
          </talk.start>
          <quote>
            <para>Number 7 of the &#34;Conditions of Tender&#34; provided that - &#34; Except in the case of the tender that is accepted by the Postmaster-General, no information whatever shall be given with respect to any tender (except as to the amount of the three lowest tenders then under consideration), or with respect to the person or persons by whom any tender is made.&#34; </para>
            <para class="block">In view of this undertaking, it is regretted that the information asked for by the honorable senator cannot be furnished. </para>
          </quote>
          <interjection>
            <talk.start>
              <talker>
                <page.no>6410</page.no>
                <time.stamp />
                <name.id>K8W</name.id>
                <electorate />
                <party />
                <role />
                <in.gov>0</in.gov>
                <first.speech>0</first.speech>
                <name role="metadata">TURLEY, Henry</name>
                <name role="display">Senator Turley</name>
              </talker>
              <para>- What about question No. 3? </para>
            </talk.start>
          </interjection>
          <continue>
            <talk.start>
              <talker>
                <page.no>6410</page.no>
                <time.stamp />
                <name.id>JPC</name.id>
                <electorate />
                <party />
                <role />
                <in.gov>0</in.gov>
                <first.speech>0</first.speech>
                <name role="metadata">BEST, Robert</name>
                <name role="display">Senator BEST</name>
              </talker>
              <para>- An opinion could only be arrived at by utilizing the private or confidential information. </para>
            </talk.start>
          </continue>
        </speech>
      </subdebate.1>
    </debate>
    <debate>
      <debateinfo>
        <title>SUPPLY BILL (No. 4)</title>
        <page.no>6410</page.no>
        <type>bill</type>
      </debateinfo>
      <para>Bill read a third time. </para>
    </debate>
    <debate>
      <debateinfo>
        <title>BOUNTIES BILL</title>
        <page.no>6410</page.no>
        <type>bill</type>
      </debateinfo>
      <para>Bill returned from, the House of Representatives with the following message :  - </para>
      <para>Message No. 14. </para>
      <para class="block">
        <inline font-weight="bold">Mr. President,</inline>
      </para>
      <para>The House of Representatives returns to the Senate the Bill intituled &#34;A Bill for an Act to provide for the Payment of Bounties on the Production of certain Goods,&#34; and acquaints the Senate that the House of Representatives has agreed to Nos, 1, 3, 4, 5, 6, 8, and 10 of the amendments made by the Senate, has agreed to Nos. 2. 11, and 12 with amendments, and has made a consequential amendment in No. 2, as shown by the annexed Schedule, and has disagreed to amendments Nos. 7 and 9, as indicated by the annexed Schedule, and for the Reasons assigned herewith. The House of Representatives desires the concurrence of the Senate in the amendments to the amendments of the Senate, and desires its reconsideration of the Bill in respect of the amendments disagreed to. </para>
      <para>F. W. Holder, </para>
      <para>Speaker. </para>
      <para>House of Representatives, </para>
      <para>Melbourne, 21st November, 1907. </para>
      <para>******** </para>
      <para class="italic">
        <inline font-style="italic">Reasons of the House of Representatives for</inline>
      </para>
      <para class="italic">
        <inline font-style="italic">Disagreeing to certain Amendments of the Senate.</inline>
      </para>
      <para>As to Amendment No. 7 - </para>
      <list type="decimal">
        <item label="(1)">
          <para>The grant on the bounty on copra will create a new and valuable industry in Australia; and </para>
        </item>
        <item label="(2)">
          <para>Encourage the occupation of the northern parts of Australia by a white population. </para>
        </item>
      </list>
      <para>As to Amendment No. 9 - </para>
      <list type="decimal">
        <item label="(1)">
          <para>A bounty on tobacco leaf for the manufacture of cigars is necessary to encourage the growth of leaf of a higher grade. </para>
        </item>
        <item label="(2)">
          <para>Portions of Australia, eminently suited for the cultivation of high-grade leaf for the manufacture of cigars, will be brought under cultivation if the bounty be granted. </para>
        </item>
      </list>
      <para>Motion (by <inline font-weight="bold">Senator Keating)</inline> proposed - </para>
      <quote>
        <para class="block">That the message be taken into consideration forthwith. </para>
      </quote>
      <speech>
        <talk.start>
          <talker>
            <page.no>6410</page.no>
            <time.stamp />
            <name.id>KUL</name.id>
            <electorate>New South Wales</electorate>
            <party />
            <role />
            <in.gov>0</in.gov>
            <first.speech>0</first.speech>
            <name role="metadata">MILLEN, Edward</name>
            <name role="display">Senator MILLEN</name>
          </talker>
          <para>. - I should like to ask the Minister in charge of the Bill whether the schedule setting out the amendments made by the House of Representatives is available for honorable senators. I have not received a copy of it. </para>
        </talk.start>
        <interjection>
          <talk.start>
            <talker>
              <page.no>6410</page.no>
              <time.stamp />
              <name.id>KPE</name.id>
              <electorate />
              <party />
              <role />
              <in.gov>0</in.gov>
              <first.speech>0</first.speech>
              <name role="metadata">KEATING, John</name>
              <name role="display">Senator Keating</name>
            </talker>
            <para>- I do not think it has yet been printed. </para>
          </talk.start>
        </interjection>
        <continue>
          <talk.start>
            <talker>
              <page.no>6410</page.no>
              <time.stamp />
              <name.id>KUL</name.id>
              <electorate />
              <party />
              <role />
              <in.gov>0</in.gov>
              <first.speech>0</first.speech>
              <name role="metadata">MILLEN, Edward</name>
              <name role="display">Senator MILLEN</name>
            </talker>
            <para>- I listened to the reading of the message, and whilst I think I gleaned something of its purport, the Minister will admit that it is rather inconvenient to ask honorable senators to consider the message without a copy of the schedule of the amendments before them. I recognise the disability under which the honorable gentleman has laboured in the matter of time, but he will admit that the objection I urge is not without force. </para>
          </talk.start>
        </continue>
        <interjection>
          <talk.start>
            <talker>
              <page.no>6410</page.no>
              <time.stamp />
              <name.id>KPE</name.id>
              <electorate />
              <party />
              <role />
              <in.gov>0</in.gov>
              <first.speech>0</first.speech>
              <name role="metadata">KEATING, John</name>
              <name role="display">Senator Keating</name>
            </talker>
            <para>- I proposed to make a statement as soon as the Senate went into Committee, which would explain exactly the alterations which have been made, and better, perhaps, than they would be explained by the printed schedule. </para>
          </talk.start>
        </interjection>
        <para>Question resolved in the affirmative. </para>
        <para>
          <inline font-style="italic">In Committee</inline>(Consideration of House of Representatives&#39; message) : </para>
      </speech>
      <speech>
        <talk.start>
          <talker>
            <page.no>6410</page.no>
            <time.stamp />
            <name.id>KPE</name.id>
            <electorate>Tasmania</electorate>
            <party>Protectionist</party>
            <role>Minister of Home Affairs</role>
            <in.gov>1</in.gov>
            <first.speech>0</first.speech>
            <name role="metadata">KEATING, John</name>
            <name role="display">Senator KEATING</name>
          </talker>
          <para>. - As Honorable senators will remember, the Bounties Bill was before the Senate for a considerable portion of this session. In Committee,  a majority of honorable members decided to strike out of the schedule of items mohair, copra, and tobacco leaf. Having struck out those items, it was necessary to make in the body of the Bill, and in the second schedule, certain consequential amendments. The message now received from the House of Representatives, lengthy though it is, indicates merely that another place agrees to the amendment striking out mohair, but does not agree to the amendments made by the Senate striking out copra and tobacco leaf, or to the  amendment with regard to the allocation of the bounty proposed in respect of combed wool or tops. It was provided in -the Bill as originally introduced that on combed wool or tops exported, for two years, commencing from the 1st . January, 1908, a bounty should be paid at the rate of 1&#189;d. per lb., and thereafter for three years at ad. per lb. The Senate amended that provision on the suggestion of <inline font-weight="bold">Senator Walker,</inline> and the House of Representatives, after considering the amendment, has sent back the Bill with a modification . of the amendment, the object of which is to provide that in the last year the bounty payable shall be at the rate of id. instead of &#163;d. per lb. <inline font-weight="bold">Senator Walker&#39;s</inline> amendment provided for a sliding scale from 1&#189;d. to id., and then Jd. per lb. All, therefore, that the Senate is asked to do by another place is to restore the items copra and tobacco leaf to the schedule of products on which bounty shall be payable, and to agree to their modification of the Senate&#39;s amendment in regard to combed wool or tops. The other amendments to which the Senate is asked to agree are simply consequential amendments in the second schedule and the second clause. As some of the amendments occur in the body of the Bill, and can only be dealt with after we have disposed of those in the. schedule, I move - </para>
        </talk.start>
        <quote>
          <para>That the consideration of. the House of Representatives&#39; message with regard to amendments  1  to  6  be postponed until after the consideration  of  the House of Representatives&#39; message with regard to amendment No.  7. </para>
        </quote>
        <para>Question resolved in the affirmative. </para>
        <para>Copra (period),  15  years; (rate of bounty),  15  per cent: on market value; (maximum payable -in any one year),  ^5,000. </para>
        <para>
          <inline font-style="italic">Senate&#39;s amendment</inline>- Leave out item. </para>
        <para>
          <inline font-style="italic">House of &#39;</inline>
          <inline font-style="italic">Representatives&#39;</inline>
          <inline font-style="italic">message</inline>- Amendment disagreed to. . . </para>
      </speech>
      <speech>
        <talk.start>
          <talker>
            <page.no>6411</page.no>
            <time.stamp />
            <name.id>KPE</name.id>
            <electorate>Tasmania</electorate>
            <party>Protectionist</party>
            <role>Minister of Home Affairs</role>
            <in.gov>1</in.gov>
            <first.speech>0</first.speech>
            <name role="metadata">KEATING, John</name>
            <name role="display">Senator KEATING</name>
          </talker>
          <para>. - I move- </para>
        </talk.start>
        <quote>
          <para>That the amendment ! be not insisted- on. </para>
        </quote>
        <para class="block">This item was discussed, not only in Committee, but also during the second-reading debate. It was argued that copra could be produced in the New Hebrides and Papua, and that consideration largely influenced some honorable senators to vote against the granting of this bounty. But that ought npt to be the sole determining factor. </para>
        <interjection>
          <talk.start>
            <talker>
              <page.no>6411</page.no>
              <time.stamp />
              <name.id>KMT</name.id>
              <electorate />
              <party />
              <role />
              <in.gov>0</in.gov>
              <first.speech>0</first.speech>
              <name role="metadata">GRAY, John</name>
              <name role="display">Senator Gray</name>
            </talker>
            <para>-  The factor was that it could be produced in those islands at a third of the cost. </para>
          </talk.start>
        </interjection>
        <continue>
          <talk.start>
            <talker>
              <page.no>6411</page.no>
              <time.stamp />
              <name.id>KPE</name.id>
              <electorate />
              <party />
              <role />
              <in.gov>0</in.gov>
              <first.speech>0</first.speech>
              <name role="metadata">KEATING, John</name>
              <name role="display">Senator KEATING</name>
            </talker>
            <para>- That may be, but if copra is not likely to be produced to commercial advantage in the Commonwealth, the bounty provision will probably not be drawn upon. We have in the Commonwealth land and climatic conditions that  warrant us in believing that we can grow copra with a fair degree of commercial profit, and, therefore, we should include it in a general system of bounties for the stimulation of tropical productions. Copra is of great commercial value&#39; throughout the world. It is very largely used in certain manufactures, and markets for it may be found, not only in the Commonwealth; but abroad. <inline font-weight="bold">Senator Gray</inline> and others may say that,  as it can &#39; be produced more cheaply elsewhere, we&#39; could be&#39; under-sold in the world&#39;s markets ; but all .that the Government ask is that&#39; a provision shall- bc made in&#34; this schedule in the nature of a promise to those who can &#39;grow copra in the. Com.monwealth under the conditions&#39; laid- down in the Bill, in commercial quantities, and of marketable value, :that they.- will receive a bounty at the rate provided if - the article is grown during the period, specified. -&#39;If the circumstances are ;such as &#39;not&#39;, to induce persons to undertake, the cultivation^ of copra, we are not incurring any financial responsibility by- offering the bounty, but if,, on the other hand, some find that they can undertake its- cultivation,  even  though -the prospects are not very alluring -to the eyes of others, they should be compensated  equally with those who- pioneer in the Cor%monwealth other important industries for which provision -is made in the Bill. </para>
          </talk.start>
        </continue>
      </speech>
      <speech>
        <talk.start>
          <talker>
            <page.no>6411</page.no>
            <time.stamp />
            <name.id>KUL</name.id>
            <electorate>New South Wales</electorate>
            <party />
            <role />
            <in.gov>0</in.gov>
            <first.speech>0</first.speech>
            <name role="metadata">MILLEN, Edward</name>
            <name role="display">Senator MILLEN</name>
          </talker>
          <para>. - I do not propose to discuss the merits or otherwise of the proposed bounty for copra.- The matter was previously debated at considerable length, and all&#34; the reasons for and against it were freely advanced and considered. The Senate twice arrived at a&#39; decision regarding the item. I admit that on the first occasion&#39; it was struck out on an equality of votes, but, subsequently, in a larger House, a motion for recommittal with regard to copra was negatived by the substantial majority of  18  to  12.  Another place has furnished us with scanty reasons for asking us to reverse our verdict. The only reason offered was that the bounty would tend to establish an important industry. That argument was put forward in the first instance regarding every one of the items in the schedule, and is in no sense a reason which was not previously considered why the Senate should undo what it has done. In the absence of fuller information, or some additional reason which was not before us previously, I do not see my way to reverse the vote which I then gave. </para>
        </talk.start>
      </speech>
      <speech>
        <talk.start>
          <talker>
            <page.no>6412</page.no>
            <time.stamp />
            <name.id>K8T</name.id>
            <electorate>Victoria</electorate>
            <party />
            <role />
            <in.gov>0</in.gov>
            <first.speech>0</first.speech>
            <name role="metadata">TRENWITH, William</name>
            <name role="display">Senator TRENWITH</name>
          </talker>
          <para>. -We should consider this matter a little more carefully before a vote is taken. The item has been  twice  passed by another place. That is some reason why the Senate should give it careful consideration, although of course it is not in itself a sufficient reason why the Senate should alter its previous decision. But, in the circumstances, when we are looking about for fresh avenues of employment for our  people,  seeing that copra  is  an essentially tropical product, and that we have such an enormous area of tropical and  semitropical  country, a very large sectionof which is about to be taken under direct Federal control,  it  is our duty to consider whether  it  is not desirable to encourage the production of copra in the Commonwealth. Honorable senators need not necessarily consider themselves bound to vote against the item now simply because they voted against  iton  a previous occasion. That was <inline font-weight="bold">Senator Millen&#39;s</inline> only argument. </para>
        </talk.start>
        <para>SenatorClemons.  -  Does the honorable <inline font-weight="bold">Senator think</inline> that it is a poor argument that honorable senators should vote as they think right? </para>
        <continue>
          <talk.start>
            <talker>
              <page.no>6412</page.no>
              <time.stamp />
              <name.id>K8T</name.id>
              <electorate />
              <party />
              <role />
              <in.gov>0</in.gov>
              <first.speech>0</first.speech>
              <name role="metadata">TRENWITH, William</name>
              <name role="display">Senator TRENWITH</name>
            </talker>
            <para>- What the honorable senator suggests  is  a very good argument, but the fact that a person thought a certain course right many days ago  is  by no means conclusive proof that he thinks the same thing right now. I would not dream of urging the honorable senator to do what he thought was not right. </para>
          </talk.start>
        </continue>
        <interjection>
          <talk.start>
            <talker>
              <page.no>6412</page.no>
              <time.stamp />
              <name.id>K6M</name.id>
              <electorate />
              <party />
              <role />
              <in.gov>0</in.gov>
              <first.speech>0</first.speech>
              <name role="metadata">CLEMONS, John</name>
              <name role="display">Senator Clemons</name>
            </talker>
            <para>-  Do not waste time. </para>
          </talk.start>
        </interjection>
        <continue>
          <talk.start>
            <talker>
              <page.no>6412</page.no>
              <time.stamp />
              <name.id>K8T</name.id>
              <electorate />
              <party />
              <role />
              <in.gov>0</in.gov>
              <first.speech>0</first.speech>
              <name role="metadata">TRENWITH, William</name>
              <name role="display">Senator TRENWITH</name>
            </talker>
            <para>- I thought  it  advisable to urge those considerations, but I see now that  it is  of no use to discuss the matter further. </para>
          </talk.start>
        </continue>
      </speech>
      <division>
        <division.header>
          <time.stamp />
          <para>Question - That the amendment be not insisted on - put. The Committee divided.</para>
        </division.header>
        <division.data>
          <ayes>
            <num.votes>10</num.votes>
            <title>AYES</title>
          </ayes>
          <noes>
            <num.votes>18</num.votes>
            <title>NOES</title>
          </noes>
        </division.data>
        <para>Majority ... ...  8 </para>
        <para class="block">
          <graphic href="041332190711221_5_1_3_P.jpg" />
        </para>
        <para>AYES</para>
        <para class="block">
          <graphic href="041332190711221_5_1_1_A.jpg" />
        </para>
        <para>NOES</para>
        <para class="block">
          <graphic href="041332190711221_5_1_2_N.jpg" />
        </para>
        <division.result>
          <para>Question so resolved in the negative. </para>
        </division.result>
        <para>Amendment insisted on. </para>
        <para>Tobacco leaf for the manufacture of cigars, high grade, of a quality to be prescribed (period), 5 years; (rate of bounty), 2d. per lb.; (maximum payable in any one year),&#163;4,000. </para>
        <para>
          <inline font-style="italic">Senate&#39;s amendment</inline>- Leave out item. </para>
        <para>
          <inline font-style="italic">House of Representatives&#39; message</inline>- Amendment disagreed to. </para>
      </division>
      <speech>
        <talk.start>
          <talker>
            <page.no>6412</page.no>
            <time.stamp />
            <name.id>KPE</name.id>
            <electorate>Tasmania</electorate>
            <party>Protectionist</party>
            <role>Minister of Home Affairs</role>
            <in.gov>1</in.gov>
            <first.speech>0</first.speech>
            <name role="metadata">KEATING, John</name>
            <name role="display">Senator KEATING</name>
          </talker>
          <para>. - I move - </para>
        </talk.start>
        <quote>
          <para>That the amendment be not insisted on. </para>
        </quote>
        <para>It will be remembered that this matter was discussed at considerable length. The circumstances under which a majority of the Senate decided in the first instance not to retain the item in the schedule will also be remembered. It was a decision which, I think, surprised the majority as much as it surprised the minority. On a subsequent occasion the matter was dealt with again, when the voting was even. It is unnecessary to labour the question as to the desirableness or otherwise of providing a bounty for the production of high-grade tobacco leaf, nor shall I reiterate any of the arguments previously adduced as to the practicability of establishing the industry in Australia, and the suitability of our soil for the growth of cigar tobacco. </para>
      </speech>
      <division>
        <division.header>
          <time.stamp />
          <para>Question put. The Committee divided.</para>
        </division.header>
        <division.data>
          <ayes>
            <num.votes>13</num.votes>
            <title>AYES</title>
          </ayes>
          <noes>
            <num.votes>11</num.votes>
            <title>NOES</title>
          </noes>
        </division.data>
        <para>Majority ... ...  2 </para>
        <para class="block">
          <graphic href="041332190711221_6_2_3_P.jpg" />
        </para>
        <para>AYES</para>
        <para class="block">
          <graphic href="041332190711221_5_2_1_A.jpg" />
        </para>
        <para>NOES</para>
        <para class="block">
          <graphic href="041332190711221_6_2_2_N.jpg" />
        </para>
        <division.result>
          <para>Question so resolved in the affirmative. </para>
        </division.result>
        <para>Amendment not insisted on. </para>
        <para>Combed wool or tops exported (period insisted on, rates of bounty), two years commencing from 1st July, 1908,1&#189;d. per lb.; and thereafter three years,1d. per lb. (maximum payable in any one year), &#163; 10,000. </para>
        <para>
          <inline font-style="italic">Senate&#39;s amendment.</inline>- Leave out &#34; two years, commencing from 1st July, 1908,1&#189;d. per lb., and thereafter three years,1d. per lb.&#34; ; and insert &#34; three years, commencing from ist January, 1909,1&#189;d. per lb. ; one year, commencing from1st January, 1912,1d. per lb. ; one year, commencing from1st January, 1913,&#189;d. per lb.&#34; </para>
        <para>
          <inline font-style="italic">House of Representatives&#39; message.</inline>- Amendment agreed to, with amendment leaving out &#34;&#189;d. per lb.&#34; and inserting in lieu thereof &#34;1d. per lb.&#34; </para>
      </division>
      <speech>
        <talk.start>
          <talker>
            <page.no>6413</page.no>
            <time.stamp />
            <name.id>KPE</name.id>
            <electorate>Tasmania</electorate>
            <party>Protectionist</party>
            <role>Minister of Home Affairs</role>
            <in.gov>1</in.gov>
            <first.speech>0</first.speech>
            <name role="metadata">KEATING, John</name>
            <name role="display">Senator KEATING</name>
          </talker>
          <para>. - The original proposal of the Bill in regard to wool tops was that for two years commencing from the1st July, 1908, the bounty shall be 1&#189;d. per lb., and for three years thereafter 1d. per lb. The Senate thought it desirable to commence the bounty not from the1st July, 1908, but from the1st January, 1909, in order that those endeavouring to get the benefit of it should have an opportunity of erecting the necessary machinery. Therefore, the Senate altered the item so as to make the bounty payable at the rate of1&#189;d. per lb. for three years from the1st January, 1909, at1d. per lb. for one year commencing1st January, 1 91 2, and&#189;d. per lb. for one year commencing1st January, 1913. The House of Representatives have agreed to our amendment except that they propose that the bounty for one year commencing1st January, 1913, shall be1d. per lb. instead of&#189;d. per lb. If the amendment is agreed to it will not affect the total appropriation made by the Bill nor will it affect the totals in the second schedule. Under these circumstances I can safely ask the Committee to agree to this small amendment. I move - </para>
        </talk.start>
        <quote>
          <para>That the House of Representatives&#39; amendment be agreed to. </para>
        </quote>
      </speech>
      <speech>
        <talk.start>
          <talker>
            <page.no>6413</page.no>
            <time.stamp />
            <name.id>KUL</name.id>
            <electorate>New South Wales</electorate>
            <party />
            <role />
            <in.gov>0</in.gov>
            <first.speech>0</first.speech>
            <name role="metadata">MILLEN, Edward</name>
            <name role="display">Senator MILLEN</name>
          </talker>
          <para>. - I think there is a very good reason why the Houseof Representatives&#39; amendment should be agreed to. Since the matter was last before the Senate I have ascertained that there is a strong probability that the expensive machinery which would be requisite if this industry is to be initiated could not be erected in time for the bounty to be claimed for the first year or two. Consequently it seems to be not unreasonable that those who go into the industry, and who, owing to the circumstances of the case, are unable to claim the bounty in the first two years, should be treated a little more liberally in the last year for which the bounty runs. For that reason I shall support the Minister&#39;s motion. </para>
        </talk.start>
        <para>Motion agreed to. </para>
        <para>Second schedule. </para>
        <para>
          <inline font-style="italic">Senate&#39;s amendment</inline>- Leave out schedule and insert in lieu thereof the following new schedule :  - </para>
        <para class="block">
          <graphic href="041332190711221_6_0.jpg" />
        </para>
        <para>
          <inline font-style="italic">House of Representatives&#39; Message</inline>- Leave out figures in second column and insert the following amounts in lieu thereof :  - </para>
        <para class="block">
          <graphic href="041332190711221_6_1.jpg" />
        </para>
      </speech>
      <speech>
        <talk.start>
          <talker>
            <page.no>6413</page.no>
            <time.stamp />
            <name.id>KPE</name.id>
            <electorate>Tasmania</electorate>
            <party>Protectionist</party>
            <role>Minister of Home Affairs</role>
            <in.gov>1</in.gov>
            <first.speech>0</first.speech>
            <name role="metadata">KEATING, John</name>
            <name role="display">Senator KEATING</name>
          </talker>
          <para>.- We made a series of amendments in the second schedule for the purpose of making the amounts conform to the alterations made in the first schedule. In the original schedule the amounts ranged from &#163;60,000 in 1908 to &#163;412,500 in 1922. Consequentupon amendments made by the Senate those amounts were altered, and in the amended schedule ranged from &#163;43,000 to &#163;323,500. But, as the other House asked for the restoration of copra and tobacco leaf, it was necessary to make the second schedule harmonious. The Committee has now agreed to restore tobacco leaf, but has refused to restore copra. I have had prepared different schedules for any contingency, and now intend to propose the insertion of an amended schedule which has been worked out on the basis of the insertion of tobacco leaf and the omission of copra. The amounts range from &#163;46,000 in the first year to , &#163;339,000 in the last year. I will read the amounts for each year to be provided by the schedule, as I desire to have it amended. They are: - &#163;46,000, &#163;97,000 , &#163;151,000, &#163;205,600, &#163;259,500, &#163;279,500, &#163;297,500, &#163;311,500, <inline font-style="italic">&#163;319,000,</inline> &#163;326,500,  &#163;329,000, &#163;331,500, &#163;334,000,  &#163;336,500,and&#163;339,000.  These, of course, are not cumulative amounts, but the maximum expenditure allowable up to the end of each succeeding year of the Bill&#39;s operation. This schedule has been prepared very carefully, and I can confidentially recommend it to the Committee as representing the proper proportion of the amount which is provided in the first schedule. On a previous occasion, when amendmentswere made, <inline font-weight="bold">Senator Walker</inline> calculated out in each instance what alterations would have to be made in the second schedule, and I think he found in every instance that the official calculation was exact. I think it will be found so on this occasion. I therefore move - </para>
        </talk.start>
        <quote>
          <para>That the House of Representatives&#39; amendment be amended to read as follows - </para>
        </quote>
        <para>&#34;&#163;46,000 </para>
        <para>97,000 </para>
        <para>151,000 </para>
        <para>205,000 </para>
        <para>259,500 </para>
        <para>279,500 </para>
        <para>297,500 </para>
        <para>311,500 </para>
        <para>319,000 </para>
        <para>326,500 </para>
        <para>329,000 </para>
        <para>331,500 </para>
        <para>334,000 </para>
        <para>336,500 </para>
        <para>339,000.&#34; </para>
        <para>Motion agreed to. </para>
        <para>Postponed clause 2- </para>
        <quote>
          <para>There shall be payable out of the Consolidated Revenue . Fund, which is hereby appro priated accordingly, the sum of Four hundred and twelve thousand five hundred pounds during the period of fifteen years commencing on the first-day of July, One thousand nine hundred and seven, for the payment of bounties in accordance with this Act. </para>
          <para>
            <inline font-style="italic">Senate&#39;s Amendment</inline>- Leave out &#34;twelve&#34; and insert &#34; twenty-three.&#34; </para>
          <para>
            <inline font-style="italic">House of Representatives&#39; Message.</inline>- Omission of &#34; twelve &#34; agreed to, but insert &#34; ninetyseven,&#34; and leave out &#34; five hundred.&#34; </para>
        </quote>
      </speech>
      <speech>
        <talk.start>
          <talker>
            <page.no>6414</page.no>
            <time.stamp />
            <name.id>KPE</name.id>
            <electorate>Tasmania</electorate>
            <party>Protectionist</party>
            <role>Minister of Home Affairs</role>
            <in.gov>1</in.gov>
            <first.speech>0</first.speech>
            <name role="metadata">KEATING, John</name>
            <name role="display">Senator KEATING</name>
          </talker>
          <para>. - The amount proposed to be appropriated when the Bill reached the Senate was &#163;412,500, but as the result of our amendments it was altered to &#163;323,500, and the other House now asks us to agree to the sum of &#163;397,000. It is necessary for the Senate to adopt the total which is last mentioned in the amendment just made, namely, &#163;339,000. Therefore I move - </para>
        </talk.start>
        <quote>
          <para>That the amendment of the House of Representatives be amended by inserting the words &#34; thirty-nine &#34; in lieu of &#34; ninety-seven,&#34; and that the consequential amendment to strike out the words &#34; five hundred &#34; be agreed to. </para>
        </quote>
        <para>Motion agreed to. </para>
        <para>Resolutions reported ; report adopted. </para>
        <para class="italic">
          <inline font-style="italic">Sitting suspended from 1.10 to 2.30 p.m.</inline>
        </para>
      </speech>
    </debate>
    <debate>
      <debateinfo>
        <title>PAPER</title>
        <page.no>6414</page.no>
        <type>miscellaneous</type>
      </debateinfo>
      <para>
        <inline font-weight="bold">Senator BEST</inline>laid upon the tablethe following paper - </para>
      <quote>
        <para>Papua. - Ordinances of 1907 - </para>
        <list type="decimal">
          <item label="(1)">
            <para>No.9. - Appropriation. </para>
          </item>
          <item label="(2)">
            <para>No. 10. - Appropriation. </para>
          </item>
        </list>
      </quote>
    </debate>
    <debate>
      <debateinfo>
        <title>SUSPENSION OF SITTING</title>
        <page.no>6414</page.no>
        <type>miscellaneous</type>
      </debateinfo>
      <speech>
        <talk.start>
          <talker>
            <page.no>6414</page.no>
            <time.stamp />
            <name.id>JPC</name.id>
            <electorate>Victoria</electorate>
            <party>Protectionist</party>
            <role>Vice-President of the Executive Council</role>
            <in.gov>1</in.gov>
            <first.speech>0</first.speech>
            <name role="metadata">BEST, Robert</name>
            <name role="display">Senator BEST</name>
          </talker>
          <para>. - I am expecting every minute the message from the House of Representatives returning the Bounties Bill, and I suggest that the sitting be further suspended, and that the bells be rung when we have word that the message is on its way. </para>
        </talk.start>
      </speech>
      <speech>
        <talk.start>
          <talker>
            <page.no>6414</page.no>
            <time.stamp />
            <name.id>10000</name.id>
            <electorate />
            <party />
            <role />
            <in.gov>0</in.gov>
            <first.speech>0</first.speech>
            <name role="metadata">PRESIDENT, The</name>
            <name role="display">The PRESIDENT</name>
          </talker>
          <para>- As the expected message has not yet been received, I purpose leaving the Chair until 2.55. The bells will be rung five minutes before that time. </para>
        </talk.start>
        <para class="italic">
          <inline font-style="italic">Sitting suspendedfrom 2.31 to 2.55 p.m.</inline>
        </para>
      </speech>
    </debate>
    <debate>
      <debateinfo>
        <title>BOUNTIES BILL</title>
        <page.no>6414</page.no>
        <type>bill</type>
      </debateinfo>
      <para>The  PRESIDENT  announced the re ceipt of the message that the House of Representatives had agreed to the amendment insisted on by the Senate, and to a consequential amendment made by the Senate. </para>
    </debate>
    <debate>
      <debateinfo>
        <title>SPECIAL ADJOURNMENT</title>
        <page.no>6415</page.no>
        <type>special adjournment</type>
      </debateinfo>
      <speech>
        <talk.start>
          <talker>
            <page.no>6415</page.no>
            <time.stamp />
            <name.id>JPC</name.id>
            <electorate>Victoria;</electorate>
            <party>Protectionist</party>
            <role>Vice-President of the Executive Council</role>
            <in.gov>1</in.gov>
            <first.speech>0</first.speech>
            <name role="metadata">BEST, Robert</name>
            <name role="display">Senator BEST</name>
          </talker>
          <para>. - I move - </para>
        </talk.start>
        <quote>
          <para>That the Senate, at its rising, adjourn until Wednesday, sand January, 1908. </para>
        </quote>
        <para class="block">I may explain to honorable senators that it is not my intention to ask the Senate to assemble for the transaction of business on the date named in the event of the Tariff not being concluded in another place before that date. Although we have every reason to hope that the consideration of the Tariff will have been concluded in another place before that date, that contingency has been thought of, and it is proposed to provide for it in this way : A number of honorable senators representing adjoining States have been good enough to intimate that they will assist to provide a quorum on the 22nd January next if it should be necessary at that date to propose a further adjournment of the Senate until such time as we shall have received the Tariff from another place. Of course, if the Tariff has been received from another place, we shall then resume the transaction of business. May I take this opportunity to thank you, sir, and the  Chairman  of Committees, <inline font-weight="bold">Senator Pearce,</inline> for the manner in which you have discharged the duties of your respective offices. I must say that the manner in which the proceedings of the Senate have been conducted by yourselves has been a source of universal satisfaction to honorable senators. The very best traditions of the Chairs have been most worthily upheld by you, sir, and by the  Chairman  of Committees, I take this opportunity also to extend <inline font-style="italic">my</inline> most hearty thanks to honorable senators generally for the assiduous attention they have given to the very important work submitted for their consideration since we met. We have been at work continuously since the 3rd July last, and measures of the greatest importance have been dealt with by the Senate in the interval.It is a source of very great satisfaction to remember that the courtesy and consideration which has been extended by honorable senators generally has resulted in the expeditious performance of the work of the Senate and the maintenance of the very best feeling amongst honorable senators. I think I should say that we have regretted exceedingly the absence from his place of the  Clerk  of Parliaments, <inline font-weight="bold">Mr. Blackmore,</inline> who possesses the high esteem of every member of the Senate. We have been exceedingly fortunate in having in his place the Acting  Clerk  of Parliaments, <inline font-weight="bold">Mr. Boydell,</inline> who has discharged the duties of the office with marked ability and courtesy. We have to extend to him our sincere thanks for the zeal, energy, and ability he has displayed in the performance of his duties. I wish to recognise also the duties performed by <inline font-weight="bold">Mr. Upward, Mr. Monahan, Mr. Lennox,</inline> and the other officers associated with them in the conduct of the business of this Chamber. I take this opportunity, early as it may seem, to extend to one and all the compliments of the season and to express the hope that we may all reassemble for work, thoroughly recuperated and with the same zeal and anxiety as have hitherto been displayed to discharge the duties of our various offices in the highest and best interests of the community. </para>
      </speech>
      <speech>
        <talk.start>
          <talker>
            <page.no>6415</page.no>
            <time.stamp />
            <name.id>KUL</name.id>
            <electorate>New South Wales</electorate>
            <party />
            <role />
            <in.gov>0</in.gov>
            <first.speech>0</first.speech>
            <name role="metadata">MILLEN, Edward</name>
            <name role="display">Senator MILLEN</name>
          </talker>
          <para>. - I am sure that honorable senators will appreciate the sound business considerations which have induced the VicePresident of the Executive Council to propose the adjournment of the Senate in the circumstances which he has related. It will undoubtedly meet the convenience of honorable senators if the proposal he has indicated is carried out. I desire on behalf of honorable senators on this sideto indorse the remarks of the Vice-President of the Executive Council with regard to yourself, sir. and the other officers of the Senate. There will be very little contest for the honours as to the number of those on either side whose remarks have occasionally called for your interposition. I feel that on this side, and throughout the Chamber, honorable senators generally recognise the admirable manner in which you have discharged duties, which at times, have rendered it necessary that you should rebuke some of us. I reciprocate very cordially the pleasant things which the Vice-President of the Executive Council has said. Honorable senators on this side arc, of course, frequently in conflict with the Government, and perhaps can understand better than those who support them the difficulties which confront the Government in carrying out their duties. We on this side have nothing but the kindest thoughts of the Vice-President of the Executive Council, and the Minister of Home Affairs, for the, way in which they have strenuously fought for their measures. I can say that with an added emphasis, because whilst I recognise that they are invariably wrong, I still understand that they are trying to do the wrong thing in the pleasantest way. I desire to express, on behalf of honorable senators on this side, my hearty wishes that the coming season will be a pleasant one, and that we shall meet in the forthcoming year, and for many future years, in the best of health, strength,and happiness. </para>
        </talk.start>
      </speech>
      <speech>
        <talk.start>
          <talker>
            <page.no>6416</page.no>
            <time.stamp />
            <name.id>KTF</name.id>
            <electorate>South Australia</electorate>
            <party />
            <role />
            <in.gov>0</in.gov>
            <first.speech>0</first.speech>
            <name role="metadata">MCGREGOR, Gregor</name>
            <name role="display">Senator McGREGOR</name>
          </talker>
          <para>. - On behalf of the members of the Labour Party, I indorse all that has been said by the leader of theGovernment and the leader of the Opposition, and, with them, I wish every one, including ourselves, a Merry Christmas and a Happy New Year. </para>
        </talk.start>
      </speech>
      <speech>
        <talk.start>
          <talker>
            <page.no>6416</page.no>
            <time.stamp />
            <name.id>10000</name.id>
            <electorate />
            <party />
            <role />
            <in.gov>0</in.gov>
            <first.speech>0</first.speech>
            <name role="metadata">PRESIDENT, The</name>
            <name role="display">The PRESIDENT</name>
          </talker>
          <para>- Although it may be somewhat unusual for the Chair to speak with reference to the remarks that have been made by the leader of the Government, the leader of the Opposition and the leader of the Labour Party, still I feel that I should be wanting in my duty were I not, on behalf of myself, the Chairmen of Committees, the Clerks of the Senate, and the other officers, to say a word of thanks for the very kind sentiments expressed regarding the way in which they have discharged the duties of their respective offices. I may safely say that it has been a matter of pleasure as well as of duty for myself, the Chairmen of Committees, and the other officers, to give our best efforts and energies to the orderly and proper conduct of the business of the Chamber. It is at all times a pleasure for men occupying positions of responsibility to find that their efforts are appreciated, and that credit is given to them for their desire to do what is best in the interests of the Chamber and of Parliament. The feeling that exists in the minds of all of us is not only that we have a duty to perform, but that we are called upon to perform it as efficiently, pleasantly, and agreeably as possible. If at any time it has fallen to my lot, as perhaps it has occasionally, to say a few words of rebuke to honorable senators, I can assure them that it has always been done with the most earnest desire to conduct the business honestly and fairly, and in the interests as much of honorable senators themselves as of the Chamber. </para>
        </talk.start>
        <para class="block">Question resolved in the affirmative. </para>
      </speech>
    </debate>
    <debate>
      <debateinfo>
        <title>ADJOURNMENT</title>
        <page.no>6416</page.no>
        <type>adjournment</type>
      </debateinfo>
      <speech>
        <talk.start>
          <talker>
            <page.no>6416</page.no>
            <time.stamp />
            <name.id>JPC</name.id>
            <electorate>Victoria</electorate>
            <party>Protectionist</party>
            <role>VicePresident of the Executive Council</role>
            <in.gov>1</in.gov>
            <first.speech>0</first.speech>
            <name role="metadata">BEST, Robert</name>
            <name role="display">Senator BEST</name>
          </talker>
          <para>. - In moving - </para>
        </talk.start>
        <quote>
          <para>That the Senate do now adjourn, </para>
        </quote>
        <para>I desire to take this opportunity of saying that in what I said before I spoke on behalf not only of myself but of my colleague, the Minister of Home Affairs, whose valuable help and willing assistance I most keenly appreciate. </para>
        <para>Question resolved in the affirmative. </para>
        <para>Senate adjourned at 3.4  p.m. </para>
      </speech>
    </debate>
  </chamber.xscript>
</hansard>