<?xml version="1.0" encoding="utf-8"?>
<hansard xsi:noNamespaceSchemaLocation="../../hansard.xsd" version="2.1" xmlns:xsi="http://www.w3.org/2001/XMLSchema-instance">
  <session.header>
    <date>1906-10-12</date>
    <parliament.no>2</parliament.no>
    <session.no>3</session.no>
    <period.no>0</period.no>
    <chamber>REPS</chamber>
    <page.no>6488</page.no>
    <proof>0</proof>
  </session.header>
  <chamber.xscript>
    <para>HOUSEofREPRESENTATIVES </para>
    <business.start>
      <day.start>1906-10-12</day.start>
      <para>
        <inline font-weight="bold">Mr.</inline>Speaker  took the chair at  3.15  p.m., and read prayers. </para>
    </business.start>
    <debate>
      <debateinfo>
        <title>ASSENT TO BILLS</title>
        <page.no>6488</page.no>
        <type>bill</type>
      </debateinfo>
      <para>Assent to the followng Bills reported: - </para>
      <quote>
        <para>Lands Acquisition Bill. </para>
        <para>Customs Tariff (Agricultural Machinery) Bill. </para>
        <para>Excise Tariff &#91;Agricultural Machinery) Bill. </para>
        <para>Excise Tariff (Sugar) Amendment Bill. </para>
        <para>Customs Tariff (South African Preference) Bill. </para>
        <para>Electoral (Advertisements) Bill. </para>
        <para>Patents Bill. </para>
        <para>Excise Tariff (Spirits) Bill. </para>
        <para>Spirits Bill. </para>
        <para>Pacific Island Labourers Bill. </para>
      </quote>
    </debate>
    <debate>
      <debateinfo>
        <title>PAPERS-</title>
        <page.no>6488</page.no>
        <type>miscellaneous</type>
      </debateinfo>
      <para>MINISTERS laid upon the table the </para>
      <para>Following papers: - </para>
      <quote>
        <para>Regulations under the Commerce Act. Banking returns for the various States of the Commonwealth and New Zealand. </para>
      </quote>
    </debate>
    <debate>
      <debateinfo>
        <title>CUSTOMS TARIFF (BRITISH PREFERENCE) BILL</title>
        <page.no>6488</page.no>
        <type>bill</type>
      </debateinfo>
      <para class="block">
        <inline font-weight="bold">Mr. SPEAKER</inline>announced the receipt of a message from  His Excellency  the GovernorGenera&#93;, intimating that he had reserved the Customs Tariff (British Preference) Bill for the signification of  His  Majesty&#39;s pleasure. </para>
      <speech>
        <talk.start>
          <talker>
            <page.no>6488</page.no>
            <time.stamp />
            <name.id>F4S</name.id>
            <electorate>PARRAMATTA, NEW SOUTH WALES</electorate>
            <party>FT; ANTI-SOC from 1906; LP from 1910; NAT from 1917</party>
            <role />
            <in.gov>0</in.gov>
            <first.speech>0</first.speech>
            <name role="metadata">COOK, Joseph</name>
            <name role="display">Mr JOSEPH COOK</name>
          </talker>
          <para>- Is it true, as reported, that the Government have ceased to collect duties under the British preference schedule, and are returning the money already collected? </para>
        </talk.start>
      </speech>
      <speech>
        <talk.start>
          <talker>
            <page.no>6489</page.no>
            <time.stamp />
            <name.id>009MD</name.id>
            <electorate>BALLAARAT, VICTORIA</electorate>
            <party>Protectionist</party>
            <role>Minister for External Affairs</role>
            <in.gov>1</in.gov>
            <first.speech>0</first.speech>
            <name role="metadata">DEAKIN, Alfred</name>
            <name role="display">Mr DEAKIN</name>
          </talker>
          <para>- Yes. The Customs Tariff (British Preference) Bill having been reserved for the signification of  His  Majesty&#39;s pleasure, there is no authority under which to continue to collect them. </para>
        </talk.start>
      </speech>
    </debate>
    <debate>
      <debateinfo>
        <title>QUESTION</title>
        <page.no>6489</page.no>
        <type>Questions</type>
      </debateinfo>
      <subdebate.1>
        <subdebateinfo>
          <title>CASE OF CAPTAIN CROUCH</title>
          <page.no>6489</page.no>
        </subdebateinfo>
        <speech>
          <talk.start>
            <talker>
              <page.no>6489</page.no>
              <time.stamp />
              <name.id>K99</name.id>
              <electorate>LANG, NEW SOUTH WALES</electorate>
              <party />
              <role />
              <in.gov>0</in.gov>
              <first.speech>0</first.speech>
              <name role="metadata">JOHNSON, Elliot</name>
              <name role="display">Mr JOHNSON</name>
            </talker>
            <para>- As some little time is likely to elapse between the prorogation of this Parliament, and the assembling of the next, I wish to know from the VicePresident of the Executive Council, whether in that interval the Minister of Defence is likely to have an opportunity to peruse the papers relating to what is known as the Crouch Surrender Case, so that they may be laid on the table within a reasonable time after the meeting of Parliament ? </para>
          </talk.start>
        </speech>
        <speech>
          <talk.start>
            <talker>
              <page.no>6489</page.no>
              <time.stamp />
              <name.id>KDR</name.id>
              <electorate>RICHMOND, NEW SOUTH WALES</electorate>
              <party>Protectionist</party>
              <role>Minister for Home Affairs</role>
              <in.gov>1</in.gov>
              <first.speech>0</first.speech>
              <name role="metadata">EWING, Thomas</name>
              <name role="display">Mr EWING</name>
            </talker>
            <para>- The Minister of Defence has stated that he wishes to let sleeping dogs He, and I think that they might well be allowed to lie during the interval to which the honorable member refers. </para>
          </talk.start>
        </speech>
        <speech>
          <talk.start>
            <talker>
              <page.no>6489</page.no>
              <time.stamp />
              <name.id>K7U</name.id>
              <electorate>CORIO, VICTORIA</electorate>
              <party />
              <role />
              <in.gov>0</in.gov>
              <first.speech>0</first.speech>
              <name role="metadata">CROUCH, Richard</name>
              <name role="display">Mr CROUCH</name>
            </talker>
            <para>- In view of the fact that the Estimates of the Department of Home Affairs provide &#34;for the salaries of two medical officers, will the Minister in charge of that Department see whether it is not possible to have the honorable member for Lang subjected to medical observation? </para>
          </talk.start>
        </speech>
      </subdebate.1>
    </debate>
    <debate>
      <debateinfo>
        <title>QUESTION</title>
        <page.no>6489</page.no>
        <type>Questions</type>
      </debateinfo>
      <subdebate.1>
        <subdebateinfo>
          <title>MILITARY RETIRING ALLOWANCE</title>
          <page.no>6489</page.no>
        </subdebateinfo>
        <speech>
          <talk.start>
            <talker>
              <page.no>6489</page.no>
              <time.stamp />
              <name.id>KRQ</name.id>
              <electorate>GRAMPIANS, VICTORIA</electorate>
              <party />
              <role />
              <in.gov>0</in.gov>
              <first.speech>0</first.speech>
              <name role="metadata">SKENE, Thomas</name>
              <name role="display">Mr SKENE</name>
            </talker>
            <para>- I understand that special consideration is to be extended to an officer who is retiring from the Defence Force on account of ill-health: but does the Prime Minister think that his case is the only one that should receive attention? </para>
          </talk.start>
        </speech>
        <speech>
          <talk.start>
            <talker>
              <page.no>6489</page.no>
              <time.stamp />
              <name.id>009MD</name.id>
              <electorate />
              <party>Protectionist</party>
              <role />
              <in.gov>1</in.gov>
              <first.speech>0</first.speech>
              <name role="metadata">DEAKIN, Alfred</name>
              <name role="display">Mr DEAKIN</name>
            </talker>
            <para>- Quite the contrary. My honorable colleague, when referring to the case of Captain Anderson, must have had in mind a list containing the names of a number of officers similarly situated, which has been before him for some time. Captain Anderson&#39;s case is a very hard one, because it was owing to the paralysis from which he suffers, brought about by conditions to which he was subjected while discharging his duties as a soldier, that he was incapable of applying for the gratuity which would otherwise have been granted. It is proposed to deal with this and with other outstanding cases. </para>
          </talk.start>
          <interjection>
            <talk.start>
              <talker>
                <page.no>6489</page.no>
                <time.stamp />
                <name.id>KRQ</name.id>
                <electorate />
                <party />
                <role />
                <in.gov>0</in.gov>
                <first.speech>0</first.speech>
                <name role="metadata">SKENE, Thomas</name>
                <name role="display">Mr Skene</name>
              </talker>
              <para>-  Including that of Colonel Price? </para>
            </talk.start>
          </interjection>
          <continue>
            <talk.start>
              <talker>
                <page.no>6489</page.no>
                <time.stamp />
                <name.id>009MD</name.id>
                <electorate />
                <party />
                <role />
                <in.gov>0</in.gov>
                <first.speech>0</first.speech>
                <name role="metadata">DEAKIN, Alfred</name>
                <name role="display">Mr DEAKIN</name>
              </talker>
              <para>- Yes. Colonel Price has a very strong claim to consideration, because a Military Board awarded him a specific sum for injuries on service. The intention is to deal with the cases of Captain Anderson, Colonel Price, and of any other officer who can substantiate a similar claim in the same convincing way. </para>
            </talk.start>
          </continue>
        </speech>
      </subdebate.1>
    </debate>
    <debate>
      <debateinfo>
        <title>QUESTION</title>
        <page.no>6489</page.no>
        <type>Questions</type>
      </debateinfo>
      <subdebate.1>
        <subdebateinfo>
          <title>BRITISH INFLUENCE IN THE PACIFIC</title>
          <page.no>6489</page.no>
        </subdebateinfo>
        <speech>
          <talk.start>
            <talker>
              <page.no>6489</page.no>
              <time.stamp />
              <name.id>KYT</name.id>
              <electorate>KOOYONG, VICTORIA</electorate>
              <party />
              <role />
              <in.gov>0</in.gov>
              <first.speech>0</first.speech>
              <name role="metadata">KNOX, William</name>
              <name role="display">Mr KNOX</name>
            </talker>
            <para>- As considerable concern exists regarding the maintenance of British influence in the Pacific, can the Prime Minister inform the House as to the position of affairs in the New Hebrides, and assure us that the subject will receive his close attention during the recess? </para>
          </talk.start>
        </speech>
        <speech>
          <talk.start>
            <talker>
              <page.no>6489</page.no>
              <time.stamp />
              <name.id>009MD</name.id>
              <electorate />
              <party>Protectionist</party>
              <role />
              <in.gov>1</in.gov>
              <first.speech>0</first.speech>
              <name role="metadata">DEAKIN, Alfred</name>
              <name role="display">Mr DEAKIN</name>
            </talker>
            <para>- Reference will be made to this important subject in the speech to be delivered by His Majesty&#39;s representative this afternoon. I could wish that it bore another complexion; but it is not due to want of representations from this side that a more favorable report is not given. </para>
          </talk.start>
        </speech>
      </subdebate.1>
    </debate>
    <debate>
      <debateinfo>
        <title>QUESTION</title>
        <page.no>6489</page.no>
        <type>Questions</type>
      </debateinfo>
      <subdebate.1>
        <subdebateinfo>
          <title>JAPANESE PREFERENCE TO QUEENSLAND</title>
          <page.no>6489</page.no>
        </subdebateinfo>
        <speech>
          <talk.start>
            <talker>
              <page.no>6489</page.no>
              <time.stamp />
              <name.id>KLB</name.id>
              <electorate>COOLGARDIE, WESTERN AUSTRALIA</electorate>
              <party />
              <role />
              <in.gov>0</in.gov>
              <first.speech>0</first.speech>
              <name role="metadata">MAHON, Hugh</name>
              <name role="display">Mr MAHON</name>
            </talker>
            <para>- In to-day&#39;s issue of a newspaper published in Melbourne there is a statement to the effect that Queensland has secured for some of her products preferential treatment from the Japanese Government. Has the Prime Minister any information on the subject with which he can favour the House? I should like to know whether the Queensland representative in the East is vested with Commonwealth authority? If so, and he has obtained this preferential treatment for his State at the expense of the other States, will the Prime Minister withdraw his authority to act on behalf of the Commonwealth&#34;? </para>
          </talk.start>
        </speech>
        <speech>
          <talk.start>
            <talker>
              <page.no>6489</page.no>
              <time.stamp />
              <name.id>009MD</name.id>
              <electorate />
              <party>Protectionist</party>
              <role />
              <in.gov>1</in.gov>
              <first.speech>0</first.speech>
              <name role="metadata">DEAKIN, Alfred</name>
              <name role="display">Mr DEAKIN</name>
            </talker>
            <para>- The Queensland treaty with Japan dates from the nineties, and was therefore in force before our Union. The concessions made to Japan up to that time then ceased, and have not since been granted. Assuming the newspaper statement to be correct, it can only mean that the Japanese Government extends to Queensland, as an act of grace, concessions for which it has not received any return since the establishment of the Commonwealth. If so, that is a matter not within our control. The Queensland representative in the East, like the representatives of the other States there, is authorized to issue  certificates to merchants or <inline font-style="italic">bond fide</inline> visitors who desire to come to Australia, so that our immigration laws may not be evaded. </para>
          </talk.start>
          <interjection>
            <talk.start>
              <talker>
                <page.no>6490</page.no>
                <time.stamp />
                <name.id>F4S</name.id>
                <electorate>PARRAMATTA, NEW SOUTH WALES</electorate>
                <party>FT; ANTI-SOC from 1906; LP from 1910; NAT from 1917</party>
                <role />
                <in.gov>0</in.gov>
                <first.speech>0</first.speech>
                <name role="metadata">COOK, Joseph</name>
                <name role="display">Mr JOSEPH COOK</name>
              </talker>
              <para>- Is it possible for one State to enjoy concessions which are not given to the others? </para>
            </talk.start>
          </interjection>
          <continue>
            <talk.start>
              <talker>
                <page.no>6490</page.no>
                <time.stamp />
                <name.id>009MD</name.id>
                <electorate />
                <party />
                <role />
                <in.gov>0</in.gov>
                <first.speech>0</first.speech>
                <name role="metadata">DEAKIN, Alfred</name>
                <name role="display">Mr DEAKIN</name>
              </talker>
              <para>- It is not possible for one State to grant concessions ; but, if another country likes to grant concessions to any State, the Commonwealth cannot control its gifts. </para>
            </talk.start>
          </continue>
          <interjection>
            <talk.start>
              <talker>
                <page.no>6490</page.no>
                <time.stamp />
                <name.id>KLB</name.id>
                <electorate />
                <party />
                <role />
                <in.gov>0</in.gov>
                <first.speech>0</first.speech>
                <name role="metadata">MAHON, Hugh</name>
                <name role="display">Mr Mahon</name>
              </talker>
              <para>- But we should not connive at such an arrangement. </para>
            </talk.start>
          </interjection>
          <continue>
            <talk.start>
              <talker>
                <page.no>6490</page.no>
                <time.stamp />
                <name.id>009MD</name.id>
                <electorate />
                <party />
                <role />
                <in.gov>0</in.gov>
                <first.speech>0</first.speech>
                <name role="metadata">DEAKIN, Alfred</name>
                <name role="display">Mr DEAKIN</name>
              </talker>
              <para>- We are not associated with it. I am not yet sure that there is to be such an arrangement. </para>
            </talk.start>
          </continue>
          <interjection>
            <talk.start>
              <talker>
                <page.no>6490</page.no>
                <time.stamp />
                <name.id>F4S</name.id>
                <electorate>PARRAMATTA, NEW SOUTH WALES</electorate>
                <party>FT; ANTI-SOC from 1906; LP from 1910; NAT from 1917</party>
                <role />
                <in.gov>0</in.gov>
                <first.speech>0</first.speech>
                <name role="metadata">COOK, Joseph</name>
                <name role="display">Mr JOSEPH COOK</name>
              </talker>
              <para>- Surely we have the right to see that all the States receive equal treatment. </para>
            </talk.start>
          </interjection>
        </speech>
      </subdebate.1>
    </debate>
    <debate>
      <debateinfo>
        <title>MINISTERIAL STATEMENT</title>
        <page.no>6490</page.no>
        <type>ministerial statement</type>
      </debateinfo>
      <para>Appointments to the High Court : Rearrangement of Ministerial Offices : </para>
      <subdebate.1>
        <subdebateinfo>
          <title>New Minister : Retiring Members</title>
          <page.no>6490</page.no>
        </subdebateinfo>
        <speech>
          <talk.start>
            <talker>
              <page.no>6490</page.no>
              <time.stamp />
              <name.id>009MD</name.id>
              <electorate>Ballarat</electorate>
              <party>Protectionist</party>
              <role>Minister of External Affairs</role>
              <in.gov>1</in.gov>
              <first.speech>0</first.speech>
              <name role="metadata">DEAKIN, Alfred</name>
              <name role="display">Mr DEAKIN</name>
            </talker>
            <para>. - As I may not have another opportunity, may I Be permitted to offer you, sir, and the officers of the House the customary but very real congratulations of honorable members on all sides of the Chamber upon the close of a session in which the demands upon both have certainly not been less than in previous years. We all recognise that the machinery of legislation would move with much more irksomeness, as well as much more slowly, but for the unfailing attention and consideration which we receive at your hands, and at those of the officers of the House. The  Chairman  of Committees has taken his place during a period in which, fortunately, political storms have been few; but we have to congratulate him upon his absolute impartialitv of treatment when any differences have arisen. As to you, sir, a  Speaker  of this House necessarily returns to his constituents under greater disabilities than surround any other honorable member, but if the universal opinion of honorable members with regard to the manner in which you have discharged your duties could be conveyed toyour constituents, there would be no need for fear as to their response. In addition to one or two members who are leaving us  for another, which they are pleased to consider a higher, place in the </para>
          </talk.start>
          <para class="block">Commonwealth Parliament, we are losing several gentlemen with whom we can ill afford to part. I would first mention my old friend and colleague, the right honorable member for Balaclava, whose financial abilities, general capacity, and devotion to public duty will not be soon surpassed. He retires with the good feeling of every member of this House, and the fullest public appreciation of the great, work which he has been privileged to accomplish both for the Commonwealth and for Victoria. Then, again, we are to lose a younger member, whose retirement we also deeply regret. He has the misfortune - for which I am not going to hold him responsible - to sit on the wrong side of the House, but I shall be pleased at any&#39; time to use my best efforts to correctthat initial mistake. He has rendered valuable assistance in connexion with the Library Committee, whilst in the House he has exhibited marked ability, independence of spirit, and at all times absolute fairness to his opponents. In brief, he has given us every reason to feel that we shall suffer a great deprivation when he ceases to appear amongst us. He will take with him the affectionate regard of every honorable member in this Chamber. May I also make a hasty reference to the gentleman who presides over the other branch of the Legislature. His name has been associated with the Conventions prior to Federation, and he has, since the establishment of the Commonwealth, occupied the distinguished position of President of the Senate. His retirement will remove one of the landmarks of our early history. Personally, I have to thank honorable members on all sides for the consideration that they have invariably extended to me whilst I have been acting as leader of the House. At the close of this second session of my leadership I retain in. my memory not a single recollection of offence received from any member of this Chamber. </para>
          <interjection>
            <talk.start>
              <talker>
                <page.no>6490</page.no>
                <time.stamp />
                <name.id>KLM</name.id>
                <electorate />
                <party />
                <role />
                <in.gov>0</in.gov>
                <first.speech>0</first.speech>
                <name role="metadata">MALONEY, William</name>
                <name role="display">Mr Maloney</name>
              </talker>
              <para>- That is very generous. <inline font-weight="bold">Mr. DEAKIN.</inline> - One or two sentences more in regard to the members of the Labour Party, who during this session have assisted us, not as direct followers of the Government, but under a resolution to give us their general support. Although individual members of that party have at times been strongly in opposition to us, and the party as a whole has on occasion exercised its undoubted right to question the wisdom of our policy, their undertaking of general support has been amply and generously fulfilled Of the leader of that party, no terms ore too high in which to express my sense of the strictly constitutional manner  in which he has refrained at all times from even offering a suggestion that might appear to be intended to interfere with the responsibilities of the Government in any respect. This House, but not the Commonwealth, will lose two other members, who have occupied places of distinction in this Chamber. The highest eulogy their colleagues can pass  upon them is conveyed by the appointments which they have offered to them. I venture to believe that their retirement will be a loss to this House and a greater loss still to the party to which they belong. On- the retirement of the Attorney-General, his office will be taken by the present Minister of Home Affairs, and my friend. <inline font-weight="bold">Mr. Ewing,</inline> will take control of the Some Affairs Department. The promotion to the position of Vice-President of the Executive Council will fall to <inline font-weight="bold">Senator Keating,</inline> and my old friend, <inline font-weight="bold">Mr. Mauger,</inline> will join the Government as honorary Minister. </para>
            </talk.start>
          </interjection>
        </speech>
      </subdebate.1>
    </debate>
    <debate>
      <debateinfo>
        <title>PROROGATION</title>
        <page.no>6491</page.no>
        <type>miscellaneous</type>
      </debateinfo>
      <para>The Usher of the Black Rod being announced, was admitted, and delivered the message that  His Excellency  the GovernorGeneral desired the immediate attendance of honorable members in the Senate chamber. </para>
      <para>
        <inline font-weight="bold">Mr. Speaker,</inline>accompanied by honorable members, then proceeded to the Senate chamber, where  His Excellency  the GovernorGeneral was pleased to deliver a speech <inline font-style="italic">(vide</inline> page 6486), declaring Parliament prorogued until 31st October, 1906. </para>
      <para pgwide="yes">Parliament was further prorogued. on 30th October until the 9th November, and on the 8th November was dissolved by the following Proclamation :  - </para>
      <para class="block" pgwide="yes">Commonwealth Br His Excellency the Right Honorable Henry Stafford, Baron of Australia Northcote, Knight Grand Cross of the Most Distinguished Orde to wit of Saint Michael and Saint George, Knight Grand Commander </para>
      <para class="block" pgwide="yes">Northcote, of the Most Eminent Order of the Indian Empire, Companion Governor- of the Most Honorable Order of the Bath, Governor-General and General. Commander-in-Chief in and over the Commonwealth &#91;of Australia (l.s.) and the Dependencies thereof. </para>
      <para pgwide="yes">Whekbas by the Constitution of the Commonwealth of Australia it is provided that the </para>
      <para class="block" pgwide="yes">Governor-General may from time to time by Proclamation or otherwise prorogue the Parliament, and dissolve the House of Representatives : And whereas the Parliament stands prorogued until the ninth day of November, One thousand nine hundred and six : And whereas it is expedient to dissolve the House of Representatives : Now therefore I, the Governor-General of the Commonwealth of Australia, in exercise of the power conferred by the said Constitution, do by this my Proclamation dissolve the House of Representatives : And I do hereby discharge Honorable Senators from attendance on the ninth day of November, One thousand nine hundred and six. </para>
      <para pgwide="yes">Given under my Hand and the Seal of the Commonwealth of Australia, at Melbourne, this fifth day of November, in the year of our Lord One thousand nine hundred and&#39; six, and in the sixth year of  His  Majesty&#39;s reign. </para>
      <subdebate.1>
        <subdebateinfo>
          <title>By His Excellency&#39;s Command,</title>
          <page.no>6491</page.no>
        </subdebateinfo>
      </subdebate.1>
    </debate>
    <debate>
      <debateinfo>
        <title>ALFRED DEAKIN</title>
        <page.no>6491</page.no>
        <type>miscellaneous</type>
      </debateinfo>
    </debate>
  </chamber.xscript>
</hansard>
