<?xml version="1.0" encoding="utf-8"?>
<hansard xsi:noNamespaceSchemaLocation="../../hansard.xsd" version="2.1" xmlns:xsi="http://www.w3.org/2001/XMLSchema-instance">
  <session.header>
    <date>1946-06-18</date>
    <parliament.no>17</parliament.no>
    <session.no>3</session.no>
    <period.no>2</period.no>
    <chamber>SENATE</chamber>
    <page.no>1495</page.no>
    <proof>0</proof>
  </session.header>
  <chamber.xscript>
    <para class="block">( SeconD P Eli i 01 J- Co X TIN U A t10n . ) </para>
    <para>The Senate adjourned on the 12th April, 1916, and the House of Representatives adjourned on the 11th April, 1946, to a date and hour to be fixed by the  President  and <inline font-weight="bold">Mr. Speaker,</inline> respectively. </para>
    <para>The  President  and. <inline font-weight="bold">Mr. Speaker</inline> summoned the Senate and the House of Representatives to meet on &#34;the 18th June, 1946, at 2.30 p.m. and 3 p.m., respectively. </para>
    <para class="block">Senate. </para>
    <business.start>
      <day.start>1946-06-18</day.start>
      <para>The <inline font-weight="bold">President (Senator the Hon. Gordon Brown)</inline> took the chair at 2.30 p.m., and read prayers. </para>
    </business.start>
    <debate>
      <debateinfo>
        <title>REPRESENTATION OF VICTORIA</title>
        <page.no>1495</page.no>
        <type>miscellaneous</type>
      </debateinfo>
      <para>Death of <inline font-weight="bold">Senator the</inline> Honorable: R. V. Keane  -  Election of <inline font-weight="bold">Senator A.</inline> J. Fraser. </para>
      <speech>
        <talk.start>
          <talker>
            <page.no>1495</page.no>
            <time.stamp />
            <name.id>10000</name.id>
            <electorate />
            <party />
            <role />
            <in.gov>0</in.gov>
            <first.speech>0</first.speech>
            <name role="metadata">PRESIDENT, The</name>
            <name role="display">The PRESIDENT</name>
          </talker>
          <para>- It is with extreme regret that I have to inform the Senate of the death of the Minister for Trade and Customs and Leader of the Government in the Senate, <inline font-weight="bold">Senator the</inline> Honorable Richard Valentine Keane, which occurred at Washington in the United States of America on the 27th April Australian time. On behalf of honorable senators I conveyed an expression of sympathy to <inline font-weight="bold">Mrs. Keane,</inline> pending the more formal resolution of the Senate, and a reply has been received from <inline font-weight="bold">Mrs. Keane</inline> expressing her appreciation and thanks for the message of sympathy. </para>
        </talk.start>
        <para>I have also, to inform the Senate that, pursuant to the provisions of the Constitution, I notified the Governor of the State of Victoria of the vacancy caused in the representation of that State in the Senate by the death of <inline font-weight="bold">Senator the</inline> Honorable Richard Valentine Keane, and I have received  through  His  Royal High-  ness the Governor-General a certificate of the choice of Alexander James Fraser as a senator to fill such vacancy. </para>
        <para>Certificate laid on the table, and read by the  Clerk. </para>
        <para>
          <inline font-weight="bold">Senator A.</inline>J.  Fraser made and subscribed the oath of allegiance. </para>
      </speech>
    </debate>
    <debate>
      <debateinfo>
        <title>QUESTION</title>
        <page.no>1495</page.no>
        <type>Questions</type>
      </debateinfo>
      <subdebate.1>
        <subdebateinfo>
          <title>DEATH OF SENATOR THE HONORABLE RICHARD VALENTINE KEANE</title>
          <page.no>1495</page.no>
        </subdebateinfo>
        <speech>
          <talk.start>
            <talker>
              <page.no>1495</page.no>
              <time.stamp />
              <name.id>K0W</name.id>
              <electorate>New South WalesMinister for Supply and Shipping</electorate>
              <party>ALP</party>
              <role>Minister for Supply and Shipping</role>
              <in.gov>1</in.gov>
              <first.speech>0</first.speech>
              <name role="metadata">ASHLEY, William</name>
              <name role="display">Senator ASHLEY</name>
            </talker>
            <para>- Honorable senators will have heard with deep regret of the sudden and tragic death of the Minister for Trade and Customs and Leader of the Government in the  Senate, <inline font-weight="bold">Senator the</inline> Honorable Richard Valentine Keane. The late <inline font-weight="bold">Senator Keane</inline> died at Washington, in the United States of America, on the 26th April American time. He had had a lengthy political and parliamentary career. He was elected to the House of Representatives for the Division of Bendigo, Victoria, at the general elections in 1939, and in that  House  he was a Temporary Chairman of Committees from  July,  1930,  to  November, 3931. He was elected to the Senate as a- Victorian senator at. the general elections in 1937, and was re-elected in 1943. In the Senate he was a Temporary  Chairman  of Committees from 1938 to 3940, and  Deputy  Leader of the Opposition in 193S and 1941. </para>
          </talk.start>
          <para>In October, 1941, the late <inline font-weight="bold">Senator Keane</inline> became Minister for Trade and Customs and Vice-President of the Executive Council, holding the latter office till 1943. He was appointed Leader of the Government in the Senate in September, 1943, and continued in that position till his dea.th. He had also been a member of the Social Security Committee and the </para>
          <para>Special Committee on Income Tax on Current Income. He had been a member of the Production Executive of Cabinet from September, 1943. </para>
          <para>In 1944 the late <inline font-weight="bold">Senator Keane</inline> visited the United States of America and Canada on a mission for the Australian Government, and at the time of his death was again engaged on important work in the United States of America on behalf of the Government in connexion with important negotiations relating to lend-lease aid. A State funeral was accorded the late honorable senator at Melbourne on tire 31st May. </para>
          <para>The details of appointments and offices which have been recited exemplify that the late Minister had a distinguished political careel1, and that he took an important share in the work of governing this country, and guiding its policies through difficult .and. formative years. He has made a splendid contribution to the well-being of bis country. Honorable senators will associate themselves with me when I pay tribute of a more personal nature to our ki.te colleague. It was my privilege to -work in close association with him over a period of years, when ho was  Deputy  Leader of the Opposition and I was the Opposition Whip. When he was Leader of the Government in the&#39; Senate, 1! was  Deputy  Leader. Our relations were always cordial, as honorable senators will appreciate, when they recall his accessibility as a Minister, his u nfailing courtesy, and his ready assistance to those who approached him. Perhaps his most marked qualities were hi.1; energy and cheerfulness, and the delight he took in mixing with his fellow men.  His  passing is a great loss to the Government and a source of sadness to his colleagues. &#34; Dick &#34; Keane and his cheery greeting of &#34; Halloo, brother,&#34; will be sadly missed, but his memory will not fade. I move - </para>
          <quote>
            <para>That the Senate expresses its deep regret at the death of <inline font-weight="bold">Senator the</inline> Honorable Richard Valentine Keane. Minister for Trade and Customs and Leader of the Government in the Senate, places on record its appreciation of his meritorious public service, and extends its sincere sympathy to his widow and members of his family in their bereavement. </para>
          </quote>
        </speech>
        <speech>
          <talk.start>
            <talker>
              <page.no>1496</page.no>
              <time.stamp />
              <name.id>KUA</name.id>
              <electorate>SOUTH AUSTRALIA</electorate>
              <party>UAP; LP from 1944</party>
              <role>Leader of the Opposition</role>
              <in.gov>0</in.gov>
              <first.speech>0</first.speech>
              <name role="metadata">MCLEAY, George</name>
              <name role="display">Senator McLEAY</name>
            </talker>
            <para>. - I second the motion. I am sure it came as a great shock to all members of the Senate to learn of the sudden and tragic death of the late Minister for Trade and Customs and Leader of the Senate. I believe that this is the first time  in the history of the Senate that a Leader has passed away while holding that office. Most of the members of the Opposition have bad an opportunity to be associated with the late honorable senator) both when we were in office and when in opposition. He was forthright and courageous and had an abundance of common sense. As Leader of the Senate he was always cooperative and generous. Members of the Opposition have lost a worthy opponent, but, more than that they have lost a good friend. We shall remember him as &#34; genial Dick &#34;. I have had an opportunity of expressing our sympathy with his widow and family, and I commend the Government for its recognition of his services by honouring him with a State funeral, which I attended on behalf of the Opposition. </para>
          </talk.start>
        </speech>
        <speech>
          <talk.start>
            <talker>
              <page.no>1496</page.no>
              <time.stamp />
              <name.id>KAY</name.id>
              <electorate>Victoria</electorate>
              <party />
              <role />
              <in.gov>0</in.gov>
              <first.speech>0</first.speech>
              <name role="metadata">GIBSON, William</name>
              <name role="display">Senator GIBSON</name>
            </talker>
            <para>- The members of the Australian Country party in this chamber desire to be associated with the motion. The late Minister was one of the most popular members of this chamber, and he was esteemed- by honorable senators on both sides. He had served the public in both branches of the Commonwealth legislature. ., For some years he represented the Division of Bendigo in the House of Representatives. He was an able debater and .took a keen interest in this country&#39;s affairs.&#39; When the. Government of which he was a member was formed he was , soon raised to the position of Leader of the Government in this chamber, and hedischarged the duties of that office with dignity and courtesy. He never. induced unnecessary debate with regard to bills presented to the Senate, and when amendments were submitted by the Opposition he knew how to say <inline font-style="italic">&#34;&#34;No&#34;.</inline> He was respected by every honorable senator.  His  work was effective and he was a good administrator. He carried a heavy load of responsibility, which I have no doubt contributed largely to his death. The Australian Labour party is a great loser, because it has lost one&#39; of , its staunchest members. The Senate also is a great loser, because it has lost a great Leader. To his widow and family we extend our sincere sympathy. </para>
          </talk.start>
        </speech>
        <speech>
          <talk.start>
            <talker>
              <page.no>1497</page.no>
              <time.stamp />
              <name.id>K5X</name.id>
              <electorate>Victoria</electorate>
              <party />
              <role />
              <in.gov>0</in.gov>
              <first.speech>0</first.speech>
              <name role="metadata">SHEEHAN, James</name>
              <name role="display">Senator SHEEHAN</name>
            </talker>
            <para>- lt was my privilege to be associated with our late Leader over a long period, both in industrial and political circles, and in this chamber. 1 When the late Minister began his career as a leader in the industrial movement 26 years ago, it was appreciated that he was destined to play an important part in the councils of the Australian Labour party. He made rapid progress. as a member of the administrative body of the Australian Bail ways Union. He became vice-president of the Victorian Branch of the organization, and afterwards, its  president.  In later years lie was general secretary , of the Australian. Railways Union. He played a prominent part in the work of securing improvement of the wages and industrial conditions of railway men throughout Australia. As the. chief advocate on behalf of that organization, he conducted one of the most lengthy Arbitration .Court cases that have come before that tribunal. The . completion of the case took some, years, and in the course of. its hearing hundreds of different types of workmen were dealt with. The late Minister dealt with the. log in a most efficient manner, and it was with much satisfaction. that his friends noted his election to the Commonwealth Parliament as the honorable member for Bendigo, and later to this chamber: The late Minister was a most likeable man, and although he held strong views, and expressed them fearlessly, in  both political and industrial spheres, there was not the slightest trace of&#34; enmity in his make-up. However strenuous the political fight, and regardless of what might have been said in the heat of donate, &#34; Dick &#34; Keane met his opponents with a smile, and was always ready to return shaft for shaft; in the political battle -he displayed his keen sense of humour. I regret greatly th.e necessity for this motion.. We shall indeed miss him greatly. I regret the passing of a great man and extend to his widow and family my deepest sympathy. </para>
          </talk.start>
        </speech>
        <speech>
          <talk.start>
            <talker>
              <page.no>1497</page.no>
              <time.stamp />
              <name.id>KR9</name.id>
              <electorate> Victoria </electorate>
              <party />
              <role />
              <in.gov>0</in.gov>
              <first.speech>0</first.speech>
              <name role="metadata">LECKIE, John</name>
              <name role="display">Senator LECKIE</name>
            </talker>
            <para>-I cannot allow this occasion to pass without paying a tribute to my. friend and colleague, the late <inline font-weight="bold">Senator Keane.</inline> He has gone from among us, but he leaves in our minds only the pleasant memory of a man who was a friend to all of us. He was, of course, an opponent of mine in politics, but I always found him willina to examine views other than his own. No one, least of all the late Minister himself, would have called him a brilliant man,, but he was the epitome of sound common sense. He had a wider knowledge of his fellow mcn than is possessed by most people, and as a consequence he was able, not only to manage the members of his own party, but also to get on. well with those opposed to him in politics. As a &#34;man of affairs and a capable negotiator, the deceased gentleman did a big job as a member of this chamber; he also did a big. job for Australia. I think that his qualities have been rather underestimated in the past.  His  last work was the biggest ever undertaken by him. As a personal friend of the deceased gentleman I am glad to know that before he died he had almost brought to a successful conclusion the biggest undertaking of his life- an accomplishment which will prove of lasting benefit to the- State which he represented and. to Australia as a whole. I shall miss him as a personal friend and also- as a man who was always willing to consider the views of others. Whenever he refused a request wc knew that it was not a personal matter at all, but that his decision was due to a difference of opinion on something over which he had no control. We shall miss his cheery&#39; voice, and the public life of Australia will be the poorer for the passing of this man who to&#39;ok such a prominent part in it. </para>
          </talk.start>
          <para>Question resolved in the affirmative, honorable senators standing in their places. </para>
          <para class="italic">
            <inline font-style="italic">Sitting suspended from 3.50 to S.SO p.m.</inline>
          </para>
        </speech>
      </subdebate.1>
    </debate>
    <debate>
      <debateinfo>
        <title>CALL OF THE SENATE</title>
        <page.no>1497</page.no>
        <type>miscellaneous</type>
      </debateinfo>
      <para class="italic">
        <inline font-style="italic">Senate called by the &#39; Clerk.</inline>
      </para>
      <speech>
        <talk.start>
          <talker>
            <page.no>1497</page.no>
            <time.stamp />
            <name.id>K6P</name.id>
            <electorate>QUEENSLAND</electorate>
            <party />
            <role />
            <in.gov>0</in.gov>
            <first.speech>0</first.speech>
            <name role="metadata">BROWN, Gordon</name>
            <name role="display">The PRESIDENT (Senator the Hon Gordon Brown</name>
          </talker>
          <para>- I have&#39; to inform&#39; the Senate that, all honorable senators with the exception of Senators Crawford, Foll, Lamp and Large have answered to their names, and I direct that the names of  those who have not answered be called again. </para>
        </talk.start>
        <para class="italic">
          <inline font-style="italic">Names called by the</inline>Clerk. </para>
      </speech>
      <speech>
        <talk.start>
          <talker>
            <page.no>1498</page.no>
            <time.stamp />
            <name.id>10000</name.id>
            <electorate />
            <party />
            <role />
            <in.gov>0</in.gov>
            <first.speech>0</first.speech>
            <name role="metadata">PRESIDENT, The</name>
            <name role="display">The PRESIDENT</name>
          </talker>
          <para>- I have to inform the Senate that of the honorable, senators absent, <inline font-weight="bold">Senator Lamp</inline> is overseas, and <inline font-weight="bold">Senator Large</inline> is ill. I understand that Senators &#39;Crawford and Foll  cannot be here until to-morrow. </para>
        </talk.start>
        <interjection>
          <talk.start>
            <talker>
              <page.no>1498</page.no>
              <time.stamp />
              <name.id>KUA</name.id>
              <electorate />
              <party />
              <role />
              <in.gov>0</in.gov>
              <first.speech>0</first.speech>
              <name role="metadata">MCLEAY, George</name>
              <name role="display">Senator McLeay</name>
            </talker>
            <para>- I desire to tender an apology for the absence of <inline font-weight="bold">Senator Foll,</inline> who has informed me that he will be present to-morrow. </para>
          </talk.start>
        </interjection>
        <para>Motion (by <inline font-weight="bold">Senator Ashley)</inline> agreed to- </para>
        <quote>
          <para>That, in view of the fact that <inline font-weight="bold">Senator Lamp</inline> is absent overseas, and that <inline font-weight="bold">Senator Large</inline> is ill, the said senators be excused for failure to answer the Call of the Senate. </para>
        </quote>
      </speech>
    </debate>
    <debate>
      <debateinfo>
        <title>CONSTITUTION ALTERATION (SOCIAL SERVICES) BILL 1946.</title>
        <page.no>1498</page.no>
        <type>bill</type>
      </debateinfo>
      <subdebate.1>
        <subdebateinfo>
          <title>Third Reading</title>
          <page.no>1498</page.no>
        </subdebateinfo>
        <para>Motion (by <inline font-weight="bold">Senator</inline> Ashley)  proposed - </para>
        <quote>
          <para>That the bill bc now read a third time. </para>
        </quote>
        <para>Debute (on motion by <inline font-weight="bold">Senator Leckie)</inline> adjourned. </para>
      </subdebate.1>
    </debate>
    <debate>
      <debateinfo>
        <title>CONSTITUTION ALTERATION (ORGANIZED MARKETING OF PRIMARY PRODUCTS) BILL 1946</title>
        <page.no>1498</page.no>
        <type>bill</type>
      </debateinfo>
      <para>Third  Reading. </para>
      <para>Motion (by <inline font-weight="bold">Senator Ashley)</inline> proposed - </para>
      <quote>
        <para>That the bill be now read a third time. </para>
      </quote>
      <para class="block"> Debate (on motion by <inline font-weight="bold">Senator Leckie)</inline> adjourned. &#39; </para>
    </debate>
    <debate>
      <debateinfo>
        <title>CONSTITUTION ALTERATION (INDUSTRIAL EMPLOYMENT) BILL 1946</title>
        <page.no>1498</page.no>
        <type>bill</type>
      </debateinfo>
      <para>Third READING. </para>
      <para>Motion (by <inline font-weight="bold">Senator Ashley)</inline> proposed - </para>
      <quote>
        <para>That the bill be now read a third time. </para>
      </quote>
      <para>Debate (on motion by <inline font-weight="bold">Senator Leckie)</inline> adjourned. </para>
    </debate>
    <debate>
      <debateinfo>
        <title>ADJOURNMENT</title>
        <page.no>1498</page.no>
        <type>adjournment</type>
      </debateinfo>
      <para class="block">Motion (by <inline font-weight="bold">Senator Ashley)</inline> agreed to- &#39; </para>
      <para>That, as a mark of respect to the memory, of the lute  <inline font-weight="bold">Senator Keane,</inline> the Senate do now adjourn. </para>
    </debate>
    <adjournment>
      <adjournmentinfo>
        <page.no>1498</page.no>
        <time.stamp>15:37:00</time.stamp>
      </adjournmentinfo>
      <para>Senate adjourned at 3.37 p.m. </para>
    </adjournment>
  </chamber.xscript>
</hansard>
