<?xml version="1.0" encoding="utf-8"?>
<hansard xsi:noNamespaceSchemaLocation="../../hansard.xsd" version="2.1" xmlns:xsi="http://www.w3.org/2001/XMLSchema-instance">
  <session.header>
    <date>1946-03-13</date>
    <parliament.no>17</parliament.no>
    <session.no>3</session.no>
    <period.no>2</period.no>
    <chamber>SENATE</chamber>
    <page.no>168</page.no>
    <proof>0</proof>
  </session.header>
  <chamber.xscript>
    <para class="block">Senate. </para>
    <business.start>
      <day.start>1946-03-13</day.start>
      <para> The Senate, on the 5th October, 1945, adjourned to a date&#39; and hour to be fixed by the.  President  and to be notified to each honorable senator. </para>
      <para>The Senate met pursuant to such notification. </para>
      <para>The <inline font-weight="bold">President (Senator the Hon. Gordon Brown)</inline> took the chair at 3 p.m., and read prayers. </para>
    </business.start>
    <debate>
      <debateinfo>
        <title>DEATH OF EX-SENATOR OLIVER UPPILL</title>
        <page.no>168</page.no>
        <type>miscellaneous</type>
      </debateinfo>
      <speech>
        <talk.start>
          <talker>
            <page.no>168</page.no>
            <time.stamp />
            <name.id>K0W</name.id>
            <electorate>New South WalesMinister for Supply and Shipping</electorate>
            <party>ALP</party>
            <role>Minister for Supply and Shipping</role>
            <in.gov>1</in.gov>
            <first.speech>0</first.speech>
            <name role="metadata">ASHLEY, William</name>
            <name role="display">Senator ASHLEY</name>
          </talker>
          <para>- It is with regret that I inform the Senate of the death in Adelaide on the 28th February last of ex-Senator Oliver Uppill. He was elected to the Senate . as a representative of the State of South Australia at the general elections in 3934, and again at the general elections in 1940. He was Opposition </para>
        </talk.start>
        <para class="block">Whip in the Senate in 1943 and 1944, and was a member of the Rural Industries Committee from July, 1941, to July, 1943. He resigned his seat as a senator on the 16th September, 1944, on account of ill health. I mover- </para>
        <quote>
          <para>That the Senate expresses its deep regret at the death of former <inline font-weight="bold">Senator Oliver</inline> Uppill, places on record its appreciation of his meritorious public service, and tenders its sincere sympathy to his widow and the members of his family in their bereavement. </para>
        </quote>
      </speech>
      <speech>
        <talk.start>
          <talker>
            <page.no>168</page.no>
            <time.stamp />
            <name.id>KUA</name.id>
            <electorate>South Australia</electorate>
            <party />
            <role>Leader of the Opposition</role>
            <in.gov>0</in.gov>
            <first.speech>0</first.speech>
            <name role="metadata">MCLEAY, George</name>
            <name role="display">Senator McLEAY</name>
          </talker>
          <para>. - I second the motion.  In Adelaide I received a telegram from you, <inline font-weight="bold">Mr. President,</inline> expressing sympathy with the relatives of the late ex-senator and asking that the Senate should be represented at his funeral. Your message was conveyed to the family of the deceased and was much appreciated. <inline font-weight="bold">Senator James</inline> McLachlan and I were in Adelaide at the time, and we paid our last respects to our late colleague. One cannot help feeling sad at the passing of one who was a colleague and a loyal friend for many years. The deceased exsenator had made himself popular among all sections of the Senate, and all members of the Parliament.- The name of exSenator Uppill was held in high esteem in  South Australia, and I very much regret his passing. One is reminded of the lines - </para>
        </talk.start>
        <quote>
          <para>His life was gentle; and the elements So mixed in him that Nature might stand up And say to all the world, &#34;This was a  man&#34;! </para>
        </quote>
        <para>
          <inline font-weight="bold">Senator COOPER.</inline>(Queensland).Members of the Australian Country party in &#39; the Senate desire to he associated with the motion and express their deep regret at the death of . their late colleague. Ex-Senator Uppill was truly one of nature&#39;s gentlemen. He was kind and considerate and always thoughtful for the welfare of other people. He took a keen interest in rural matters and was a recognized authority on wheat and wheat production. He was of considerable assistance to the Rural Industries Committee,&#39; of which he was a member, because of his extensive knowledge of primary production. We deeply regret his passing and tender our deepest sympathy to his widow and family in their bereavement. </para>
      </speech>
      <speech>
        <talk.start>
          <talker>
            <page.no>169</page.no>
            <time.stamp />
            <name.id>K7Y</name.id>
            <electorate>Western Australia</electorate>
            <party />
            <role />
            <in.gov>0</in.gov>
            <first.speech>0</first.speech>
            <name role="metadata">TANGNEY, Dorothy</name>
            <name role="display">Senator TANGNEY</name>
          </talker>
          <para>- I, too, join in expressing sympathy with the members of the family of the late ex-Senator Uppill, whose death I deeply deplore. &#34;When I first came to this chamber I found the late ex-Senator Uppill most courteous, kind and generous, and in his passing the Senate has suffered the loss of a very gentlemanly representative of South Australia. I regret that he was not able, owing to ill-health, to finish his term as a senator.  His  loss will be felt greatly in South Australia as well as in the wider Commonwealth sphere. </para>
        </talk.start>
      </speech>
      <speech>
        <talk.start>
          <talker>
            <page.no>169</page.no>
            <time.stamp />
            <name.id>KTX</name.id>
            <electorate>SOUTH AUSTRALIA</electorate>
            <party>UAP</party>
            <role />
            <in.gov>0</in.gov>
            <first.speech>0</first.speech>
            <name role="metadata">MCLACHLAN, James</name>
            <name role="display">Senator JAMES McLACHLAN</name>
          </talker>
          <para>-South Australia). - Since its inception the Senate has had among its members many men of outstanding ability and great powers of oratory, who have been remembered chiefly for those qualities. Not only in this chamber, but in the many other spheres in which my late colleague ex-Senator Uppill served, he was always regarded as one of nature&#39;s gentlemen. No &#39; incentive of personal ambition brought him to this chamber; he entered it because of a sincere desire to be of service to the State which he represented. Nature did not equip him as a &#34;wordspinner&#34;, but it gave to him a keen analytical mind, a firm determination, and the courage to stand to his opinions, whether or not they were popular. As a member of the Senate he gave of his best; South Australia has lost a splendid citizen. I join with other honorable senators in expressing sympathy with his family in their great loss. </para>
        </talk.start>
        <para>Question resolved in the affirmative, honorable senators standing in their places. </para>
      </speech>
    </debate>
    <debate>
      <debateinfo>
        <title>DEATH OF EX-SEN AT OE &#39; JAMES PATRICK DIG-GEE DUNN</title>
        <page.no>169</page.no>
        <type>miscellaneous</type>
      </debateinfo>
      <speech>
        <talk.start>
          <talker>
            <page.no>169</page.no>
            <time.stamp />
            <name.id>K0W</name.id>
            <electorate>New South WalesMinister for Supply and Shipping</electorate>
            <party>ALP</party>
            <role />
            <in.gov>1</in.gov>
            <first.speech>0</first.speech>
            <name role="metadata">ASHLEY, William</name>
            <name role="display">Senator ASHLEY</name>
          </talker>
          <para>- I regret to announce to the Senate the death in Sydney on the 22nd November last of former <inline font-weight="bold">Senator James</inline> Patrick Digger Dunn. The deceased gentleman was elected to the Senate for the State of New South Wales at the general elections in 1928. He was Government Whip in- the Senate from August, 1929, to March, 1931, and leader in the Senate of the Australian Labour party, New South Wales, from. March, 1931, to June, 1935. He ceased to be a member pf the Senate at the end of June, 1935. He served with the Australian Naval and Military Forces in New Guinea, in 1914-15. He served also in the Royal Australian Naval Bridging Train in 1915-16, later transferring to Field Artillery Reinforcements. He was wounded in action on &#39;8th August, 191S. I move - </para>
        </talk.start>
        <quote>
          <para>That the Senate expresses its deep regret nl the death of former <inline font-weight="bold">Senator James</inline> Patrick Digger Dunn, places on record its appreciation of his meritorious public service, and tenders its sincere sympathy to the &#39;members of his family in their bereavement. </para>
        </quote>
      </speech>
      <speech>
        <talk.start>
          <talker>
            <page.no>169</page.no>
            <time.stamp />
            <name.id>KUA</name.id>
            <electorate>South Australia</electorate>
            <party />
            <role>Leader of the Opposition</role>
            <in.gov>0</in.gov>
            <first.speech>0</first.speech>
            <name role="metadata">MCLEAY, George</name>
            <name role="display">Senator McLEAY</name>
          </talker>
          <para>. - On behalf of the Opposition I second the motion. T did not have that pleasure of being associated with the late ex-senator, hut &#91; am sure that all. of us appreciate iiic service, he rendered to his country in the Senate and on the field of battle. </para>
        </talk.start>
        <para>
          <inline font-weight="bold">Senator COOPER</inline>(Queensland)&#34;.- -The members of the Australian Country party in the Senate associate themselves with the motion. I well remember the late ex-senator when he was a member of this chamber. He was a forceful  speaker  and a keen debater who always presented his case to the best of his ability. He had a very good military record, having served his country during the war of 1 91 4-1S. I and my colleagues tender -our sincere sympathy to his family in .their -bereavement. </para>
      </speech>
      <speech>
        <talk.start>
          <talker>
            <page.no>169</page.no>
            <time.stamp />
            <name.id>KMN</name.id>
            <electorate>New South Wales</electorate>
            <party />
            <role />
            <in.gov>0</in.gov>
            <first.speech>0</first.speech>
            <name role="metadata">GRANT, Donald</name>
            <name role="display">Senator GRANT</name>
          </talker>
          <para>- .&#91; associate myself with the remarks which have been made concerning the late ex-senator. I had known him for many years, and I believe that every one who knew him will admit that he was ii very fine character indeed. He had strength of character, and possessed <inline font-style="italic">a</inline> great sense of humour. He had been left with three motherless children, and he battled for them in a way that inspired every one who came in contact with him or with any of the members of his family. The late ex-senator also lived in a way that provided a lesson to us all. J have not known a man who has lead a cleaner life than ex-Senator Dunn. I deeply regret his passing. One would  have been prepared to take a lease of his life, and his sudden death is another illustration of the fact that in the midst of life we are in death. I support the motion of condolence and sympathy with his family. </para>
        </talk.start>
        <para>Question resolved in the affirmative, honorable senators standing in their places. </para>
      </speech>
    </debate>
    <debate>
      <debateinfo>
        <title>DEATH OF THE HONORABLE SIR DAVID JOHN GORDON</title>
        <page.no>170</page.no>
        <type>miscellaneous</type>
      </debateinfo>
      <speech>
        <talk.start>
          <talker>
            <page.no>170</page.no>
            <time.stamp />
            <name.id>K0W</name.id>
            <electorate>New South WalesMinister for Supply and Shipping</electorate>
            <party>ALP</party>
            <role />
            <in.gov>1</in.gov>
            <first.speech>0</first.speech>
            <name role="metadata">ASHLEY, William</name>
            <name role="display">Senator ASHLEY</name>
          </talker>
          <para>- I regret to announce to the Senate the death in Adelaide on the 12th February last of a former member of the House of Representatives, the Honorable <inline font-weight="bold">Sir David</inline> John Gordon. The late <inline font-weight="bold">Sir David</inline> Gordon was elected to the House of Representatives for the Division of Boothby in November, 1911, whichhe represented till 1913. He was a member of the Royal Commission on the Fruit Industry which conducted its inquiries from 1912 to 1914.In 1913 he was elected to the Legislative Council of South Australia for the Midland District and occupied a seatin that chamber for many years. He was Minister of Educa-. tion and Repatriation in that State in 1917. A knighthood was conferred on him in 1925. I move - </para>
        </talk.start>
        <quote>
          <para>That the Senate expresses its deep regret at the death of the Honorable <inline font-weight="bold">Sir David</inline> John Gordon, a former member of the House of Representatives and member of the Legislative Council of South Australia, places on record its appreciation of his meritorious public service, and tenders its sincere sympathy to the members of his family in their bereavement. </para>
        </quote>
      </speech>
      <speech>
        <talk.start>
          <talker>
            <page.no>170</page.no>
            <time.stamp />
            <name.id>KUA</name.id>
            <electorate>South Australia.</electorate>
            <party />
            <role>Leader of the Opposition</role>
            <in.gov>0</in.gov>
            <first.speech>0</first.speech>
            <name role="metadata">MCLEAY, George</name>
            <name role="display">Senator McLEAY</name>
          </talker>
          <para>. - On behalf of the Opposition, I second the motion. The late <inline font-weight="bold">Sir David</inline> Gordon rendered distinguished service to this country in the Commonwealth Parliament and the Parliament of South Australia, and in many other spheres. He lived to a ripe old age, and remained very active up to the time of his death. I am sure that every one who had the privilege of knowing this distinguished Australian will mourn his passing. </para>
        </talk.start>
      </speech>
      <speech>
        <talk.start>
          <talker>
            <page.no>170</page.no>
            <time.stamp />
            <name.id>JQP</name.id>
            <electorate>Queensland</electorate>
            <party />
            <role />
            <in.gov>0</in.gov>
            <first.speech>0</first.speech>
            <name role="metadata">COOPER, Walter</name>
            <name role="display">Senator COOPER</name>
          </talker>
          <para>. - Members of the Australian Country party in this chamber wish to be asso ciated with the motion now before the Senate. The late <inline font-weight="bold">Sir David</inline> Gordon devoted much of his life to public work, and the passing of men of his type is a great loss to the community. We,too, offer to his family and relations our sincere sympathy in their bereavement. </para>
        </talk.start>
      </speech>
      <speech>
        <talk.start>
          <talker>
            <page.no>170</page.no>
            <time.stamp />
            <name.id>KTX</name.id>
            <electorate>SOUTH AUSTRALIA</electorate>
            <party>UAP</party>
            <role />
            <in.gov>0</in.gov>
            <first.speech>0</first.speech>
            <name role="metadata">MCLACHLAN, James</name>
            <name role="display">Senator JAMES McLACHLAN</name>
          </talker>
          <para>. - I had the pleasure of a long acquaintance with the Honorable <inline font-weight="bold">Sir David</inline> Gordon. For many years he <inline font-style="italic">was</inline> a prominent figure in public life in South Australia, first as a. journalist, and then as a member of Parliament. As a journalist he travelled extensively throughout South Australia, and wrote one or two interesting books on the interior of that State, and also on the river Murray. Subsequently he became a member of the House of Representatives for the South Australian Division of Boothby, and later in the Parliament of South Australia he held office of Minister of Education. For a number of years he was  President  of the Legislative Council. As the Leader of the Opposition <inline font-weight="bold">(Senator McLeay)</inline> has said, <inline font-weight="bold">Sir David</inline> Gordon lived to a ripe old age and passed away, loved by all. </para>
        </talk.start>
        <para>Question resolved in the affirmative, honorable senators standing in their places. </para>
      </speech>
    </debate>
    <debate>
      <debateinfo>
        <title>THE WAR</title>
        <page.no>170</page.no>
        <type>miscellaneous</type>
      </debateinfo>
      <subdebate.1>
        <subdebateinfo>
          <title>Cessation of Hostilities</title>
          <page.no>170</page.no>
        </subdebateinfo>
        <speech>
          <talk.start>
            <talker>
              <page.no>170</page.no>
              <time.stamp />
              <name.id>10000</name.id>
              <electorate />
              <party />
              <role />
              <in.gov>0</in.gov>
              <first.speech>0</first.speech>
              <name role="metadata">PRESIDENT, The</name>
              <name role="display">The PRESIDENT</name>
            </talker>
            <para>- I have received  the following communication from His Royal Highness the Governor-General :  - </para>
          </talk.start>
        </speech>
      </subdebate.1>
      <subdebate.1>
        <subdebateinfo>
          <title>Government House</title>
          <page.no>170</page.no>
        </subdebateinfo>
      </subdebate.1>
      <subdebate.1>
        <subdebateinfo>
          <title>Canberra, 12th October, 1945</title>
          <page.no>170</page.no>
        </subdebateinfo>
      </subdebate.1>
      <subdebate.1>
        <subdebateinfo>
          <title>Mr. President,</title>
          <page.no>170</page.no>
        </subdebateinfo>
        <para>I desire to acquaint you that the address from members of the Senate to the King on the occasion of the victorious conclusion of the World War has been laid before  His  Majesty. The King has directed me to convey to members of the Senate his sincere thanks for the kind congratulations contained in the Address and his appreciation of the loyal sentiments to which it gives expression. </para>
      </subdebate.1>
      <subdebate.1>
        <subdebateinfo>
          <title>Henry</title>
          <page.no>170</page.no>
        </subdebateinfo>
      </subdebate.1>
      <subdebate.1>
        <subdebateinfo>
          <title>Governor-General</title>
          <page.no>170</page.no>
        </subdebateinfo>
      </subdebate.1>
    </debate>
    <debate>
      <debateinfo>
        <title>ASSENT TO BILLS</title>
        <page.no>170</page.no>
        <type>bill</type>
      </debateinfo>
      <para>Assent to the following bills reported :  - </para>
      <para>Appropriation Bill 1945-46. </para>
      <para>Appropriation (Works and Buildings) Bill 1945-46. </para>
      <para>Pharmaceutical Benefits Bill 1945. </para>
      <para>Sales Tax (Exemptions and Classifications) Bill 1945. </para>
      <para>Income TaxAssessment Bill (No. 2) 1945. </para>
      <para>Income Tax Bill (No. 2) 1945. </para>
      <para>Social Services Contribution Assessment Bill 1945. </para>
      <para>Social Services Contribution Bill 1945. </para>
      <para>National Welfare Fund Bill 1945. </para>
      <para>Bankruptcy Bill 1945. </para>
      <para>Commonwealth Public Service Bill (No. 2) 1945. </para>
      <para>Commonwealth and State Housing Agreement Bill 1945. </para>
      <para>Loan (Housing) Bill 1945. </para>
      <para>Tuberculosis Bill 1945. </para>
      <para>Hospital Benefits Bill 1945. </para>
      <para>War Crimes Bill 1945. </para>
      <para>Wool Realization Bill 1945. </para>
      <para>Wool ( Contributory Charge) Assessment Bill 1945. </para>
      <para>Wool (Contributory Charge) Bill 1945. </para>
      <para>War Service Land Settlement Agreements Bill 1945. </para>
      <para>States Grants Bill 1945. </para>
      <para>High Commissioner Bill 1945. </para>
      <para>Education Bill 1945. </para>
      <para>Widows&#39; Pensions Bill 1945. </para>
      <para>Seat of Government Supreme Court Bill 1945. </para>
      <para>Supplementary Appropriation Bill 1943-44. </para>
      <para>Supplementary Appropriation (Works and Buildings) Bill 1943-44. </para>
    </debate>
    <debate>
      <debateinfo>
        <title>MINISTERIAL DUTIES</title>
        <page.no>171</page.no>
        <type>miscellaneous</type>
      </debateinfo>
      <speech>
        <talk.start>
          <talker>
            <page.no>171</page.no>
            <time.stamp />
            <name.id>K0W</name.id>
            <electorate>New South Wales</electorate>
            <party>ALP</party>
            <role>Minister for Supply and Shipping</role>
            <in.gov>1</in.gov>
            <first.speech>0</first.speech>
            <name role="metadata">ASHLEY, William</name>
            <name role="display">Senator ASHLEY</name>
          </talker>
          <para>. - . <inline font-style="italic">by leave</inline> - I desire to inform honorable senators that during the absence abroad of the Minister for Trade and Customs <inline font-weight="bold">(Senator Keane),</inline> the Minister for Postwar Reconstruction <inline font-weight="bold">(Mr. Dedman)</inline> will act in <inline font-weight="bold">Senator Keane&#39;s</inline> stead. <inline font-weight="bold">Senator Collings,</inline> Vice-President of the Executive Council, will, during this period, represent the Acting Minister for Trade and Customs in the Senate. </para>
        </talk.start>
        <para>The Minister for the Army <inline font-weight="bold">(Mr. Forde)</inline> will act in the place of the Minister for Defence <inline font-weight="bold">(Mr. Beasley),</inline> who has taken up duties in London as Australian Resident Minister. </para>
      </speech>
    </debate>
    <debate>
      <debateinfo>
        <title>THE PARLIAMENT</title>
        <page.no>171</page.no>
        <type>miscellaneous</type>
      </debateinfo>
      <subdebate.1>
        <subdebateinfo>
          <title>Canberra Allowance for Members</title>
          <page.no>171</page.no>
        </subdebateinfo>
        <speech>
          <talk.start>
            <talker>
              <page.no>171</page.no>
              <time.stamp />
              <name.id>K0W</name.id>
              <electorate>New South Wales</electorate>
              <party>ALP</party>
              <role>Minister for Supply and Shipping</role>
              <in.gov>1</in.gov>
              <first.speech>0</first.speech>
              <name role="metadata">ASHLEY, William</name>
              <name role="display">Senator ASHLEY</name>
            </talker>
            <para>. - <inline font-style="italic">by leave</inline> - From time to time representations have been made to the Prime Minister by senators and members of the House of Representatives that they should be granted some alleviation of the disabilities under which they carry out their public duties. Not only must they incur substantial expenditure within their electorates in attending to the wants of their electors but in addition to maintaining their own homes within their respective States, they must also meet the cost  of  travelling to and from Canberra and  of  living expenses at Canberra while in attendance during parliamentary sessions. The Prime Minister <inline font-weight="bold">(Mr. Chifley)</inline> has given careful consideration to these representations and has come to the conclusion that some financial relief should be afforded to meet the cost of maintenance of senators and members at Canberra during the sittings of Parliament. A Commonwealth officer in receipt of a salary of &#163;1,000 a year receives a daily allowance of &#163;1 2s. 6d. when required to travel on official duty away from his home. The payment of a similar daily amount  to  members of Parliament would be a fair recompense of additional expense incurred by them while absent at Canberra from their homes. Senators and members travelling to Canberra from New South Wales and Victoria will therefore he paid &#163;1 2s. 6d. a day for each sitting day  on  which they attend to their duties in Parliament, with a maximum payment  to  each of &#163;100 in any financial year. Senators and members travelling  to  Canberra from the other four States and from the Northern Territory will be paid &#163;1 2s. 6d. a. day for each sitting day  on  which they attend to their duties in Parliament, and for days at week-ends between sitting days on which they remain in Canberra during parliamentary sittings, the maximum to each to be &#163;125 in any financial year. Payments will commence from the 6th March and provision will be made in the Appropriation Bill to cover the expenditure. </para>
          </talk.start>
        </speech>
      </subdebate.1>
    </debate>
    <debate>
      <debateinfo>
        <title>LEAVE OF ABSENCE</title>
        <page.no>171</page.no>
        <type>leave of absence</type>
      </debateinfo>
      <para>Motion (by <inline font-weight="bold">Senator James</inline> McLachlan) - <inline font-style="italic">by leave</inline> - agreed to - </para>
      <quote>
        <para>That leave of absence for three months be granted to <inline font-weight="bold">Senator Foll</inline> on account of absence overseas on urgent business. </para>
      </quote>
    </debate>
    <debate>
      <debateinfo>
        <title>QUESTION</title>
        <page.no>171</page.no>
        <type>Questions</type>
      </debateinfo>
      <subdebate.1>
        <subdebateinfo>
          <title>BROADCASTING COMMITTEE</title>
          <page.no>171</page.no>
        </subdebateinfo>
        <speech>
          <talk.start>
            <talker>
              <page.no>171</page.no>
              <time.stamp />
              <name.id>JZH</name.id>
              <electorate>NEW SOUTH WALES</electorate>
              <party />
              <role />
              <in.gov>0</in.gov>
              <first.speech>0</first.speech>
              <name role="metadata">AMOUR, Stanley</name>
              <name role="display">Senator AMOUR</name>
            </talker>
            <para>- As Chairman,  I  present the ninth and tenth reports  of  the Broadcasting Committee relating  to  the questions of broadcast talks on venereal disease and other sex matters, and to national programme administration. </para>
          </talk.start>
          <para>Ordered to be printed. </para>
        </speech>
      </subdebate.1>
    </debate>
    <debate>
      <debateinfo>
        <title>QUESTION</title>
        <page.no>172</page.no>
        <type>Questions</type>
      </debateinfo>
      <subdebate.1>
        <subdebateinfo>
          <title>FORMOSAN EX-PRISONERS OF WAR AND INTERNEES</title>
          <page.no>172</page.no>
        </subdebateinfo>
        <speech>
          <talk.start>
            <talker>
              <page.no>172</page.no>
              <time.stamp />
              <name.id>KUA</name.id>
              <electorate />
              <party />
              <role />
              <in.gov>0</in.gov>
              <first.speech>0</first.speech>
              <name role="metadata">MCLEAY, George</name>
              <name role="display">Senator McLEAY</name>
            </talker>
            <para>- Will the Acting Leader of the Senate <inline font-weight="bold">(Senator Ashley)</inline> state whether it is a fact, as reported, that a section of the press was prevented from sending a representative to Rabaul, at its own expense, to report on conditions on the Japanese destroyer <inline font-style="italic">Yoizuki,</inline> concerning which there has been a great deal of public indignation, and will the Minister state whether any other press representative was allowed to go ? </para>
          </talk.start>
        </speech>
        <speech>
          <talk.start>
            <talker>
              <page.no>172</page.no>
              <time.stamp />
              <name.id>K0W</name.id>
              <electorate />
              <party>ALP</party>
              <role />
              <in.gov>1</in.gov>
              <first.speech>0</first.speech>
              <name role="metadata">ASHLEY, William</name>
              <name role="display">Senator ASHLEY</name>
            </talker>
            <para>- I understand that permission was refused to a section of the press to travel to Rabaul to report on the conditions on <inline font-style="italic">Yoizuki,</inline> but I do not know of any other section of the press having been permitted to senda representative. </para>
          </talk.start>
        </speech>
      </subdebate.1>
    </debate>
    <debate>
      <debateinfo>
        <title>RAIL TRANSPORT</title>
        <page.no>172</page.no>
        <type>miscellaneous</type>
      </debateinfo>
      <subdebate.1>
        <subdebateinfo>
          <title>Members of Parliament</title>
          <page.no>172</page.no>
        </subdebateinfo>
        <speech>
          <talk.start>
            <talker>
              <page.no>172</page.no>
              <time.stamp />
              <name.id>KTX</name.id>
              <electorate>SOUTH AUSTRALIA</electorate>
              <party>UAP</party>
              <role />
              <in.gov>0</in.gov>
              <first.speech>0</first.speech>
              <name role="metadata">MCLACHLAN, James</name>
              <name role="display">Senator JAMES McLACHLAN</name>
            </talker>
            <para>- I understand that the Commonwealth Government pays a subsidy to the governments of the States for the conveyance of honorable members on the State railways. I draw the attention of the Minister representing the Minister for Transport to the fact that at present it is impossible for a member of this Parliament to travel from Melbourne to Adelaide without giving seven days&#39; notice, unless he is prepared to sit up in a second-class carriage for the whole journey. If he desires a sleeper&#34; he is not allowed to have one, and he is not even permitted to occupy a seat in a first-class carriage, unless he gives seven days&#39; notice. </para>
          </talk.start>
        </speech>
        <speech>
          <talk.start>
            <talker>
              <page.no>172</page.no>
              <time.stamp />
              <name.id>K7P</name.id>
              <electorate>QUEENSLAND</electorate>
              <party>ALP</party>
              <role>Vice-President of the Executive Council</role>
              <in.gov>1</in.gov>
              <first.speech>0</first.speech>
              <name role="metadata">COLLINGS, Joseph</name>
              <name role="display">Senator COLLINGS</name>
            </talker>
            <para>- I am not aware of the position with regard to the matter which the honorable senator has brought to my notice, but I shall have it investigated. I might be excused if I drew attention to the fact that until recently there was a great clamour because of the control exercised in these matters. Now apparently the absence of control appears to constitute a difficulty. </para>
          </talk.start>
        </speech>
      </subdebate.1>
    </debate>
    <debate>
      <debateinfo>
        <title>QUESTION</title>
        <page.no>172</page.no>
        <type>Questions</type>
      </debateinfo>
      <subdebate.1>
        <subdebateinfo>
          <title>TASMANIAN SHIPPING SERVICES</title>
          <page.no>172</page.no>
        </subdebateinfo>
        <speech>
          <talk.start>
            <talker>
              <page.no>172</page.no>
              <time.stamp />
              <name.id>KOJ</name.id>
              <electorate>TASMANIA</electorate>
              <party />
              <role />
              <in.gov>0</in.gov>
              <first.speech>0</first.speech>
              <name role="metadata">HAYS, Herbert</name>
              <name role="display">Senator HERBERT HAYS</name>
            </talker>
            <para>- In view of the acute shortage of shipping for the carriage of produce from Tasmania to the mainland; particularly potatoes and apples, which are now in abundant supply and are much needed on the mainland, will the Minister for Supply and Shipping make a statement regarding the shipping position? Can he hold out any hope that relief will be afforded in the near future in the carriage of produce from Tasmania? </para>
          </talk.start>
        </speech>
        <speech>
          <talk.start>
            <talker>
              <page.no>172</page.no>
              <time.stamp />
              <name.id>K0W</name.id>
              <electorate />
              <party>ALP</party>
              <role />
              <in.gov>1</in.gov>
              <first.speech>0</first.speech>
              <name role="metadata">ASHLEY, William</name>
              <name role="display">Senator ASHLEY</name>
            </talker>
            <para>- The shipping position is somewhat acute, but the disability being suffered by Tasmania is no greater than in any other State. Provision has been made for the removal from Tasmania, between the 15th February and 19th March, of approximately 200,000 bags of potatoes and 800 tons of crated potatoes. Other commodities are urgently required from Tasmania, and the Shipping Council is being pressed to bring them from that State. I refer particularly to timber for housing, and to fruit. I can assure the honorable senator that every attention is being given to the necessity for the lifting of potatoes and other commodities, and Tasmania is receiving a proportionate share of the shipping available, having regard to the claims of the other States. </para>
          </talk.start>
          <interjection>
            <talk.start>
              <talker>
                <page.no>172</page.no>
                <time.stamp />
                <name.id>KOJ</name.id>
                <electorate />
                <party />
                <role />
                <in.gov>0</in.gov>
                <first.speech>0</first.speech>
                <name role="metadata">HAYS, Herbert</name>
                <name role="display">Senator Herbert Hays</name>
              </talker>
              <para>-  The other States have railway communication. </para>
            </talk.start>
          </interjection>
          <continue>
            <talk.start>
              <talker>
                <page.no>172</page.no>
                <time.stamp />
                <name.id>K0W</name.id>
                <electorate />
                <party />
                <role />
                <in.gov>0</in.gov>
                <first.speech>0</first.speech>
                <name role="metadata">ASHLEY, William</name>
                <name role="display">Senator ASHLEY</name>
              </talker>
              <para>- That is so. I cannot promise any relief for five or six weeks, until our garrisons in the North have been provisioned, and the vessels now engaged in bringing our service personnel back to Australia are available for the shipment of produce. </para>
            </talk.start>
          </continue>
          <continue>
            <talk.start>
              <talker>
                <page.no>172</page.no>
                <time.stamp />
                <name.id>KOJ</name.id>
                <electorate />
                <party />
                <role />
                <in.gov>0</in.gov>
                <first.speech>0</first.speech>
                <name role="metadata">HAYS, Herbert</name>
                <name role="display">Senator HERBERT HAYS</name>
              </talker>
              <para>- In view of the acute shortage of shipping tonnage for the carrying of cargo, is the Minister for Supply and Shipping aware that SS. Barwon, a valuable cargo carrier, was tied up in Port Melbourne for five months as the result of a strike? If so, will he say what steps the Government took to settle the strike or to put the ship to some useful purpose? </para>
            </talk.start>
          </continue>
          <continue>
            <talk.start>
              <talker>
                <page.no>173</page.no>
                <time.stamp />
                <name.id>K0W</name.id>
                <electorate />
                <party />
                <role />
                <in.gov>0</in.gov>
                <first.speech>0</first.speech>
                <name role="metadata">ASHLEY, William</name>
                <name role="display">Senator ASHLEY</name>
              </talker>
              <para>- The trouble on <inline font-style="italic">Barwon</inline> was settled some weeks ago. </para>
            </talk.start>
          </continue>
        </speech>
      </subdebate.1>
    </debate>
    <debate>
      <debateinfo>
        <title>QUESTION</title>
        <page.no>173</page.no>
        <type>Questions</type>
      </debateinfo>
      <subdebate.1>
        <subdebateinfo>
          <title>FOOD SHIPS FOE INDONESIA</title>
          <page.no>173</page.no>
        </subdebateinfo>
        <speech>
          <talk.start>
            <talker>
              <page.no>173</page.no>
              <time.stamp />
              <name.id>KUA</name.id>
              <electorate />
              <party />
              <role />
              <in.gov>0</in.gov>
              <first.speech>0</first.speech>
              <name role="metadata">MCLEAY, George</name>
              <name role="display">Senator McLEAY</name>
            </talker>
            <para>- Has the attention of the Minister for Supply and Shipping been drawn to the statement in the press l)j&#39; <inline font-weight="bold">Mr. Monks,</inline> secretary of the Australasian Council of Trade Unions, that the executive officers of that organization dissociated themselves entirely from the tactics adopted by the Waterside Workers Federation and the Seamen&#39;s Union in the loading of ships for Indonesia? <inline font-weight="bold">Mr. Monks</inline> is reported to have further said that the&#39;re had been more chicanery in this dispute than he had experienced in any other dispute. If <inline font-weight="bold">Mr. Monks</inline> made that statement, does the Minister approve of it? If so, what action does the Government propose to take in order to enforce a resumption of the loading of those vessels with food and medical supplies, which operation has been delayed since September last, causing great con.cern to the people of Australia? </para>
          </talk.start>
        </speech>
        <speech>
          <talk.start>
            <talker>
              <page.no>173</page.no>
              <time.stamp />
              <name.id>K0W</name.id>
              <electorate />
              <party>ALP</party>
              <role />
              <in.gov>1</in.gov>
              <first.speech>0</first.speech>
              <name role="metadata">ASHLEY, William</name>
              <name role="display">Senator ASHLEY</name>
            </talker>
            <para>- The hold-up of Dutch ships in the first place was due to Indonesian seamen walking off the vessels. Later, the Dutch authorities brought, Lascars to this country to man the ships, but when they discovered the reasons why the Indonesian seamen, who are members of a seamen&#39;s union recognized by the Dutch Government, had declared  the ships &#34; black the&#39;y, too, declined to work on them. I have not seen the paragraph to -which the honorable senator has directed attention; but I &#39;should prefer to have these ships where they are than that the whole of the ships on the waterfront should be tied up. As to the removal . of food and medical supplies from the vessels, action lias been taken by the Government which I hope will, ensure that all necessary supplies of these commodities will be forwarded to the Pacific islands. </para>
          </talk.start>
        </speech>
        <speech>
          <talk.start>
            <talker>
              <page.no>173</page.no>
              <time.stamp />
              <name.id>KR9</name.id>
              <electorate>VICTORIA</electorate>
              <party />
              <role />
              <in.gov>0</in.gov>
              <first.speech>0</first.speech>
              <name role="metadata">LECKIE, John</name>
              <name role="display">Senator LECKIE</name>
            </talker>
            <para>- Are we to understand that the Government has no foreign policy except that which is dictated by the Seamen&#39;s Union? </para>
          </talk.start>
          <continue>
            <talk.start>
              <talker>
                <page.no>173</page.no>
                <time.stamp />
                <name.id>K0W</name.id>
                <electorate />
                <party />
                <role />
                <in.gov>0</in.gov>
                <first.speech>0</first.speech>
                <name role="metadata">ASHLEY, William</name>
                <name role="display">Senator ASHLEY</name>
              </talker>
              <para>- It is not usual to deal with matters of policy in answer to questions. </para>
            </talk.start>
          </continue>
        </speech>
      </subdebate.1>
    </debate>
    <debate>
      <debateinfo>
        <title>QUESTION</title>
        <page.no>173</page.no>
        <type>Questions</type>
      </debateinfo>
      <subdebate.1>
        <subdebateinfo>
          <title>TINNED PLATE</title>
          <page.no>173</page.no>
        </subdebateinfo>
        <speech>
          <talk.start>
            <talker>
              <page.no>173</page.no>
              <time.stamp />
              <name.id>KR9</name.id>
              <electorate />
              <party />
              <role />
              <in.gov>0</in.gov>
              <first.speech>0</first.speech>
              <name role="metadata">LECKIE, John</name>
              <name role="display">Senator LECKIE</name>
            </talker>
            <para>- Before the war Australia obtained its supplies of tinned plate from Great Britain, but after the outbreak of war supplies were obtained from the United States of America. I fear that as the result of strikes in the steel industry in the latter country there is a possibility of tinned plate being in short supply in Australia. Will the Minister investigate the position with a view to ensuring that fruit, vegetables, butter, and other goods, will not be lost through a shortage of tinned plate? I understand that unless prompt action be taken there is danger that this country will be left without supplies of this material, which Great Britain cannot manufacture in any considerable quantity. </para>
          </talk.start>
        </speech>
        <speech>
          <talk.start>
            <talker>
              <page.no>173</page.no>
              <time.stamp />
              <name.id>K0W</name.id>
              <electorate />
              <party>ALP</party>
              <role />
              <in.gov>1</in.gov>
              <first.speech>0</first.speech>
              <name role="metadata">ASHLEY, William</name>
              <name role="display">Senator ASHLEY</name>
            </talker>
            <para>- It is true, as stated by the honorable senator, that there is a shortage of tinned plate as the result of industrial trouble in the United States of America, but the Commonwealth Government has been alive to the situation, and has taken steps to secure supplies from both the United States of America and the United Kingdom. There is no danger that the canning industry of Australia will he jeopardized through any lack of supplies so long as the present Government is in office. </para>
          </talk.start>
        </speech>
      </subdebate.1>
    </debate>
    <debate>
      <debateinfo>
        <title>QUESTION</title>
        <page.no>173</page.no>
        <type>Questions</type>
      </debateinfo>
      <subdebate.1>
        <subdebateinfo>
          <title>PUBLIC SERVICE</title>
          <page.no>173</page.no>
        </subdebateinfo>
        <para>S i: i&#34; eh an n uUATIok - Preference to ex-Service Personnel. </para>
        <speech>
          <talk.start>
            <talker>
              <page.no>173</page.no>
              <time.stamp />
              <name.id>K5X</name.id>
              <electorate>VICTORIA</electorate>
              <party />
              <role />
              <in.gov>0</in.gov>
              <first.speech>0</first.speech>
              <name role="metadata">SHEEHAN, James</name>
              <name role="display">Senator SHEEHAN</name>
            </talker>
            <para>asked the Minister representing the Prime Minister, <inline font-style="italic">upon notice - *</inline></para>
          </talk.start>
          <list type="decimal-dotted">
            <item label="1.">
              <para>Is it a fact that certain returned soldiers and others are employed in the Commonwealth Public Service in a temporary capacity who are ineligible for appointment to the permanent stall because of certain physical defects (not due to war service) which prevent them from being  eligble  for benefits under the Superannuation Act? </para>
            </item>
            <item label="2.">
              <para>If so, will the Minister consider introducing amending legislation on&#39; the lines adopted by the Victorian State Parliament to enable persons so incapacitated to tie placed on the permanent staff without becoming entitled to the benefits of the Superannuation Act? </para>
            </item>
          </list>
        </speech>
        <speech>
          <talk.start>
            <talker>
              <page.no>173</page.no>
              <time.stamp />
              <name.id>K0W</name.id>
              <electorate />
              <party>ALP</party>
              <role />
              <in.gov>1</in.gov>
              <first.speech>0</first.speech>
              <name role="metadata">ASHLEY, William</name>
              <name role="display">Senator ASHLEY</name>
            </talker>
            <para>- The Prime Minister has supplied the following answers : - </para>
          </talk.start>
          <list type="decimal-dotted">
            <item label="1.">
              <para>Provision for the permanent appointment, without the benefits of superannuation, of returned soldiers suffering from such physical defects as would prevent, their admission to  the Commonwealth Service under the ordinary conditions is contained in section 84 (8) of the Commonwealth Public Service Act, and a large number of appointments in pursuance thereof has been ma.dc. A liberal interpretation has been placed on section 84 (8) as affecting returned soldiers in determining whether a disability is due to war service. In some casus this is not clear, and the benefit of doubt has been given to the returned soldier who has been accepted. No provision exists for the permanent appointment, without the benefits of superannuation, of persons other than returned soldiers, suffering from such physical defects as would . prevent their admission to the Commonwealth&#39; Service under the ordinary circumstances. </para>
            </item>
            <item label="2.">
              <para>Bearing in mind the difficulties already experienced in finding suitable employment for returned soldiers with physical defects, the Government cannot see its way to concur in any proposal for the general admission to the Service of persons reported by Commonwealth medical officers as not being physically fit and being unlikely to render efficient service up to the normal retiring age. </para>
            </item>
          </list>
        </speech>
        <speech>
          <talk.start>
            <talker>
              <page.no>174</page.no>
              <time.stamp />
              <name.id>JQP</name.id>
              <electorate />
              <party />
              <role />
              <in.gov>0</in.gov>
              <first.speech>0</first.speech>
              <name role="metadata">COOPER, Walter</name>
              <name role="display">Senator COOPER</name>
            </talker>
            <para>asked the Minister representing the Prime Minister, <inline font-style="italic">upon notice -</inline></para>
          </talk.start>
          <list type="decimal-dotted">
            <item label="1.">
              <para>Is it the policy of the Government in making appointments to Commonwealth positions to give preference to ex -servicemen <inline font-style="italic">1</inline></para>
            </item>
            <item label="2.">
              <para>Who were appointed to the following positions in Brisbane: - (5) Secretary to the Works Director, Department of Works and Housing; (6) Superintendent of Stores in that department; <inline font-style="italic">lc)</inline> Disposals Officer, Commonwealth Disposals Commission: and (d) Disposals Co-ordinating Officer, Commonwealth Disposals Commission? </para>
            </item>
            <item label="3.">
              <para>Are any of these officers ex-servicemen? </para>
            </item>
            <item label="4.">
              <para>Were applications invited for these positions by advertisements in the press? <inline font-style="italic">ti.</inline> If so, in which newspapers and when? </para>
            </item>
          </list>
          <continue>
            <talk.start>
              <talker>
                <page.no>174</page.no>
                <time.stamp />
                <name.id>K0W</name.id>
                <electorate />
                <party />
                <role />
                <in.gov>0</in.gov>
                <first.speech>0</first.speech>
                <name role="metadata">ASHLEY, William</name>
                <name role="display">Senator ASHLEY</name>
              </talker>
              <para>- The answers to the honorable senators questions are as follows : - </para>
            </talk.start>
          </continue>
          <list type="decimal-dotted">
            <item label="1.">
              <para>Yes. 2. <inline font-style="italic">la.)</inline> There is no position of Secretary to the Works Director, Department of Works and Housing, Brisbane. (6) The position of Superintendent of Stores, Department of Works and Housing, Brisbane, has been filled for the past two years by an officer on loan from the State Government of New South Wales, (o) and (rf) No officers on the staff of the Commonwealth Disposals Commission in Brisbane has been designated with the title of Disposals Officer or Disposals Co-ordinating Officer. </para>
            </item>
            <item label="3.">
              <para>See answer to No. 2 <inline font-style="italic">la).</inline> With regard to the position referred to in No. 2 (6K the officer concerned is a returned soldier. In connexion with No. 2 (o) and (rf)- it is advised that all male officers on the staff of the Commonwealth Disposals Commission in Queensland are returned soldiers either from the 1914-18 or the recent war. 4 and 5. See answer to No. 2 (&#171;). With regard to No. 2 (6) applications were not invited by advertisement in the press. In connexion with No. 2 (c) and (d), the Disposals Commission has, except in exceptional&#39; cases, followed the practice of advertising vacant positions. For instance, when the positions of Property Officer and Assistant Property Officer in Brisbane were created, advertisements appealed in the Brisbane daily press on four occasions, via., on 7th. 14th. 21st and 28th April. 1945. </para>
            </item>
          </list>
        </speech>
      </subdebate.1>
    </debate>
    <debate>
      <debateinfo>
        <title>QUESTION</title>
        <page.no>174</page.no>
        <type>Questions</type>
      </debateinfo>
      <subdebate.1>
        <subdebateinfo>
          <title>HOUSING</title>
          <page.no>174</page.no>
        </subdebateinfo>
        <speech>
          <talk.start>
            <talker>
              <page.no>174</page.no>
              <time.stamp />
              <name.id>K2F</name.id>
              <electorate>VICTORIA</electorate>
              <party />
              <role />
              <in.gov>0</in.gov>
              <first.speech>0</first.speech>
              <name role="metadata">BRAND, Charles</name>
              <name role="display">Senator BRAND</name>
            </talker>
            <para>asked the Minister representing the Minister for Works and Housing, <inline font-style="italic">upon notice -</inline></para>
          </talk.start>
          <list type="decimal-dotted">
            <item label="1.">
              <para>Is the Minister satisfied with the manner in which the Victorian Government is implementing regulation 15a of the National Security (War Service Moratorium) Regulations? </para>
            </item>
            <item label="2.">
              <para>Has the Minister received a communication from the Soldiers and Sailors Fathers Association of Victoria making a complaint regarding the delay in finalizing arrangements in connexion with the compulsory acquisition of land by the Victorian Housing Commission? </para>
            </item>
          </list>
        </speech>
        <speech>
          <talk.start>
            <talker>
              <page.no>174</page.no>
              <time.stamp />
              <name.id>K7P</name.id>
              <electorate />
              <party>ALP</party>
              <role />
              <in.gov>1</in.gov>
              <first.speech>0</first.speech>
              <name role="metadata">COLLINGS, Joseph</name>
              <name role="display">Senator COLLINGS</name>
            </talker>
            <para>- The Minister for Works and Housing has supplied the following answers: - </para>
          </talk.start>
          <list type="decimal-dotted">
            <item label="1.">
              <para>^Regulation 15a of the National Security (War Service Moratorium) Regulations ceased to have effect when the <inline font-style="italic">Re-establishment and Employment Act</inline> 1945 came into operation on 27th August, 1945; but by virtue of section 100 (3.) of that act the consent given to the Victorian Housing Commission under that regulation was continued in force. I am informed that no complaints have been received by the Attorney-General&#39;s Department during recent months as to the manner in which the Victorian Housing Commission is, in pursuance of the consent given, compulsorily acquiring land owned by members of the Forces for housing purposes. </para>
            </item>
            <item label="2.">
              <para>No. </para>
            </item>
          </list>
        </speech>
      </subdebate.1>
    </debate>
    <debate>
      <debateinfo>
        <title>QUESTION</title>
        <page.no>174</page.no>
        <type>Questions</type>
      </debateinfo>
      <subdebate.1>
        <subdebateinfo>
          <title>AUSTRALASIAN PERFORMING RIGHT ASSOCIATION</title>
          <page.no>174</page.no>
        </subdebateinfo>
        <para>
          <inline font-weight="bold">Senator LAMP</inline>(through <inline font-weight="bold">Senator</inline></para>
        <para class="block">Clothier)  asked the Postmaster-General, <inline font-style="italic">upon notice -</inline></para>
        <list type="decimal-dotted">
          <item label="1.">
            <para>Is it a fact that the Australasian Performing Bight. Association is holding unclaimed moneys collected from the Australian public? </para>
          </item>
          <item label="2.">
            <para>If so, what is the amount? </para>
          </item>
          <item label="3.">
            <para>What was the percentage of money collected by the Australasian Performing Eight Association on behalf of oversea interests? </para>
          </item>
          <item label="4.">
            <para>What was the revenue of the Australasian Performing Right Association for the rear. 1943-44 and 1944-45? </para>
          </item>
          <item label="5.">
            <para>Is the -Australasian Performing Right Association required .to produce written authorizations before collection ? If not, why not? </para>
          </item>
          <item label="6.">
            <para>What amount has been paid to the Australasian Performing Right Association by the Australian Broadcasting Commission during the years 1943-44 and 1944-45? </para>
          </item>
          <item label="7.">
            <para>Will the Government bring down legislation to control such organizations as the Australasian Performing Right Association? </para>
          </item>
        </list>
        <speech>
          <talk.start>
            <talker>
              <page.no>175</page.no>
              <time.stamp />
              <name.id>L8E</name.id>
              <electorate>VICTORIA</electorate>
              <party>ALP</party>
              <role>Postmaster-General</role>
              <in.gov>1</in.gov>
              <first.speech>0</first.speech>
              <name role="metadata">CAMERON, Donald</name>
              <name role="display">Senator CAMERON</name>
            </talker>
            <para>- I have received the following information from the association in respect to questions I to 6:-  1 and 2. The association does not hold any unclaimed moneys. It collects fees only in respect of copyright works placed in its control by its principals. The association does not collect fees for, nor is it interested in noncopyright music which, of course, may be performed in public without permission or payment of any fee. </para>
          </talk.start>
          <list type="decimal-dotted">
            <item label="3.">
              <para>For the year ended 30th June, 1945, the percentage of fees distributed by the association to oversea interests was approximately 50 per cent. Of the fees payable by the association on behalf of European interests, approximately 75 per cent, is in respect of British music. Since the outbreak of war, fees due to members of performing right societies in enemy and enemy-occupied countries have been paid to the Custodian of Enemy Property. </para>
            </item>
          </list>
          <para class="block">
            <graphic href="186332194603133_7_0.jpg" />
          </para>
          <list type="decimal-dotted">
            <item label="5.">
              <para>The association grants what is generally called a &#34;blanket&#34; licence, which for practical purposes may bc said to embrace all copyright music in general use. This follows naturally from the facts (&#171;) that copyright owners for their own protection are members of their respective national organizations and (6) that the association acts for its own members and for the members of the overseas societies. The scope of the association&#39;s repertoire was fully explored by the Royal Commission on Performing Right, 1932-33. and the report deals with the matter at pages 7-9. When its rights have been challenged by persons conducting public entertainments and the association has been compelled to appeal for judicial protection, the courts, without exception, have been fully satisfied as to the right to collect fees. The association assumes the obligation to produce, if desired, written authorization to collect fees for the public performance of musical works (in terms of the Common wealth Copyright Act) of which the right of such performances is vested in the association by composers, authors and publishers. </para>
            </item>
            <item label="6.">
              <para>The Australian Broadcasting Commission paid to the association fees in respect of the following years: - </para>
            </item>
          </list>
          <para>Year ended 30th. June, 1944- &#163;34,330 14s. 2d. (078,356 performance units). </para>
          <para>Year ended 30th June, 1945 - &#163;34,750 lis. 7d. (estimated 697,082 performance units). </para>
          <list type="decimal-dotted">
            <item label="7.">
              <para>With regard to question 7 the Parliamentary Standing Committee on Broadcasting has recommended that &#39;&#39; legislation should be introduced to provide for compulsory arbitration as a last resort for the settlement in regard to authors&#39; and record manufacturers&#39; performing right fees &#34;. The matter is at present under consideration by the Attorney-General. </para>
            </item>
          </list>
        </speech>
      </subdebate.1>
    </debate>
    <debate>
      <debateinfo>
        <title>QUESTION</title>
        <page.no>175</page.no>
        <type>Questions</type>
      </debateinfo>
      <subdebate.1>
        <subdebateinfo>
          <title>APPLES AND ORANGES</title>
          <page.no>175</page.no>
        </subdebateinfo>
        <speech>
          <talk.start>
            <talker>
              <page.no>175</page.no>
              <time.stamp />
              <name.id>K0N</name.id>
              <electorate>NEW SOUTH WALES</electorate>
              <party />
              <role />
              <in.gov>0</in.gov>
              <first.speech>0</first.speech>
              <name role="metadata">ARNOLD, James</name>
              <name role="display">Senator ARNOLD</name>
            </talker>
            <para>asked the Minister representing the Acting Minister for Trade and Customs, <inline font-style="italic">upon notice -</inline></para>
          </talk.start>
          <list type="decimal-dotted">
            <item label="1.">
              <para>ls it a fact that the Prices Commissioner has power to fix a price for the sale of apples of up to 600 per cent, in advance of the price paid to the grower; if so, what are the factors that permit the price being fixed in this manner? </para>
            </item>
            <item label="2.">
              <para>Will the Minister supply the same information in regard to oranges? </para>
            </item>
            <item label="3.">
              <para>If the price for the sale of apples and oranges is fixed in the manner described in question 1, will the Minister take steps to see that this vital fruit is supplied to the public at a reasonable price after allowing a fair profit to the grower? </para>
            </item>
          </list>
        </speech>
        <speech>
          <talk.start>
            <talker>
              <page.no>175</page.no>
              <time.stamp />
              <name.id>K7P</name.id>
              <electorate />
              <party>ALP</party>
              <role />
              <in.gov>1</in.gov>
              <first.speech>0</first.speech>
              <name role="metadata">COLLINGS, Joseph</name>
              <name role="display">Senator COLLINGS</name>
            </talker>
            <para>- The Acting Minister for Trade and Customs has supplied the following answers: - </para>
          </talk.start>
          <list type="decimal-dotted">
            <item label="1.">
              <para>The Tasmanian and Western Aust;u,;ian crops of apples are marketed by the Apple and Pear Marketing Board and details of their arrangements may be obtained from the Minister for Commerce and Agriculture. Regarding apples produced in other States the distribution proceeds through trade channels and there i.* no likelihood of margins equivalent to 600 per cent, on cost being obtained by dealers. The average retail price would be in the vicinity of growers&#39;. selling price plus 40 per cent., but where fruit, has been stored the margin would be higher in order to cover the additional costs involved. Apples marketed in Australia by the Apple and Pear Board through ordinary trade channels would be subject to the same selling margins as nan-Board apples, viz., 40 per cent. </para>
            </item>
            <item label="2.">
              <para>Oranges are marketed through the growers&#39; agents who obtain a commission fixed by Sta.te marketing legislation. Growers may also sell direct to retailers or consumers. Retailers are permitted to add a margin of 25 per cent, to their cost into store. </para>
            </item>
            <item label="3.">
              <para>In determining the maximum prices for these goods careful consideration is given both to the interests of the growers and consumers. </para>
            </item>
          </list>
        </speech>
      </subdebate.1>
    </debate>
    <debate>
      <debateinfo>
        <title>QUESTION</title>
        <page.no>176</page.no>
        <type>Questions</type>
      </debateinfo>
      <subdebate.1>
        <subdebateinfo>
          <title>REPATRIATION</title>
          <page.no>176</page.no>
        </subdebateinfo>
        <para class="block">Tuberculosis Among SouthAustralian Service Personnel - Medical Staff. </para>
        <speech>
          <talk.start>
            <talker>
              <page.no>176</page.no>
              <time.stamp />
              <name.id>KUA</name.id>
              <electorate />
              <party />
              <role />
              <in.gov>0</in.gov>
              <first.speech>0</first.speech>
              <name role="metadata">MCLEAY, George</name>
              <name role="display">Senator McLEAY</name>
            </talker>
            <para>asked the Minister representing the Minister for Repatriation, <inline font-style="italic">upon notice -</inline></para>
          </talk.start>
          <list type="decimal-dotted">
            <item label="1.">
              <para>Is the statement by eminent medical authorities in South Australia correct, viz. - that there have been about 130 cases of proved active pulmonary tuberculosis amongst South Australian servicemen and women, and that more than 50 of these were unsuspected cases detected on discharge from the services? </para>
            </item>
            <item label="2.">
              <para>Is there a serious shortage of up to date equipment and sanatorium accommodation in South Australia? </para>
            </item>
            <item label="3.">
              <para>If so, is it a fact that suspected and proved cases of tuberculosis arc being kept in the services because of this lack of sanatorium accommodation? </para>
            </item>
            <item label="4.">
              <para>Is it a. fact that South Australian service members are being sent to the Army Hospital at Bonegilla in Victoria owing to the accommodation shortages in South Australia? </para>
            </item>
            <item label="5.">
              <para>Has the Government received an offer from the South Australian Division of the Red Cross Society to provide a modern fullyequipped sanatorium near Adelaide for the treatment of tuberculosis cases in the forces, or discharged service personnelat an estimated cost of &#163;150,000? </para>
            </item>
            <item label="6.">
              <para>If the answer to 5 is in the affirmative. will the Minister state whether a decision has yet been reached in relation to this generous offer: if not, in view of this grave national danger, when will the Governmentannounce whether it intends to accept or reject it? </para>
            </item>
          </list>
        </speech>
        <speech>
          <talk.start>
            <talker>
              <page.no>176</page.no>
              <time.stamp />
              <name.id>L8E</name.id>
              <electorate />
              <party>ALP</party>
              <role />
              <in.gov>1</in.gov>
              <first.speech>0</first.speech>
              <name role="metadata">CAMERON, Donald</name>
              <name role="display">Senator CAMERON</name>
            </talker>
            <para>- The Minister for Repatriation has supplied the following answers: - </para>
          </talk.start>
          <list type="decimal-dotted">
            <item label="1.">
              <para>Up to the end of September, 1945, the total number of cases of the pulmonary tuber- culosis among discharged members of the forces of the 1930-45 war was 132. Of this number only eight were unsuspected cases detected by the X-ray prior to discharge. </para>
            </item>
            <item label="2.">
              <para>As complete statistics have not yet been received from the services, a definite answer cannot be given. It can, however, be stated that there are still empty beds in the special tuberculosis wards at the Repatriation General Hospital, Keswick, and at the Repatriation Sanatorium, Belair. There has been some difficulty in arranging accommodation for female ex-members of the forces. 3 and 4. It is understood that some South Australian members of the forces are being sent to Bonegilla Army Hospital in Victoria. Retention as members of the forces is in accord with the general policy in regard to&#39; the time at which an invalid should be dis- charged from war service. 5.Yes. </para>
            </item>
            <item label="6.">
              <para>The Repatriation Commission has now recommended that the offer should be accepted, and has suggested that a conference be held between the South Australian Division of the Red Cross Society, the Department of the Army and the Repatriation Commission. </para>
            </item>
          </list>
        </speech>
        <speech>
          <talk.start>
            <talker>
              <page.no>176</page.no>
              <time.stamp />
              <name.id>K7M</name.id>
              <electorate>WESTERN AUSTRALIA</electorate>
              <party>NAT; UAP from 1937</party>
              <role />
              <in.gov>0</in.gov>
              <first.speech>0</first.speech>
              <name role="metadata">COLLETT, Herbert</name>
              <name role="display">Senator COLLETT</name>
            </talker>
            <para>asked the Minister representing the Minister for Repatriation, <inline font-style="italic">upon notice -</inline></para>
          </talk.start>
          <list type="decimal-dotted">
            <item label="1.">
              <para>In order to secure even greater efficiency, and meet the heavy demands likely to be made upon it in the near future, is it proposed to augment and re-organize the medical staff of the Repatriation Commission? </para>
            </item>
            <item label="2.">
              <para>What additional medical officers have been appointed to the staff since the 1st July. 1943? </para>
            </item>
          </list>
          <continue>
            <talk.start>
              <talker>
                <page.no>176</page.no>
                <time.stamp />
                <name.id>L8E</name.id>
                <electorate />
                <party />
                <role />
                <in.gov>0</in.gov>
                <first.speech>0</first.speech>
                <name role="metadata">CAMERON, Donald</name>
                <name role="display">Senator CAMERON</name>
              </talker>
              <para>- The Minister for Repatriation has supplied the following answers :  - </para>
            </talk.start>
          </continue>
          <list type="decimal-dotted">
            <item label="1.">
              <para>Yes. </para>
            </item>
            <item label="2.">
              <para>The additional medical staff so far engaged is 24. viz., an increase from62 as from 30th June 1943 to 86 at 30th September 1945. </para>
            </item>
          </list>
        </speech>
      </subdebate.1>
    </debate>
    <debate>
      <debateinfo>
        <title>PAPERS</title>
        <page.no>176</page.no>
        <type>papers</type>
      </debateinfo>
      <para>The following papers were pre sented :  - </para>
      <quote>
        <para>Air Force Act - Regulations - Statutory Rules- 1945, Nos. 175, 196, 201. 1946, Nos. 33, 40. </para>
        <para>Arbitration (Public Service) Act - Deter- minations by the Arbitrator, &#38;c. - </para>
        <para>No. 48 of 1945 - Commonwealth Public Service Clerical Association. </para>
        <para>No. 49 of 1945 - Federated Ironworkers Association of Australia. </para>
        <para>No. 50 of 1945 - Amalgamated Engineering Union ; and others. </para>
        <para>No. 51 of 1945 - Commonwealth Public Service Clerical Association. </para>
        <para>Nos. 52-55 of 1945 - Federated Ironworkers&#39; Association of Australia. </para>
        <para>No. 56 of 1945 - Amalgamated Engineering Union; and others. </para>
        <para>No. 57 of 1945 - Commonwealth Postmasters&#39; Association; and others. </para>
        <para>No. 58 of 1945 - Commonwealth Public Service Artisans&#39; Association of Australia. </para>
        <para>No. 1 of 1946 - Amalgamated Postal Workers&#39; Union of Australia. </para>
        <para>No. 2 of 1946 - Federated Ironworkers&#39; Association of Australia. </para>
        <para>No. 3 of 1946 - Commonwealth PublicService Artisans&#39; Association. </para>
        <para>No. 4 of 1946 - Commonwealth Telephone Officers&#39; Association. </para>
        <para>No. 5 of 1946 - Professional Officers&#39; Association, Commonwealth Public Service; Commonwealth Public Service Clerical Association; Commonwealth Legal Professional Officers&#39; Association; Commonwealth Temporary Clerks&#39; Association; Federated Clerks&#39; Union of Australia; and Amalgamated Engineering Union. </para>
      </quote>
      <para>Australian Broadcasting Act - Thirteenth Annual Report and Balance-sheet of the Australian Broadcasting Commission, for year 1944-45. </para>
      <para>Australian Imperial Force Canteens Funds Act - Report by Auditor-General upon accounts of Trustees of Fund, for year 1944-45. </para>
      <para class="block">Australian Soldiers&#39; Repatriation Act - </para>
      <para class="block">Regulations - Statutory Rules 1946. No. 16. </para>
      <para class="block">War Pensions Entitlement Appeal Tribunals - Reports for year 1944-45. </para>
      <para class="block">Commonwealth Disposals Commission - First Annual Report, for year ended 31st August, 1945. </para>
      <para class="block">Commonwealth Employees&#39; Compensation Act - Regulations - Statutory Rules 1946. No. 37. </para>
      <para class="block">Commonwealth Public Service Act - </para>
      <para class="block">Appointment - Department of Civil Aviation - L. B. Tulloh. </para>
      <para>Regulations - Statutory Rules 1946, No. 22. </para>
      <para class="block">Twenty-first Report on the Commonwealth Public Service by Board of Commissioners, dated 18th February, 1946. </para>
      <para class="block">Commonwealth Public Works Committee Act -Regulations - Statutory Rules 1946, No. 21. </para>
      <para>Commonwealth Railways Act - Report on Commonwealth Railways operations for year 1944-45. </para>
      <para>Commonwealth Shipping Act - Australian Commonwealth Shipping Board - Cockatoo Island Dockyard - Balance-sheet and Liquidation Account, together with Auditor-General&#39;s Report thereon, for year ended 28th February, 1945. </para>
      <para>Copyright Act - Regulations - Statutory Rules 1945, No. 198. </para>
      <para>Customs Act- </para>
      <para>Customs Proclamations - Nos.637-643; 647-650. </para>
      <para class="block">Regulations - Statutory Rules - 1945. No. 186. 1946, No. 10. </para>
      <para class="block">Dairy Produce Export Control Act - </para>
      <para class="block">Regulations - Statutory Rules 1946, No. 13. </para>
      <para class="block">Twentieth Annual Report of the Australian Dairy Produce Board, for year 1944-45, together with Statement by Minister regarding the operation of the Act. </para>
      <para class="block">Darwin Lands Acquisition Act, Lands Acquisition. Act, and Lands&#39; Acquisition Ordinance of the Northern Territory - Land acquired for purposes of replanning and development, and institution of system of leasehold tenure - Darwin, Northern Territory. </para>
      <para>Defence Act - Regulations - Statutory Rules - 1945,Nos. 180, 195. 1946, Nos.6, 7, 38. </para>
      <para class="block">Defence Act and Naval Defence Act - Regulations - Statutory Rules -  1945, Nos. 157, 172. 1946 Nos. 8, 31 . </para>
      <para class="block">Defence Act, Naval Defence Act and Air </para>
      <para>Force Act - Regulations - Statutory Rules 1946. No. 39. </para>
      <para class="block">Designs Act - Regulations - Statutory Rules 1945, No. 200. </para>
      <para class="block">High Commissioner Act - Regulations -  Statutory Rules. 1946. No. 50. </para>
      <para class="block">Hospital Benefits Act - Regulations - Statutory Rules 1946, No. 2. </para>
      <para class="block">Immigration Act - Regulations - Statutory Rules 1946. No. 20. </para>
      <para class="block">Income Tax Assessment Act - Regulations - Statutory Rules 1945, Nos. 169, 192. </para>
      <para class="block">Judiciary Act - Rule of Court, dated 16th October, 1945. </para>
      <para class="block">Lands Acquisition Act - Land acquired for - Commonwealth purposes - </para>
      <para>Amberley, Queensland. </para>
      <para>Belmont, Western Australia. </para>
      <para>Broome, Western Australia. </para>
      <para>Byford, Western Australia. </para>
      <para>Camden, New South Wales. </para>
      <para>Cloncurry, Queensland. </para>
      <para>Coffs Harbour, New South Wales. </para>
      <para>East Adelaide, South Australia. </para>
      <para>Ekibin, Queensland. </para>
      <para>Greta, &#39;New South Wales. </para>
      <para>Hobart, Tasmania. </para>
      <para>Holland Park, Queensland. </para>
      <para>Kempsey, New South Wales. </para>
      <para>Lake Boga, Victoria. </para>
      <para>Launceston, Tasmania. </para>
      <para>Lilli Pilli, New South Wales. </para>
      <para>Lowood, Queensland. </para>
      <para>Mascot, New South Wales. </para>
      <para>Merredin, Western Australia. </para>
      <para>Mount Nebo (near Wollongong) . New South Wales. </para>
      <para>Narromine, New South Wales (2). </para>
      <para>Newington, New South Wales. </para>
      <para>Onslow, Western Australia. </para>
      <para>Pearce, Western Australia. </para>
      <para>Port Hedland, Western Australia. </para>
      <para>Puckapunyal, Victoria. </para>
      <para>Robertson, New South Wales. </para>
      <para>Roebourne, Western Australia. </para>
      <para>Roma, Queensland. </para>
      <para>South Brisbane, Queensland. </para>
      <para>Sydney, New South Wales (2). </para>
      <para>Wagga Wagga, New South Wales. </para>
      <para>Warwick, Queensland. </para>
      <para>White Rock (near Cairns), Queensland. </para>
      <para>Wollongong, New South Wales. </para>
      <para>Yelta, Victoria. </para>
      <para>Postal purposes - </para>
      <para>Bundaberg, Queensland. </para>
      <para>Callawa, Western Australia. </para>
      <para>Camberwell, Victoria. </para>
      <para>Cannington, Western Australia. </para>
      <para>Carlton. Victoria. </para>
      <para>Caulfield South, Victoria. </para>
      <para>Cheltenham, Victoria. </para>
      <para>Coorparoo, Queensland. </para>
      <para>Fitzroy  Crossing,  Western Australia. </para>
      <para>Glen Iris, Victoria. </para>
      <para>Henley Beach, South Australia. </para>
      <para>Jarvisfield, Queensland. </para>
      <para>Kew, Victoria. </para>
      <para>Konong Wootong, Victoria. </para>
      <para>Kooyong, Victoria. </para>
      <para>Maryborough, Queensland. </para>
      <para>Mayfield, New South Wales. </para>
      <para>Miriam Vale, Queensland. </para>
      <para>Mount Barker, South Australia. </para>
      <para class="block">New Farm, Queensland. </para>
      <para class="block">Northbridge, New South Wales. </para>
      <para class="block">Penrith. New South Wales. </para>
      <para class="block">Perth, Western Australia. </para>
      <para class="block">Richmond, Victoria. </para>
      <para class="block">West Melbourne, Victoria. </para>
      <para class="block">Telephonic purposes - </para>
      <para class="block">Atherton, Queensland. </para>
      <para class="block">Gordonvale, Queensland. </para>
      <para class="block">National Security Act - </para>
      <para class="block">National Security (Agricultural Aids) Regulations - Orders - </para>
      <para class="block">Bran and pollard (Restriction of sales) (No. 2). </para>
      <para class="block">Hay. straw and chaff (New South Wales), (Queensland), (Tasmania) and (Victoria) - Revocations. </para>
      <para class="block">National Security (Agricultural Machinery ) Regulations - Order - Agricultural machinery (No. 5). </para>
      <para>National Security (Apple and Pear Acquisition) Regulations - Order - Apple and pear acquisition 1945-46. </para>
      <para>National Security (Capital Issues) Regulations - Orders- Exemptions ( 2 ) . </para>
      <para>National Security (Economic Organization) Regulations - Orders - </para>
      <para>Economic organization (Interest rates ) . </para>
      <para>Exemption. </para>
      <para>National Security (Fish) Regulations - Orders - </para>
      <para>Fish markets (New South Wales) - Revocation. </para>
      <para>Sale of fish (New South Wales) Revocation. </para>
      <para>National Security (Food Control) Regulations - </para>
      <para>Orders - Nos. 23-32. </para>
      <para>Orders by State Minister for Agriculture - New South Wales (Nos. 3,4). </para>
      <para>National Security (General) Regulations - </para>
      <para>Bylaws - Controlled areas - Revocations (4). </para>
      <para>Orders - </para>
      <para>Bacon and smallgoods (South Australia) - Revocation. </para>
      <para>Bread industry (Queensland) - Revocation. </para>
      <para>Canvas ware - Revocation. </para>
      <para>Chain manufacture - Revocation. </para>
      <para>Clothing materials investigation - </para>
      <para>Revocation. </para>
      <para>Cocoa, chocolate and confectionery - Revocation. </para>
      <para>Control of - </para>
      <para>Bitumen - Revocation. </para>
      <para>Canned fruits - Revocation. </para>
      <para>Collapsible tubes - Revocation. </para>
      <para>Dextrose - Revocation. </para>
      <para>Elastic materials(No. 3). </para>
      <para>Electric dry battery manufacture - Revocation. </para>
      <para>Electric torch case manufacture - Revocation. </para>
      <para>Essential materials (Nos. 17, 18). </para>
      <para>Footwear (Styles and quality) (No. 8). </para>
      <para>Hand and garden tools - Revocation. </para>
      <para>Horse-shoe manufacture - Revocation. </para>
      <para>Ice (Queensland) - Revocation. </para>
      <para>Leather - Revocation. </para>
      <para>Leather goods (No. 3). </para>
      <para>Leather goods - Revocation. </para>
      <para>Liquid paraffin - Revocation. </para>
      <para>Liquor (No. 5). </para>
      <para>Packages - Revocation. </para>
      <para>Production and distribution of footwear - Revocation. </para>
      <para>Radio service - Revocation. </para>
      <para>Radio spare parts - Revocation. </para>
      <para>Refrigerators and refrigeration equ i pment - Revocation. </para>
      <para>Retail delivery of commodities - Revocation. </para>
      <para>Solder - Revocation. </para>
      <para>Trailer manufacture - Revocation. </para>
      <para>Dry cleaning industry - Revocation. </para>
      <para>Egg vendors (South Australia) - Revocation. </para>
      <para>Feminine outerwear (No. 3). </para>
      <para>Fish (Estimates and returns) - </para>
      <para>Revocation. </para>
      <para>Fishing industry (Estimates and returns ) - Revocation. </para>
      <para>Ice industry (Victoria) - Revocation. </para>
      <para>Knitted goods (No. 3). </para>
      <para>Laundry industry - Revocation. </para>
      <para>Male outerwear (No. 2). </para>
      <para>Manufacture of - </para>
      <para>Domestic furniture (No. 6). </para>
      <para>Fur garments - Revocation. . </para>
      <para>Omnibus bodies - Revocation. </para>
      <para>Merchant ships (Passive defence) - Revocation. </para>
      <para>Milk industry (Queensland) - Revocation. </para>
      <para>Milk vendors (Geelong), (Tasmania) - Revocations. </para>
      <para>Navigation and anchor lights - Revocation. </para>
      <para>Navigation (Aquatic racing on Sydney Harbour ) - Revocation. </para>
      <para>Navigation (Control of public traffic) - Revocation. </para>
      <para>Navigation (Darkening ships) - Revocation. </para>
      <para>Navigation (Recognition procedure) - Revocation. </para>
      <para>Navigation (Small craft) - Revocation. </para>
      <para>Prohibited places - Revocations (45). </para>
      <para>Prohibition of non-essential production (No. 19). </para>
      <para>Protected area - Revocation. </para>
      <para>Protection of exposed personnel  (Merchant ships) - Revocation. </para>
      <para>Protection of shipping (Accommodation for defence personnel ) - Revocation. </para>
      <para>Protection of shipping (Defensive armament) - Revocation. </para>
      <para>Protection of shipping (Paravane equipment) - Revocation. </para>
      <para>Retail grocery (Queensland) - Revocation. </para>
      <para>Rubber (Relaxations). </para>
      <para>Rubber (Relaxations) (No. 2). </para>
      <para>Shirts, collars and pyjamas (No. 2). </para>
      <para>South Australiamilk vendors - Revocation. </para>
      <para>Taking possession of land,&#38;c. (23). </para>
      <para>Use of land. </para>
      <para>Utensils  (Miscellaneous) - Revocation. </para>
      <para>Watches in Australian ships. </para>
      <para>Wholesale butter trade control (South Australia ) - Revocation. </para>
      <para>Wooden tool-handles (Manufacture and sale) - Revocation. </para>
      <para>Woven underwear(No.2). </para>
      <para>Orders and by-laws -Protected areas - </para>
      <para>Revocations (3). </para>
      <para>Orders by State Premiers - </para>
      <para class="block">New South Wales (Nos. 58-60). </para>
      <para class="block">Victoria (No.62). </para>
      <para class="block">National Security (General) Regulations  and National Security (Supplementary) Regulations- Order by State Premier - New South Wales (No. 57). </para>
      <para class="block">National Security (Industrial Property) Regulations - Orders - Inventions and designs (662). </para>
      <para class="block">National Security (Landlordand Tenant) Regulations - Rules- -Fair Rents Board, 1945 (Tasmania). </para>
      <para class="block">National Security (Land Transport) Regulations - Orders - </para>
      <para class="block">Land transport orders (South Australia) - Revocation. </para>
      <para class="block">Passenger vehicles control (Western Australia) - Revocation. </para>
      <para class="block">Revocation of certain road transport orders (dated 1st October, 1945). </para>
      <para class="block">National Security (Man Power) Regulations Orders- Protected undertakings (33). </para>
      <para>National Security (Maritime Industry) Regulations - Orders - Nos. 52,53. </para>
      <para>National Security (Meat Industry Control) Regulations - Order - Meat (No. 35). </para>
      <para>National Security (Mobilization of Electricity Supply) Regulations - </para>
      <para>Determinations - Electricity (Australian Capital Territory) (2). </para>
      <para>Orders - </para>
      <para class="block">Electricity (Australian Capital Territory) (3). </para>
      <para class="block">Electricity - Revocation. </para>
      <para class="block">National Security (Prices) Regulations - </para>
      <para>Declaration- No. 158. </para>
      <para class="block">Orders- Nos. 2197-2328. 2330-2406, 2408-2415. </para>
      <para>National Security (Prisoners of War) Regulations - Orders - </para>
      <para>Prisonersof War Camp (No. 15). </para>
      <para>Prisoners of War (Pay Arrangements) (No. 5). </para>
      <para>Prisoners of War (Payment) (No. G.1. A.2.). </para>
      <para class="block">National Security (Rationing)Regula- tions - Orders - Nos. 1 06-1 1 4 </para>
      <para class="block">National Security (Salvage) Regulations - Order - Salvage - Revocation. </para>
      <para class="block">National Security (Shearing of Sheep) Regulations - Order - Exemption. </para>
      <para class="block">National Security (Shipping Coordination) Regulations-Orders - </para>
      <para class="block">Nos. 106-110. 1946, Nos. 1-3. </para>
      <para>National Security (Supplementary) Regulation - </para>
      <para>Order - Defermentof banking business. </para>
      <para>Orders by State Premiers - </para>
      <para>New South Wales (No. 56). </para>
      <para>Queensland (2 - dated 23rd October. 1945, and 2nd January, 1946). </para>
      <para>South Australia (No. 4of 1945). Tasmania (No. 4). </para>
      <para>Victoria (dated 21st December, 1945). </para>
      <para>Western Australia (dated 7th December, 1945). </para>
      <para>National Security (Vegetable Seeds) Regulations - Notice - Returns ofvegetable seeds. </para>
      <para>Regulations - Statutory Rules - 1945, Nos. 155, 156, 158, 159, 100, 161, 162,163, 165, 168, 107, 168, 173, 178, 179, 184, 187, 188, 189, 203, 204, 205. 1946, Nos. 1, 3, 4, 11, 12, 18, 19, 23, 24, 25, 27, 28, 29, 35, 36, 44. </para>
      <para class="block">Naval Defence Act - Regulations - Statutory Rules 1946. Nos. 26, 32. </para>
      <para class="block">Navigation Act - Regulations - Statutory Rules 1946. Nos. 41, 42. </para>
      <para class="block">Northern Territory Acceptance Act and Northern Territory (Administration) Act- </para>
      <para class="block">Crown Lands Ordinance - Reasons for resumption of reservation of certain lands near Alice Springs (Jay Creek Aboriginal Reserve). </para>
      <para class="block">Ordinance - No. 8 of 1945 - Inquiries. </para>
      <para class="block">Regulations - </para>
      <para class="block">No. 2 of 1945 - (Inspection of Machinery Ordinance). </para>
      <para class="block">No. 3 of 1945 - (Co-operative Trading Societies Ordinance). </para>
      <para class="block">No. 1of 1946 - (Inquiries Ordinance). </para>
      <para class="block">Papua-New Guinea Provisional Administration Act - Ordinances - </para>
      <para class="block">No. 1 of 1945 - Native Labour (Wages and Conditions of Employment). </para>
      <para class="block">No. 2 of 1945 - Treasury. </para>
      <para class="block">No. 3 of 1945- Supply (No. 1) 1945-1946. </para>
      <para>No. 4 of 1945 - Ordinances Interpretation. </para>
      <para class="block">Patents Act - Regulations - Statutory Rules 1945, No. 197. </para>
      <para class="block">Posts and Telegraph Act - Regulations - Statutory Rules 1945, No. 194. </para>
      <para class="block">Quarantine Act - Regulations - Statutory Rules 1946, No. 17. </para>
      <para class="block">Re-establishment and Employment Act - Regulations - Statutory Rules - 1945,Nos. 181, 182. 1946.  Nos.  5, 14, 15. </para>
      <para class="block">Sales Tax Assessment Acts (Nos. 1-9)- Regulations - Statutory Rules 1945, No. 193. </para>
      <para class="block">Science and Industry Endowment Act - Report by Auditor-General on the accounts of the Science and Industry Endowment Fund, for year 1944-45. </para>
      <para class="block">Seat of Government Acceptance Act and Seat of Government (Administration) Act - Ordinances- </para>
      <para class="block">No. 11 of 1945 - Liquor. </para>
      <para class="block">No. 12 of 1945 - Advisory Council. </para>
      <para>Seat of Government (Administration) Act - Statement of Receipts and Expenditure for the Australian Capital Territory, for year 1944-45. </para>
      <para>Social Services Contribution Assessment Act - Regulations - Statutory Rules 1945, No. 191. </para>
      <para>Superannuation Act - Superannuation Board -T wenty-second Annual Report, for year 1943-44. </para>
      <para>Supply and Development Act - Regulations - Statutory Rules 1945, No. 174. </para>
      <para>Trade Marks Act - Regulations - Statutory Rules 1945, No. 199. </para>
      <para>Tuberculosis Act - Regulations- Statutory Rules 1946, No. 9. </para>
      <para>War Crimes Act - Regulations - Statutory Rules- 1945, No. 164. 1946, No. 30. </para>
      <para>War Gratuity Act - Regulations - Statutory Rules 1945, No. 176. </para>
      <para>War Service Homes Act - </para>
      <para>Regulations - Statutory Rules 1945, No. 202. </para>
      <para class="block">Reportof War Service Homes Commission for year 1944-45, together with statements and balance-sheet. </para>
      <para class="block">WineGrapes Charges Act - Regulations - Statutory Rules 1945, No. 171. </para>
      <para class="block">Wine Overseas Marketing Act- Regulations -Statutory Rules 1945, No. 177. </para>
      <para class="block">Wireless Telegraphy Act - Regulations - Statutory Rules 1945, No. 185. </para>
      <para class="block">Women&#39;s Employment Act - Regulations - Statutory Rules 1945, No. 170. </para>
    </debate>
    <adjournment>
      <adjournmentinfo>
        <page.no>180</page.no>
        <time.stamp>15:57:00</time.stamp>
      </adjournmentinfo>
      <para class="block">Senate adjourned at 3.57 p.m. </para>
    </adjournment>
  </chamber.xscript>
</hansard>
