<?xml version="1.0" encoding="utf-8"?>
<hansard xsi:noNamespaceSchemaLocation="../../hansard.xsd" version="2.1" xmlns:xsi="http://www.w3.org/2001/XMLSchema-instance">
  <session.header>
    <date>1908-11-12</date>
    <parliament.no>3</parliament.no>
    <session.no>3</session.no>
    <period.no>0</period.no>
    <chamber>SENATE</chamber>
    <page.no>2143</page.no>
    <proof>0</proof>
  </session.header>
  <chamber.xscript>
    <para class="block">Senate. </para>
    <business.start>
      <day.start>1908-11-12</day.start>
      <para>The  President  took the chair at 2.30 p.m., and read prayers. </para>
    </business.start>
    <debate>
      <debateinfo>
        <title>PAPER</title>
        <page.no>2143</page.no>
        <type>miscellaneous</type>
      </debateinfo>
      <para>
        <inline font-weight="bold">Senator KEATING</inline>laid upon the table the following paper: - </para>
      <quote>
        <para>Lands Acquisition Act1906. - Flinders, Victoria : Postal Purposes. - Notification of the Acquisition of Land. </para>
      </quote>
    </debate>
    <debate>
      <debateinfo>
        <title>SPECIAL ADJOURNMENT</title>
        <page.no>2143</page.no>
        <type>special adjournment</type>
      </debateinfo>
      <subdebate.1>
        <subdebateinfo>
          <title>New Administration - Site for Commonwealth Offices, London,</title>
          <page.no>2143</page.no>
        </subdebateinfo>
        <speech>
          <talk.start>
            <talker>
              <page.no>2143</page.no>
              <time.stamp />
              <name.id>JPC</name.id>
              <electorate>Victoria</electorate>
              <party>Protectionist</party>
              <role>Vice-President of the Executive Council</role>
              <in.gov>1</in.gov>
              <first.speech>0</first.speech>
              <name role="metadata">BEST, Robert</name>
              <name role="display">Senator Sir ROBERT BEST</name>
            </talker>
            <para>&#91;2.32&#93;. - I understand that no definite announcement as to the formation of a new Government can be made, and, therefore, I move - </para>
          </talk.start>
          <quote>
            <para>That the Senate, at its rising, adjourn until Wednesday next. </para>
          </quote>
        </speech>
        <speech>
          <talk.start>
            <talker>
              <page.no>2143</page.no>
              <time.stamp />
              <name.id>KUL</name.id>
              <electorate>New South Wales</electorate>
              <party />
              <role />
              <in.gov>0</in.gov>
              <first.speech>0</first.speech>
              <name role="metadata">MILLEN, Edward</name>
              <name role="display">Senator MILLEN</name>
            </talker>
            <para>. - The purpose of this motion is well understood, and, no doubt, it will be passed without a dissentient voice. I take advantage of this opportunity to invite the outgoing Minister, if it is still within his power, or the incoming one, to expedite a piece of business, which must necessarily be the first to occupy our attention when we re-assemble. It has been announced that a conditional contract has been made by the out-going Government for the purchase of a site in London, and, I understand, that the option is granted for a limited time. </para>
          </talk.start>
          <interjection>
            <talk.start>
              <talker>
                <page.no>2143</page.no>
                <time.stamp />
                <name.id>JPC</name.id>
                <electorate />
                <party />
                <role />
                <in.gov>0</in.gov>
                <first.speech>0</first.speech>
                <name role="metadata">BEST, Robert</name>
                <name role="display">Senator Sir Robert Best</name>
              </talker>
              <para>-  The time has been extended, as I shall announce presently. </para>
            </talk.start>
          </interjection>
          <continue>
            <talk.start>
              <talker>
                <page.no>2143</page.no>
                <time.stamp />
                <name.id>KUL</name.id>
                <electorate />
                <party />
                <role />
                <in.gov>0</in.gov>
                <first.speech>0</first.speech>
                <name role="metadata">MILLEN, Edward</name>
                <name role="display">Senator MILLEN</name>
              </talker>
              <para>- There is a fixed date on which the option will expire. It would greatly convenience honorable senators, I am sure, if the full particulars of the transaction could be made available by means of a printed document before we are called upon to vote in approbation, or otherwise, of the Government&#39;s action. </para>
            </talk.start>
          </continue>
        </speech>
        <speech>
          <talk.start>
            <talker>
              <page.no>2143</page.no>
              <time.stamp />
              <name.id>K1U</name.id>
              <electorate>New South Wales</electorate>
              <party />
              <role />
              <in.gov>0</in.gov>
              <first.speech>0</first.speech>
              <name role="metadata">PULSFORD, Edward</name>
              <name role="display">Senator PULSFORD</name>
            </talker>
            <para>. - The announcementin regard to the formation of a new Ministry will, I assume, be made in the other House on Tuesday, and, if so, it ought to be made simultaneously here. Am I right in that surmise? </para>
          </talk.start>
          <interjection>
            <talk.start>
              <talker>
                <page.no>2143</page.no>
                <time.stamp />
                <name.id>JPC</name.id>
                <electorate />
                <party />
                <role />
                <in.gov>0</in.gov>
                <first.speech>0</first.speech>
                <name role="metadata">BEST, Robert</name>
                <name role="display">Senator Sir Robert Best</name>
              </talker>
              <para>-  I am hardly in a position to say. </para>
            </talk.start>
          </interjection>
          <continue>
            <talk.start>
              <talker>
                <page.no>2143</page.no>
                <time.stamp />
                <name.id>K1U</name.id>
                <electorate />
                <party />
                <role />
                <in.gov>0</in.gov>
                <first.speech>0</first.speech>
                <name role="metadata">PULSFORD, Edward</name>
                <name role="display">Senator PULSFORD</name>
              </talker>
              <para>- Should not the Senate be adjourned until the same date as the other House, and the announcement be made here simultaneously ? </para>
            </talk.start>
          </continue>
          <interjection>
            <talk.start>
              <talker>
                <page.no>2143</page.no>
                <time.stamp />
                <name.id>KTF</name.id>
                <electorate />
                <party />
                <role />
                <in.gov>0</in.gov>
                <first.speech>0</first.speech>
                <name role="metadata">MCGREGOR, Gregor</name>
                <name role="display">Senator McGregor</name>
              </talker>
              <para>-  Not necessarily simultaneously. </para>
            </talk.start>
          </interjection>
          <interjection>
            <talk.start>
              <talker>
                <page.no>2143</page.no>
                <time.stamp />
                <name.id>K7V</name.id>
                <electorate />
                <party />
                <role />
                <in.gov>0</in.gov>
                <first.speech>0</first.speech>
                <name role="metadata">SYMON, Josiah</name>
                <name role="display">Senator Sir Josiah Symon</name>
              </talker>
              <para>-  The Minister might answer the inquiry of <inline font-weight="bold">Senator Pulsford</inline> before he exercised his right of reply, in case some one else may wish to speak. </para>
            </talk.start>
          </interjection>
        </speech>
        <speech>
          <talk.start>
            <talker>
              <page.no>2143</page.no>
              <time.stamp />
              <name.id>10000</name.id>
              <electorate />
              <party />
              <role />
              <in.gov>0</in.gov>
              <first.speech>0</first.speech>
              <name role="metadata">PRESIDENT, The</name>
              <name role="display">The PRESIDENT</name>
            </talker>
            <para>- With the consent of the Senate, I have no objection to the Minister replying to the question. </para>
          </talk.start>
          <interjection>
            <talk.start>
              <talker>
                <page.no>2143</page.no>
                <time.stamp />
                <name.id>JPC</name.id>
                <electorate />
                <party />
                <role />
                <in.gov>0</in.gov>
                <first.speech>0</first.speech>
                <name role="metadata">BEST, Robert</name>
                <name role="display">Senator Sir Robert Best</name>
              </talker>
              <para>-  I am not in a position to state exactly what the arrangements of the incoming Government will be, or whether they will be ready by Tuesday to make an announcement. I did, however, consult the prospective leader of the Senate, and it seemed to him that Wednesday next would be a convenient day to which to adjourn. </para>
            </talk.start>
          </interjection>
          <para>
            <inline font-weight="bold">Senator Sir JOSIAH</inline>SYMON (South Australia) &#91;2.35&#93;. - I do not think that the Vice-President of the Executive Council has quite appreciated the point put to him. </para>
          <interjection>
            <talk.start>
              <talker>
                <page.no>2143</page.no>
                <time.stamp />
                <name.id>JPC</name.id>
                <electorate />
                <party />
                <role />
                <in.gov>0</in.gov>
                <first.speech>0</first.speech>
                <name role="metadata">BEST, Robert</name>
                <name role="display">Senator Sir Robert Best</name>
              </talker>
              <para>-  I did, but I cannot reply otherwise. </para>
            </talk.start>
          </interjection>
          <interjection>
            <talk.start>
              <talker>
                <page.no>2143</page.no>
                <time.stamp />
                <name.id>K7V</name.id>
                <electorate />
                <party />
                <role />
                <in.gov>0</in.gov>
                <first.speech>0</first.speech>
                <name role="metadata">SYMON, Josiah</name>
                <name role="display">Senator Sir JOSIAH SYMON</name>
              </talker>
              <para>- I desire to say a few words in elucidation of the question <inline font-weight="bold">Senator Pulsford</inline> put. It is anticipated that the meeting of the Senate next week will be purely formal. </para>
            </talk.start>
          </interjection>
          <interjection>
            <talk.start>
              <talker>
                <page.no>2143</page.no>
                <time.stamp />
                <name.id>KNB</name.id>
                <electorate />
                <party />
                <role />
                <in.gov>0</in.gov>
                <first.speech>0</first.speech>
                <name role="metadata">GUTHRIE, Robert</name>
                <name role="display">Senator Guthrie</name>
              </talker>
              <para>-  It may or may not. </para>
            </talk.start>
          </interjection>
          <interjection>
            <talk.start>
              <talker>
                <page.no>2143</page.no>
                <time.stamp />
                <name.id>JPC</name.id>
                <electorate />
                <party />
                <role />
                <in.gov>0</in.gov>
                <first.speech>0</first.speech>
                <name role="metadata">BEST, Robert</name>
                <name role="display">Senator Sir Robert Best</name>
              </talker>
              <para>-  I cannot say. </para>
            </talk.start>
          </interjection>
          <interjection>
            <talk.start>
              <talker>
                <page.no>2143</page.no>
                <time.stamp />
                <name.id>KLS</name.id>
                <electorate />
                <party />
                <role />
                <in.gov>0</in.gov>
                <first.speech>0</first.speech>
                <name role="metadata">GIVENS, Thomas</name>
                <name role="display">Senator Givens</name>
              </talker>
              <para>-  We may be called upon to deal at once with the purchase of the London site. </para>
            </talk.start>
          </interjection>
          <interjection>
            <talk.start>
              <talker>
                <page.no>2143</page.no>
                <time.stamp />
                <name.id>K7V</name.id>
                <electorate />
                <party />
                <role />
                <in.gov>0</in.gov>
                <first.speech>0</first.speech>
                <name role="metadata">SYMON, Josiah</name>
                <name role="display">Senator Sir JOSIAH SYMON</name>
              </talker>
              <para>- My honorable friend knows perfectly well that when the formation of a new Ministry is announced the customary and constitutional course is that they should have an adjournment for such reasonable time as they may suggest. </para>
            </talk.start>
          </interjection>
          <interjection>
            <talk.start>
              <talker>
                <page.no>2143</page.no>
                <time.stamp />
                <name.id>KNB</name.id>
                <electorate />
                <party />
                <role />
                <in.gov>0</in.gov>
                <first.speech>0</first.speech>
                <name role="metadata">GUTHRIE, Robert</name>
                <name role="display">Senator Guthrie</name>
              </talker>
              <para>-  If they want it. </para>
            </talk.start>
          </interjection>
          <interjection>
            <talk.start>
              <talker>
                <page.no>2143</page.no>
                <time.stamp />
                <name.id>K7V</name.id>
                <electorate />
                <party />
                <role />
                <in.gov>0</in.gov>
                <first.speech>0</first.speech>
                <name role="metadata">SYMON, Josiah</name>
                <name role="display">Senator Sir JOSIAH SYMON</name>
              </talker>
              <para>- I think that the new Ministry will want an adjournment. The only doubt in my mind is whether they will not want a great deal more than the customary week, but I intend to befriend them in that way by giving them as much latitude as is proper. I take it that there must be a similar intimation made in the other House today, and if an adjournment of that House is desired until Tuesday, with a view to an announcement being made regarding the formation of the new Ministry - which I am sure will be completed by that time - we might just as well adjourn until the same day. If a further adjournment should then be asked for, the two Houses can dispose of the request, and so we need not have the spectacle of one branch of the Legislature sitting on one day, and what persons outside think is the subordinate branch bringing up the rear on the following day. That is what I think&#34; <inline font-weight="bold">Senator Pulsford</inline> had in view. </para>
            </talk.start>
          </interjection>
          <interjection>
            <talk.start>
              <talker>
                <page.no>2144</page.no>
                <time.stamp />
                <name.id>JPC</name.id>
                <electorate />
                <party />
                <role />
                <in.gov>0</in.gov>
                <first.speech>0</first.speech>
                <name role="metadata">BEST, Robert</name>
                <name role="display">Senator Sir Robert Best</name>
              </talker>
              <para>-  I recognised that. </para>
            </talk.start>
          </interjection>
          <interjection>
            <talk.start>
              <talker>
                <page.no>2144</page.no>
                <time.stamp />
                <name.id>K7V</name.id>
                <electorate />
                <party />
                <role />
                <in.gov>0</in.gov>
                <first.speech>0</first.speech>
                <name role="metadata">SYMON, Josiah</name>
                <name role="display">Senator Sir JOSIAH SYMON</name>
              </talker>
              <para>- If the other House is to re-assemble on Tuesday I suggest to my honorable friend - with the concurrence of those who are concerned in the matter - that the Senate should meet on the same day, because we do not want to come back from other States on different days. It would be better to meet on Tuesday. </para>
            </talk.start>
          </interjection>
          <interjection>
            <talk.start>
              <talker>
                <page.no>2144</page.no>
                <time.stamp />
                <name.id>JPC</name.id>
                <electorate />
                <party />
                <role />
                <in.gov>0</in.gov>
                <first.speech>0</first.speech>
                <name role="metadata">BEST, Robert</name>
                <name role="display">Senator Sir Robert Best</name>
              </talker>
              <para>-  When I consulted <inline font-weight="bold">Senator McGregor,</inline> he suggested an adjournment until Wednesday, and it is my duty to yield to any suggestion which he has to make. </para>
            </talk.start>
          </interjection>
          <interjection>
            <talk.start>
              <talker>
                <page.no>2144</page.no>
                <time.stamp />
                <name.id>JU7</name.id>
                <electorate />
                <party />
                <role />
                <in.gov>0</in.gov>
                <first.speech>0</first.speech>
                <name role="metadata">DE LARGIE, Hugh</name>
                <name role="display">Senator de Largie</name>
              </talker>
              <para>-  Why did the honorable gentleman consult <inline font-weight="bold">Senator McGregor?</inline></para>
            </talk.start>
          </interjection>
        </speech>
        <speech>
          <talk.start>
            <talker>
              <page.no>2144</page.no>
              <time.stamp />
              <name.id>KTF</name.id>
              <electorate>South Australia</electorate>
              <party />
              <role />
              <in.gov>0</in.gov>
              <first.speech>0</first.speech>
              <name role="metadata">MCGREGOR, Gregor</name>
              <name role="display">Senator McGREGOR</name>
            </talker>
            <para>. - This is not the first time that the Vice-President of the Executive Council has consulted the leader of the Opposition and myself with regard to an adjournment of the Senate. There was nothing wonderful in the Minister asking me when I entered the Chamber, what adjournment would be the most advisable. If I mentioned an adjournment until Wednesday next, it was because it is a sitting day, according to the Sessional Orders. If the announcement regarding the formation of a new Government is made on Tuesday in another place, there is nothing to prevent a similar announcement being made here on Wednesday next. It was out of regard for the convenience of honorable senators, and pursuant to the sessional order, that I suggested an adjournment until Wednesday next. </para>
          </talk.start>
          <interjection>
            <talk.start>
              <talker>
                <page.no>2144</page.no>
                <time.stamp />
                <name.id>JPC</name.id>
                <electorate />
                <party />
                <role />
                <in.gov>0</in.gov>
                <first.speech>0</first.speech>
                <name role="metadata">BEST, Robert</name>
                <name role="display">Senator Sir Robert Best</name>
              </talker>
              <para>-  I desire to consult the convenience of honorable senators. </para>
            </talk.start>
          </interjection>
        </speech>
        <speech>
          <talk.start>
            <talker>
              <page.no>2144</page.no>
              <time.stamp />
              <name.id>KVD</name.id>
              <electorate>Tasmania</electorate>
              <party />
              <role />
              <in.gov>0</in.gov>
              <first.speech>0</first.speech>
              <name role="metadata">MULCAHY, Edward</name>
              <name role="display">Senator MULCAHY</name>
            </talker>
            <para>. - In order to arrive at the opinion of the Senate I move - </para>
          </talk.start>
          <quote>
            <para>That the words &#34;Wednesday next&#34; be left out, with a view to insert in lieu thereof the words &#34; Tuesday next at three p.m.&#34; </para>
          </quote>
        </speech>
        <speech>
          <talk.start>
            <talker>
              <page.no>2144</page.no>
              <time.stamp />
              <name.id>K7D</name.id>
              <electorate>Queensland</electorate>
              <party />
              <role />
              <in.gov>0</in.gov>
              <first.speech>0</first.speech>
              <name role="metadata">STEWART, James</name>
              <name role="display">Senator STEWART</name>
            </talker>
            <para>. - I think that in the peculiar circumstances of the occasion the amendment is a very appropriate one. If the ordinary course of business were followed, the House of Representatives would meet on Tuesday and adjourn, probably, for a week, and should the motion be carried without amendment the Senate would meet on the Wednesday, and probably adjourn until the following Wednesday. We are aware that honorable senators come here every week from the other States to attend the sittings of Parliament, and I suggest to the VicePresident of the Executive Council and to the incoming Government that it would be more suitable if both Houses met next week on the same day. The business could be completed in both Chambers on that day, and they could then adjourn until the following week. </para>
          </talk.start>
        </speech>
        <speech>
          <talk.start>
            <talker>
              <page.no>2144</page.no>
              <time.stamp />
              <name.id>K78</name.id>
              <electorate>Queensland</electorate>
              <party />
              <role />
              <in.gov>0</in.gov>
              <first.speech>0</first.speech>
              <name role="metadata">ST LEDGER, Anthony</name>
              <name role="display">Senator ST LEDGER</name>
            </talker>
            <para>. - I think the amendment deserves careful consideration. So far as we can gauge business in this and another place, a most important announcement- </para>
          </talk.start>
          <interjection>
            <talk.start>
              <talker>
                <page.no>2144</page.no>
                <time.stamp />
                <name.id>JPC</name.id>
                <electorate />
                <party />
                <role />
                <in.gov>0</in.gov>
                <first.speech>0</first.speech>
                <name role="metadata">BEST, Robert</name>
                <name role="display">Senator Sir Robert Best</name>
              </talker>
              <para>-  If it will save time, I will accept the amendment. </para>
            </talk.start>
          </interjection>
          <interjection>
            <talk.start>
              <talker>
                <page.no>2144</page.no>
                <time.stamp />
                <name.id>KTF</name.id>
                <electorate />
                <party />
                <role />
                <in.gov>0</in.gov>
                <first.speech>0</first.speech>
                <name role="metadata">MCGREGOR, Gregor</name>
                <name role="display">Senator McGregor</name>
              </talker>
              <para>-  I am agreeable. </para>
            </talk.start>
          </interjection>
        </speech>
        <division>
          <division.header>
            <time.stamp />
            <para>Question - That the words proposed to be left out be left out - put. The Senate divided.</para>
          </division.header>
          <division.data>
            <ayes>
              <num.votes>22</num.votes>
              <title>AYES</title>
            </ayes>
            <noes>
              <num.votes>3</num.votes>
              <title>NOES</title>
            </noes>
          </division.data>
          <para>Majority ... ...  19 </para>
          <para>AYES</para>
          <para class="block">
            <graphic href="048332190811122_1_0_1_A.jpg" />
          </para>
          <para>NOES</para>
          <para class="block">
            <graphic href="048332190811122_1_0_2_N.jpg" />
          </para>
          <division.result>
            <para class="block">Question so resolved in the affirmative. </para>
          </division.result>
          <para class="block">Amendment agreed to. </para>
          <para class="block">Question, as amended, resolved in the affirmative. </para>
        </division>
      </subdebate.1>
    </debate>
    <debate>
      <debateinfo>
        <title>ADJOURNMENT</title>
        <page.no>2145</page.no>
        <type>adjournment</type>
      </debateinfo>
      <subdebate.1>
        <subdebateinfo>
          <title>Site for Commonwealth Offices, London</title>
          <page.no>2145</page.no>
        </subdebateinfo>
        <speech>
          <talk.start>
            <talker>
              <page.no>2145</page.no>
              <time.stamp />
              <name.id>JPC</name.id>
              <electorate>Victoria</electorate>
              <party>Protectionist</party>
              <role>Vice-President of the Executive Council</role>
              <in.gov>1</in.gov>
              <first.speech>0</first.speech>
              <name role="metadata">BEST, Robert</name>
              <name role="display">Senator Sir ROBERT BEST</name>
            </talker>
            <para>&#91;2.48&#93;. - I move - </para>
          </talk.start>
          <quote>
            <para>That the Senate do now adjourn. </para>
          </quote>
          <para>In submitting the motion I should like to say that the Government have been able to secure an extension of time for the confirmation, or otherwise, of their negotiations for a tentative contract as to the purchase of the Trafalgar Square site for Commonwealth offices. Speaking from memory, I believe that the timehas been extended (until the 25th inst. I apprehend that the meeting of the Senate on Tuesday will be merely formal, and that an announcement as to the constitution of the new Ministry will then be made. Following upon the suggestion of <inline font-weight="bold">Senator Millen,</inline> I think I shall be justified in the meantime in endeavouring to secure the. particulars which have been asked for by the honorable senator and other honorable senators as to the acquisition of the proposed site. I feel justified in hoping that the statement will be ready when we meet on Tuesday next. </para>
          <para>Question resolved in the affirmative. </para>
        </speech>
      </subdebate.1>
    </debate>
    <adjournment>
      <adjournmentinfo>
        <page.no>2145</page.no>
        <time.stamp>14:50:00</time.stamp>
      </adjournmentinfo>
      <para>Senate  adjourned  at  2.50 p.m. </para>
    </adjournment>
  </chamber.xscript>
</hansard>