<?xml version="1.0" encoding="utf-8"?>
<hansard xsi:noNamespaceSchemaLocation="../../hansard.xsd" version="2.1" xmlns:xsi="http://www.w3.org/2001/XMLSchema-instance">
  <session.header>
    <date>1927-12-15</date>
    <parliament.no>10</parliament.no>
    <session.no>1</session.no>
    <period.no>3</period.no>
    <chamber>SENATE</chamber>
    <page.no>3260</page.no>
    <proof>0</proof>
  </session.header>
  <chamber.xscript>
    <para class="block">Senate. </para>
    <business.start>
      <day.start>1927-12-15</day.start>
      <para>The <inline font-weight="bold">President (Senator the Hon. Sir John Newlands)</inline> took the chair at 3 p.m., and read prayers. </para>
    </business.start>
    <debate>
      <debateinfo>
        <title>QUESTION</title>
        <page.no>3260</page.no>
        <type>Questions</type>
      </debateinfo>
      <subdebate.1>
        <subdebateinfo>
          <title>CANBERRA</title>
          <page.no>3260</page.no>
        </subdebateinfo>
        <para>street Nomenclature. </para>
        <speech>
          <talk.start>
            <talker>
              <page.no>3260</page.no>
              <time.stamp />
              <name.id>JXZ</name.id>
              <electorate>NEW SOUTH WALES</electorate>
              <party />
              <role />
              <in.gov>0</in.gov>
              <first.speech>0</first.speech>
              <name role="metadata">DUNCAN, Walter</name>
              <name role="display">Senator DUNCAN</name>
            </talker>
            <para>- Can the Minister representing the Minister for Home and Territories inform the Senate who were responsible for the naming of the streets of Canberra as indicated on a plan now exhibited in King&#39;s Hall, and by whom were they appointed; and will he state whether honorable senators will have an opportunity to discuss the very extraordinary result of their labours ? </para>
          </talk.start>
          <interjection>
            <talk.start>
              <talker>
                <page.no>3260</page.no>
                <time.stamp />
                <name.id>KLU</name.id>
                <electorate />
                <party />
                <role />
                <in.gov>0</in.gov>
                <first.speech>0</first.speech>
                <name role="metadata">GLASGOW, William</name>
                <name role="display">Senator Sir WILLIAM GLASGOW</name>
              </talker>
              <para>- I shall ask the Minister to get the information desired by the honorable senator and forward it to him. </para>
            </talk.start>
          </interjection>
        </speech>
      </subdebate.1>
    </debate>
    <debate>
      <debateinfo>
        <title>QUESTION</title>
        <page.no>3260</page.no>
        <type>Questions</type>
      </debateinfo>
      <subdebate.1>
        <subdebateinfo>
          <title>TASMANIA N COMMUNICATIONS</title>
          <page.no>3260</page.no>
        </subdebateinfo>
        <speech>
          <talk.start>
            <talker>
              <page.no>3260</page.no>
              <time.stamp />
              <name.id>K3L</name.id>
              <electorate>TASMANIA</electorate>
              <party />
              <role />
              <in.gov>0</in.gov>
              <first.speech>0</first.speech>
              <name role="metadata">SAMPSON, Burford</name>
              <name role="display">Senator SAMPSON</name>
            </talker>
            <para>- With reference to the statement made by the Leader of the Government in the Senate on the 13th instant with regard to Tasmanian shipping communications, will the right honorable gentleman say whether it is the intention of the Government, irrespective of the state of the tide and weather conditions, to make it obligatory that the vessels of the shipping company carrying out the proposed now mail contract shall make their terminus a point on the river Tamar, in the vicinity of Rosevears, and not Launceston ; and if so, whether the Government&#39;s decision is in conformity with the report of the Public Accounts Committee? </para>
          </talk.start>
          <interjection>
            <talk.start>
              <talker>
                <page.no>3260</page.no>
                <time.stamp />
                <name.id>K0F</name.id>
                <electorate />
                <party />
                <role />
                <in.gov>0</in.gov>
                <first.speech>0</first.speech>
                <name role="metadata">PEARCE, George</name>
                <name role="display">Senator Sir GEORGE PEARCE</name>
              </talker>
              <para>- The honorable senator&#39;s question should have been directed to the Minister representing the Postmaster-General, but I shall see that the information he requires is obtained and supplied to him. </para>
            </talk.start>
          </interjection>
        </speech>
      </subdebate.1>
    </debate>
    <debate>
      <debateinfo>
        <title>QUESTION</title>
        <page.no>3260</page.no>
        <type>Questions</type>
      </debateinfo>
      <subdebate.1>
        <subdebateinfo>
          <title>CANBEEEA TO JERVIS BAY RAILWAY</title>
          <page.no>3260</page.no>
        </subdebateinfo>
        <speech>
          <talk.start>
            <talker>
              <page.no>3260</page.no>
              <time.stamp />
              <name.id>JXJ</name.id>
              <electorate>WESTERN AUSTRALIA</electorate>
              <party />
              <role />
              <in.gov>0</in.gov>
              <first.speech>0</first.speech>
              <name role="metadata">NEEDHAM, Edward</name>
              <name role="display">Senator NEEDHAM</name>
            </talker>
            <para>- When recently I asked whether it was the intention of the Government to build  a  railway line  between Canberra and Jervis Bay, I was told that the Government had not considered the matter. I should like to know nowwhen the Government will give consideration to it? </para>
          </talk.start>
          <interjection>
            <talk.start>
              <talker>
                <page.no>3261</page.no>
                <time.stamp />
                <name.id>K0F</name.id>
                <electorate />
                <party />
                <role />
                <in.gov>0</in.gov>
                <first.speech>0</first.speech>
                <name role="metadata">PEARCE, George</name>
                <name role="display">Senator Sir GEORGE PEARCE</name>
              </talker>
              <para>- I regret that I cannot tell the honorable senator when the Government will do so. </para>
            </talk.start>
          </interjection>
        </speech>
      </subdebate.1>
    </debate>
    <debate>
      <debateinfo>
        <title>PUBLIC WORKS COMMITTEE</title>
        <page.no>3261</page.no>
        <type>miscellaneous</type>
      </debateinfo>
      <para>Telephone Exchange, Maroubra - Mail-handling Appliances, Sydney General Post Office. </para>
      <para>
        <inline font-weight="bold">Senator REID</inline>presented the reports of the Parliamentary Standing Committee on Public Works, together with minutes of evidence relating to - </para>
      <quote>
        <list type="decimal-dotted">
          <item label="1.">
            <para>Proposed erection of a telephone exchange at Maroubra, New South Wales; and </para>
          </item>
          <item label="2.">
            <para>Proposed extension of the installation of mail-handling appliances at the General Post Office. Sydney. </para>
          </item>
        </list>
      </quote>
    </debate>
    <debate>
      <debateinfo>
        <title>PAPERS</title>
        <page.no>3261</page.no>
        <type>papers</type>
      </debateinfo>
      <para>The following papers were presented :  - </para>
      <quote>
        <para>Public Service Act - Fourth Report on the Commonwealth Public Service Board of Commissioners, dated 7th November, 1927. </para>
      </quote>
      <para>Ordered to be printed. </para>
      <para>Appointment - Department of Works and Railways - H. Anderson. </para>
      <para>Australian Soldiers&#39; Repatriation Act - Report of the Repatriation Commission for the year ended 30th June, 1927. </para>
      <para>Post and Telegraph Act - Regulations amended - Statutory Rules 1927, Nos. 115, 116, and 127. </para>
    </debate>
    <debate>
      <debateinfo>
        <title>QUESTION</title>
        <page.no>3261</page.no>
        <type>Questions</type>
      </debateinfo>
      <subdebate.1>
        <subdebateinfo>
          <title>WOMEN&#39;S HALL, CANBERRA</title>
          <page.no>3261</page.no>
        </subdebateinfo>
        <speech>
          <talk.start>
            <talker>
              <page.no>3261</page.no>
              <time.stamp />
              <name.id>JXJ</name.id>
              <electorate />
              <party />
              <role />
              <in.gov>0</in.gov>
              <first.speech>0</first.speech>
              <name role="metadata">NEEDHAM, Edward</name>
              <name role="display">Senator NEEDHAM</name>
            </talker>
            <para>- Has the Leader of the Government in the Senate the information for which I asked last night on the adjournment, relative to the setting aside of a site in the Federal Capital for a hall for the women&#39;s organization ? </para>
          </talk.start>
          <interjection>
            <talk.start>
              <talker>
                <page.no>3261</page.no>
                <time.stamp />
                <name.id>K0F</name.id>
                <electorate />
                <party />
                <role />
                <in.gov>0</in.gov>
                <first.speech>0</first.speech>
                <name role="metadata">PEARCE, George</name>
                <name role="display">Senator Sir GEORGE PEARCE</name>
              </talker>
              <para>- I have not been able to get the information desired by the honorable senator, but as soon as it is available I shall forward it to him. </para>
            </talk.start>
          </interjection>
        </speech>
      </subdebate.1>
    </debate>
    <debate>
      <debateinfo>
        <title>QUESTION</title>
        <page.no>3261</page.no>
        <type>Questions</type>
      </debateinfo>
      <subdebate.1>
        <subdebateinfo>
          <title>AUSTRALIAN TRADE PUBLICITY COMMITTEE</title>
          <page.no>3261</page.no>
        </subdebateinfo>
        <speech>
          <talk.start>
            <talker>
              <page.no>3261</page.no>
              <time.stamp />
              <name.id>JRW</name.id>
              <electorate>QUEENSLAND</electorate>
              <party>NAT</party>
              <role>Honorary Minister</role>
              <in.gov>1</in.gov>
              <first.speech>0</first.speech>
              <name role="metadata">CRAWFORD, Thomas</name>
              <name role="display">Senator CRAWFORD</name>
            </talker>
            <para>- On the 9th December, 1927, <inline font-weight="bold">Senator Needham</inline> asked the Minister representing the Minister for Markets and Migration the following question :  - </para>
          </talk.start>
          <quote>
            <para>What was the amount expended by the committee controlling trade publicity in the United Kingdom for the years 1924-25, 1925-26 and 1926-27? </para>
          </quote>
          <para>I am now in a position to furnish the following reply to the honorable senator&#39;s question :  - </para>
          <quote>
            <para>The Australian Trade Publicity Committee did not come into existence until February, 1920. The following amounts have been expended by the committee: - 1925-26, &#163;1,010 19s. 9d.; 1926-27,&#163; 57,647 2s. 6d.; 1927-28 (to the 3rd December, 1927), &#163;32,13911s. 3d. </para>
          </quote>
        </speech>
      </subdebate.1>
    </debate>
    <debate>
      <debateinfo>
        <title>QUESTION</title>
        <page.no>3261</page.no>
        <type>Questions</type>
      </debateinfo>
      <subdebate.1>
        <subdebateinfo>
          <title>MATCH MAKING INDUSTRY</title>
          <page.no>3261</page.no>
        </subdebateinfo>
        <speech>
          <talk.start>
            <talker>
              <page.no>3261</page.no>
              <time.stamp />
              <name.id>K6I</name.id>
              <electorate>SOUTH AUSTRALIA</electorate>
              <party />
              <role />
              <in.gov>0</in.gov>
              <first.speech>0</first.speech>
              <name role="metadata">CHAPMAN, John</name>
              <name role="display">Senator CHAPMAN</name>
            </talker>
            <para>asked the Minister representing the Minister for Trade and Customs, <inline font-style="italic">upon notice -</inline></para>
          </talk.start>
          <list type="decimal-dotted">
            <item label="1.">
              <para>What was the declared value of matches imported during the year 1925-26? </para>
            </item>
            <item label="2.">
              <para>What was the duty paid on them? </para>
            </item>
            <item label="3.">
              <para>What was the value of matches manufactured in Australia during that year? </para>
            </item>
            <item label="4.">
              <para>How many employees were engaged in the manufacture? </para>
            </item>
            <item label="5.">
              <para>What was the amount of wages paid? </para>
            </item>
          </list>
        </speech>
        <speech>
          <talk.start>
            <talker>
              <page.no>3261</page.no>
              <time.stamp />
              <name.id>JRW</name.id>
              <electorate />
              <party>NAT</party>
              <role />
              <in.gov>1</in.gov>
              <first.speech>0</first.speech>
              <name role="metadata">CRAWFORD, Thomas</name>
              <name role="display">Senator CRAWFORD</name>
            </talker>
            <para>- The answers to the honorable seuator&#39;s questions are as follow :  - </para>
          </talk.start>
          <list type="decimal-dotted">
            <item label="1.">
              <para>&#163;279,519. </para>
            </item>
            <item label="2.">
              <para>&#163;152.752. </para>
            </item>
            <item label="3.">
              <para>&#163;512,514. </para>
            </item>
            <item label="4.">
              <para>715. </para>
            </item>
            <item label="5.">
              <para>&#163;110,701. </para>
            </item>
          </list>
        </speech>
      </subdebate.1>
    </debate>
    <debate>
      <debateinfo>
        <title>QUESTION</title>
        <page.no>3261</page.no>
        <type>Questions</type>
      </debateinfo>
      <subdebate.1>
        <subdebateinfo>
          <title>PIANO MANUFACTURE</title>
          <page.no>3261</page.no>
        </subdebateinfo>
        <speech>
          <talk.start>
            <talker>
              <page.no>3261</page.no>
              <time.stamp />
              <name.id>K6I</name.id>
              <electorate />
              <party />
              <role />
              <in.gov>0</in.gov>
              <first.speech>0</first.speech>
              <name role="metadata">CHAPMAN, John</name>
              <name role="display">Senator CHAPMAN</name>
            </talker>
            <para>asked the Minister representing the Minister for Trade and Customs, <inline font-style="italic">upon notice -</inline></para>
          </talk.start>
          <list type="decimal-dotted">
            <item label="1.">
              <para>What was the declared value of pianos imported during the year 1925-26? </para>
            </item>
            <item label="2.">
              <para>What was the duty paid on them? </para>
            </item>
            <item label="3.">
              <para>What was the value of Australian-made pianos for that year? </para>
            </item>
            <item label="4.">
              <para>What was the &#34; added value &#34; given by manufacture ? </para>
            </item>
            <item label="5.">
              <para>How many employees were engaged in the manufacture ? </para>
            </item>
            <item label="6.">
              <para>What was the amount of wages paid? </para>
            </item>
          </list>
        </speech>
        <speech>
          <talk.start>
            <talker>
              <page.no>3261</page.no>
              <time.stamp />
              <name.id>JRW</name.id>
              <electorate />
              <party>NAT</party>
              <role />
              <in.gov>1</in.gov>
              <first.speech>0</first.speech>
              <name role="metadata">CRAWFORD, Thomas</name>
              <name role="display">Senator CRAWFORD</name>
            </talker>
            <para>- The information will be obtained so far as is possible. </para>
          </talk.start>
        </speech>
      </subdebate.1>
    </debate>
    <debate>
      <debateinfo>
        <title>IRON AND STEEL PRODUCTS BOUNTY BILL</title>
        <page.no>3261</page.no>
        <type>bill</type>
      </debateinfo>
      <para>Bill received from the House of Representatives. </para>
      <para>Standing and Sessional Orders suspended, and bill (on motion by <inline font-weight="bold">Senator Crawford)</inline> read a first time. </para>
      <para class="block">Secondreading. </para>
      <speech>
        <talk.start>
          <talker>
            <page.no>3262</page.no>
            <time.stamp />
            <name.id>JRW</name.id>
            <electorate>Queensland</electorate>
            <party>NAT</party>
            <role>Honorary Minister</role>
            <in.gov>1</in.gov>
            <first.speech>0</first.speech>
            <name role="metadata">CRAWFORD, Thomas</name>
            <name role="display">Senator CRAWFORD</name>
          </talker>
          <para>. - I move - </para>
        </talk.start>
        <quote>
          <para>That the  bill  be now read a  second time. </para>
        </quote>
        <para class="block">The bill proposes (a) to increase the bounty on galvanized sheets by 20s. per ton, and  (i)  to provide a bounty on tractors graduated downwards from the maximum rate, according to the proportion to which imported materials enter into their cost. No bounty is payable if the proportion of imported materials exceeds 40 per cent. </para>
        <para>In regard to galvanized sheets, the tariff duty is, per ton, British 20s., intermediate 55s., general 60s., and the bounty is 52s. The passing of this bill will make the bounty 72s. per ton. The general tariff rate of 60s. per ton practically shuts out imports other than British, So far the amounts paid in bounty are: - </para>
        <para class="block">
          <graphic href="117332192712151_2_0.jpg" />
        </para>
        <para class="block">The imports for the past five years have been :  - </para>
        <para class="block">
          <graphic href="117332192712151_2_1.jpg" />
        </para>
        <para class="block">The value of imports in 1926-27 was &#163;2,315,000. The competition to be met by the Australian manufacturer is wholly British, and it is, therefore, against this competition that further assistance is needed. The figures of the local production are as follow :  - </para>
        <para class="block">
          <graphic href="117332192712151_2_2.jpg" />
        </para>
        <para class="block">The capacity of the local mills is from 28,000 to 30,000 tons yearly, or a little over 20 per cent. of the consumption, and the industry employs about 500 hands. It is evident that scope exists for a much larger industry. The output at present is practically confined to New South Wales, and forms about 50 per cent. of the requirements of that State. A condition attaching to the payment of the bounty is that locally-produced raw material must be used. The sheet bars for rolling the sheets of galvanized iron are supplied by the Broken Hill Proprietary Company Limited. The Tariff Board has recommended an increase of 38s. per ton in bounty, which added to the present bounty of 52s., would make 90s. per ton, but, subject to this bill being passed, the present bounty will be increased by 20s. a ton, making it 72s. per ton. As the output has increased from 16,320 tons in 1923-24 to 26,121 tons in 1926-27, the Government thinks that the additional bounty of 20s. per ton should enable the industry to show an accelerated expansion. </para>
        <para class="block"> In regard to tractors, the present act provides for bounties varying from &#163;40 to &#163;90 per tractor according to horse power. This bill will not alter these rates, but will make them the maximum rates for tractors wholly composed of Australian materials, and reduces the rates in proportion to the quantity of imported material used. For example, if imported materials form 10 per cent. of the complete cost of a tractor, the rate of bounty will be reduced by 10 per cent., and so on ; but the proportion of imported materials must not exceed 40 per cent. of the complete cost. In the original Iron and Steel Products Bounty Act payment of bounty on all goods covered by the act was subject to the condition that the materials used must be wholly Australian. The act, however, provided that, after inquiry by the Tariff Board, the Minister might allow the use of imported materials subject to a report to Parliament of his reasons for so doing. This provision clearly contemplated a case of emergency where Australian raw materials were not available or were not available in sufficient quantities. One of the manufacturers found it difficult to obtain a suitable internal combustion engine of Australian make without laying down a costly plant, which would not be a payable proposition. The position was further complicated by the opinion of our law authorities that an engine was not &#34; materials &#34; within the meaning of the act. The Minister was, therefore, prevented from permitting the inclusion of an imported engine in the tractor, and the effect of this was to prevent the manufacturer from obtaining a bounty after having spent a great deal of time and expense in perfecting a tractor specially adapted to Australian conditions, and in which the cost of Australian materials formed between 60 per cent. , and 70 per cent. of the total cost. One of the purposes of this bill is to remove that disability. So far the bounty paid on tractors under the original act has been :  - </para>
        <para class="block">
          <graphic href="117332192712151_3_0.jpg" />
        </para>
        <para class="block">These figures show that the bounty owing to the conditions attached to its payment has not greatly encouraged the industry, but the indications are that &#34;with the more liberal conditions now proposed its chances of success will be materially improved. The importations of tractors mostlv of American origin, increased from  &#163;423,000  in  1922-23  to  &#163;1,170,000  in  1926-27.  Tractors are admitted free if of United Kingdom origin, or at  10  per cent. if of other origin. </para>
        <para>Question resolved in the affirmative. </para>
        <para>Bill read a second time. </para>
        <para class="italic">
          <inline font-style="italic">In committee:</inline>
        </para>
        <para>Clauses  1  to  3  agreed to. </para>
        <para>Clause  4  (Restrictions on bounty on traction engines). </para>
      </speech>
      <speech>
        <talk.start>
          <talker>
            <page.no>3263</page.no>
            <time.stamp />
            <name.id>KOJ</name.id>
            <electorate>Tasmania</electorate>
            <party />
            <role />
            <in.gov>0</in.gov>
            <first.speech>0</first.speech>
            <name role="metadata">HAYS, Herbert</name>
            <name role="display">Senator HERBERT HAYS</name>
          </talker>
          <para>. -  Can the Minister supply honorable senators with the number of traction engines that have been manufactured in Australia within the last twelve mouths; also can he give the Senate any information as to whether the industry is prosperous or declining, and as to the position since the bounty has been in operation ? </para>
        </talk.start>
      </speech>
      <speech>
        <talk.start>
          <talker>
            <page.no>3263</page.no>
            <time.stamp />
            <name.id>JRW</name.id>
            <electorate>QueenslandHonorary Minister</electorate>
            <party>NAT</party>
            <role />
            <in.gov>1</in.gov>
            <first.speech>0</first.speech>
            <name role="metadata">CRAWFORD, Thomas</name>
            <name role="display">Senator CRAWFORD</name>
          </talker>
          <para>. -  The value of the tractors manufactured last year, and on which bounty was paid; was between  &#163;4,000  and  &#163;5,000.  The object of the bill now before the Senate is to encourage the local manufacture of tractors, which up to the present has scarcely passed the experimental stage. It is believed that by the encouragement that will be afforded by this bill the manufacture of tractors suitable to Australian conditions will be carried on in a fairly extensive way. There is one factory which is particularly well equipped for the manufacture of tractors, and which should benefit considerably by this bounty. </para>
        </talk.start>
        <para>Clause agreed to. </para>
        <para>Clause  5  agreed to. </para>
        <para>Title agreed to. </para>
        <para>Bill reported without amendment; report adopted. </para>
        <para>Bill read a third time. </para>
      </speech>
    </debate>
    <debate>
      <debateinfo>
        <title>SPECIAL ADJOURNMENT</title>
        <page.no>3263</page.no>
        <type>special adjournment</type>
      </debateinfo>
      <speech>
        <talk.start>
          <talker>
            <page.no>3263</page.no>
            <time.stamp />
            <name.id>K0F</name.id>
            <electorate>WESTERN AUSTRALIA</electorate>
            <party>ALP; NAT from 1917; UAP from 1931</party>
            <role>Vice-President of the Executive Council</role>
            <in.gov>0</in.gov>
            <first.speech>0</first.speech>
            <name role="metadata">PEARCE, George</name>
            <name role="display">Senator Sir GEORGE PEARCE</name>
          </talker>
          <para>&#91;3.24&#93;. -  I move - </para>
        </talk.start>
        <quote>
          <para>That the Senate, at its rising, adjourn till a date and hour to be fixed by the  President,  which time of meeting shall be notified to each honorable senator by telegram or letter. </para>
        </quote>
        <para class="block">It appears, at present, that the Parliament will resume about the middle of February next. </para>
        <para class="block">Question resolved in the affirmative. </para>
      </speech>
    </debate>
    <debate>
      <debateinfo>
        <title>ADJOURNMENT</title>
        <page.no>3263</page.no>
        <type>adjournment</type>
      </debateinfo>
      <subdebate.1>
        <subdebateinfo>
          <title>Valedictory Remarks</title>
          <page.no>3263</page.no>
        </subdebateinfo>
        <speech>
          <talk.start>
            <talker>
              <page.no>3263</page.no>
              <time.stamp />
              <name.id>K0F</name.id>
              <electorate>WESTERN AUSTRALIA</electorate>
              <party>ALP; NAT from 1917; UAP from 1931</party>
              <role>Vice-President of the Executive Council</role>
              <in.gov>0</in.gov>
              <first.speech>0</first.speech>
              <name role="metadata">PEARCE, George</name>
              <name role="display">Senator Sir GEORGE PEARCE</name>
            </talker>
            <para>&#91;3.25&#93;. -  I move - </para>
          </talk.start>
          <quote>
            <para>That the Senate do now adjourn. </para>
          </quote>
          <para class="block">I should like to extend to you, <inline font-weight="bold">Mr. President,</inline> the  Chairman  of Committees, and to honorable senators generally best wishes for a very merry Christmas and a happy and prosperous New Year. I also extend similar greetings to <inline font-style="italic">Hansard</inline> and to members of the staff generally. We are adjourning  after  what has really been the first session at Canberra, and I think that we may return to our respective homes feeling that we have been occupied usefully, and that legislation has been passed that will be of advantage to the Commonwealth. In the performance of our legislative duties in this new home we have found that the officers of the Senate ana <inline font-style="italic">Hansard</inline> have, as has always been the case, assisted us most materially. As Leader of the Government, and speaking on behalf of my fellow Ministers, I desire to extend to honorable senators on both sides our appreciation and thanks for the courtesy which they have invariably extended to us. Although we have at times been faced with strenuous opposition, and have had a little difficulty in convincing honorable senators opposite that they were wrong and we were right, the execution of our political duties has left us with our personal feelings unruffled, which  is  the spirit in which legislative proceedings should be conducted. </para>
        </speech>
        <speech>
          <talk.start>
            <talker>
              <page.no>3263</page.no>
              <time.stamp />
              <name.id>JXJ</name.id>
              <electorate>Western Australia</electorate>
              <party />
              <role />
              <in.gov>0</in.gov>
              <first.speech>0</first.speech>
              <name role="metadata">NEEDHAM, Edward</name>
              <name role="display">Senator NEEDHAM</name>
            </talker>
            <para>.- On behalf of honorable senators on your left, <inline font-weight="bold">Mr. President,</inline> I heartily reciprocate the sentiments expressed by the right honorable  the Leader of the Senate <inline font-weight="bold">(Senator Pearce),</inline> and join -with him in wishing honorable senators &#34;and their families a merry Christmas and a happy and prosperous New Year. With the Minister I also extend our best wishes to the  Chairman  of the Committees <inline font-weight="bold">(Senator Plain),</inline> the  Clerk  of the Senate <inline font-weight="bold">(Mr. Monahan),</inline> the  Clerk  Assistant <inline font-weight="bold">(Mr. U&#39;Ren),</inline> and all the other officers of the Senate. As always, they have during this session been uniformly courteous, and have rendered valuable assistance to honorable senators in the discharge of their legislative duties. E sincerely hope that the rest which you, <inline font-weight="bold">Mr. President,</inline> will have between now and the re-assembling of the Senate will restore you to your former good health. As for the Opposition, I can only say that my colleagues and I have done our best to assist the Government- in passing its not very voluminous legislative programme. If at times we have had sharp conflicts in debate, no ill-feeling has been engendered, and we shall enter upon the recess with the knowledge that we hav-j. discharged our duties to the best of our ability. As an Opposition, we have done what we could to place the Government on the straight path of rectitude, and to keep it there, and I hope that during the recess Ministers will profit by the good counsel which we have given them. Public life would not be worth while if we could not have our political differences in this chamber and continue as friends outside. I am glad to say that that has been my experience ever since I have been associated with this Parliament. Our thanks are due to all the officers of the Senate who, owing to the recent transfer of the Seat of Government from Melbourne to Canberra, have been working under unusual difficulties. They have carried out their duties to the entire satisfaction of all honorable senators. In closing, I join with the right honorable the Leader of the Senate in expressing the hope that all who are in any way connected with this Parliament will enjoy a merry Christmas. I trust, also, that when the new year makes its appearance on the threshold of time, it will be the harbinger of good things, and that it will mark a new era of progress, prosperity, and happiness for the people of Australia. </para>
          </talk.start>
          <para>The <inline font-weight="bold">PRESIDENT (Senator the Hon.&#39; Sir John Newlands)</inline> . - Before putting the motion, I desire to thank the Leader of the Senate <inline font-weight="bold">(Senator Pearce)</inline> and the Leader of the Opposition <inline font-weight="bold">(Senator Needham)</inline> for their kind expression of good wishes for me personally. I hope that, when I come back after the recess, I shall be restored to my usual good health. I am particularly grateful to members of the Ministry, the Leader of the Opposition, and honorable senators generally for their uniform kindness to me during this, the first session of the Federal Parliament in Canberra. I am conscious that at times they have beer most forbearing, and have overlooked my shortcomings. I have not always been quite so alert as I should have been had my health been more satisfactory; but I feel that I have not failed in any material degree in the discharge of my presidential duties. I desire particularly to thank both <inline font-weight="bold">Mr. Monahan,</inline> the  Clerk  of the Senate, and <inline font-weight="bold">Mr. U&#39;Ren.</inline> the  Clerk  Assistant, for their valuable assistance at all times. They have ever been ready to place at my service their undoubted ability and knowledge, and have materially assisted me in many ways. With regard to the <inline font-style="italic">If</inline><inline font-style="italic">Hansard</inline> staff, it will he sufficient if I say that during this, as in previous sessions, they have discharged their duties to our entire satisfaction. I feel also that I should express our thanks to the messengers of the Senate. Honorable senators are aware that there has been a considerable change in the personnel of the staff since the transfer to Canberra; but all have settled down satisfactorily to their duties, and are most attentive to the requirements of honorable senators generally. The Library staff, having found their feet, as it were, in their new quarters, are rendering useful service to honorable senators as they have always done. I feel that I should pay a tribute to tha Library officials for the expedition with which they transferred the  immense  library from Melbourne to Canberra, and the efficiency which they have displayed in placing it at the disposal of honorable senators. We should not, in the closing hours of this session, overlook the good work done by the chef and his kitchen staff, the stewards, and the  dining-room officials, who have been most assiduous in attending to our requirements. We all appreciate very highly what they have done for us during the last two or three months. I know that they have been working under difficult conditions. Tho housekeeper and the cleaning staff likewise deserve a word of praise. Those of us who were privileged to be present at the opening of this Parliament House by  His  Royal Highness the Duke of York were amazed at the wonderfully good work which those officials had done. Visitors from other Parliaments who come here are astonished at the efficiency of the cleaning staff, to whom now I tender my thanks on behalf of the Senate. Last, but not least, we must not forget the electricians, engineers, and other employees who attend to the lighting, heating, cooling, and ventilation systems of the Parliament. They also are deserving of our highest praise for the manner in which they porform their duties. The willingness of all the staffs connected with the Senate has been most gratifying, and I tender my thanks to them all. I join with the Leader of the Senate and the Leader of the Opposition in expressing the wish that honorable senators will have a pleasant holiday, that the financial cloud which appears to be hanging over Australia, and unduly depressing many people, will soon pass away, and that prosperity will return to the Commonwealth. </para>
          <para>Question resolved in the affirmative. </para>
        </speech>
      </subdebate.1>
    </debate>
    <adjournment>
      <adjournmentinfo>
        <page.no>3265</page.no>
        <time.stamp>15:40:00</time.stamp>
      </adjournmentinfo>
      <para>Senate adjourned  at  3.40 p.m. </para>
    </adjournment>
  </chamber.xscript>
</hansard>
