<?xml version="1.0" encoding="utf-8"?>
<hansard xsi:noNamespaceSchemaLocation="../../hansard.xsd" version="2.1" xmlns:xsi="http://www.w3.org/2001/XMLSchema-instance">
  <session.header>
    <date>1901-05-09</date>
    <parliament.no>1</parliament.no>
    <session.no>1</session.no>
    <period.no>0</period.no>
    <chamber>REPS</chamber>
    <page.no>16</page.no>
    <proof>0</proof>
  </session.header>
  <chamber.xscript>
    <para class="italic">
      <inline font-style="italic">HouseofRepresentatives.</inline>
    </para>
    <business.start>
      <day.start>1901-05-09</day.start>
    </business.start>
    <debate>
      <debateinfo>
        <title>PROCLAMATION</title>
        <page.no>16</page.no>
        <type>proclamations</type>
      </debateinfo>
      <para>Honorable members assembled at half-past eleven a.m., in a chamber in the western annexe of the Exhibition-building, Melbourne, pursuant to the proclamation of His Excellency the Governor-General convening Parliament. </para>
      <para>The  Clerk  read the proclamation. </para>
    </debate>
    <debate>
      <debateinfo>
        <title>WRITS</title>
        <page.no>16</page.no>
        <type>miscellaneous</type>
      </debateinfo>
      <para>The  Clerk  announced that he had received from the Secretary to the Prime Minister the following letter :  - </para>
      <quote>
        <para>Commonwealth of Australia, </para>
        <para>Prime Minister, </para>
        <para>Melbourne, 8th May, 1901. </para>
        <para>SIR, </para>
        <para>I have the honor, by direction of the Bight Honorable the Prime Minister, to forward,here with, the Writs of Election of 75 members to serve in the House of Representatives of the Commonwealth of Australia. </para>
        <para>I have the honor to be, </para>
        <para>
          <inline font-weight="bold">Sir,</inline>
        </para>
        <para>Your obedient servant, </para>
        <para>ATLEE HUNT, Secretary. </para>
        <para>The  Clerk,  House of Representatives, Melbourne. </para>
      </quote>
      <para>The writs were indorsed with certificates showing that the following gentlemen were duly elected for the States and. districts set opposite their respective names, viz. :  - </para>
      <para>Frederick William Bamford,. Esq., for the Electorate of. Herbert, in the State of Queensland. </para>
      <para>Right Hon. Edmund Barton, P.O., K.C., for the Electorate of Hunter, in the State of New South Wales. </para>
      <para>Egerton Lee Batchelor, Esq., for the State  of South Australia. </para>
      <para>
        <inline font-weight="bold">Sir John</inline>Langdon Bonython,. Kt., for the State of South Australia. </para>
      <para>Right <inline font-weight="bold">Hon. Sir Edward</inline> Nicholas Coventry Braddon, P.O., K.C.M.G., for the State of Tasmania. </para>
      <para>Thomas Brown, Esq., for the Electorate of Canobolas, in the State of New South Wales. </para>
      <para>Donald Norman Cameron, Esq., for the State of Tasmania. </para>
      <para>John. Moore Chanter, Esq., for the Electorate of Riverina, in the State of New South Wales. </para>
      <para>Austin Chapman, Esq., for the Electorate of Eden-Monaro, in the State of New South Wales. </para>
      <para>Francis Clarke, Esq., for the Electorate of Cowper, in the State of New South Wales. </para>
      <para>Alfred Hugh Conroy, Esq., for the Electorate of Werriwa, in the State of New South Wales. </para>
      <para>Joseph Cook, Esq., for the Electorate of Parramatta, in the State of New South Wales. </para>
      <para>James Newton Haxton Hume Cook, Esq.-, for the Electorate of Bourke, in the State of Victoria. </para>
      <para>Samuel Winter Cooke, Esq., for the Electorate of Wannon, in the State of Victoria. </para>
      <para>Richard Armstrong Crouch, Esq., for the Electorate of Corio, in the State of Victoria. </para>
      <para>George Alexander Cruickshank, Esq., for the Electorate of Gwydir, in the State of New South Wales. </para>
      <para>Alfred Deakin, Esq., for the Electorate of Ballarat, in the State of Victoria. </para>
      <para>George Bertrand Edwards, Esq., for the Electorate of South Sydney, in the State of New Wales. </para>
      <para>Richard Edwards, Esq., for the Electorate of Oxley, in the State of Queensland. </para>
      <para>Thomas Thomson Ewing, Esq., for the Electorate of Richmond, in the State of New South Wales. </para>
      <para>Andrew Fisher, Esq., for the Electorate of Wide Bay, in the State of Queensland. </para>
      <para>Right <inline font-weight="bold">Hon. Sir John</inline> Forrest, P.C., G.C.M.G., for the Electorate of Swan, in the State of Western Australia. </para>
      <para>James Mackinnon Fowler, Esq., for the Electorate of Perth, in the State of Western Australia. </para>
      <para>George Warburton Fuller, Esq., for the Electorate of Illawarra, in the State of New South Wales. </para>
      <para>
        <inline font-weight="bold">Hon. Sir Philip</inline>Oakley Fysh, KC.M.G, <inline font-style="italic">for</inline> the State of Tasmania. </para>
      <para>Patrick McMahon Glynn, Esq., for the State of South Australia. </para>
      <para>Arthur Champion Groom, Esq., for the Eletorateof  Flinders, in the Stateof Victoria. </para>
      <para>William Henry Groom, Esq., for the Electorate of Darling Downs, in the State of Queensland. </para>
      <para>Robert Harper, Esq., for the Electorate of Mernda, in the State of Victoria. </para>
      <para>Henry Bournes Higgins, Esq., for the Electorate of Northern Melbourne, in the State of Victoria. </para>
      <para>Frederick William Holder, Esq., for the State of South Australia. </para>
      <para>William Morris Hughes, Esq., for the Electorate of West Sydney, in the State of New South Wales. </para>
      <para>Isaac Alfred Isaacs, Esq., for the Electorate of Indi, in the State of Victoria. </para>
      <para>Thomas Kennedy, Esq., for the Electorate of Moira, in the State of Victoria. </para>
      <para>Right Hon. Charles Cameron Kingston, P.O., for the State of South Australia. </para>
      <para>John Waters Kirwan, Esq., for the Electorate of Kalgoorlie, in the State of Western Australia. </para>
      <para>William Knox, Esq., for the Electorate of Kooyong, in the State of Victoria. </para>
      <para>
        <inline font-weight="bold">Hon. Sir William</inline>John Lyne, K.C.M.G., for the Electorate of Hume, in the State of New South Wales. </para>
      <para>Thomas Macdonald-paterson, Esq., for the Electorate of Brisbane, in the State of Queensland. </para>
      <para>Hugh Mahon, Esq., for the Electorate of Coolgardie, in the State of Western Australia. </para>
      <para>James Chester Manifold, Esq., for the Electorate of Corangamite, in the State of Victoria. </para>
      <para>Samuel Mauger, Esq., for the Electorate of Melbourne Ports, in the State of Victoria. </para>
      <para>James Whiteside McCay, Esq., for the Electorate of Corinella, in the State of Victoria. </para>
      <para>James Hiers McColl, Esq., for the Electorate of Echuca, in the State of Victoria. </para>
      <para>Charles McDonald, Esq., for the Electorate of Kennedy, in the State of Queensland. </para>
      <para>
        <inline font-weight="bold">Sir Malcolm</inline>Donald McEacharn, Kt., for the Electorate of Melbourne, in the State of Victoria. </para>
      <para>Allan McLean, Esq., for the Electorate of Gippsland, in the State of Victoria. </para>
      <para>Francis Edward McLean, Esq., for the Electorate of Lang, in the State of NewSouth Wales. </para>
      <para>
        <inline font-weight="bold">Sir William</inline>McMillan, K.C.M.G., for the Electorate of Wentworth, in the State of New South Wales. </para>
      <para>King O&#39;Malley, Esq., for the State of Tas-&#34; mania. </para>
      <para>James Page, Esq., for the Electorate of Maranoa, in the State of Queensland. </para>
      <para>Alexander Paterson, Esq., fortheElectorate of Capricornia, in the State of Queensland. </para>
      <para>Pharez Phillips, Esq., for the Electorate of Wimmera, in the State of Victoria. </para>
      <para>Frederick William Piesse, Esq., for the State of Tasmania. </para>
      <para>Alexander Poynton, Esq., for the State of South Australia. </para>
      <para>
        <inline font-weight="bold">Sir John</inline>Quick, Kt., for the Electorate of Bendigo, in the State of Victoria. </para>
      <para class="block">Right Hon. George Houston Reid, P.C., K.C., for the Electorate of East Sydney, in the State of New South Wales, James Black Ronald, Esq., for the Electorate of Southern Melbourne, in the State of Victoria. </para>
      <para>Charles Carty Salmon, Esq., for the Electorate of Laanecoorie, in the State of Victoria. </para>
      <para>William Bowie Stewart Campbell Sawers, Esq., for the Electorate of New England, in the State of New South Wales. </para>
      <para>Thomas Skene, Esq., for the Electorate of Grampians, in the State of Victoria. </para>
      <para>Bruce Smith, Esq., for the Electorate of Parkes, in the State of New South Wales. </para>
      <para>Sydney Smith, Esq., for the Electorate of Macquarie, in the State of New South Wales. </para>
      <para>Elias Solomon, Esq., for the Electorate of Fremantle,in the State of Western Australia. </para>
      <para>Vaiben Louis Solomon, Esq., for the State of South Australia. </para>
      <para>William Guthrie Spence, Esq., for the Electorate of Darling, in the State of New South Wales. </para>
      <para>Josiah Thomas, Esq., for the Electorate of Barrier, in the State of New South W ales. </para>
      <para>Dugald Thomson, Esq., for the Electorate of North Sydney, in the State of New South Wales. </para>
      <para>Frank Gwynne Tudor, Esq,, for the Electorate of Yarra, in the State of Victoria. </para>
      <para>Right <inline font-weight="bold">Hon. Sir George</inline> Turner, P.C., K.C.M.G., for the Electorate of Balaclava, in the State of Victoria. </para>
      <para>David Watkins, Esq., for the Electorate of Newcastle, in the State of New South Wales. </para>
      <para>John Chris tian Watson, Esq.,fortheElectorate of Bland, in the State of New South Wales. </para>
      <para>James Wilkinson, Esq., for the Electorate of Moreton, in the State of Queensland. </para>
      <para>William Henry Wilks, Esq., for the Electorate of Dalley,in theStateof NewSouth Wales. </para>
      <para>HenryWillis, Esq., for the Electorate of Robertson, in the State of New South Wales. </para>
    </debate>
    <debate>
      <debateinfo>
        <title>VALIDATION OF ELECTIONS</title>
        <page.no>18</page.no>
        <type>miscellaneous</type>
      </debateinfo>
      <para>The  Clerk  read proclamations by  His Excellency  the Governor-General, validating the election, notwithstanding various informalities, of certain members to serve in the House of Representatives for the States of Tasmania, New South Wales, Queensland,and Western Australia. </para>
    </debate>
    <debate>
      <debateinfo>
        <title>OPENING OF PARLIAMENT</title>
        <page.no>18</page.no>
        <type>miscellaneous</type>
      </debateinfo>
      <para>The Usher of the Black Rod being announced, was admitted, and delivered the message that &#34;  His  Royal Highness the Duke of Cornwall and York, authorized by virtue of the commission of  His  Most Gracious Majesty King Edward the Seventh, desires the immediate attendance of honorable members to hear the commission read.&#34; </para>
      <para>Honorable members attended accordingly, and  His  Majesty&#39;s commission (vide p. 6) having been read by the  Clerk  of the. Parliaments, </para>
    </debate>
    <debate>
      <debateinfo>
        <title>HIS ROYAL HIGHNESS THE DUKE OF CORNWALL AND YORK, HIS MAJESTY&#39;S HIGH COMMISSIONER,</title>
        <page.no>18</page.no>
        <type>miscellaneous</type>
      </debateinfo>
      <para class="block">said :  - &#34; Gentlemen of the Senate and Gentlemen of the House of Representatives : &#34; My beloved and deeply lamented grandmother, Queen Victoria, had desired to mark the importance of the opening of this the first Parliament of the Commonwealth of Australia, and to manifest her special interest in all that concerns the welfare of her loyal subjects in Australia, by granting to me a special commission to open the First Session. &#34; That commission had been duly signed before the sad event which has plunged the whole empire into mourning, and the King, my dear father, fully sharing  Her  late Majesty&#39;s wishes, decided to give effect to them, although  His  Majesty stated, on the occasion of his opening his first Parliament, that a separation from his son at such a time could not be otherwise than deeply painful to him. &#34;  His  Majesty has been pleased to consent to this separation, moved by his sense of the loyalty and devotion which prompted the generous aid afforded by all the colonies in the South African War, both in its earlier and more recent stages, and of the splendid bravery of the colonial troops. It is also  His  Majesty&#39;s wish to acknowledge the readiness with which the ships of the special Australasian Squadron were placed at his disposal for service in China, and the valuable assistance rendered there by the naval contingents of the several colonies.  &#34;His  Majesty further desired in this way to testify to his heartfelt gratitude for the warm sympathy extendedby every part of his dominions to himself and his family in the irreparable loss they have sustained by the death of his beloved mother.  &#34;His  Majesty has watchedwith the deepest interest the social and material progress made by his people in Australia, and has seen with thankfulness and heartfelt satisfaction the completion of that political union of which this Parliament is the embodiment. &#34;The King is satisfied that the wisdom and patriotism which have characterized the exercise of the wide powers of selfgovernment hitherto enjoyed by the colonies will continue to be displayed in the exercise of the still wider powers with which the united Commonwealth has been endowed.  His  Majesty feels assured that the enjoyment of these powers will, if possible, enhance that loyalty and devotion to his throne and empire of which the people of Australia have already given such signal proofs. &#34; It is  His  Majesty&#39;s earnest prayer that this union so happily achieved may, under God&#39;s blessing, prove an instrument for still further promoting the welfare and advancement of his subjects in Australia, and for the strengthening and consolidation of hisempire. &#34;Gentlemen of the Senate and Gentlemen of the House of Representatives : &#34; It affords me much pleasure to convey to you this message from  His  Majesty. I now, in his name, and on his behalf, declare this Parliament open.&#34; </para>
    </debate>
    <debate>
      <debateinfo>
        <title>GOVERNOR-GENERAL&#39;S SPEECH</title>
        <page.no>19</page.no>
        <type>miscellaneous</type>
      </debateinfo>
      <subdebate.1>
        <subdebateinfo>
          <title>Calling of Parliament</title>
          <page.no>19</page.no>
        </subdebateinfo>
      </subdebate.1>
    </debate>
    <debate>
      <debateinfo>
        <title>HIS EXCELLENCY THE GOVER</title>
        <page.no>19</page.no>
        <type>miscellaneous</type>
      </debateinfo>
      <para class="block">NOR-GENERAL informed honorable members that he had been desired by  His  Majesty&#39;s High Commissioner to acquaint them with  His  Excellency&#39;s intention, when they had been sworn and had elected their  Speaker,  to declare to them the causes of the Parliament being called. </para>
    </debate>
    <debate>
      <debateinfo>
        <title>MEMBERS SWORN</title>
        <page.no>19</page.no>
        <type>miscellaneous</type>
      </debateinfo>
      <para>The following honorable members then made and subscribed the oath of allegiance :  - </para>
      <para>Right Hon. Edmund Barton, P.C., K.C., Hunter, New South Wales, Prime Minister and Minister for External Affairs. </para>
      <para>Hon. Alfred Deakin, Ballarat, Victoria. Attorney General. </para>
      <para>
        <inline font-weight="bold">Hon. Sir William</inline>John Lyne, K.C.M.G.. Hume, New South Wales, Minister for Home Affairs. </para>
      <para>Right <inline font-weight="bold">Hon. Sir George</inline> Turner, P.C., K.C.M.G., Balaclava, Victoria, Treasurer. </para>
      <para>Right  Hon.  Charles Cameron Kingston,. P.C., South Australia, Minister for Trade and Customs. </para>
      <para>Right <inline font-weight="bold">Hon. Sir John</inline> Forrest, P.C., G.C.M.G., Swan, Western Australia, Minis- . ter for Defence. </para>
      <para>
        <inline font-weight="bold">Hon. Sir Philip</inline>Oakley Fysh, K.C.M.G., Tasmania, Minister, without portfolio. </para>
      <para>Frederick William Bamford, Esq., Herbert, Queensland. </para>
      <para>Egerton Lee Batchelor, Esq., South Australia. </para>
      <para>
        <inline font-weight="bold">Sir John</inline>Langdon Bonython, Kt., South Australia. </para>
      <para>Right <inline font-weight="bold">Hon. Sir Edward</inline> Nicholas Coventry Braddon, P.C., K.C.M.G., Tasmania. </para>
      <para>Thomas Brown, Esq., Canobolas, New SouthWales. </para>
      <para>Donald Norman Cameron, Esq., Tasmania. </para>
      <para>John Moore Chanter, Esq., Riverina, New South Wales. </para>
      <para>Austin Chapman, Esq., Eden-Monaro, New South Wales. </para>
      <para>Francis Clarke, Esq., Cowper, New South Wales. </para>
      <para>Alfred Hugh Conroy, Esq., Werriwa, New South Wales. </para>
      <para>Joseph Cook, Esq., Parramatta, New South Wales. </para>
      <para>James Newton Haxton Hume Cook, Esq., Bourke, Victoria. </para>
      <para>Samuel Winter Cooke, Esq.,Wannon, Victoria. </para>
      <para>Richard Armstrong Crouch, Esq., Corio, Victoria. </para>
      <para>George Alexander Cruickshank, Esq., Gwydir, New South Wales. </para>
      <para>George Bertrand Edwards, Esq., South Sydney, New South Wales. </para>
      <para>Richard Edwards, Esq., Oxley, Queensland. </para>
      <para>Thomas Thomson Ewing, Esq., Richmond, New South Wales. </para>
      <para>Andrew Fisher, Esq., Wide Bay, Queensland. </para>
      <para>James Mackinnon Fowler, Esq., Perth, Western Australia. </para>
      <para>GeorgeWarburton Fuller, Esq., Illawarra, New South Wales. </para>
      <para>Patrick McMahon Glynn, Esq., South . Australia. </para>
      <para>Arthur Champion Groom, Esq., Flinders, Victoria. </para>
      <para>William Henry Groom, Esq., Darling Downs, Queensland. </para>
      <para>Robert Harper, Esq., Mernda, Victoria. </para>
      <para>Henry Bournes Higgins, Esq., Northern Melbourne, Victoria. </para>
      <para>Frederick William Holder, Esq., South Australia. </para>
      <para>William Morris Hughes, Esq., West Sydney, New South Wales. </para>
      <para>Isaac. Alf red Isaacs, Esq., Indi, Victoria. </para>
      <para>Thomas Kennedy, Esq., Moira, Victoria. </para>
      <para>John Waters Kirwan, Esq., Kalgoorlie, Western Australia. </para>
      <para>William Knox, Esq., Kooyong, Victoria. </para>
      <para>Thomas Macdonald-paterson, Esq., Brisbane, Queensland. </para>
      <para>James  Chester Manifold, Esq., Corangamite, Victoria. </para>
      <para>Samuel Mauger, Esq., Melbourne Ports, Victoria. </para>
      <para>James Whiteside McCay, Esq., Corinella, Victoria. </para>
      <para>James  Hiers McColl  Esq., Echuca, Victoria. </para>
      <para>Charles McDonald, Esq., Kennedy, Queensland. </para>
      <para>
        <inline font-weight="bold">Sir Malcolm</inline>Donald McEacharn, Kt., Melbourne, Victoria. </para>
      <para>Allan McLean, Esq., Gippsland, Victoria. </para>
      <para>Francis Edward McLean, Esq., Lang, New South Wales. </para>
      <para>
        <inline font-weight="bold">Sir William</inline>McMillan, K.C.M.G., Wentworth, New South Wales. </para>
      <para>King O&#39;Malley, Esq., Tasmania. </para>
      <para>James Page, Esq., Maranoa, Queensland. </para>
      <para>Alexander Paterson, Esq., Capricornia, Queensland. </para>
      <para>Pharez Phillips, Esq., Wimmera, Victoria. </para>
      <para>Frederick William Piesse, Esq., Tasmania. </para>
      <para>Alexander Poynton, Esq., South Australia. </para>
      <para>
        <inline font-weight="bold">Sir John</inline>Quick, Kt., Bendigo, Victoria. </para>
      <para>James Black Ronald, Esq., Southern Melbourne, Victoria. </para>
      <para>Charles Carty Salmon, Esq., Laanecoorie, Victoria. </para>
      <para>William Bowie Stewart Campbell Sawers, Esq., New England, New South Wales. </para>
      <para>Thomas Skene, Grampians, Esq., Victoria. </para>
      <para>Bruce Smith, Esq., Parkes, New South Wales. </para>
      <para>Sydney Smith, Esq., Macquarie, New South Wales.  </para>
      <para>Elias Solomon, Esq., Fremantle, Western Australia. </para>
      <para>Vaiben Louis Solomon, Esq., South Australia. </para>
      <para>William Guthrie Spence, Esq., Darling, New South Wales. </para>
      <para>Josiah Thomas, Esq., Barrier, New South Wales. </para>
      <para>Dugald Thomson, Esq., North Sydney, New South Wales. </para>
      <para>Frank Gwynne Tudor, Esq., Yarra, Victoria. </para>
      <para>David Watkins, Esq., Newcastle, New South Wales. </para>
      <para>John Christian Watson, Esq., Bland, New South Wales. </para>
      <para>James Wilkinson, Esq., Moreton, Queensland. </para>
      <para>William Henry Wilks, Esq., Dalle}-, New South Wales. </para>
      <para>Henry Willis, Esq., Robertson, New South Wales. </para>
    </debate>
    <debate>
      <debateinfo>
        <title>ELECTION OF SPEAKER</title>
        <page.no>20</page.no>
        <type>miscellaneous</type>
      </debateinfo>
    </debate>
    <debate>
      <debateinfo>
        <title>QUESTION</title>
        <page.no>20</page.no>
        <type>Questions</type>
      </debateinfo>
      <subdebate.1>
        <subdebateinfo>
          <title>HIS EXCELLENCY THE GOVER</title>
          <page.no>20</page.no>
        </subdebateinfo>
        <para class="block">NOR - GENERAL requested honorable members to proceed to their place of sitting for the purpose of electing their Speaker, and thereafter to present him for His Excellency&#39;s approval at such time and place as he might afterwards appoint. </para>
        <para>HIS MAJESTY&#39;S HIGH COMMISSIONER and HIS EXCELLENCY THE </para>
        <para class="block">GOVERNOR-GENERAL having retired, </para>
        <para>Honorable members proceeded to the Houses of Parliament, in Spring-street, and there re-assembled at half -past two o&#39;clock p.m. </para>
        <speech>
          <talk.start>
            <talker>
              <page.no>20</page.no>
              <time.stamp />
              <name.id>KIQ</name.id>
              <electorate>Brisbane</electorate>
              <party />
              <role />
              <in.gov>0</in.gov>
              <first.speech>0</first.speech>
              <name role="metadata">MACDONALD-PATERSON, Thomas</name>
              <name role="display">Mr MACDONALD-PATERSON</name>
            </talker>
            <para>- I move - </para>
          </talk.start>
          <quote>
            <para>That <inline font-weight="bold">Mr. Frederick</inline> William Holder do take the chair of the House as  Speaker. </para>
          </quote>
          <para class="block">The position to which I propose that <inline font-weight="bold">Mr. Holder</inline> should be elected is a magnificent one, but I think that the honour will be accorded to  him unanimously, because honorable members will agree that in electing him to preside over the deliberations of this House we shall be putting the right man into the right place. Many honorable members have known <inline font-weight="bold">Mr. Holder</inline> for a much longer time than that during which I have known him ; but I feel sure that all will agree that the part he has played in the advancement of the federation of the Australian States has been a great one. If he had been physically a little stronger I think his voice and his presence would have been more generally heard and felt throughout the States, but he was prevented from taking the opportunity to make himself more generally known, for this reason, and because of responsibilities which he could not forsake. So far as the representatives from the State of Queensland are concerned, we are unanimously of opinion that, in electing <inline font-weight="bold">Mr.</inline></para>
          <para class="block">Holder to the position of honour in which I have proposed he shall be placed, we shall be choosing a man who will do great credit to it. He is known for his suavity and urbanity of manner; he is unquestionably a man of great judgment and of large experience; and although some may- regard his nicelybalanced mind and quiet demeanour as perhaps an evidence of weakness of character, I am sure that in his heart and breast there rests the ability and vitality to be firm, strong, and diplomatic. In electing <inline font-weight="bold">Mr. Holder,</inline> Ave  shall be choosing a  Speaker  who will fill the position with credit to this assembly, with much honour to himself, and with dignity to the Commonwealth. </para>
        </speech>
        <speech>
          <talk.start>
            <talker>
              <page.no>21</page.no>
              <time.stamp />
              <name.id>JRR</name.id>
              <electorate>Tasmania</electorate>
              <party />
              <role />
              <in.gov>0</in.gov>
              <first.speech>0</first.speech>
              <name role="metadata">BRADDON, Edward</name>
              <name role="display">Sir EDWARD BRADDON</name>
            </talker>
            <para>- I have great pleasure in seconding the motion. In common with, I think, all other honorable members of this House, I feel that <inline font-weight="bold">Mr. Holder</inline> has, by his services in the cause of Federation, amply deserved all the confidence we can possibly place in him. I feel that he will rule over our proceedings with that dignity and that even-handed justice which are so especially required on the part of a  Speaker.  The only regret that I have in this connexion is that in electing <inline font-weight="bold">Mr. Holder</inline> to the Speakership, we shall lose his valuable services on the floor of the House. I believe the feeling is general 071 both sides of the chamber that <inline font-weight="bold">Mr. Holder,</inline> by reason of his eminent qualifications, deserves the high position to which it is proposed that he shall be elected. I think that I can say for those who will sit on the left of the chair that we are entirely in favour of <inline font-weight="bold">Mr. Holder&#39;s</inline> election, and that we shall be highly gratified to see it come to pass. </para>
          </talk.start>
        </speech>
        <speech>
          <talk.start>
            <talker>
              <page.no>21</page.no>
              <time.stamp />
              <name.id>KTT</name.id>
              <electorate>PARKES, NEW SOUTH WALES</electorate>
              <party>FT; ANTI-SOC from 1906; LP from 1910; NAT from 1917</party>
              <role />
              <in.gov>0</in.gov>
              <first.speech>0</first.speech>
              <name role="metadata">SMITH, Arthur</name>
              <name role="display">Mr BRUCE SMITH</name>
            </talker>
            <para>-! had intended to give a silent vote upon this motion, in the expectation that some honorable member who had not been mentioned as a candidate for this high office would have drawn attention to a circumstance connected with this election, which I think every wellwisher of our political institutions must have felt grieved at. Every honorable member must have become aware that, quite contrary to expectation, circular letters have been sent round to members of both Houses, inviting them, in very polite terms, to give their support to the candidates, or rather to some of the candidates, for the two very exalted positions of  Speaker  of the House of Representatives and  President  of the Senate. I am not speaking now from personal motives, although my name was mentioned as that of a possible candidate for the Speakership; but I desire, at this initial stage in our federal history, to record my individual protest against a system which seems to me wholly unbecoming to the new order of things upon which we have entered. A great many honorable members, and a great many people who ave not members of this assembly, hoped that in dealing with Commonwealth affairs we were going to enter into a higher and rarer political atmosphere; but I am sorry to find that some of those who most fervently expressed that hope have joined in the encouragement of a state of things, which, as one of the first steps in our federal history, has very much disappointed &#34;me. I cannot think, for a moment, that such eminent parliamentarians as <inline font-weight="bold">Mr. Speaker</inline> Brand, <inline font-weight="bold">Mr. Speaker</inline> Peel, or <inline font-weight="bold">Mr. Speaker</inline> Gully, would have lent themselves to a practice of the kind to which I allude, and from what I know of the history of the House of Commons - and I arn sure that a fuller knowledge of the inner history of that great institution would satisfy every honorable member on the subjects - I am persuaded that any attempt at a practice of this sort would have been fatal to an aspirant to the Speakership there. A circular letter has been freely handed round among members which, having seen it myself, I am bound to say comes as nearly as possible, to being what, among commercial people, would be regarded as a business circular, setting forth in the plainest terms the merits of the candidate, and making an appeal for support to his candidature. Inasmuch as the positions of  Speaker  of the House of Representatives and  President  of the Senate of this great Commonwealth are next to that of the Governor-General, the two highest offices in the land, it is just as undesirable that this mode of procedure should be adopted here, as it would be undesirable that it should be adopted in regard to the choosing of the Chief Justice of the Commonwealth. Without desiring in any way to express the opinion of honorable members, as one who has taken a very active interest in the struggle for the consummation of this great Australian union, as one who has looked forward with deep, and I may say profound, pleasure, and a sense of honour, to occupying a seat in one or other of the Houses, and as one who expected to see realized the higher and rarer atmosphere of which so much has been said in the various States, I am bound to say that I am very much disappointed that any member should succeed by virtue of such a practice as that to which I refer. I have nothing to say of an invidious character. I speak in the most abstract way. .But I do <inline font-style="italic">hope</inline> that when this House and when the Senate have settled down to work out the  history  of the Commonwealth, they will, in the most emphatic manner, in the future, deprecate this practice as strongly and as unhesitatingly as they may feel sure it would have been deprecated in the old country. I satisfy myself with recording my individual protest against the practice, expressing the wish that we may never hear of it being indulged in during the future history of this country. </para>
          </talk.start>
          <interjection>
            <talk.start>
              <talker>
                <page.no>22</page.no>
                <time.stamp />
                <name.id>JX7</name.id>
                <electorate />
                <party />
                <role />
                <in.gov>0</in.gov>
                <first.speech>0</first.speech>
                <name role="metadata">CHAPMAN, Austin</name>
                <name role="display">Mr Chapman</name>
              </talker>
              <para>- Far better than private touting at any rate. </para>
            </talk.start>
          </interjection>
        </speech>
        <speech>
          <talk.start>
            <talker>
              <page.no>22</page.no>
              <time.stamp />
              <name.id>JUJ</name.id>
              <electorate>Tasmania</electorate>
              <party />
              <role />
              <in.gov>0</in.gov>
              <first.speech>0</first.speech>
              <name role="metadata">CAMERON, Donald Norman</name>
              <name role="display">Mr CAMERON</name>
            </talker>
            <para>- I desire to express my deep regret that <inline font-weight="bold">Mr. Holder</inline> is the only candidate for the Speakership. I always understood that he was an ardent freetrader, and, if that be so, it would have been far better in the interests of freetrade had lie remained on the floor of the House. Another  gentleman who was a candidate has withdrawn, and therefore this proceeding is of course merely formal. We know that it must be so. I deeply regret it ; and had that other honorable member not withdrawn his candidature, I should have voted in his favour. </para>
          </talk.start>
        </speech>
        <speech>
          <talk.start>
            <talker>
              <page.no>22</page.no>
              <time.stamp />
              <name.id>KHI</name.id>
              <electorate>South Australia</electorate>
              <party />
              <role />
              <in.gov>0</in.gov>
              <first.speech>0</first.speech>
              <name role="metadata">HOLDER, Frederick</name>
              <name role="display">Mr HOLDER</name>
            </talker>
            <para>- I respectfully submit myself to the will of the House. </para>
          </talk.start>
          <para>Members of the House calling <inline font-weight="bold">Mr. Holder</inline> to the chair, he was taken out of his place by <inline font-weight="bold">Mr. Macdonald-paterson</inline> and <inline font-weight="bold">Sir Edward</inline> Braddon and conducted to the chair. </para>
          <para>Then <inline font-weight="bold">Mr. Speaker</inline> elect, standing on the upper step, said - I must express, as deeply and clearly as words will permit, my deep sense of the obligation  which rests upon me in consequence of the honour which the House has unanimously conferred upon me. I recognise the importance of the position to which I have been summoned, and I realize at least some of its responsibilities as well as its high honour. I shall seek as time may go by to maintain the high reputation which the office of  Speaker  has hitherto borne in all parts of our great Empire. I am quite sure that though honorable members will have to express their deep and earnest convictions on the various matters that come before the House they will express them with due respect to our standing orders. I rely, as I am sure I have a right to rely, upon the earnest support and assistance of every member of this House to assist me in maintaining order according to our regulations. I am glad to be able to thank the Government for the excellent staff they have placed at our disposal, and I am quite sure that by their aid, and with the support of honorable members, I shall be .able to fulfil, at least to some extent, those anticipations which have been so kindly expressed. I thank honorable members for the honour they have done me. </para>
        </speech>
        <speech>
          <talk.start>
            <talker>
              <page.no>22</page.no>
              <time.stamp />
              <name.id>009LR</name.id>
              <electorate>Hunter</electorate>
              <party>Protectionist</party>
              <role>Minister for External Affairs</role>
              <in.gov>1</in.gov>
              <first.speech>0</first.speech>
              <name role="metadata">BARTON, Edmund</name>
              <name role="display">Mr BARTON</name>
            </talker>
            <para>. - -I have to express to you, <inline font-weight="bold">Mr. Speaker,</inline> in conjunction with one of my honorable friends opposite, who will follow me, the entire congratulations of this House upon the position of dignity and honour to which you have attained. There is no man who has been a keen watcher of the progress of the federal movement in Australia who has not become conscious years ago of the strength and force and also the persuasive influence which your advocacy has given to that movement. Many of us have gone through that long and arduous struggle with conflicting feelings and emotions, but those who were first in the fight were always able to put a strong reliance Upon each other, and in that strong reliance upon yon, sir, I have always found myself to be justified. Tour long Parliamentary experience and your known acquaintance with Parliamentary usage and practice, I take it, will be considered to eminently justify the selection of this House. It is true that my honorable friend, who proposed you for this office, has made reference to the amiability which in some quarters might be mistaken for weakness. But I am one of those who believe that courtesy is the first condition of dignity, without which dignity the respect of a great free representative assembly cannot be commanded. And so I have no fear for the future, <inline font-weight="bold">Sir, in</inline> that courtesy of yours which is your natural characteristic, and which is demanded of every  speaker  by the traditions and usages and the every day conditions of Parliamentary action. The  speaker  who is not courteous to all members of the House cannot expect their consistent support, for an affront offered to one is an affront offered to all. That, however, we cannot expect from you, but so much to thecontrary. We are confident from your past that you will uphold all that is valuable in Parliamentary precedent, all that is right and just in Parliamentary action, by a firmness which is perfectly compatible with that courtesy we all know you to possess. I must express, also, my personal gratification. From a long acquaintance with you - a friendship, I hope I may say - I am able to say to those who do not know you as well perhaps as I do, that we are electing to the Chair of this House a gentleman and an honourable and upright man. </para>
          </talk.start>
        </speech>
        <speech>
          <talk.start>
            <talker>
              <page.no>23</page.no>
              <time.stamp />
              <name.id>L2G</name.id>
              <electorate>Wentworth</electorate>
              <party />
              <role />
              <in.gov>0</in.gov>
              <first.speech>0</first.speech>
              <name role="metadata">MCMILLAN, William</name>
              <name role="display">Sir WILLIAM McMILLAN</name>
            </talker>
            <para>- On behalf of the right honorable member for East Sydney, who is prevented through illness from being here to-day - an illness which, I am sure, will be deplored by honorable members on both sides of the House - I have the honour, on behalf of the Opposition in this Chamber, to give you, <inline font-weight="bold">Mr. Speaker,</inline> a hearty welcome to that high and dignified position to which you have been elected. It is with mixed feelings, if you will not misunderstand me, that I welcome you to that chair. Though it is an honour to our party that one of outnumber should have been selected for that great and high office, it is an undoubted loss to us to be deprived of one of our most brilliant members. I agree with the right honorable gentleman who has just sat down that we have in the chair not only a man who is well versed in parliamentary practice, but also a gentleman of highly honorable character - and character is, in the long run, the test of public life. I also know, although you are a loss to our side, that for many years you have undertaken arduous duties in the Assembly of South Australia ; and it is a consolation to know that now you are resting and becoming non-partisan in the strictest sense, you will have an opportunity of recruiting your health. I hope that the duties of that chair will not be so extremely onerous as have been the duties of Speakers in some Parliaments in Australia, and that you will be able to keep us within reasonable hours in the performance of our legislative functions. It is a matter of congratulation that, at this the first event in our parliamentary career, no acrimonious debate has taken place, and that you are elected our  Speaker  and the First Commoner of Australia by the unanimous consent of this Chamber. On behalf of the Opposition, <inline font-weight="bold">Sir, I</inline> heartily congratulate you on your dignity. </para>
          </talk.start>
        </speech>
        <speech>
          <talk.start>
            <talker>
              <page.no>23</page.no>
              <time.stamp />
              <name.id>F4R</name.id>
              <electorate>Bland</electorate>
              <party />
              <role />
              <in.gov>0</in.gov>
              <first.speech>0</first.speech>
              <name role="metadata">WATSON, John Christian</name>
              <name role="display">Mr WATSON</name>
            </talker>
            <para>- I have been deputed by the members of the labour party to offer you, <inline font-weight="bold">Mr. Speaker,</inline> their most sincere congratulations upon your accession to your present high office. After the eulogy that has been passed upon you I do not know that it is necessary to say more than this - that although only a few members of the party to which I belong have had an opportunity of knowingyou as a Member of Parliament, your reputation has spread throughout the various States of Australia to such an extent, as to inspire us with the full hope and belief that you will do more than honour to the position you now occupy. I can assure you that so far as the labour party is concerned you will have every assistance in the observance of those rules which are so necessary to the maintenance of the liberties of the members of this House. </para>
          </talk.start>
        </speech>
        <speech>
          <talk.start>
            <talker>
              <page.no>23</page.no>
              <time.stamp />
              <name.id>10000</name.id>
              <electorate />
              <party />
              <role />
              <in.gov>0</in.gov>
              <first.speech>0</first.speech>
              <name role="metadata">SPEAKER, Mr</name>
              <name role="display">Mr SPEAKER</name>
            </talker>
            <para>- I thank the Prime Minister, and the other two honorable members who have spoken for their congratulations ; and I can only reiteratemy determination as far as I can to rise to the heights to which all too kindly honorable members have desired that I should attain. </para>
          </talk.start>
          <para>
            <inline font-weight="bold">Mr. BARTON</inline>(Hunter - Minister for External Affairs). - I am commissioned to say that  His Excellency  the GovernorGeneral will receive this House for the purpose of presenting their  Speaker  to him at four o&#39;clock this afternoon, at the Executive Council Chamber in the Treasury Buildings. I ask <inline font-weight="bold">Mr. Speaker</inline> to leave the chair now until a quarter to four, in order that honorable members may attend with him at four o&#39;clock. I will also ask honorable members to be so kind as to afterwards form a quorum to permit of my moving the adjournment of the House until to-morrow, when  His Excellency  the Governor-General will attend to declare the cause of our being summoned. </para>
          <continue>
            <talk.start>
              <talker>
                <page.no>23</page.no>
                <time.stamp />
                <name.id>10000</name.id>
                <electorate />
                <party />
                <role />
                <in.gov>0</in.gov>
                <first.speech>0</first.speech>
                <name role="metadata">SPEAKER, Mr</name>
                <name role="display">Mr SPEAKER</name>
              </talker>
              <para>- I shall leave the chair until ten minutes to four, and I will ask honorable members to be present in sufficient numbers to accompany me to wait upon the Governor-General. </para>
            </talk.start>
          </continue>
        </speech>
      </subdebate.1>
    </debate>
    <debate>
      <debateinfo>
        <title>WESTERN AUSTRALIAN</title>
        <page.no>23</page.no>
        <type>miscellaneous</type>
      </debateinfo>
    </debate>
    <debate>
      <debateinfo>
        <title>CONGRATULATIONS</title>
        <page.no>23</page.no>
        <type>miscellaneous</type>
      </debateinfo>
      <para class="block">The House having re-assembled, <inline font-weight="bold">Mr. BARTON</inline> (Hunter - Minister for External Affairs). - Before we proceed to present <inline font-weight="bold">Mr. Speaker</inline> to the Governor-General, I would like to say that I have received a most pleasing telegram from West Australia. It is from the Premier of that colony, <inline font-weight="bold">Mr. G.</inline> Throssell, find is as follows : - </para>
      <para>On behalf of Western Australia I desire to express the ardent hope that the meeting of the Commonwealth Parliament, inaugurated to-day and so auspiciously presided over by  His  Royal  Highness, may be the precursor of a new era of </para>
      <para class="block">Prosperity for United Australia, and earn for the  Parliament  of the Commonwealth the honour and respect of the empire. Western Australia will watch your proceedings with the deepest interest. </para>
      <para class="block">I have caused the following reply to be sent : - </para>
      <para>Your graceful congratulations are most acceptable to the Federal Ministry and Parliament. The hopes of Western Australia for the prosperity pf the Commonwealth are most welcome, and are fully shared by a Parliament whose ideal will be to sustain the honour and deserve the respect of Australia and the empire. </para>
    </debate>
    <debate>
      <debateinfo>
        <title>PRESENTATION OF MR. SPEAKER TO THE GOVERNOR-GENERAL</title>
        <page.no>24</page.no>
        <type>miscellaneous</type>
      </debateinfo>
      <para>The House proceeded to the Executive Council Chamber, Treasury Buildings, there to present <inline font-weight="bold">Mr. Speaker</inline> to  His Excellency  the Governor-General. </para>
      <para>The House having re-assembled, </para>
      <para>
        <inline font-weight="bold">Mr. SPEAKER</inline>said I have to report that, together with a number of honorable members, I proceeded this afternoon to the Executive Council Chamber in the Treasurybuildings, and presented myself to  His Excellency  the Governor-General as the choice of the House of Representatives, whereupon  His Excellency  was pleased to address me in the following terms : - </para>
      <interjection>
        <talk.start>
          <talker>
            <page.no>24</page.no>
            <time.stamp />
            <name.id>10000</name.id>
            <electorate />
            <party />
            <role />
            <in.gov>0</in.gov>
            <first.speech>0</first.speech>
            <name role="metadata">SPEAKER, Mr</name>
            <name role="display">Mr Speaker</name>
          </talker>
          <para>- It is with much pleasure that I learn of the choice made by the House of Representatives of the Commonwealth Parliament, and of your appointment to the high and honorable position of Speaker of that Chamber. I have every confidence that you will fill the office in <inline font-style="italic">a</inline> worthy and dignified manner. </para>
        </talk.start>
      </interjection>
    </debate>
    <debate>
      <debateinfo>
        <title>HOPETOUN,</title>
        <page.no>24</page.no>
        <type>miscellaneous</type>
      </debateinfo>
      <para>Governor-General. 9th May, 1U0.I. </para>
    </debate>
    <debate>
      <debateinfo>
        <title>CONGRATULATORY MESSAGES</title>
        <page.no>24</page.no>
        <type>miscellaneous</type>
      </debateinfo>
      <speech>
        <talk.start>
          <talker>
            <page.no>24</page.no>
            <time.stamp />
            <name.id>10000</name.id>
            <electorate />
            <party />
            <role />
            <in.gov>0</in.gov>
            <first.speech>0</first.speech>
            <name role="metadata">SPEAKER, Mr</name>
            <name role="display">Mr SPEAKER</name>
          </talker>
          <para>- His Excellency the GovernorGeneral has handed me the following cablegram which he has received from the Secretary of State for the Colonies : - </para>
        </talk.start>
        <para>His Majesty&#39;s Government welcomes the new Parliament that to-day takes its place among the great legislative bodies of the British Empire. They feel confident it will be a faithful interpreter of the aspirations of a free and loyal people, and they trust that its deliberations will promote the happiness, prosperity, and unity of the whole continent of Australia. </para>
        <para class="block">I have also just now received from the Moderator of the Presbyterian Assembly the following telegram : - </para>
        <para>Presbyterian General Assembly, now in session, have united in special prayers for, and now offer congratulations to, first Parliament of Australian Commonwealth. </para>
      </speech>
      <speech>
        <talk.start>
          <talker>
            <page.no>24</page.no>
            <time.stamp />
            <name.id>009LR</name.id>
            <electorate>Hunter</electorate>
            <party>Protectionist</party>
            <role>Minister for External Affairs</role>
            <in.gov>1</in.gov>
            <first.speech>0</first.speech>
            <name role="metadata">BARTON, Edmund</name>
            <name role="display">Mr BARTON</name>
          </talker>
          <para>. - I take it that the House will concur with me in saying that the telegram received from the Secretary of State for the Colonies will receive proper attention. I shall ask  His Excellency  the Governor-General to send a suitable answer, which, I hope, will have the approval of the House. I shall also ask <inline font-weight="bold">Mr. Speaker</inline> to answer the telegram sent from the Presbyterian Assembly. </para>
        </talk.start>
      </speech>
    </debate>
    <debate>
      <debateinfo>
        <title>SPECIAL ADJOURNMENT</title>
        <page.no>24</page.no>
        <type>special adjournment</type>
      </debateinfo>
      <para class="block">Calling or Parliament. - Standing Orders. - Occupation of State Houses or Parliament by Federal Parliament. </para>
      <speech>
        <talk.start>
          <talker>
            <page.no>24</page.no>
            <time.stamp />
            <name.id>009LR</name.id>
            <electorate>Hunter</electorate>
            <party>Protectionist</party>
            <role>Minister for External Affairs</role>
            <in.gov>1</in.gov>
            <first.speech>0</first.speech>
            <name role="metadata">BARTON, Edmund</name>
            <name role="display">Mr BARTON</name>
          </talker>
          <para>. - The Governor-General will attend to-morrow morning at eleven, o&#39;clock to deliver the causes of summoning this Parliament ; and I have therefore to move - </para>
        </talk.start>
        <para>That the House at its rising do adjourn until to-morrow at ten minutes before eleven o&#39;clock. </para>
      </speech>
      <speech>
        <talk.start>
          <talker>
            <page.no>24</page.no>
            <time.stamp />
            <name.id>F4S</name.id>
            <electorate>PARRAMATTA, NEW SOUTH WALES</electorate>
            <party>FT; ANTI-SOC from 1906; LP from 1910; NAT from 1917</party>
            <role />
            <in.gov>0</in.gov>
            <first.speech>0</first.speech>
            <name role="metadata">COOK, Joseph</name>
            <name role="display">Mr JOSEPH COOK</name>
          </talker>
          <para>- I take advantage of this motion to ask the Prime Minister a question. It has reference to the standing orders. I understand that the honorable gentleman has been engaged for some time past in framing a new set of standing orders, and I should . like to ask if he purposes distributing them, and, if so, when.- The question is one of some importance. I understand that the standing orders will differ very materially from those of any particular State; and, therefore, it seems to me that it would be well if honorable members had them to peruse before we are called upon to deal with them. </para>
        </talk.start>
        <para>
          <inline font-weight="bold">Mr. HIGGINS</inline>(North Melbourne).Before the Prime Minister answers, I wish to ask him if he can inform the House how soon the members of the Federal Parliament are to have the privileges of the library and the other rooms of this House <inline font-style="italic">1</inline></para>
        <para>Honorable Members. - Hear, hear. </para>
      </speech>
      <speech>
        <talk.start>
          <talker>
            <page.no>24</page.no>
            <time.stamp />
            <name.id>KHC</name.id>
            <electorate>NORTHERN MELBOURNE, VICTORIA</electorate>
            <party />
            <role />
            <in.gov>0</in.gov>
            <first.speech>0</first.speech>
            <name role="metadata">HIGGINS, Henry</name>
            <name role="display">Mr HIGGINS</name>
          </talker>
          <para>- I may say I ask this question because, yesterday, I wanted to bring a book away with me for reading, and that is a privilege that always in my experience has been allowed to members of the State Parliament. I was informed, courteously, of course, by the librarian that he had received no instructions to extend this privilege to any member of the Federal Parliament. I am quite sure there are no members of this House, or of this Parliament, who wish in any way to infringe upon the privileges of members of the Victorian Parliament. We wish that they should have every privilege in. this building which it is possible to afford, but we are at present put in the awkward position of not knowing where we are. We wish to know the limits of our privileges, in order that we may not be found encroaching on the rights of other gentlemen. </para>
        </talk.start>
        <para>
          <inline font-weight="bold">Mr. BARTON</inline>(Hunter- Minister for External Affairs), in reply. - As to the inquiry of the honorable member for Parramatta <inline font-weight="bold">(Mr. Cook),</inline> I may say this, that while I have, in conjunction with the  officers at the head of the tables, drafted a provisional set of standing orders, there is no idea of attempting to impose standing orders on this House without its own consent. As soon as possible a Standing Orders Committee will be elected. With regard to the draft standing orders, they will be laid on the table to-morrow, and distributed at once. The intention of the Government is that, as there must be some understood rules of Parliament to which honorable members can conveniently refer in the meantime, before the Standing Orders Committee can be elected and sit, we shall ask honorable members to allow <inline font-weight="bold">Mr. Speaker</inline> to accept these provisional standing orders as a guide to procedure until the Standing Orders Committee have dealt with the subject. </para>
        <interjection>
          <talk.start>
            <talker>
              <page.no>25</page.no>
              <time.stamp />
              <name.id>20000</name.id>
              <electorate />
              <party />
              <role />
              <in.gov>0</in.gov>
              <first.speech>0</first.speech>
              <name role="metadata" />
              <name role="display">Mr Cook</name>
            </talker>
            <para>- Without debate ? </para>
          </talk.start>
        </interjection>
      </speech>
      <speech>
        <talk.start>
          <talker>
            <page.no>25</page.no>
            <time.stamp />
            <name.id>009LR</name.id>
            <electorate>HUNTER, NEW SOUTH WALES</electorate>
            <party>PROT</party>
            <role />
            <in.gov>0</in.gov>
            <first.speech>0</first.speech>
            <name role="metadata">BARTON, Edmund</name>
            <name role="display">Mr BARTON</name>
          </talker>
          <para>- It is the desire of honorable members on all sides that an adjournment should take place from to-morrow until the 21st inst. By that time honorable members will have had an opportunity of reading the standing orders ; but Itake it that honorable members will not be anxious to have two debates on them, one then, and another when the Standing Orders Committee bring the standing orders up for decision, and I therefore invite the forbearance and confidence of the House in assenting to the interim rule of these standing orders for <inline font-weight="bold">Mr. Speaker&#39;s</inline> guidance until we can appoint a committee, but no longer. I can assure my honorable friend that these draft standing orders do not go beyond the length of any standing orders in existence in the Parliaments of Australia. As honorable members have not the rules of the House of Commons at their hands, and, as we must have some rules which are more or less familiar to them, it was thought that a compilation which endeavoured to interweave what were thought the best of those of the various Parliaments would be accepted on all hands as a reasonable guide until the Standing Orders Committee could deal with the matter. That is what we propose to do. Then as to the privileges of the library, the honorable member for North Melbourne <inline font-weight="bold">(Mr. Higgins),</inline> has asked a seasonable question. I might make this statement : On 10th April, I received a letter from the Premier of Victoria, asking the Federal Government to exercise its choice between two places of meeting, one being rooms prepared at the Exhibition Building, and the other being this House and its precincts; After due consideration in Cabinet, I communicated with <inline font-weight="bold">Mr. Peacock,</inline> and stated that the Federal Government would prefer to occupy this building. This was followed up by an ordinary Executive minute in vague terms - necessarily vague at the time, because the actual terms had not been settled - in which authority was simply taken by the Government of the Commonwealth to occupy this building, that of course being subject to Executive communication between the two Governments. Subsequently, there having been some little want of understanding, which was quite natural under the circumstances perhaps, I had an interview with <inline font-weight="bold">Mr. Peacock,</inline> and with the  Speaker  of &#39; the Legislative Assembly of Victoria, <inline font-weight="bold">Mr. Mason.</inline> It was understood that, upon the result of the conversation then held, an Executive minute would be prepared, and passed through by the Government of the State of Victoria, defining certain terms which we had discussed, and which included a complete sharing of the privileges usually enjoyed by the members of the State Parliament, such as the use of the library, the refreshment-room, the billiard-room, the gardens, and so on. As honorable members know, the celebrations have intervened, and I do not think we can take it hardly of the Premier of Victoria that we have not yet received that Executive minute, though I rather wish that we had received it. In the meantime we have exercised the option for the occupation of the building, and, as a matter of honour between usand Victoria, I take it that we are certainly entitled to an effective occupation. Honorable members, I think, fully understand that on the conversations which have taken place, and the option which was exercised by us, they are entitled to the occupation of the library and other appurtenances of this House in common with members of the Victorian Legislature. I would, however, ask honorable gentlemen not to be too pressing, for a day or two, for the occupation of other rooms, because as honorable members of the State Parliament have been occupying the rooms of this building ever since its construction, many years ago, there may naturally be a little feeling of homesickness about leaving them, and one does not therefore want to press these matters too abruptly or too unkindly. In the meantime, I shall do my utmost to secure that honorable members have the best accommodation possible. Certainly they are entitled to the privilege of occupying the refreshment-room, the library, the billiard-room, and other places which I have mentioned, but always on the understanding that equal facilities are afforded to the members of the Victorian Parliament. That is the position as it stands now. As for yourself, <inline font-weight="bold">Mr. Speaker,</inline> I take it that it is a matter of honour with Victoria that the offer of this building should not be an empty gift, and that, therefore, in your high position as the representative and spokesman of this House, you are entitled at once to have the necessary accommodation prepared for you. </para>
        </talk.start>
      </speech>
      <speech>
        <talk.start>
          <talker>
            <page.no>26</page.no>
            <time.stamp />
            <name.id>KQP</name.id>
            <electorate>Kennedy, Queensland</electorate>
            <party />
            <role />
            <in.gov>0</in.gov>
            <first.speech>0</first.speech>
            <name role="metadata">MCDONALD, Charles</name>
            <name role="display">Mr McDONALD</name>
          </talker>
          <para>- <inline font-weight="bold">Mr. Speaker</inline> - - </para>
        </talk.start>
        <para>An Honorable Member. - The Premier has spoken in reply. </para>
        <continue>
          <talk.start>
            <talker>
              <page.no>26</page.no>
              <time.stamp />
              <name.id>KQP</name.id>
              <electorate />
              <party />
              <role />
              <in.gov>0</in.gov>
              <first.speech>0</first.speech>
              <name role="metadata">MCDONALD, Charles</name>
              <name role="display">Mr McDONALD</name>
            </talker>
            <para>- I cannot help that. </para>
          </talk.start>
        </continue>
      </speech>
      <speech>
        <talk.start>
          <talker>
            <page.no>26</page.no>
            <time.stamp />
            <name.id>10000</name.id>
            <electorate />
            <party />
            <role />
            <in.gov>0</in.gov>
            <first.speech>0</first.speech>
            <name role="metadata">SPEAKER, Mr</name>
            <name role="display">Mr SPEAKER</name>
          </talker>
          <para>- The Prime Minister having replied, I can allow no further debate. </para>
        </talk.start>
        <continue>
          <talk.start>
            <talker>
              <page.no>26</page.no>
              <time.stamp />
              <name.id>KQP</name.id>
              <electorate />
              <party />
              <role />
              <in.gov>0</in.gov>
              <first.speech>0</first.speech>
              <name role="metadata">MCDONALD, Charles</name>
              <name role="display">Mr McDONALD</name>
            </talker>
            <para>- Then, under the circumstances, I shall be compelled to move that your ruling, <inline font-weight="bold">Sir, be</inline> disagreed with. Just now this is purely an informal House, and, under such circumstances, I must maintain my rights. </para>
          </talk.start>
        </continue>
        <continue>
          <talk.start>
            <talker>
              <page.no>26</page.no>
              <time.stamp />
              <name.id>10000</name.id>
              <electorate />
              <party />
              <role />
              <in.gov>0</in.gov>
              <first.speech>0</first.speech>
              <name role="metadata">SPEAKER, Mr</name>
              <name role="display">Mr SPEAKER</name>
            </talker>
            <para>- I recognise that there are some difficulties connected with our present position : but, until the Standing Orders are laid on the table, I must ask honorable members to observe such rules as are common to the procedure of every legislative body. </para>
          </talk.start>
        </continue>
        <continue>
          <talk.start>
            <talker>
              <page.no>26</page.no>
              <time.stamp />
              <name.id>KQP</name.id>
              <electorate />
              <party />
              <role />
              <in.gov>0</in.gov>
              <first.speech>0</first.speech>
              <name role="metadata">MCDONALD, Charles</name>
              <name role="display">Mr McDONALD</name>
            </talker>
            <para>- I ask that, under these circumstances, the privileges of honorable members- </para>
          </talk.start>
        </continue>
        <continue>
          <talk.start>
            <talker>
              <page.no>26</page.no>
              <time.stamp />
              <name.id>009LR</name.id>
              <electorate />
              <party />
              <role />
              <in.gov>0</in.gov>
              <first.speech>0</first.speech>
              <name role="metadata">BARTON, Edmund</name>
              <name role="display">Mr BARTON</name>
            </talker>
            <para>- I must point out to my honorable friend that the absence of rules does not mean that we must have disorder, and I think it is a common rule of Parliament that when the mover of a question has replied the debate is concluded. </para>
          </talk.start>
        </continue>
        <continue>
          <talk.start>
            <talker>
              <page.no>26</page.no>
              <time.stamp />
              <name.id>KQP</name.id>
              <electorate />
              <party />
              <role />
              <in.gov>0</in.gov>
              <first.speech>0</first.speech>
              <name role="metadata">MCDONALD, Charles</name>
              <name role="display">Mr McDONALD</name>
            </talker>
            <para>-It is not so in Queensland. There we are allowed the privilege of speaking, and we should have that privilege here. I intend to assert my privileges in this House, and I do not care at what cost. I wish to treat this House with the fullest respect; but while I desire to do this-- </para>
          </talk.start>
        </continue>
        <continue>
          <talk.start>
            <talker>
              <page.no>26</page.no>
              <time.stamp />
              <name.id>10000</name.id>
              <electorate />
              <party />
              <role />
              <in.gov>0</in.gov>
              <first.speech>0</first.speech>
              <name role="metadata">SPEAKER, Mr</name>
              <name role="display">Mr SPEAKER</name>
            </talker>
            <para>- I must ask the honorable gentleman to resume his seat. </para>
          </talk.start>
        </continue>
        <continue>
          <talk.start>
            <talker>
              <page.no>26</page.no>
              <time.stamp />
              <name.id>KQP</name.id>
              <electorate />
              <party />
              <role />
              <in.gov>0</in.gov>
              <first.speech>0</first.speech>
              <name role="metadata">MCDONALD, Charles</name>
              <name role="display">Mr McDONALD</name>
            </talker>
            <para>- I am going to. stand out formyrights, and I do not care what the cost may be. I claim my right to say a few words now. </para>
          </talk.start>
        </continue>
        <continue>
          <talk.start>
            <talker>
              <page.no>26</page.no>
              <time.stamp />
              <name.id>009LR</name.id>
              <electorate />
              <party />
              <role />
              <in.gov>0</in.gov>
              <first.speech>0</first.speech>
              <name role="metadata">BARTON, Edmund</name>
              <name role="display">Mr BARTON</name>
            </talker>
            <para>- May I ask my honorable friend for a moment&#39;s hearing? The carrying of the motion which has been moved will not conclude our proceedings to-day; there will be the further motion - &#34;That this House do now adjourn,&#34; - and the honorable member can speak to it. </para>
          </talk.start>
        </continue>
        <continue>
          <talk.start>
            <talker>
              <page.no>26</page.no>
              <time.stamp />
              <name.id>KQP</name.id>
              <electorate />
              <party />
              <role />
              <in.gov>0</in.gov>
              <first.speech>0</first.speech>
              <name role="metadata">MCDONALD, Charles</name>
              <name role="display">Mr McDONALD</name>
            </talker>
            <para>- You, sir, have granted the Prime Minister the privilege of saying a word or two, and I could have said what I wished to say in just as short a time. </para>
          </talk.start>
        </continue>
        <continue>
          <talk.start>
            <talker>
              <page.no>26</page.no>
              <time.stamp />
              <name.id>10000</name.id>
              <electorate />
              <party />
              <role />
              <in.gov>0</in.gov>
              <first.speech>0</first.speech>
              <name role="metadata">SPEAKER, Mr</name>
              <name role="display">Mr SPEAKER</name>
            </talker>
            <para>- I cannot allow a debate at this stage. </para>
          </talk.start>
        </continue>
        <continue>
          <talk.start>
            <talker>
              <page.no>26</page.no>
              <time.stamp />
              <name.id>KQP</name.id>
              <electorate />
              <party />
              <role />
              <in.gov>0</in.gov>
              <first.speech>0</first.speech>
              <name role="metadata">MCDONALD, Charles</name>
              <name role="display">Mr McDONALD</name>
            </talker>
            <para>- It is not a question of debate at all. </para>
          </talk.start>
        </continue>
      </speech>
      <subdebate.1>
        <subdebateinfo>
          <title>Honorable Members. - Chair !</title>
          <page.no>26</page.no>
        </subdebateinfo>
        <speech>
          <talk.start>
            <talker>
              <page.no>26</page.no>
              <time.stamp />
              <name.id>KQP</name.id>
              <electorate />
              <party />
              <role />
              <in.gov>0</in.gov>
              <first.speech>0</first.speech>
              <name role="metadata">MCDONALD, Charles</name>
              <name role="display">Mr McDONALD</name>
            </talker>
            <para>- It is no use calling out &#34; Chair.&#34; &#34;We have neither rules, nor anything else, at the present time. It is only as a matter of courtesy that one is allowed to speak at all at the present time. </para>
          </talk.start>
        </speech>
        <speech>
          <talk.start>
            <talker>
              <page.no>26</page.no>
              <time.stamp />
              <name.id>10000</name.id>
              <electorate />
              <party />
              <role />
              <in.gov>0</in.gov>
              <first.speech>0</first.speech>
              <name role="metadata">SPEAKER, Mr</name>
              <name role="display">Mr SPEAKER</name>
            </talker>
            <para>- I would again ask the honorable member to resume his seat. I shall have to ask the Prime Minister to protect the Chair if the honorable member persists in continuing his remarks. </para>
          </talk.start>
          <continue>
            <talk.start>
              <talker>
                <page.no>26</page.no>
                <time.stamp />
                <name.id>KQP</name.id>
                <electorate />
                <party />
                <role />
                <in.gov>0</in.gov>
                <first.speech>0</first.speech>
                <name role="metadata">MCDONALD, Charles</name>
                <name role="display">Mr McDONALD</name>
              </talker>
              <para>- I do not know how he is going to protect the Chair if I like to continue my protest. </para>
            </talk.start>
          </continue>
          <para>Question resolved in the affirmative. </para>
        </speech>
      </subdebate.1>
    </debate>
    <debate>
      <debateinfo>
        <title>ADJOURNMENT</title>
        <page.no>26</page.no>
        <type>adjournment</type>
      </debateinfo>
      <subdebate.1>
        <subdebateinfo>
          <title>Proposed Standing Orders</title>
          <page.no>26</page.no>
        </subdebateinfo>
        <para>Motion by <inline font-weight="bold">Mr. Barton</inline> proposed - </para>
        <quote>
          <para>That the House do now adjourn. </para>
        </quote>
        <speech>
          <talk.start>
            <talker>
              <page.no>27</page.no>
              <time.stamp />
              <name.id>KQP</name.id>
              <electorate>Kennedy, Queensland</electorate>
              <party />
              <role />
              <in.gov>0</in.gov>
              <first.speech>0</first.speech>
              <name role="metadata">MCDONALD, Charles</name>
              <name role="display">Mr McDONALD</name>
            </talker>
            <para>- I understand; that this is the stage at which I can say a word or two. We were distinctly told by the Premier that the object the Government had in view was to take the Standing Orders of the Legislatures of the various States, and from them to formulate Standing Orders for the conduct of business in this House: Having said that, the right honorable gentleman objected to my saying anything at all, simply because he had spoken in reply. It is a common thing in the Queensland Assembly for an honorable member to speak after the mover of a motion has spoken in reply ; and, under the circumstances, I might have been excused for trying to take the opportunity to speak. I did not wish to put you, <inline font-weight="bold">Mr. Speaker,</inline> in any uncomfortable position, or  to be disrespectful to this House. What I wanted to know was this : We are going to meet here to-morrow morning at eleven o&#39;clock without any Standing Orders. We do not know even what a quorum is. There may be ten members present, or there may be a full House. </para>
          </talk.start>
          <interjection>
            <talk.start>
              <talker>
                <page.no>27</page.no>
                <time.stamp />
                <name.id>009LR</name.id>
                <electorate />
                <party />
                <role />
                <in.gov>0</in.gov>
                <first.speech>0</first.speech>
                <name role="metadata">BARTON, Edmund</name>
                <name role="display">Mr Barton</name>
              </talker>
              <para>-  The Constitution enacts what a. quorum shall be. </para>
            </talk.start>
          </interjection>
          <continue>
            <talk.start>
              <talker>
                <page.no>27</page.no>
                <time.stamp />
                <name.id>KQP</name.id>
                <electorate />
                <party />
                <role />
                <in.gov>0</in.gov>
                <first.speech>0</first.speech>
                <name role="metadata">MCDONALD, Charles</name>
                <name role="display">Mr McDONALD</name>
              </talker>
              <para>- Well, that may be so; but, at any rate, we are expected to deal to-morrow morning - almost in a few minutes - with standing orders of a temporary character, and the Premier asks us to take them without debate. </para>
            </talk.start>
          </continue>
          <interjection>
            <talk.start>
              <talker>
                <page.no>27</page.no>
                <time.stamp />
                <name.id>009LR</name.id>
                <electorate />
                <party />
                <role />
                <in.gov>0</in.gov>
                <first.speech>0</first.speech>
                <name role="metadata">BARTON, Edmund</name>
                <name role="display">Mr Barton</name>
              </talker>
              <para>-  I did not say so. I said that I should lay the proposed standing orders on the table to-morrow morning, that they would be afterwards distributed, and that, when we met on the 21st, I should ask honorable members to accept those standing orders for the short interval that must elapse before the Standing Orders Committee can get to work. </para>
            </talk.start>
          </interjection>
          <continue>
            <talk.start>
              <talker>
                <page.no>27</page.no>
                <time.stamp />
                <name.id>KQP</name.id>
                <electorate />
                <party />
                <role />
                <in.gov>0</in.gov>
                <first.speech>0</first.speech>
                <name role="metadata">MCDONALD, Charles</name>
                <name role="display">Mr McDONALD</name>
              </talker>
              <para>- If my memory does not deceive me, the right honorable gentleman said that he hoped there would not be two debates on the standing orders. </para>
            </talk.start>
          </continue>
          <interjection>
            <talk.start>
              <talker>
                <page.no>27</page.no>
                <time.stamp />
                <name.id>009LR</name.id>
                <electorate />
                <party />
                <role />
                <in.gov>0</in.gov>
                <first.speech>0</first.speech>
                <name role="metadata">BARTON, Edmund</name>
                <name role="display">Mr Barton</name>
              </talker>
              <para>-  Hear, hear. </para>
            </talk.start>
          </interjection>
          <continue>
            <talk.start>
              <talker>
                <page.no>27</page.no>
                <time.stamp />
                <name.id>KQP</name.id>
                <electorate />
                <party />
                <role />
                <in.gov>0</in.gov>
                <first.speech>0</first.speech>
                <name role="metadata">MCDONALD, Charles</name>
                <name role="display">Mr McDONALD</name>
              </talker>
              <para>- I think that is the very reason why we should have the proposed standing orders the first thing to-morrow morning. </para>
            </talk.start>
          </continue>
          <interjection>
            <talk.start>
              <talker>
                <page.no>27</page.no>
                <time.stamp />
                <name.id>009LR</name.id>
                <electorate />
                <party />
                <role />
                <in.gov>0</in.gov>
                <first.speech>0</first.speech>
                <name role="metadata">BARTON, Edmund</name>
                <name role="display">Mr Barton</name>
              </talker>
              <para>-  Honorable members will have them then. </para>
            </talk.start>
          </interjection>
          <continue>
            <talk.start>
              <talker>
                <page.no>27</page.no>
                <time.stamp />
                <name.id>KQP</name.id>
                <electorate />
                <party />
                <role />
                <in.gov>0</in.gov>
                <first.speech>0</first.speech>
                <name role="metadata">MCDONALD, Charles</name>
                <name role="display">Mr McDONALD</name>
              </talker>
              <para>- I am sorry that the Government did not lay them on the table to-night, so that by to-morrow morning we might know exactly what they contain. </para>
            </talk.start>
          </continue>
          <para class="block">The right honorable gentleman does not for one moment suppose that when we get the standing orders we shall be able to take in at a glance exactly what is proposed. There may be very objectionable features in them, and, as I have had considerable difficulties in connexion with standing orders in another State, I am not going to allow any standing orders to pass in this House without entering my protest against them. </para>
        </speech>
      </subdebate.1>
      <subdebate.1>
        <subdebateinfo>
          <title>Honorable Members. - Oh!</title>
          <page.no>27</page.no>
        </subdebateinfo>
        <speech>
          <talk.start>
            <talker>
              <page.no>27</page.no>
              <time.stamp />
              <name.id>KQP</name.id>
              <electorate />
              <party />
              <role />
              <in.gov>0</in.gov>
              <first.speech>0</first.speech>
              <name role="metadata">MCDONALD, Charles</name>
              <name role="display">Mr McDONALD</name>
            </talker>
            <para>- I was going to say, without entering my protest against such standing orders as I may consider undesirable. In some of the States there are in force the most iniquitous standing orders that were ever framed in any Britishspeaking community ; and how am I to know at the present time, seeing what a conservative mind the Prime Minister has, that we may not be asked to pass such standing orders to-morrow ? Under the circumstances, I want to have the opportunity to look through any standing orders that may be proposed. The question I desired to ask the Prime Minister was : Will an opportunity be given us to do so! Will the right honorable gentleman try to let honorable members have copies of the standing orders to-night, so that we may have an opportunity to glance over them before to-morrow morning ? </para>
          </talk.start>
        </speech>
        <speech>
          <talk.start>
            <talker>
              <page.no>27</page.no>
              <time.stamp />
              <name.id>009LR</name.id>
              <electorate>Hunter</electorate>
              <party>Protectionist</party>
              <role>Minister for External Affairs</role>
              <in.gov>1</in.gov>
              <first.speech>0</first.speech>
              <name role="metadata">BARTON, Edmund</name>
              <name role="display">Mr BARTON</name>
            </talker>
            <para>, in reply. - Even a gentleman of a conservative turn of mind is entitled to have ordinary allowances mode to him. I am not aware that my mind is conservative. It has been miscalled so, in spite of my statements to the contrary, by some who do not know me, and who do not understand me. </para>
          </talk.start>
          <para>An Honorable Member.  -  And who do not know the meaning of theword. </para>
          <continue>
            <talk.start>
              <talker>
                <page.no>27</page.no>
                <time.stamp />
                <name.id>009LR</name.id>
                <electorate />
                <party />
                <role />
                <in.gov>0</in.gov>
                <first.speech>0</first.speech>
                <name role="metadata">BARTON, Edmund</name>
                <name role="display">Mr BARTON</name>
              </talker>
              <para>- And who do not know the meaning of the word. There never was, and there is not now, any intention of thrusting the proposed standing orders upon honorable members without consideration. I never said that that would be done, though I have been misrepresented us saying so. It is not, however, customary at a sitting like this, when the election of a Speaker, his presentation to the GovernorGeneral, and the consequent adjournment, is the business of the House, to takesteps for the active prosecution of parliamentary work. It may be so in Queensland, but it is not so in most Parliaments. I shall lay the standing orders upon the table of the House at what I take to be the proper time  - - to-morrow&#39;s sitting. I shall then move to have them printed, but honorable members will not be asked to assent to even their temporary adoption until they have had them for several days, and have had every opportunity to read them. </para>
            </talk.start>
          </continue>
          <para>Question resolved in the affirmative. </para>
        </speech>
      </subdebate.1>
    </debate>
    <adjournment>
      <adjournmentinfo>
        <page.no>28</page.no>
        <time.stamp>16:40:00</time.stamp>
      </adjournmentinfo>
      <para>House adjourned at 4.40 p.m. </para>
    </adjournment>
  </chamber.xscript>
</hansard>
