<?xml version="1.0" encoding="utf-8"?>
<hansard xsi:noNamespaceSchemaLocation="../../hansard.xsd" version="2.1" xmlns:xsi="http://www.w3.org/2001/XMLSchema-instance">
  <session.header>
    <date>1950-02-22</date>
    <parliament.no>19</parliament.no>
    <session.no>1</session.no>
    <period.no>1</period.no>
    <chamber>SENATE</chamber>
    <page.no>5</page.no>
    <proof>0</proof>
  </session.header>
  <chamber.xscript>
    <para class="block">COMMONWEALTH OF AUSTRALIA </para>
    <para class="block">PARLIAMENTARY DEBATES. </para>
    <para class="block">(HANSARD.) </para>
    <para class="block">First Session of the Nineteenth Parliament. (First Period.) </para>
    <para>The House of Representatives in the Eighteenth Parliament was by proclamation dissolved, as from the 31st October, 1949, and honorable senators were on that date discharged from attendance. The Nineteenth Parliament was convened for the despatch of business on the 22nd February, 1950, and the First Session commenced on that day. </para>
    <para class="block">Senate. </para>
    <business.start>
      <day.start>1950-02-22</day.start>
    </business.start>
    <debate>
      <debateinfo>
        <title>OPENING OF THE PARLIAMENT</title>
        <page.no>5</page.no>
        <type>miscellaneous</type>
      </debateinfo>
      <para>The Senate met at 10.30 a.m., pursuant to the proclamation of His Excellency the Governor-General. </para>
      <para>The <inline font-weight="bold">President (Senator the Hon. Gordon Brown)</inline> took the chair. </para>
      <para>The  Clerk  read the proclamation. </para>
      <para>The  Deputy  appointed by  His Excellency  the Governor-General for the opening of the Parliament - the Right Honorable <inline font-weight="bold">Sir John</inline> Greig Latham, G.C.M.G., M.A., LL.M., Chief Justice of the High Court of Australia - having been announced by the Usher of the Black Rod, entered the chamber and took his seat on the dais. </para>
      <para>The  Deputy  (the Right Honorable <inline font-weight="bold">Sir John</inline> Greig Latham), through the  Clerk,  directed the Usher to request the attendance of the members of the House of Representatives, who being come, </para>
      <para>The DEPUTY said- </para>
      <para>Members of the Senate and Members of the House of Representatives : </para>
      <para>His Excellency the Governor-General, not thinking fit to be present in person at this time, has been pleased to cause letters patent to issue under the Great </para>
      <para class="block">Seal of the Commonwealth, constituting me his deputy to do in his name all that is necessary to be performed in declaring this Parliament open, as will more fully appear from the letters patent which will now be read. </para>
      <para>The letters patent having been read by the  Clerk, </para>
      <para>The DEPUTY said- </para>
      <para>Members of the Senate and Members  of the House of Representatives : </para>
      <para>I have it in command from the Governor-General to let you know that, after certain members of the Senate and the members of the House of Representatives shall have been sworn, the causes of His Excellency calling this Parliament will be declared by him in person at this place; and it being necessary that a Speaker of the House of Representatives shall be first chosen, you, members of the House of Representatives, will retire to the place where you are to sit, and there proceed to the choice of some proper person to be your Speaker; and later this day you will present the person whom you shall so choose to His Excellency at such time and place as he shall appoint. I will attend in the House of Representatives for the purpose of administering the oath or affirmation of allegiance to honorable members of that House. </para>
      <para>The Deputy and members of the House of Representatives having retired, </para>
    </debate>
    <debate>
      <debateinfo>
        <title>SWEARNG-IN OF NEW SENATORS</title>
        <page.no>6</page.no>
        <type>miscellaneous</type>
      </debateinfo>
      <speech>
        <talk.start>
          <talker>
            <page.no>6</page.no>
            <time.stamp />
            <name.id>10000</name.id>
            <electorate />
            <party />
            <role />
            <in.gov>0</in.gov>
            <first.speech>0</first.speech>
            <name role="metadata">PRESIDENT, The</name>
            <name role="display">The PRESIDENT</name>
          </talker>
          <para>- I have to announce that, pursuant to the decision of the Parliament to increase the number of senators from 36 to 60, the following senators were elected on the 10th December, 1949, to serve in the Senate as from the day of the first meeting of the Nineteenth Parliament: - </para>
        </talk.start>
      </speech>
      <subdebate.1>
        <subdebateinfo>
          <title>New South Wales -</title>
          <page.no>6</page.no>
        </subdebateinfo>
      </subdebate.1>
      <subdebate.1>
        <subdebateinfo>
          <title>William Henry Spooner</title>
          <page.no>6</page.no>
        </subdebateinfo>
      </subdebate.1>
      <subdebate.1>
        <subdebateinfo>
          <title>Albert David Reid</title>
          <page.no>6</page.no>
        </subdebateinfo>
        <para>John Archibald McCallum. </para>
      </subdebate.1>
      <subdebate.1>
        <subdebateinfo>
          <title>John Percival Tate</title>
          <page.no>6</page.no>
        </subdebateinfo>
      </subdebate.1>
      <subdebate.1>
        <subdebateinfo>
          <title>Queensland -</title>
          <page.no>6</page.no>
        </subdebateinfo>
      </subdebate.1>
      <subdebate.1>
        <subdebateinfo>
          <title>Edmund Bede Maher</title>
          <page.no>6</page.no>
        </subdebateinfo>
      </subdebate.1>
      <subdebate.1>
        <subdebateinfo>
          <title>Ian Alexander Christie Wood</title>
          <page.no>6</page.no>
        </subdebateinfo>
      </subdebate.1>
      <subdebate.1>
        <subdebateinfo>
          <title>Roy Kendall</title>
          <page.no>6</page.no>
        </subdebateinfo>
      </subdebate.1>
      <subdebate.1>
        <subdebateinfo>
          <title>Wilfrid Mylchreest Simmonds</title>
          <page.no>6</page.no>
        </subdebateinfo>
      </subdebate.1>
      <subdebate.1>
        <subdebateinfo>
          <title>South Australia -</title>
          <page.no>6</page.no>
        </subdebateinfo>
      </subdebate.1>
      <subdebate.1>
        <subdebateinfo>
          <title>Edward William Mattner</title>
          <page.no>6</page.no>
        </subdebateinfo>
        <para>George McLeay. </para>
      </subdebate.1>
      <subdebate.1>
        <subdebateinfo>
          <title>Douglas Clive Hannaford</title>
          <page.no>6</page.no>
        </subdebateinfo>
      </subdebate.1>
      <subdebate.1>
        <subdebateinfo>
          <title>John Victor Ryan</title>
          <page.no>6</page.no>
        </subdebateinfo>
      </subdebate.1>
      <subdebate.1>
        <subdebateinfo>
          <title>Tasmania -</title>
          <page.no>6</page.no>
        </subdebateinfo>
      </subdebate.1>
      <subdebate.1>
        <subdebateinfo>
          <title>Reginald Charles Wright</title>
          <page.no>6</page.no>
        </subdebateinfo>
      </subdebate.1>
      <subdebate.1>
        <subdebateinfo>
          <title>James Allan Guy</title>
          <page.no>6</page.no>
        </subdebateinfo>
      </subdebate.1>
      <subdebate.1>
        <subdebateinfo>
          <title>Robert Hurley Wordsworth</title>
          <page.no>6</page.no>
        </subdebateinfo>
      </subdebate.1>
      <subdebate.1>
        <subdebateinfo>
          <title>George Ronald Cole</title>
          <page.no>6</page.no>
        </subdebateinfo>
      </subdebate.1>
      <subdebate.1>
        <subdebateinfo>
          <title>Victoria -</title>
          <page.no>6</page.no>
        </subdebateinfo>
      </subdebate.1>
      <subdebate.1>
        <subdebateinfo>
          <title>John Armstrong Spicer</title>
          <page.no>6</page.no>
        </subdebateinfo>
      </subdebate.1>
      <subdebate.1>
        <subdebateinfo>
          <title>George James Rankin</title>
          <page.no>6</page.no>
        </subdebateinfo>
      </subdebate.1>
      <subdebate.1>
        <subdebateinfo>
          <title>John Grey Gorton</title>
          <page.no>6</page.no>
        </subdebateinfo>
      </subdebate.1>
      <subdebate.1>
        <subdebateinfo>
          <title>Ivy Evelyn Wedgwood</title>
          <page.no>6</page.no>
        </subdebateinfo>
      </subdebate.1>
      <subdebate.1>
        <subdebateinfo>
          <title>Western Australia -</title>
          <page.no>6</page.no>
        </subdebateinfo>
      </subdebate.1>
      <subdebate.1>
        <subdebateinfo>
          <title>Agnes Robertson Robertson</title>
          <page.no>6</page.no>
        </subdebateinfo>
      </subdebate.1>
      <subdebate.1>
        <subdebateinfo>
          <title>Edmund Stephen Roper Piesse</title>
          <page.no>6</page.no>
        </subdebateinfo>
      </subdebate.1>
      <subdebate.1>
        <subdebateinfo>
          <title>Donald Robert Willesee</title>
          <page.no>6</page.no>
        </subdebateinfo>
      </subdebate.1>
      <subdebate.1>
        <subdebateinfo>
          <title>Malcolm Fox Scott</title>
          <page.no>6</page.no>
        </subdebateinfo>
        <para>The  Clerk  produced and laid on the table the certificates of election of the above-named senators, who thereupon made and subscribed the oath of allegiance. </para>
        <para class="italic">
          <inline font-style="italic">Sitting suspended from 11.5 a.m. to3 p.m.</inline>
        </para>
      </subdebate.1>
    </debate>
    <debate>
      <debateinfo>
        <title>GOVERNOR-GENERAL&#39;S SPEECH</title>
        <page.no>6</page.no>
        <type>miscellaneous</type>
      </debateinfo>
    </debate>
    <debate>
      <debateinfo>
        <title>HIS EXCELLENCY THE GOVER</title>
        <page.no>6</page.no>
        <type>miscellaneous</type>
      </debateinfo>
      <para class="block">NOR-GENERAL entered the chamber, and, being seated, with the  President  on his right hand, commanded that a message be sent to the House of Representatives intimating that he desired the attendance of honorable members in the </para>
      <para class="block">Senate Chamber forthwith, who being come with their Speaker, </para>
      <para>HIS EXCELLENCY was pleased to deliver the following speech: - </para>
      <quote>
        <para>Members of the Senate and Members of the House of Representatives : </para>
      </quote>
      <para>You have been called together to deliberate upon matters of importance to the well-being of the Commonwealth. </para>
      <para>When last I addressed you, I indicated that  His  Majesty, accompanied by  Her  Majesty and the Princess Margaret, would visit Australia in 1949. Unhappily, this did not prove possible,  His  Majesty being stricken by an illness which rendered necessary prolonged rest and treatment. </para>
      <para>This misfortune evoked widespread expressions of concern and sympathy. More than this, it served as a reminder to all of us that the King is not only a symbol of our British association but also a sincerely respected and deeply loved leader of our people. </para>
      <para>My Government had hoped that, with a gratifying recovery in His Majesty&#39;s health, the Royal visit might have been arranged for 1951, the year of the Jubilee of the foundation of the Commonwealth of Australia. Unfortunately, for weighty reasons which have already been made public, this has not proved possible. We are all, however, confidently hoping that Their Majesties will be able to visit us in 1952. They may be assured of a loving welcome from our loyal and British community. </para>
      <para>The foreign affairs policy of my Government will be the subject of an early statement to Parliament by the Minister for External Affairs. It is also proposed to establish a Parliamentary Standing Committee on Foreign Affairs to give opportunities for full study and to serve as a source of information to Parliament. </para>
      <para>The strategic distribution of the manpower and material resources of the  &#34;British Commonwealth, and the intensive development of Australia as a vital area in the Pacific, are of cardinal importance to the future of the British Commonwealth and Australia. My Government&#39;s policies for defence, immigration and development are designed to contribute in the most effective manner to the achievement of these objectives. </para>
      <para>My advisers base their defence policy on the acceptance by Australia of ite full share in co-ordinated British Empire schemes of defence, and on the closest co-operation with the United States of America. </para>
      <para>Active steps are being taken to improve the efficiency of the Navy. Training of officers and men of the Royal Australian Naval Reserve was resumed on 1st January after having been suspended during the war. My advisers are planning ite progressive strengthening over the next three years. Besides training ashore, every reservist will do an annual period of sea training if facilities can be provided. </para>
      <para>My Government is concerned about the man-power position of the services, particularly in the military forces. It .is considered that steps must be taken to fill all peace-time units and formations and to build up adequate reserves. While the Australian Regular Army will be kept at full strength by voluntary enlistment, my advisers are making preliminary preparations for the introduction of a sensible system of universal training designed to meet the military requirements of Australia with the minimum of interference with our urgent civil production. </para>
      <para>It is my Government&#39;s intention to develop the strength of the Royal Australian Air Force to an extent more consistent with the defence needs of Australia. Public interest will be stimulated by plans to build up the Citizen Air Force, the Reserve, and the Air Training Corps, and the re-introduction of a </para>
      <para class="block">Women&#39;s Auxiliary Air Force in certain suitable occupations. </para>
      <para>To give effect to a policy of industrial preparedness for defence against aggression, my Government will aim at the progressive filling of industrial gaps and the establishment of the most modern techniques and equipment in industry and in government factories, where required for direct defence needs. The longrange weapons project is regarded as  of  the greatest importance, and this joint undertaking with the United Kingdom Government will continue to receive a high priority. </para>
      <para>In view of the urgent need to develop Australia&#39;s vast resources and to arrest the movement of rural population to the cities my Government will create a Ministry of National Development. <inline font-weight="bold">Major programmes</inline> of national expansion will be fostered by this Ministry in close and friendly co-operation with the States, and through them with local and regional authorities. </para>
      <para>In all developmental plans my advisers will pay attention to the importance  of  achieving a well-balanced pattern  of  decentralization. Capital expenditure, both public and private, will be required on a scale very much greater than in the past. My Government has under preparation a great loan scheme for this purpose. This scheme will not interfere with the carrying out of the Snowy Mountains hydro-electric scheme, to which my advisers attach great importance, and in the carrying out  of  which they hope to secure the statutory and administrative co-operation of the States concerned. </para>
      <para>My advisers are also giving attention to the much needed increasing of our supplies of basic materials such as coal, steel, and building materials. Among other things now being actively investigated are the development of mechanization, improved methods of coal extraction  generally, and the encouragement of high output and stable employment, with a programme of importation pending the achievement of the necessary volume of local production. </para>
      <para>In view of the importance of expanding and facilitating industrial development, Commonwealth legislation relating to patents and trade marks will be reviewed and brought up to date. </para>
      <para>My Government proposes to bring in a bill to provide for an alteration to the Constitution. The object of the bill will be to ensure that, in future, no measure giving to the Government or its instrumentalities, to the exclusion of others, monopolistic rights to engage in commerce or industry can become law unless it has first been submitted to and approved by the people at a referendum. </para>
      <para>My advisers intend taking strong measures to protect the community against the activities of subversive organizations and individuals, and in particular they have in mind the Communist party and its members. A bill will be introduced early in the Parliament to deal with this matter. </para>
      <para>Australia&#39;s external financial position is strong. &#34;With the continuance of good seasons and high prices our export income has reached record levels. As a result, substantial sterling balances have been built up in London, and, as overseas availability improves, these balances will be useful for the financing of imports essential to our developmental programme. </para>
      <para>However, like most countries outside North America, Australia is suffering from a shortage of dollars. My Government is making a thorough review of Australia&#39;s dollar problem and is exploring vigorously all measures which may stimulate production, encourage exports to the dollar area, and so increase the supply of dollars available. My advisers are convinced that, whilst a policy of import restrictions on goods from dollar areas is necessary in present circumstances, the major effort should be directed towards increasing the dollar earnings of Australia and the rest of the sterling area. My Government realizes that Australia&#39;s dollar position cannot be fully considered in isolation from the position of other members of the sterling area and is satisfied that concerted efforts are required on the part of all members of the sterling area if a solution of this difficult problem is to be found. </para>
      <para>Because they felt that restrictions upon our capacity to produce and sell goods and to receive and absorb profitably substantial numbers of migrants were most undesirable, my advisers recently announced  the termination of petrol rationing. </para>
      <para>My Government views with grave concern the increase which has been taking place in recent years in the cost of living. It is realized that the solution of this problem is not easy and calls for the closest co-operation not only as between Commonwealth and State Governments but also between all sections of the community. An intensive review is at present being made by my Government of the causes of present price trends with a view to determining the most effective measures which can be taken to remedy the current inflationary situation. </para>
      <para>My Government will introduce legislation to repeal the Banking Act 1947 and to amend the Commonwealth Bank Act 1945-1948. The amendments to the Commonwealth Bank Act will provide for the establishment under the control of the Parliament of a board of directors of the Commonwealth Bank of which the Governor of the bank will be the  chairman.  It will also be provided that any policy issues which are the subject of disagreement between the Government and the Bant Board shall be referred to Parliament. </para>
      <para>An important task being undertaken by n-.y Government is a comprehensive review of the taxation laws of the Commonwealth. My advisers believe there is a pressing need, not only for reducing the burden of taxation but also for simplification of the various taxing acts, and an expert committee has been appointed to examine and report upon the issues involved. </para>
      <para>Action is also being taken to review the sales tax law with the object of determining to what extent relief may be granted in that respect. The desirability of providing exemption for goods which affect the cost of living and the value of the pound will receive earnest consideration. </para>
      <para>My Government&#39;s policy on civil aviation will be progressive and constructive. Without creating public or private monopoly the aim is to develop internal end external air routes, so that the widest number of communities may enjoy the advantage of regular air services. Plying doctors will be further aided in their humanitarian work, and aero and gliding clubs receive greater encouragement in their activities. </para>
      <para>Immediately upon assumption of office, my Government gave consideration to the many requests which had been received from ex-service men&#39;s and women&#39;s organizations for a review of pensions and allowances. Such a review is now being made by a Cabinet sub-committee, all Ministers of which are  ex-servicemen,  and it is the intention to introduce appropriate amendments to the relevant act as early as possible in the present session. </para>
      <para>My Government is proceeding with the creation of an independent cost-finding tribunal for our primary industries. Where it is necessary to guarantee prices to producers or to enable negotiations of prices for overseas contracts, this tribunal will determine not only the found cost of production but will provide for a reasonable profit margin for efficient production. Pending the setting up of this tribunal and to avoid any unnecessary delays in the announcement of Government policy, arrangements have been made for cost surveys to be continued. </para>
      <para>Discussions are continuing in London between representatives of the United Kingdom, South Africa, New Zealand, and Australia for a post joint organization marketing scheme for wool. My advisers will examine proposals emanating from these discussions and will confer with Australian wool-growers&#39; organizations and other interests before  determin-ing  policy in regard to the future marketing of this important primary product. </para>
      <para>Legislation will be introduced early in the session to provide endowment of 5s. per week for the first or only child, under sixteen years of age, in every family. </para>
      <para>My Government realizes that the increase in the cost of living is accentuating the difficulties with which age and widow pensioners in particular have to contend. My advisers realize, also, that the present system, under which various benefits are paid subject to a means test, gives rise to problems of which there is no easy solution. My Government, however, is closely investigating the most pressing anomalies to see what can be done to remove them. It believes, moreover, that the application of its financial and economic policy will result in improvement in the purchasing power of the currency, so that pensioners, as well as other fixed income groups, will benefit. </para>
      <para>Of vital importance to the general wellbeing of the people is the question of industrial relations between employer and employee. My Government is convinced that a rapid development of the </para>
      <para class="block">Commonwealth depends largely on higher levels of production and, with them, higher standards of living, on freedom from industrial disturbances, and on the fullest co-operation of both sides of industry. The Government&#39;s responsibility will be to create, not only an atmosphere for the friendly and co-operative enterprise of management and labour, but to continue and develop the research and investigations being made into methods of improving the working environment and problems of human relations in industry. </para>
      <para>My advisers intend to review the existing machinery for conciliation and arbitration in the light of its operations since the amending act of 1947. An investigation is also being made of measures that might be taken to restore to union members the opportunity to express their views, by democratic methods, in relation to the election of officers and threatened or actual disputes. Steps have been taken to centre in the Department of Labour and National Service responsibility for industrial relations in all their aspects. </para>
      <para>My Government is firmly resolved to follow a policy of immigration on a large scale in the years ahead. It will do so with the conviction that immigration is vital to the security and development of Australia. Much has already been done since the end of the war to lay the foundations of a sound and successful immigration policy. </para>
      <para>Immigration has already made a substantial contribution to increasing production in Australia, particularly in the all-important basic industries. Some of the most marked effects can be seen in the production of building materials, including timber, bricks and cement, and in the output of iron and steel. </para>
      <para>Many utilities and services which were previously in great need of additional labour are now able to operate more satisfactorily as a result of the placement of migrants. These include hospitals and welfare institutions, transport services and the great development projects.While rural industries have also been aided, it is planned that a bigger proportion of migrant labour, in the future, will be attracted to the land. </para>
      <para>My Government attaches special importance to two major objectives in its immigration policy - first, the maintenance  over  a long period of the total rate of intake at the highest practicable level, and second, to ensuring a high proportion of British migrants in order to retain the fundamental British balance of Australia&#39;s population. </para>
      <para>On the first point, it is my Government&#39;s confident expectation that Australia will receive a total of 200,000 new settlers in 1950 and that thereafter the intake will be maintained at about that level. If this figure can be achieved consistently over a number of years, the Australian population will have increased from its present 8,000,000 to more than 10,500,000 in i960. </para>
      <para>Administration will be so carried out os to avoid as far as possible the aggregation of alien migrants into groups or colonies. It is believed that a proper distribution of such migrants will accelerate their assimilation into our community and will make it easier for them to accommodate themselves to Australian industrial and social standards. My advisers attach great importance to this matter, because they feel that new arrivals should be encouraged to regard themselves as Australians in the full sense and to realize that our community \? delighted to receive them as fellowcitizens. </para>
      <para>In this vital task of immigration, my advisers will work in the closest  collabora-tion  with State and overseas governments, all sections of industry, the trade unions, voluntary organizations and persons of goodwill throughout the community. </para>
      <para>The crisis of the war and our subsequent growth have enormously expanded our secondary industries. My advisers believe that there must be a thorough review of departmental methods of dealing with the trade problems which developed out of emergency conditions. </para>
      <para>It is the intention of my Government to have particular regard to the reports of the Tariff Board in the grant of protective tariffs and in relation to the methods of assistance involving the expenditure of Commonwealth funds. </para>
      <para>Due regard will be paid to the defence significance of new industries which became established during these years. Australia&#39;s responsibilities in relation to the international trade organization and other international commercial organizations will be closely examined and reviewed. </para>
      <para>Whilst ever mindful of the importance and necessity of encouraging our secondary industries, my Government will take steps to facilitate and accelerate the importation of commodities not now available here and which are essential to the construction of homes. </para>
      <para>My Government will take all possible steps to stimulate the building of homes, including, as a temporary measure, cooperation with the State governments in the large-scale importation of prefabricated houses, as a means of meeting the present serious gap between supply and demand. </para>
      <para>Consequent upon a recent decision of the High Court that the War Service Land Settlement Agreements Act 1945 and the 1945 agreement on this matter between the Commonwealth and the State of New South Wales are invalid, the means of providing for the restoration of the scheme on a proper legal basis are being pursued. In the meantime there need be no apprehension concerning the scheme generally. Moneys already made available by the Commonwealth for the purpose of war service land settlement will be utilized for expenditure of the same general character as provided in the 1945 Agreement. </para>
      <para>A vigorous policy designed to develop the resources of the&#62; Northern Territory will be put into operation. Particular attention will be given transport, pastoral development for increased meat production, mining and possible agricultural settlement. Basic research into land,, water, mineral, marine and timber resources will be continued. The Darwin, town plan will be reviewed in the interests-&#39; of greater efficiency and economy. My Government will press on with th&#171;! development of Canberra to the limit of the resources available. </para>
      <para>My Government proposes to confer with State Premiers and Ministers for Health in order to bring into being an effective programme in relation to health, medicine and medical research to ensure steady improvements in the standards of medical treatment and progressive provision of modern facilities for the prevention and diagnosis of disease. </para>
      <para>My advisers consider that although people are often able to deal with minor illnesses families find real difficulty in meeting heavy, unexpected hospital and medical expenses of severe or longcontinued illness. The policy to be followed will aim to bring the cost of modern and improved medical, surgical, obstetrical and hospital treatment within the means of the general .public. It is further proposed to provide specific life-saving and disease-preventing drugs, and certain drugs for chronic diseases, free of charge to the public on presentation of a doctor&#39;s prescription. Legislation on these matters will be presented to Parliament. </para>
      <para>My Government intends to push ahead without delay in the development of postal and telecommunication services in both urban and rural areas in order to give the public greater and improved facilities. The value of television in both entertainment and educational spheres is fully realized and my advisers will see that a system suited to Australian conditions is introduced as quickly as possible. </para>
      <para>In the earnest hope that Divine Providence may guide your deliberations and further the welfare of the people of the Commonwealth, I now leave you to the discharge of your high and important duties. </para>
      <para>His Excellency the GovernorGeneral and members of the House of Representatives having retired, </para>
      <para>The  President  took the chair again, and read prayers. </para>
    </debate>
    <debate>
      <debateinfo>
        <title>ASSENT TO BILLS</title>
        <page.no>12</page.no>
        <type>bill</type>
      </debateinfo>
      <para>Assent to the following bills reported :  - </para>
      <para>Appropriation Bill 1949-50. </para>
      <para>Appropriation (Works and Services) Bill 1940-50. </para>
      <para>Christmas Island Agreement Bill 1949. </para>
      <para>Coal Excise Bill 1949. </para>
      <para>Coal Industry (Tasmania) Bill 1949. </para>
      <para>Commonwealth AidRoads and Works Bill 1949. </para>
      <para>Commonwealth Conciliation and Arbitration Bill (No. 2) 1949. </para>
      <para>Commonwealth Electoral Bill (No. 2) 1949. </para>
      <para>Customs Bill 1949. </para>
      <para>Customs Tariff . 1949. </para>
      <para>Customs Tariff (No. 2) 1949. </para>
      <para>Customs Tariff (New Zealand Preference) 1949. </para>
      <para>Defence Bill 1949. </para>
      <para>Defence (Transitional Provisions) Bill 1949. </para>
      <para>Entertainments Tax Bill (No. 2) 1949. </para>
      <para>Excise Bill 1949. </para>
      <para>Excise Tariff 1949. </para>
      <para>Excise Tariff (No. 2) 1949. </para>
      <para>Income Tax Assessment Bill 1949. </para>
      <para>Liquid Fuel (Rationing) Bill 1949. </para>
      <para>Loan (Housing) Bill 1949. </para>
      <para>National Health Service Bill 1949. </para>
      <para>Naval Defence Bill 1949. </para>
      <para>Northern Territory (Administration) Bill 1949. </para>
      <para>Railway Standardization (South Australia) Agreement Bill 1949. </para>
      <para>Representation Bill 1949. </para>
      <para>Sales Tax Bill (No. 1 ) 1949. </para>
      <para>Sales Tax Bill (No. 2) 1949. </para>
      <para>Sales Tax Bill (No. 3) 1949. </para>
      <para>Sales Tax Bill (No. 4) 1949. </para>
      <para>Sales Tax Bill (No. 5) 1949. </para>
      <para>Sales Tax Bill (No. 6) 1949. </para>
      <para>Sales Tax Bill (No. 7) 1949. </para>
      <para>Sales Tax Bill (No. 8) 1949. </para>
      <para>Sales Tax Bill (No. 9) 1949. </para>
      <para>Sales Tax (Exemptions and Classifications) Bill 1949. </para>
      <para>States Grants (Administration of Controls Reimbursement) Bill 1949. </para>
      <para>States Grants Bill (No. 2) 1949. </para>
      <para>States Grants (Coal Strike Emergency) Bill 1949. </para>
      <para>States Grants (Coal-mining Industry Long Service Leave) Bill 1949. </para>
      <para>States Grants (Encouragement of Heat Production) Bill 1949. </para>
      <para>Stevedoring Industry Charge Bill 1949. </para>
      <para>Sugar Agreement Bill 1949. </para>
      <para>Temple Society Trust Fund Bill 1949. </para>
      <para>United Kingdom Grant Bill 1949. </para>
      <para>United Nations International Children&#39;s Emergency Fund Grant Bill 1949. </para>
    </debate>
    <debate>
      <debateinfo>
        <title>FOURTH MENZIES MINISTRY</title>
        <page.no>12</page.no>
        <type>miscellaneous</type>
      </debateinfo>
      <speech>
        <talk.start>
          <talker>
            <page.no>12</page.no>
            <time.stamp />
            <name.id>JZI</name.id>
            <electorate>QueenslandMinister for Trade and Customs</electorate>
            <party>LP</party>
            <role>Minister for Trade and Customs</role>
            <in.gov>1</in.gov>
            <first.speech>0</first.speech>
            <name role="metadata">O&#39;SULLIVAN, Neil</name>
            <name role="display">Senator O&#39;SULLIVAN</name>
          </talker>
          <para>- <inline font-style="italic">by leave</inline> - I desire to inform the Senate that the Menzies Government is constituted as follows :  - </para>
        </talk.start>
      </speech>
      <subdebate.1>
        <subdebateinfo>
          <title>Prime Minister - The Right Honorable</title>
          <page.no>12</page.no>
        </subdebateinfo>
      </subdebate.1>
      <subdebate.1>
        <subdebateinfo>
          <title>Robert Gordon Menzies, K.C</title>
          <page.no>12</page.no>
        </subdebateinfo>
        <para>Treasurer - The Right Honorable  ArthurWilliam Fadden. </para>
        <para>Minister for Defence and Minister for Post-war Reconstruction - The Honorable Eric John Harrison. </para>
      </subdebate.1>
      <subdebate.1>
        <subdebateinfo>
          <title>Minister for Labour and National Service and Minister for Immigration - The Honorable Harold Edward Holt</title>
          <page.no>12</page.no>
        </subdebateinfo>
        <para>Minister for Commerce and Agriculture - The Honorable John McEwen. </para>
      </subdebate.1>
      <subdebate.1>
        <subdebateinfo>
          <title>Minister for External Affairs and Minister for External Territories - The Honorable Percy Claude Spender, K.C</title>
          <page.no>12</page.no>
        </subdebateinfo>
      </subdebate.1>
      <subdebate.1>
        <subdebateinfo>
          <title>Minister for Supply and Development and Minister for Works and Housing - The Right Honorable Richard Gardiner Casey, C.H., D.S.O., M.C</title>
          <page.no>12</page.no>
        </subdebateinfo>
        <para>Minister for the Interior - The Honorable Philip Albert Martin McBride. </para>
        <para>Minister for Health - The Right. Honorable <inline font-weight="bold">Sir Earle</inline> Christmas Grafton Page, G.C.M.G., CH. </para>
        <para>Minister for Trade and Customs - <inline font-weight="bold">Senator the</inline> Honorable Neil O&#39;Sullivan. </para>
        <para>Minister for Shipping and Fuel - <inline font-weight="bold">Senator the</inline> Honorable George McLeay. </para>
        <para>Minister for Air and Minister for Civil Aviation - The Honorable Thomas Walter White, D.F.C., VD. </para>
      </subdebate.1>
      <subdebate.1>
        <subdebateinfo>
          <title>Postmaster-General - The Honorable Hubert Lawrence Anthony</title>
          <page.no>13</page.no>
        </subdebateinfo>
        <para>Minister for the Army and Minister for the Navy - The Honorable Josiah Francis. </para>
        <para>Attorney-General - <inline font-weight="bold">Senator the</inline> Honorable John Armstrong Spicer, K.C. </para>
        <para>Vice-President of the Executive Council - The Honorable Dame Enid Muriel Lyons, G.B.E. </para>
        <para>Minister for Social Services - <inline font-weight="bold">Senator the</inline> Honorable William Henry Spooner. </para>
        <para>Minister for Repatriation - <inline font-weight="bold">Senator the</inline> Honorable Walter Jackson Cooper, M.B.E. </para>
      </subdebate.1>
      <subdebate.1>
        <subdebateinfo>
          <title>Minister for Information and Minister for Transport - The Honorable  Oliver Howard Beale</title>
          <page.no>13</page.no>
        </subdebateinfo>
        <para class="block">I desire to inform the Senate that I have been appointed Leader of the Government in the Senate. The Minister for Shipping and Fuel <inline font-weight="bold">(Senator McLeay)</inline> will be the  Deputy  Leader. </para>
        <para>The representation of Ministers in the Senate will be as follows :  - <inline font-weight="bold">Senator O&#39;Sullivan</inline> will represent the Prime Minister and the Minister for Defence. <inline font-weight="bold">Senator McLeay</inline> will represent the Minister for Commerce and Agriculture, the Minister for the Interior, and the Minister for Air and Minister for Civil Aviation. <inline font-weight="bold">Senator Spicer</inline> will represent the Minister for External Affairs and Minister for External Territories, and the Minister for Labour and National Service and Minister for Immigration. <inline font-weight="bold">Senator Spooner</inline> will represent the Treasurer, the Minister for Supply and Development and Minister for Works and Housing, and the Minister for the Army and Minister for the Navy. <inline font-weight="bold">Senator Cooper</inline> will represent the Postmaster-General, the Minister for Health, and the Minister for Information and Minister for Transport. </para>
        <para>In the House of Representatives, <inline font-weight="bold">Mr. Harrison</inline> will represent the Minister for Trade and Customs, <inline font-weight="bold">Mr. Anthony</inline> will represent the Minister for Shipping and Fuel, <inline font-weight="bold">Mr. Menzies</inline> will represent the Attorney-General, <inline font-weight="bold">Mr. Holt</inline> will repre sent the Minister for Social Services, and <inline font-weight="bold">Mr. Francis</inline> will represent the Minister for Repatriation. </para>
      </subdebate.1>
    </debate>
    <debate>
      <debateinfo>
        <title>LEADERSHIP OF THE OPPOSITION</title>
        <page.no>13</page.no>
        <type>miscellaneous</type>
      </debateinfo>
      <speech>
        <talk.start>
          <talker>
            <page.no>13</page.no>
            <time.stamp />
            <name.id>K0W</name.id>
            <electorate>New South WalesLeader of the Opposition</electorate>
            <party />
            <role />
            <in.gov>0</in.gov>
            <first.speech>0</first.speech>
            <name role="metadata">ASHLEY, William</name>
            <name role="display">Senator ASHLEY</name>
          </talker>
          <para>- <inline font-style="italic">by leave -</inline> I desire to inform the Senate that I have been elected Leader of the Opposition and that <inline font-weight="bold">Senator McKenna</inline> has been elected  Deputy  Leader of the Opposition as from the 20th December, 1949. </para>
        </talk.start>
      </speech>
    </debate>
    <debate>
      <debateinfo>
        <title>GOVERNOR-GENERAL&#39;S SPEECH</title>
        <page.no>13</page.no>
        <type>miscellaneous</type>
      </debateinfo>
      <speech>
        <talk.start>
          <talker>
            <page.no>13</page.no>
            <time.stamp />
            <name.id>10000</name.id>
            <electorate />
            <party />
            <role />
            <in.gov>0</in.gov>
            <first.speech>0</first.speech>
            <name role="metadata">PRESIDENT, The</name>
            <name role="display">The PRESIDENT</name>
          </talker>
          <para>- I have to inform the Senate that I have received a copy of the Opening Speech which His Excellency was pleased to deliver to both Houses of the Parliament. </para>
        </talk.start>
      </speech>
      <subdebate.1>
        <subdebateinfo>
          <title>Ordered -</title>
          <page.no>13</page.no>
        </subdebateinfo>
        <quote>
          <para>That the consideration of the Speech be an order of the day for the next day of sitting. </para>
        </quote>
      </subdebate.1>
    </debate>
    <debate>
      <debateinfo>
        <title>HOUR OF MEETING</title>
        <page.no>13</page.no>
        <type>miscellaneous</type>
      </debateinfo>
      <para>Motion (by <inline font-weight="bold">Senator O&#39;Sullivan)</inline> agreed to - </para>
      <quote>
        <para>That the Senate, at its rising, adjourn to to-morrow, at 3 p.m. </para>
      </quote>
    </debate>
    <debate>
      <debateinfo>
        <title>PAPERS</title>
        <page.no>13</page.no>
        <type>papers</type>
      </debateinfo>
      <para>The following papers were presented :  - </para>
      <para>Air Force Act - Regulations - Statutory Rules 1949, Nos. 82, 86, 115. </para>
      <para>Apple and Pear Organization Act - RegulationsStatutory Rules 1949, Nos. 108, 110. </para>
      <para>Arbitration (Public Service) Act - Determinations by the Arbitrator, &#38;c. - 1949 - </para>
      <para>No. 80-Federated Clerks&#39; Union of Australia. </para>
      <para>No. 81 - Federated Public Service Assistants&#39; Association of Australia. </para>
      <para>No. 82 - Commonwealth Storemen and Packers&#39; Union of Australia. </para>
      <para>No. 83 - Commonwealth Public Service Clerical Association. </para>
      <para>No. 84 - Postal Overseers&#39; Union of Australia. </para>
      <para>Nos. 85 and 86 - Australian Journalists&#39; Association. </para>
      <para>Nos. 87 and 88 - Commonwealth Public Service Artisans&#39; Association. </para>
      <para>No. 89 - Postal Telecommunication Technicians&#39; Association (Australia). </para>
      <para>No. 90 - Printing Industry Employees&#39; Union of Australia, </para>
      <para>No. 91 - Australian Third Division Telegraphists and Postal Clerks&#39; Union. </para>
      <para>No. 92 - Commonwealth Public Service Artisans&#39; Association. </para>
      <para>No. 93 - Commonwealth Public Service Clerical Association. </para>
      <para>No. 94 - Australian Workers&#39; Union. </para>
      <para>No. 95 - Commonwealth Public Service </para>
      <para>Clerical Association. </para>
      <para>No. 96 - Customs Officers&#39; Association of Australia, Fourth Division. </para>
      <para>No. 97 - Fourth Division Postmasters, Postal Clerks and Telegraphists&#39; Union. </para>
      <para>No. 98 - Federated Clerks&#39; Union of Australia. </para>
      <para>No. 99 - Australian Third Division Telegraphists and Postal Clerks&#39; Union. </para>
      <para>No. 100 - Meat Inspectors&#39; Association, Commonwealth Public Service; and others. </para>
      <para>No. 101 - Meat Inspectors&#39; Association, Commonwealth Public Service. </para>
      <para>No. 102 - Amalgamated Engineering Union. </para>
      <para class="block">No. 103 - Association of Officers of the Commonwealth Scientific and Industrial Research Organization. </para>
      <para class="block">No. 104 - Federated Ironworkers&#39; Association of Australia, and others. </para>
      <para class="block">No. 105 - Federated Ironworkers&#39; Association of Australia. </para>
      <para class="block">No. 106 - Commonwealth Storemen and Packers&#39; Union of Australia; and Commonwealth Naval Storehouse-  men&#39;s Association. </para>
      <para class="block">Audit Act - Finance - Treasurer&#39;s Statement of Receipts and Expenditure for year 1948-49, accompanied by the Report of the  Auditor-General. </para>
      <para class="block">Bankruptcy Act - Rules - Statutory Rules  1949, No. 100. </para>
      <para class="block">Canned Fruits Export Control Act - Regula tions-Statutory Rules 1949, Nos. 119, 120. </para>
      <para class="block">Coal Excise Act - Regulations - Statutory  Rules 1949, No. 112. </para>
      <para class="block">Commonwealth Bank Act - Appointments -  W. C. Bourke, A. S. Hams, A. S. Machin. </para>
      <para class="block">Commonwealth Conciliation and Arbitration Act - Annual Report by Chief Conciliation  Commissioner, dated 15th November, 1949. </para>
      <para class="block">Commonwealth Employees&#39; Compensation Act - Regulations - Statutory Rules 1949, No. 90. </para>
      <para>Commonwealth Public Service Act - </para>
      <para>Appointments - Department - </para>
      <para>  Army - W. J. Harrison, A. Watson. </para>
      <para>Commerce and Agriculture - A. R.  Campbell, W. A. Westerman. </para>
      <para>Defence - G. V. Candy, N. G. McNaught.  J. M. Steele, R. C. Whitehead. </para>
      <para>Health- R. L. Aujard, L. F. Dods, S. A. Mibus, G. Pasquarelli, J. F.  Richardson, M. Sendak, T. N. Swindon. </para>
      <para>Immigration - W. A. Birtwistle. </para>
      <para>Interior - M. R. Irving, J. C. B. Jackson, </para>
      <para> G. T. Kemp, D. I. Nicholson. </para>
      <para>Labour and National Service - C. T.  Coyte, E. McDonald. </para>
      <para>Parliamentary Library - H. J. Gibbney,  I. D. Raymond. </para>
      <para>Postmaster-General&#39;s - P. Freadman. </para>
      <para class="block">Post-war Reconstruction - H. W. Allen, J. R. L. Hocking, L. J. Hume, T.  Langford-Smith, G. Rudduck. </para>
      <para class="block">Repatriation - E. B. Ackroyd, L. R. Crouch, B. N. Dawson, B. C. Everard, G. U. Grogan, A. R. Hardy, W. G.  Harvey, F. E. Smith. </para>
      <para class="block">Shipping and Fuel - J. Bruce, W. B.  Nicholson. </para>
      <para class="block">Supply and Development - P. B. Atkins, R. A. Baddams, H. G. Ball, K. A. Buckley, J. A. Clark, A. K. M. Edwards, C. A. Everingham, J. L. Harvey, J. A. Heath, R. E. Hind, H. J. Lawrence, L. A. Murphy, V. J. Payne, K. R. Vale, B. P. Walpole, E. B. Ware,  F. W. Wood, W. F. Yann. </para>
      <para class="block">Treasury - F. W. Huxham, J. P. Kemp,  C. R. Morgan, A. D. Taylor. </para>
      <para class="block">Works and Housing - J. Ashton, G. R. O. Davis, L. C. Day, K. S. Eales, R. L. Franklin, G. W. Hughes, R. H. Kennedy, K. G. Lewis, J. P. McCusker, R. R. Middlecoat, S. J. Ryan, B. G. A. Smith, R. W. Smith, S. J. Smith, T. O. H. Tacey, C. O. Tesch, D. B. Vallance, H. M. Wilson,  T. C. Wolferstan. </para>
      <para class="block">Regulations - Statutory Rules 1949, Nos. 81. 84, 98. </para>
      <para>Commonwealth Railways Act - By-law No. 88. </para>
      <para class="block">Customs Act - </para>
      <para>Customs Proclamation - No. 764. </para>
      <para>Regulations - Statutory Rules 1949, Nos. 87, 94, 95, 111, 113. </para>
      <para>Customs Act and Commerce (Trade Descriptions) Act - Regulations - Statutory Rules 1949, No. 107. </para>
      <para>Defence Act - Regulations - Statutory Rules 1949, No. 93. </para>
      <para>Defence (Transitional Provisions) Act - Regulations - Statutory Rules 1949, Nos. 88, 101, 102, 116. </para>
      <para>Distillation Act - Regulations - Statutory Rules 1949, No. 97. </para>
      <para>Electoral - Referendums - Statistical Returns in relation to the submission to the electors of a Proposed Law for the alteration of the Constitution, entitled &#34; Constitution Alteration (Rents and Prices) 1 947 &#34; ; together with Summaries of Referendums, 1906-1948. </para>
      <para>Excise Act - Regulations - Statutory Rules 1949, No. 96 (Substitute copy). </para>
      <para>Judiciary Act - Rules of Court, dated 21st October, 1949, 21st November, 1949, and 12th December, 1949 (Statutory Rules 1949, No. 122). </para>
      <para>Lands Acquisition Act - Land acquired for - </para>
      <para>Australian Aluminium Production Commission purposes - Bell Bay, Tasmania. </para>
      <para>Defence purposes - </para>
      <para>Forest Hill, Wagga Wagga, New South Wales. </para>
      <para>Learmonth, Western Australia. </para>
      <para>Tolga, Queensland. </para>
      <para>Department of Civil Aviation purposes - </para>
      <para>Essendon, Victoria (2). </para>
      <para>Monto, Queensland. </para>
      <para>Tamworth, New South Wales. </para>
      <para class="block">Department of Supply and Development purposes, Fortitude Valley, Queensland. </para>
      <para class="block">Department of the Interior purposes- </para>
      <para class="block">Carnarvon, Western Australia. </para>
      <para class="block">Ceduna, South Australia. </para>
      <para class="block">Oodnadatta, South Australia. </para>
      <para class="block">Department of Trade and Customs purposes - Morphett Vale, South Australia. </para>
      <para class="block">Overseas Telecommunications Commission purposes - </para>
      <para class="block">Bringelly, New South Wales. </para>
      <para class="block">Eastern Creek, New South Wales. </para>
      <para class="block">Postal purposes - </para>
      <para class="block">Blackburn, Victoria. </para>
      <para class="block">Brookfield, Queensland. </para>
      <para class="block">Busselton, Western Australia. </para>
      <para class="block">Collaroy Beach, New South Wales. </para>
      <para class="block">Deniliquin,. New South Wales. </para>
      <para class="block">Dingley, Victoria. </para>
      <para class="block">Edwardstown, South Australia. </para>
      <para class="block">Ferntree Gully, Victoria. </para>
      <para class="block">Flinders Park, South Australia. </para>
      <para class="block">Gardenvale, Victoria. </para>
      <para class="block">Gundagai, New South Wales. </para>
      <para class="block">Gympie, Queensland. </para>
      <para class="block">Heywood, Victoria. </para>
      <para class="block">Hobart, Tasmania. </para>
      <para class="block">Katoomba, New South Wales. </para>
      <para class="block">Laidley, Queensland. </para>
      <para class="block">Newport Beach, New South Wales. </para>
      <para class="block">Nyngan, New South Wales. </para>
      <para class="block">Orange, New South Wales. </para>
      <para class="block">Paddington, New South Wales. </para>
      <para class="block">Quirindi, New South Wales. </para>
      <para class="block">Seaford, Victoria. </para>
      <para class="block">Sydenham, New South Wales. </para>
      <para class="block">Victor Harbour, South Australia. </para>
      <para class="block">Whyalla, South Australia. </para>
      <para class="block">Wyandra, Queensland. </para>
      <para class="block">Liquid Fuel (Defence Stocks) Act - Regulations Statutory Rules 1949, No. 63. </para>
      <para class="block">Liquid Fuel (Rationing) Act- Regulations - Statutory Rules 1949, No. 85. </para>
      <para>Meat Export Control Act - Regulations - Statutory Rules 1949, Nos. 109, 117, 118. </para>
      <para>National Health Service Act - Regulations - Statutory Rules 1949, No. 92. </para>
      <para>Naval Defence Act - Regulations- Statutory Rules - 1949-No. 114. 1950- Nos.3, 4. </para>
      <para class="block">Navigation Act - Regulations - Statutory Rules 1950, No. 2. </para>
      <para>Northern Territory (Administration) Act - </para>
      <para>Ordinances- 1949 - </para>
      <para>No.8- Traffic. </para>
      <para>No. 9 - Adoption of Children. </para>
      <para>No. 10- Places of Public Entertainment. </para>
      <para>No. 11 - Fisheries. </para>
      <para>No. 12 - Apprentices. </para>
      <para>No. 13 - Licensing (No. 2). </para>
      <para>No. 14-Police Arbitral Tribunal. </para>
      <para>No. 15 - Motor Vehicles. </para>
      <para>No. 16 - Landlord and Tenant ( Control of Rents). </para>
      <para>No. 17 - Prices Regulation. </para>
      <para>No. 18 - Workmen&#39;s Compensation (No. 2). </para>
      <para>No. 19- Weights and Measures. </para>
      <para>No. 20 - Darwin Town Management. </para>
      <para>No. 21 - Buildings and Services. </para>
      <para class="block">Regulations- 1950- No. 1 (Food and Drugs Ordinance). </para>
      <para class="block">Papua and New Guinea Act - </para>
      <para class="block">Ordinances - </para>
      <para class="block">1949- </para>
      <para>No. 7- Prices Regulation. </para>
      <para>No. 8 - Administration Employees&#39; Compensation. </para>
      <para>No. 9 - Hallstrom Live-stock and Fauna (Papua andNew Guinea) Trust. </para>
      <para>No. 10 - Appropriation 1949-50. </para>
      <para>No. 11 - Native Village Councils. 1950- No. 1 - Matrimonial Causes (Papua). </para>
      <para>Regulations- Statutory Rules 1949, No. 121. </para>
      <para>Parliamentary Retiring Allowances Act - Regulations- Statutory Rules 1949, No. 99. </para>
      <para>Patents Act-Regulations- Statutory Rules 1949, No. 89. </para>
      <para>Post and Telegraph Act - RegulationsStatutory Rules 1949, Nos. 91, 106. </para>
      <para>Re-establishment and Employment Act - Regulations- Statutory Rules 1949, Nos. 103, 104, </para>
      <para>Science and Industry Endowment ActReport by Auditor-General on the accounts of the Science and Industry Endowment Fund, for year 1948-49. </para>
      <para>Science and Industry Research ActRegulations - Statutory Rules 1949, No. 105. </para>
      <para>Seat of Government Acceptance Act and Seat of Government (Administration) Act- </para>
      <para>Ordinances - </para>
      <para>1949- </para>
      <para class="block">No. 12- Prices Regulation. </para>
      <para class="block">No. 13 - Court of Petty Sessions. </para>
      <para class="block">War Damage to Property Act- Regulations - Statutory Rules 1950, No. 1. </para>
      <para>War Service Homes Act - Land acquired at- </para>
      <para>Albury, New South Wales. </para>
      <para>Moorooka, Queensland. </para>
    </debate>
    <adjournment>
      <adjournmentinfo>
        <page.no>15</page.no>
        <time.stamp>15:53:00</time.stamp>
      </adjournmentinfo>
      <para>Senate adjourned at 3.53p.m. </para>
    </adjournment>
  </chamber.xscript>
</hansard>