<?xml version="1.0" encoding="utf-8"?>
<hansard xsi:noNamespaceSchemaLocation="../../hansard.xsd" version="2.1" xmlns:xsi="http://www.w3.org/2001/XMLSchema-instance">
  <session.header>
    <date>1950-05-19</date>
    <parliament.no>19</parliament.no>
    <session.no>1</session.no>
    <period.no>1</period.no>
    <chamber>SENATE</chamber>
    <page.no>2955</page.no>
    <proof>0</proof>
  </session.header>
  <chamber.xscript>
    <para class="block">Senate. </para>
    <business.start>
      <day.start>1950-05-19</day.start>
      <para class="italic">
        <inline font-style="italic">A quorum not being present,</inline>
      </para>
      <para>The  President  adjourned the Senate at 10.35 a.m. to Wednesday, the 24th May, 1950, at 3 p.m. </para>
    </business.start>
  </chamber.xscript>
</hansard>