<?xml version="1.0" encoding="utf-8"?>
<hansard xsi:noNamespaceSchemaLocation="../../hansard.xsd" version="2.1" xmlns:xsi="http://www.w3.org/2001/XMLSchema-instance">
  <session.header>
    <date>1950-07-06</date>
    <parliament.no>19</parliament.no>
    <session.no>1</session.no>
    <period.no>1</period.no>
    <chamber>SENATE</chamber>
    <page.no>4830</page.no>
    <proof>0</proof>
  </session.header>
  <chamber.xscript>
    <para class="block">Senate. </para>
    <business.start>
      <day.start>1950-07-06</day.start>
      <para>The Senate, on the 23rd June, 1950, adjourned to a date and hour to be fixed by the  President  and to be notified to each honorable senator. The Senate met at 2.30 p.m. pursuant to such notification. </para>
    </business.start>
    <debate>
      <debateinfo>
        <title>SWEARING-IN OF SENATORS</title>
        <page.no>4830</page.no>
        <type>miscellaneous</type>
      </debateinfo>
      <para>His Excellency, the Eight Honorable William John McKell,GovernorGeneral and Commander-in-Chief in and over the Commonwealth of Australia, entered the chamber, and, taking his seat on the dais, said - </para>
      <subdebate.1>
        <subdebateinfo>
          <title>Honorable Senators :</title>
          <page.no>4830</page.no>
        </subdebateinfo>
        <para>I am present to administer to senators elected to serve in the Senate from the 1st July, 1950, the oath or affirmation of allegiance as required by section 42 of the Constitution. </para>
        <para>The  Clerk  produced and laid on the table the certificates of election for the following members elected, on the 10th December, 1949, to serve in the Senate for their respective States, from and after the 1st July, 1950 : - </para>
      </subdebate.1>
      <subdebate.1>
        <subdebateinfo>
          <title>New South Wales -</title>
          <page.no>4830</page.no>
        </subdebateinfo>
      </subdebate.1>
      <subdebate.1>
        <subdebateinfo>
          <title>John Ignatius Armstrong</title>
          <page.no>4830</page.no>
        </subdebateinfo>
        <para>Donald MacLennan Grant. </para>
      </subdebate.1>
      <subdebate.1>
        <subdebateinfo>
          <title>Stanley Kerin Amour</title>
          <page.no>4830</page.no>
        </subdebateinfo>
      </subdebate.1>
      <subdebate.1>
        <subdebateinfo>
          <title>Queensland -</title>
          <page.no>4830</page.no>
        </subdebateinfo>
      </subdebate.1>
      <subdebate.1>
        <subdebateinfo>
          <title>Benjamin Courtice</title>
          <page.no>4830</page.no>
        </subdebateinfo>
      </subdebate.1>
      <subdebate.1>
        <subdebateinfo>
          <title>Archibald Malcolm Benn</title>
          <page.no>4830</page.no>
        </subdebateinfo>
      </subdebate.1>
      <subdebate.1>
        <subdebateinfo>
          <title>Gordon Brown</title>
          <page.no>4830</page.no>
        </subdebateinfo>
      </subdebate.1>
      <subdebate.1>
        <subdebateinfo>
          <title>South Australia -</title>
          <page.no>4830</page.no>
        </subdebateinfo>
        <para>Sidney Wainman O&#39;Flaherty. </para>
      </subdebate.1>
      <subdebate.1>
        <subdebateinfo>
          <title>Theophilus Martin Nicholls. Alaxander Finlay</title>
          <page.no>4830</page.no>
        </subdebateinfo>
      </subdebate.1>
      <subdebate.1>
        <subdebateinfo>
          <title>Tasmania -</title>
          <page.no>4830</page.no>
        </subdebateinfo>
        <para>Nicholas Edward McKenna. </para>
      </subdebate.1>
      <subdebate.1>
        <subdebateinfo>
          <title>Norman Henry Denham Henty</title>
          <page.no>4830</page.no>
        </subdebateinfo>
      </subdebate.1>
      <subdebate.1>
        <subdebateinfo>
          <title>William Edward Aylett</title>
          <page.no>4830</page.no>
        </subdebateinfo>
      </subdebate.1>
      <subdebate.1>
        <subdebateinfo>
          <title>Victoria -</title>
          <page.no>4831</page.no>
        </subdebateinfo>
      </subdebate.1>
      <subdebate.1>
        <subdebateinfo>
          <title>Donald Cameron</title>
          <page.no>4831</page.no>
        </subdebateinfo>
      </subdebate.1>
      <subdebate.1>
        <subdebateinfo>
          <title>John Joseph Devlin</title>
          <page.no>4831</page.no>
        </subdebateinfo>
      </subdebate.1>
      <subdebate.1>
        <subdebateinfo>
          <title>James Michael Sheehan</title>
          <page.no>4831</page.no>
        </subdebateinfo>
        <para class="block">Western Australia - richard Harry Nash. </para>
      </subdebate.1>
      <subdebate.1>
        <subdebateinfo>
          <title>James Mackintosh Eraser</title>
          <page.no>4831</page.no>
        </subdebateinfo>
      </subdebate.1>
      <subdebate.1>
        <subdebateinfo>
          <title>Victor Seddon Vincent</title>
          <page.no>4831</page.no>
        </subdebateinfo>
        <para class="block">The above-named senators made and  subscribed the oath of allegiance. </para>
        <para>His Excellency the GovernorGeneral having retired, </para>
      </subdebate.1>
    </debate>
    <debate>
      <debateinfo>
        <title>ELECTION OF PRESIDENT</title>
        <page.no>4831</page.no>
        <type>miscellaneous</type>
      </debateinfo>
      <speech>
        <talk.start>
          <talker>
            <page.no>4831</page.no>
            <time.stamp />
            <name.id>JZI</name.id>
            <electorate>QueenslandMinister for Trade and Customs</electorate>
            <party>LP</party>
            <role>Minister for Trade and Customs</role>
            <in.gov>1</in.gov>
            <first.speech>0</first.speech>
            <name role="metadata">O&#39;SULLIVAN, Neil</name>
            <name role="display">Senator O&#39;SULLIVAN</name>
          </talker>
          <para>- <inline font-weight="bold">Mr. Clerk</inline> of the Senate <inline font-weight="bold">(Mr. Edwards),</inline> I remind the Senate that the time has now come when it is necessary for it to choose one of its members to be  President. </para>
        </talk.start>
      </speech>
      <speech>
        <talk.start>
          <talker>
            <page.no>4831</page.no>
            <time.stamp />
            <name.id>K0W</name.id>
            <electorate>New South WalesLeader of the Opposition</electorate>
            <party />
            <role />
            <in.gov>0</in.gov>
            <first.speech>0</first.speech>
            <name role="metadata">ASHLEY, William</name>
            <name role="display">Senator ASHLEY</name>
          </talker>
          <para>- I move - </para>
        </talk.start>
        <quote>
          <para>That <inline font-weight="bold">Senator Gordon</inline> Brown do take the chair of this Senate as  President. </para>
        </quote>
      </speech>
      <speech>
        <talk.start>
          <talker>
            <page.no>4831</page.no>
            <time.stamp />
            <name.id>KTN</name.id>
            <electorate>Tasmania</electorate>
            <party />
            <role />
            <in.gov>0</in.gov>
            <first.speech>0</first.speech>
            <name role="metadata">MCKENNA, Nicholas</name>
            <name role="display">Senator McKENNA</name>
          </talker>
          <para>- I second the motion. As one who has served for six years in this Senate under the presidency of <inline font-weight="bold">Senator Gordon</inline> Brown, I am very happy to pay tribute to his impartiality, judgment, ability, and strength of character in the discharge of the duties associated with the high office which he has graced. I believe it will be a further tribute to his quality if he should be returned unopposed. Perhaps I strike a. purely personal note when I say that I hope that no untoward incident will prevent me from continuing to serve in this Senate for another six years under the same  President. </para>
        </talk.start>
        <interjection>
          <talk.start>
            <talker>
              <page.no>4831</page.no>
              <time.stamp />
              <name.id>K6P</name.id>
              <electorate />
              <party />
              <role />
              <in.gov>0</in.gov>
              <first.speech>0</first.speech>
              <name role="metadata">BROWN, Gordon</name>
              <name role="display">Senator Brown</name>
            </talker>
            <para>-I  submit myself to the will of the Senate. </para>
          </talk.start>
        </interjection>
      </speech>
      <speech>
        <talk.start>
          <talker>
            <page.no>4831</page.no>
            <time.stamp />
            <name.id>10000</name.id>
            <electorate />
            <party />
            <role />
            <in.gov>0</in.gov>
            <first.speech>0</first.speech>
            <name role="metadata">CLERK, The</name>
            <name role="display">The Clerk</name>
          </talker>
          <para>- There being no other nomination, I declare <inline font-weight="bold">Senator Gordon</inline> Brown elected  President  of the Senate. </para>
        </talk.start>
        <para>The  PRESIDENT,  having been conducted to the dais, said - </para>
        <para>I appreciate to the full the honour that has been done me. In the past, I have tried to be fair and to do justice to all. I hope in the future to do the same. </para>
        <para>
          <inline font-weight="bold">Senator O&#39;SULLIVAN</inline>(QueenslandMinister for Trade and Customs). - I tender to you, <inline font-weight="bold">Mr. President,</inline> my congratulations and good wishes, and those of all other honorable senators, upon your re-election to the high office of  President  of the Senate. In the hurlyburly of party politics, the duties and responsibilities of  President  are never light. Sometimes, they can be very onerous and difficult. I am happy to say that, in the overall, my own experience under your presidency has been that you have carried out your duties with the dignity, impartiality and courtesy that is consistent with the high traditions of the office. </para>
        <para>
          <inline font-weight="bold">Senator ASHLEY</inline>(New South WalesLeader of the Opposition). - I associate myself with the sentiments expressed by the Minister for Trade and Customs <inline font-weight="bold">(Senator O&#39;Sullivan).</inline> All honorable senators who have worked under you as  President  will agree that you have discharged the  duties  of your office in accordance with the traditions of your office. I am sure that, in the future, we shall receive from you the same good service as in the past. </para>
      </speech>
      <speech>
        <talk.start>
          <talker>
            <page.no>4831</page.no>
            <time.stamp />
            <name.id>JQP</name.id>
            <electorate>Queensland</electorate>
            <party>CP</party>
            <role>Minister for Repatriation</role>
            <in.gov>0</in.gov>
            <first.speech>0</first.speech>
            <name role="metadata">COOPER, Walter</name>
            <name role="display">Senator COOPER</name>
          </talker>
          <para>. - Members of the Australian Country party in the Senate offer their congratulations to you once again, <inline font-weight="bold">Mr. President,</inline> upon your reelection to your high office. We trust that you will be granted health and strength to carry on your work for a further term. </para>
        </talk.start>
      </speech>
      <speech>
        <talk.start>
          <talker>
            <page.no>4831</page.no>
            <time.stamp />
            <name.id>K6P</name.id>
            <electorate>QUEENSLAND</electorate>
            <party />
            <role />
            <in.gov>0</in.gov>
            <first.speech>0</first.speech>
            <name role="metadata">BROWN, Gordon</name>
            <name role="display">The PRESIDENT (Senator the Hon Gordon Brown</name>
          </talker>
          <para>-  I thank honorable senators for their kind words. I hope to conduct the affairs of the Senate in the future as I have done in the past. I believe that I have the goodwill of all honorable senators, whether they support the Government or the Opposition. It is always possible for a  President  to make a mistake, but I have tried to conduct the affairs of the Senate in the knowledge that I must be strict in applying the Standing Orders, while at the same time ensuring that every honorable senator, whether or not he holds the same political views as I do, receives a fair deal. After all, fair play is bonny play. I heartily thank honorable senators for the honour they have done me, and I shall try to conduct the debates in the Senate on as high a plane as is humanly possible. </para>
        </talk.start>
      </speech>
      <subdebate.1>
        <subdebateinfo>
          <title>Presentation to Governor-General</title>
          <page.no>4832</page.no>
        </subdebateinfo>
        <para>
          <inline font-weight="bold">Senator O&#39;SULLIVAN</inline>(Queensland- </para>
        <para class="block">Minister for Trade and Customs). - I desire to acquaint honorable senators that  His Excellency  the GovernorGeneral will be pleased to receive <inline font-weight="bold">Mr. President</inline> in the President&#39;s room forthwith. </para>
        <speech>
          <talk.start>
            <talker>
              <page.no>4832</page.no>
              <time.stamp />
              <name.id>10000</name.id>
              <electorate />
              <party />
              <role />
              <in.gov>0</in.gov>
              <first.speech>0</first.speech>
              <name role="metadata">PRESIDENT, The</name>
              <name role="display">The PRESIDENT</name>
            </talker>
            <para>- I invite honorable senators to accompany me to the President&#39;s room, where I shall present myself to  His Excellency  the GovernorGeneral as the choice of the Senate. </para>
          </talk.start>
          <para class="block">
            <inline font-style="italic">Sitting suspended from 2.&#163;7 to S.l</inline>4 <inline font-style="italic">p.m.</inline></para>
          <continue>
            <talk.start>
              <talker>
                <page.no>4832</page.no>
                <time.stamp />
                <name.id>10000</name.id>
                <electorate />
                <party />
                <role />
                <in.gov>0</in.gov>
                <first.speech>0</first.speech>
                <name role="metadata">PRESIDENT, The</name>
                <name role="display">The PRESIDENT</name>
              </talker>
              <para>- I have to report that, accompanied by honorable senators, I, this day, presented myself to the GovernorGeneral as the person chosen by the Senate as its  President. His Excellency  was pleased to congratulate me upon my election. </para>
            </talk.start>
          </continue>
          <para>The  PRESIDENT  read prayers. </para>
        </speech>
      </subdebate.1>
    </debate>
    <debate>
      <debateinfo>
        <title>ASSENT TO BILLS</title>
        <page.no>4832</page.no>
        <type>bill</type>
      </debateinfo>
      <para class="block">Assent to the following bills reported : - </para>
      <para>States Grants (Coal Mining Industry Long </para>
      <para>Service Leave) Bill 1950. Appropriation Bill (No. 2) 1949-50. Appropriation (Works and Services) Bill (No. 2) 1949-50. </para>
      <para>Supply Bill (No. 1) 1950-51. Supply (Works and Services) Bill (No. 1) </para>
      <para>1950-51. </para>
      <para>Social Services Consolidation Bill 1950. Wool  (Contributory  Charge) Bill (No. 1) 1950. </para>
      <para>Wool (Contributory Charge) Bill (No. 2) 1950. </para>
      <para>Wool ( Contributory &#39;Charge) Assessment </para>
      <para>Bill 1950. Wool Realization Bill 1950. Wool (Reserve Prices) Fund Bill 1950. Nationality and Citizenship (Burmese) Bill </para>
      <para>1950. </para>
      <para>Tariff Board Bill 1950. </para>
      <para>Supplementary Appropriation Bill 1948-49. Supplementary Appropriation ( Works and Services) Bill 1948-49. </para>
    </debate>
    <debate>
      <debateinfo>
        <title>ELECTION OF CHAIRMAN OF COMMITTEES</title>
        <page.no>4832</page.no>
        <type>miscellaneous</type>
      </debateinfo>
      <para>Motion (by <inline font-weight="bold">Senator O&#39;sullivan)</inline> agreed to - </para>
      <quote>
        <para>That the Senate do now proceed to elect n Chairman of Committees. </para>
      </quote>
      <speech>
        <talk.start>
          <talker>
            <page.no>4832</page.no>
            <time.stamp />
            <name.id>KTN</name.id>
            <electorate>Tasmania</electorate>
            <party />
            <role />
            <in.gov>0</in.gov>
            <first.speech>0</first.speech>
            <name role="metadata">MCKENNA, Nicholas</name>
            <name role="display">Senator McKENNA</name>
          </talker>
          <para>- I move - </para>
        </talk.start>
        <quote>
          <para>That <inline font-weight="bold">Senator T.</inline> M. Nicholls be appointed  Chairman  of Committees. </para>
        </quote>
        <interjection>
          <talk.start>
            <talker>
              <page.no>4832</page.no>
              <time.stamp />
              <name.id>K0C</name.id>
              <electorate />
              <party />
              <role />
              <in.gov>0</in.gov>
              <first.speech>0</first.speech>
              <name role="metadata">ARMSTRONG, John Ignatius</name>
              <name role="display">Senator Armstrong</name>
            </talker>
            <para>- I second themotion. </para>
          </talk.start>
        </interjection>
        <interjection>
          <talk.start>
            <talker>
              <page.no>4832</page.no>
              <time.stamp />
              <name.id>JY6</name.id>
              <electorate />
              <party />
              <role />
              <in.gov>0</in.gov>
              <first.speech>0</first.speech>
              <name role="metadata">NICHOLLS, Theophilus</name>
              <name role="display">Senator Nicholls</name>
            </talker>
            <para>- I submit myself to the will of the Senate. </para>
          </talk.start>
        </interjection>
        <para>The <inline font-weight="bold">PRESIDENT (Senator the Hon.</inline></para>
        <para class="block">Gordon Brown). - There being only one nomination, I declare <inline font-weight="bold">Senator Nicholls</inline> elected. </para>
        <para>
          <inline font-weight="bold">Senator O&#39;SULLIVAN</inline>(Queensland- </para>
        <para class="block">Minister for Trade and Customs). - On my own behalf, and I am sure, on behalf of all honorable senators, I congratulate <inline font-weight="bold">Senator Nicholls</inline> upon his re-election as  Chairman  of Committees. The office to which he has been re-elected calls for tact, courtesy and consideration. In my experience, <inline font-weight="bold">Senator Nicholls</inline> has never failed to exhibit those qualities in a very generous measure. I assure him of the utmost co-operation of honorable senators on this side of the chamber in the discharge of his . onerous and important duties. </para>
      </speech>
      <speech>
        <talk.start>
          <talker>
            <page.no>4832</page.no>
            <time.stamp />
            <name.id>K0W</name.id>
            <electorate>New South WalesLeader of the Opposition</electorate>
            <party />
            <role />
            <in.gov>0</in.gov>
            <first.speech>0</first.speech>
            <name role="metadata">ASHLEY, William</name>
            <name role="display">Senator ASHLEY</name>
          </talker>
          <para>- On behalf of the Labour party, I join with the Minister for Trade and Customs <inline font-weight="bold">(Senator O&#39;Sullivan)</inline> in congratulating <inline font-weight="bold">Senator Nicholls</inline> upon his re-appointment as  Chairman  of Committees. All honorable senators will agree that <inline font-weight="bold">Senator Nicholls</inline> has carried out his duties impartially and capably and I am sure that, during the period for which he has been re-elected, his administration will be of the same high standard. </para>
        </talk.start>
      </speech>
      <speech>
        <talk.start>
          <talker>
            <page.no>4832</page.no>
            <time.stamp />
            <name.id>JQP</name.id>
            <electorate>Queensland</electorate>
            <party>CP</party>
            <role>Minis ter for Repatriation</role>
            <in.gov>0</in.gov>
            <first.speech>0</first.speech>
            <name role="metadata">COOPER, Walter</name>
            <name role="display">Senator COOPER</name>
          </talker>
          <para>. - Members of the Australian Country party wish to add their congratulations to those already expressed to <inline font-weight="bold">Senator Nicholls</inline> upon his re-election. &#34;We trust that he will enjoy health and strength in carrying on his good work. </para>
        </talk.start>
      </speech>
      <speech>
        <talk.start>
          <talker>
            <page.no>4832</page.no>
            <time.stamp />
            <name.id>JY6</name.id>
            <electorate>South Australia</electorate>
            <party />
            <role />
            <in.gov>0</in.gov>
            <first.speech>0</first.speech>
            <name role="metadata">NICHOLLS, Theophilus</name>
            <name role="display">Senator NICHOLLS</name>
          </talker>
          <para>- I thank honorable senators for having again elected me to the position of  Chairman  of Committees, and I assure them that in the future I shall endeavour, as I have done in the past, to discharge my duties to the limit of my ability. </para>
        </talk.start>
      </speech>
    </debate>
    <debate>
      <debateinfo>
        <title>KOREA</title>
        <page.no>4833</page.no>
        <type>miscellaneous</type>
      </debateinfo>
      <speech>
        <talk.start>
          <talker>
            <page.no>4833</page.no>
            <time.stamp />
            <name.id>JZI</name.id>
            <electorate>QueenslandMinister for Trade and Customs</electorate>
            <party>LP</party>
            <role />
            <in.gov>1</in.gov>
            <first.speech>0</first.speech>
            <name role="metadata">O&#39;SULLIVAN, Neil</name>
            <name role="display">Senator O&#39;SULLIVAN</name>
          </talker>
          <para>- <inline font-style="italic">by leave</inline> - read a copy of the statement made in the House of Representatives by the Prime Minister <inline font-weight="bold">(Mr. Menzies)</inline><inline font-style="italic">(vide</inline> page 4S36), and, moved - </para>
        </talk.start>
        <quote>
          <para>That the Senate, having before it the Charter of the United Nations and the recent resolutions of the Security Council in relation to Korea, approves of the action taken by the Government in placing at the disposal of the United Nations the forces indicated in the statement of the Minister for Trade and Customs <inline font-weight="bold">(Senator O&#39;sullivan).</inline></para>
        </quote>
        <interjection>
          <talk.start>
            <talker>
              <page.no>4833</page.no>
              <time.stamp />
              <name.id>KUA</name.id>
              <electorate />
              <party />
              <role />
              <in.gov>0</in.gov>
              <first.speech>0</first.speech>
              <name role="metadata">MCLEAY, George</name>
              <name role="display">Senator McLeay</name>
            </talker>
            <para>-  I. second the motion. &#39; </para>
          </talk.start>
        </interjection>
      </speech>
      <speech>
        <talk.start>
          <talker>
            <page.no>4833</page.no>
            <time.stamp />
            <name.id>K0W</name.id>
            <electorate>New South WalesLeader of the Opposition</electorate>
            <party />
            <role />
            <in.gov>0</in.gov>
            <first.speech>0</first.speech>
            <name role="metadata">ASHLEY, William</name>
            <name role="display">Senator ASHLEY</name>
          </talker>
          <para>. - The statement made by the Leader of the Government <inline font-weight="bold">(Senator O&#39;Sullivan)</inline> is very important to the people of Australia. Its importance is emphasized by the fact that the Parliament has been called together specially to hear it. I regret that the Leader of the Government was unable to furnish me with a copy of the statement earlier than the time at which it was handed to me. However, I appreciate the position in which he is placed. I point out that the statement is practically a plain historical record. With the exception of the motion, it contains nothing that we have not already read in the press. The limitation of the information is rather surprising to me. The Opposition is prepared to assist in any way possible, but if the Government wants the Opposition to accept responsibility in this matter, then it should furnish the Opposition with the fullest information on this matter. </para>
        </talk.start>
        <para>On behalf of the Opposition, I agree that there is a need for a united Korea. That aim has the full support of the Australian Labour party. Fifty-nine nations are honorably bound to give support to the views of the United Nations. The basic policy of the Australian Labour party is to support the United Nations and the Security Council of that organization. The Opposition has prepared a reply to the statement made by the Leader of the Government. </para>
        <para>The Federal Parliamentary Labour party- has given consideration to the armed attack made upon the Republic of </para>
        <para class="block">Korea by the forces of North Korea. The Security Council of the United Nations determined that such armed attack constituted a breach of international peace within the meaning of the United Nations Charter. It called upon North Korea to withdraw forthwith its armed forces to the existing boundary between North Korea and South Korea at the 38th parallel of latitude. That direction of the Security Council was disobeyed. Accordingly, the Security Council decided that urgent military measures were required to re-establish peace and security, and recommended to members of the United Nations that assistance should be furnished to the Republic of Korea in order to repel the armed attack made upon it by North Korea. It is part of the basic policy of the Australian Labour movement to give &#34;steady and unwavering support for the United Nations, and for the purposes and principles declared in the United Nations Charter &#34; and also to achieve &#34; co-operation within the British Commonwealth of Nations in support of the United Nations organization for the purpose of maintaining international peace and security&#34;. These objectives have consistently been applied by federal Labour governments since the foundation of the United Nations in 1945. </para>
        <para>The United Nations Charter aims ai the preservation of international peace by providing that force shall be employed by the organization in preventing and repelling breaches of the peace and armed aggression.. . The territorial integrity of the Republic of Korea has been infringed by the armed forces of North Korea. The Security Council was clearly warranted in deciding that armed force should be employed by the United. Nations for the purpose of restoring international peace in the area. Consequently, the actions of those members of the United Nations in complying with the request of the Security Council by placing at its disposal certain armed forces were entirely justified, and the United States of America, the United Kingdom, Australia and New Zealand acted in strict conformity with their obligations under the United Nations Charter. </para>
        <para>In 1947, the United Nations intervened in the problem of establishing </para>
        <para class="block">Korean independence by the appointment of a General Assembly Commission the primary function of which was to take preliminary steps to establish a unified and independent Korea, in accordance with the promises made to the Korean people by the Allied leaders during &#34;World War II. and endorsed subsequently by the General Assembly itself. The commission was continued in existence by the General Assembly in 1948 and 1949. The present objective of the  Unied  Nations is not only the restoration of international peace but alao the early establishment of a united, democratic, anc independent Korea which will itself, in due course, become a member of the United Nations. In the view of the Labour party it is essential that this twofold objective shall be kept constantly in view. </para>
        <para>The Labour party has also considered the military contribution to the United Nations that Australia should be prepared to make in the present Korean situation. The United Nations Charter contemplates that the contingents to be provided by a member should be fair and reasonable, having regard to the total membership of the United Nations and to the capacity of the contributing nations. Accordingly, while approving of commitments already announced by the Australian Government in relation to Korea, the Labour party is strongly of the opinion that any additional commitments should be undertaken only with the approval of the Parliament. It is also strongly of the opinion that, parallel with the military action now being taken, the United Nations should also take action by way of meditation and conciliation to bring about the voluntary withdrawal of the forces of North Korea to their own territory and the establishment of a United Nations authority for the purpose of bringing into being an independent, democratic, and united Korea, in accordance  with  the Declaration of Cairo of 1.943 and the subsequent Declaration of Potsdam. </para>
        <para>Whilst it is not always opportune to call the Parliament together, and it is realized that certain matters must be dealt with urgently, I stress that any future Australian commitments should have the approval of the Parliament. The Opposition desires to be furnished with as much information as possible about this matter, although it is realized that much of the information received by the Government in relation to international disputation is of a secret character, which should not be disseminated either amongst members of the Parliament or the community generally. The action taken by the Government was not an action of war but was in keeping with the decision of the Security Council. In effect, a police force is to be provided. It is the sincere wish of the Opposition that the police force that is about to take part in the present disputation will be able to restore peace on both sides of the 3Sth parallel and bring about a united Korea, because nothing is of such benefit to the members of a community or country as selfgovernment and self-control. </para>
        <para>Question resolved in the affirmative. </para>
      </speech>
    </debate>
    <debate>
      <debateinfo>
        <title>LEAVE OF ABSENCE TO ALL SENATORS</title>
        <page.no>4834</page.no>
        <type>miscellaneous</type>
      </debateinfo>
      <para>Motion (by <inline font-weight="bold">Senator O&#39;sullivan)</inline> - <inline font-style="italic">by leave</inline> - agreed to - </para>
      <quote>
        <para>That leave of absence be granted to every member of the Senate from the termination of the sitting this day to the date on which the Senate next meets. </para>
      </quote>
    </debate>
    <debate>
      <debateinfo>
        <title>SPECIAL ADJOURNMENT</title>
        <page.no>4834</page.no>
        <type>special adjournment</type>
      </debateinfo>
      <para class="block">Motion (by <inline font-weight="bold">Senator O&#39;sullivan)</inline> agreed to - </para>
      <quote>
        <para>That the Senate, at its rising, adjourn to a date and hour to be fixed by the  President,  which time of meeting shall be notified to each senator by telegram or letter. </para>
      </quote>
    </debate>
    <debate>
      <debateinfo>
        <title>ADJOURNMENT</title>
        <page.no>4834</page.no>
        <type>adjournment</type>
      </debateinfo>
      <subdebate.1>
        <subdebateinfo>
          <title>Flour - Repatriation</title>
          <page.no>4834</page.no>
        </subdebateinfo>
        <para>Motion (by <inline font-weight="bold">Senator O&#39;sullivan)</inline> proposed - </para>
        <quote>
          <para>That the Senate do now adjourn. </para>
        </quote>
        <speech>
          <talk.start>
            <talker>
              <page.no>4834</page.no>
              <time.stamp />
              <name.id>KUA</name.id>
              <electorate>South Australia</electorate>
              <party>LP</party>
              <role>Minister for Fuel, Shipping and Transport</role>
              <in.gov>1</in.gov>
              <first.speech>0</first.speech>
              <name role="metadata">MCLEAY, George</name>
              <name role="display">Senator McLEAY</name>
            </talker>
            <para>.- On the 10th May, <inline font-weight="bold">Senator O&#39;Flaherty</inline> asked me a question relating to the production of flour in South Australia. In previous replies to similar questions the Minister for Commerce and Agriculture <inline font-weight="bold">(Mr. McEwen)</inline> has stated that the Australian &#34;Wheat Board is doing everything possible in an endeavour to sell flour overseas instead of wheat. The hoard, in this endeavour, has sold flour at a reduced price to ensure sales. A general reluctance to buy flour has been evident on the part of buying countries, which want to buy the wheat and mill it themselves in order to obtain the offals for feeding purposes. The volume of flour sales which the board has made recently is such as to enable South Australian flour mills to increase production above the volume being produced in recent months. </para>
          </talk.start>
        </speech>
        <speech>
          <talk.start>
            <talker>
              <page.no>4835</page.no>
              <time.stamp />
              <name.id>KVB</name.id>
              <electorate>Tasmania</electorate>
              <party />
              <role />
              <in.gov>0</in.gov>
              <first.speech>0</first.speech>
              <name role="metadata">MORROW, William</name>
              <name role="display">Senator MORROW</name>
            </talker>
            <para>. - Some time ago I addressed a series of questions regarding <inline font-weight="bold">Dr. James</inline> to the Minister for Repatriation <inline font-weight="bold">(Senator Cooper).</inline> When I was in Sydney recently a man, who stated that he was a representative of the Melbourne <inline font-style="italic">Sun News Pictorial,</inline> spoke to me on the telephone and read to me alleged replies by the Minister to my questions. When he asked me to comment, I said that I would not do so until I had received the answers officially . Will the Minister inform me whether he has furnished replies to my questions to any individual ? </para>
          </talk.start>
        </speech>
        <speech>
          <talk.start>
            <talker>
              <page.no>4835</page.no>
              <time.stamp />
              <name.id>JQP</name.id>
              <electorate>Queensland</electorate>
              <party>CP</party>
              <role>Minister for Repatriation</role>
              <in.gov>0</in.gov>
              <first.speech>0</first.speech>
              <name role="metadata">COOPER, Walter</name>
              <name role="display">Senator COOPER</name>
            </talker>
            <para>. -  An official communication containing replies to the honorable senator&#39;s questions was forwarded by post to his officially recorded address  24  hours before any note of the contents was supplied to the press. I told the honorable senator before the Senate rose for the winter recess that as soon as I received replies to the questions he would be informed accordingly.  1  posted the replies to him at his home address and if he has not yet received them neither I nor my department is to . blame.. The replies were released to the press  24  hours later. </para>
          </talk.start>
        </speech>
        <speech>
          <talk.start>
            <talker>
              <page.no>4835</page.no>
              <time.stamp />
              <name.id>JXC</name.id>
              <electorate>Tasmania</electorate>
              <party />
              <role />
              <in.gov>0</in.gov>
              <first.speech>0</first.speech>
              <name role="metadata">MURRAY, Reginald</name>
              <name role="display">Senator MURRAY</name>
            </talker>
            <para>. - I should like to obtain an assurance from the Minister for Repatriation <inline font-weight="bold">(Senator Cooper),</inline> if it is possible for him to give such an assurance at this juncture, that the members of the Australian armed forces now engaged in Korea and other places outside Australia will be covered in full by the provisions of the Australian Soldiers&#39; Repatriation Act as it applied during hostilities in the last war. We all have in mind the tragic occurrence aboard H.M.A.S. <inline font-style="italic">Tarakan</inline> and the fact that many of the widows and dependants of the victims of that tragedy met with considerable difficulty in receiving any compensation whatever. In view of that fact will the Minister, if he can now do so, give the Senate the assurance that I have requested? </para>
          </talk.start>
          <para>Question resolved in the affirmative. </para>
        </speech>
      </subdebate.1>
    </debate>
    <debate>
      <debateinfo>
        <title>PAPERS</title>
        <page.no>4835</page.no>
        <type>papers</type>
      </debateinfo>
      <para>The following papers were pre  sented :  - </para>
      <quote>
        <para>Commonwealth Bank Act - Appointment - G. J. F. Anderson. </para>
        <para>Commonwealth Public Service Act - Appointments - Department- </para>
        <para>Interior - W. D. F. Caine, A. A. Dean, C. J. Harsh. </para>
        <para>Social Services - E. F. Bennett. </para>
        <para>Works and Housing - S. H. T. Abbiss, </para>
        <list type="upperalpha-dotted">
          <item label="R.">
            <para>H. Frost, D. A. Stockdill, K. J. Woodward. </para>
          </item>
        </list>
        <para>Lands Acquisition Act - Land acquiredfor Postal purposes - </para>
        <para>Holland Park, Queensland. </para>
        <para>Port Augusta, South Australia. </para>
        <para>Senate adjourned at 3.51 p.m. to  a  date and hour to be fixed  by  the  President. </para>
      </quote>
    </debate>
  </chamber.xscript>
</hansard>