<?xml version="1.0" encoding="utf-8"?>
<hansard xsi:noNamespaceSchemaLocation="../../hansard.xsd" version="2.1" xmlns:xsi="http://www.w3.org/2001/XMLSchema-instance">
  <session.header>
    <date>1946-06-18</date>
    <parliament.no>17</parliament.no>
    <session.no>3</session.no>
    <period.no>2</period.no>
    <chamber>REPS</chamber>
    <page.no>1498</page.no>
    <proof>0</proof>
  </session.header>
  <chamber.xscript>
    <para class="block">House of Representatives; </para>
    <business.start>
      <day.start>1946-06-18</day.start>
      <para>
        <inline font-weight="bold">Mr. SPEAKER (Hon.</inline>
        <inline font-style="italic">J..</inline>S. Rosevear) took the chair at 3 p.m., and read prayers. </para>
    </business.start>
    <debate>
      <debateinfo>
        <title>DEATH OF SENATOR THE HONORABLE RICHARD VALENTINE KEANE</title>
        <page.no>1498</page.no>
        <type>miscellaneous</type>
      </debateinfo>
      <speech>
        <talk.start>
          <talker>
            <page.no>1498</page.no>
            <time.stamp />
            <name.id>A48</name.id>
            <electorate>Macquarie</electorate>
            <party>ALP</party>
            <role>Prime Minister and Treasurer</role>
            <in.gov>1</in.gov>
            <first.speech>0</first.speech>
            <name role="metadata">CHIFLEY, Ben</name>
            <name role="display">Mr CHIFLEY</name>
          </talker>
          <para>. - It is my sad duty to record that <inline font-weight="bold">Senator the</inline> Honorable Richard Valentine Keane died in Washington on the 26th April; 1946. During the last few years <inline font-weight="bold">Senator Keane</inline> in the arduous and exacting post of Minister for Trade and Customs and as Minister in charge of lend-lease threw all his energy and ability into the service of Australia. He gave untiringly and unstintingly of the shrewdness of mind and soundness of judgment of which he was so abundantly possessed. As honorable, members know, at the time of his death he was engaged in delicate and exacting negotiations associated with the winding up of lend-lease arrangements - negotiations which contributed largely to complete agreement being reached with the United States of America. There is little doubt that the strain under which he was then working and to which he had been subjected for so long, contributed in no small measure to the heart attack which resulted in his sudden death. </para>
        </talk.start>
        <para>The late senator was elected as the representative for the Division of Bendigo in the House of Representatives in 1929. He was Temporary  Chairman  of Committees from July, 1930, to November, 1931, but was defeated at the general elections in that year. In 1937 he was elected to the Senate for Victoria, and remained a senator until the time of his death. He was Temporary  Chairman  of Committees from 1938 to 1940, and  Deputy  Leader of the Opposition in the Senate in 1938 and in 1941; VicePresident of the Executive Council from 1941  to 1943; Minister for Trade and Customs from the 7th October, 19&#39;4l; Acting Minister for Health and Social Services in 1945; Leader of the Government in the Senate from September, 1943 ; a member of the Joint Committee on Social Security in 1941; a member of the Production Executive of . Cabinet from September, 1943 ; and a member of the Joint Committee on Income Tax on Current Income, in 1944. He visited the United States of America and Canada in 1944 on a mission for the Commonwealth Government. </para>
        <para>
          <inline font-weight="bold">Senator Keane</inline>was a grand party man, and an indefatigable worker for union principles. Prior to entering Parliament he was general secretary of the Australian Rail ways Union, and he had previously held all leading executive positions in that organization. He was also vice-president of the Coin mc-n weal th Council of Federated Unions until that body was absorbed by the Australasian Council of Trade Unions. The trihut.es that were pu iti to <inline font-weight="bold">Senator Keane</inline> at the time of his death were indicative of the esteem in which he was held by all sections of the&#39; community. He was a great Australian, and his death is a very real loss to the people of this country. </para>
        <para>Dick Keane, like his former leader, John Curtin, died &#34; on the job &#34;. I recall his words in the Senate on the occasion of the death of the late Prime Minister - </para>
        <quote>
          <para>John  Curtin is as one to-day with those ti.uli tiing men of our niue who lui ve given their lives that we might live. We in this Parliament here and in another place have los.t a colleague: we have lost too u guide and a friend. </para>
        </quote>
        <para class="block">The sentiments that he then expressed apply with equal force to himself. I personally mourn the lose of a sincere friend and a much valued colleague.&#39; It is now my sad duty to move- </para>
        <quote>
          <para>That this House expresses its deep regret at the death of the Honorable Richard Valentine Keane, member of the House of Representatives for .the&#39; Division of  Bendigo  from 1929 to 11)31, senator for Victoria from 1937 -ito 194(i, Vice-President of the Executive Council from 1941  to  1943, Minister for Trade and Customs from 1943 to .1.940, and Leader of the Government in the Senate from 1943  to  1.040 ; places on record its appreciation of his distinguished public service, and tenders to bis widow, his children, and all relatives its profound sympathy in &#39;their- bereavement. </para>
        </quote>
      </speech>
      <speech>
        <talk.start>
          <talker>
            <page.no>1499</page.no>
            <time.stamp />
            <name.id>N76</name.id>
            <electorate>Kooyong</electorate>
            <party />
            <role>Leader of the Opposition</role>
            <in.gov>0</in.gov>
            <first.speech>0</first.speech>
            <name role="metadata">MENZIES, Robert</name>
            <name role="display">Mr MENZIES</name>
          </talker>
          <para>. - I associate the Opposition with the motion, and with the words that have fallen from the Hps of  tj!1  the Prime Minister <inline font-weight="bold">(Mr. Chifley). Senator Keane,</inline> when I first had the pleasure of knowing him, was, as we have been reminded, a prominent official of the Australian Railways Union. At that time, I saw a good deal of his work on behalf of his members in and about the Commonwealth Arbitration Court. In my experience  of  him, he was always a. shrewd and a wise man. He earned a very well deserved reputation as a champion of unremitting but constitutional action on behalf of all those who depended upon his services. When he entered Parliament he revealed uncommon parliamentary gifts. These, I believe, were particularly disclosed during the time of his ministerial office. He was an uncommonly good parliamentarian, not only because he knew the business of Parliament &#39;thoroughly, but also because, whilst being a constant fighter for what he believed in, he was always fair and, indeed, generous to his opponents. As a Minister, of course, he sustained what, perhaps, is not as yet very widely recognised - the extraordinary burden which office has imposed upon its holders during the last few years. I can speak of that with some little knowledge, gained from my own experience in the first two years of the war, as well as some knowledge of what my colleagues also sustained during that time. Within the  la3t  few years that burden has certainly not been lighter. A very great burden fell upon the late honorable gentleman, and I believe that the sustaining  of  it .undoubtedly shortened his life. Personally, as we are all prompt to recognize, he was a. most companionable man, who succeeded in maintaining great personal friendships while at &#39;the same time maintaining active political opposition. He was, indeed, the most admirable  of  opponents in the political field, and a good friend. We shall all miss him. </para>
        </talk.start>
      </speech>
      <speech>
        <talk.start>
          <talker>
            <page.no>1499</page.no>
            <time.stamp />
            <name.id>F4T</name.id>
            <electorate>Darling DownsLeader of the Australian Country party</electorate>
            <party />
            <role />
            <in.gov>0</in.gov>
            <first.speech>0</first.speech>
            <name role="metadata">FADDEN, Arthur William</name>
            <name role="display">Mr FADDEN</name>
          </talker>
          <para>-On behalf of the Australian Country party, I associate myself very sincerely with the motion expressing regret at the death of <inline font-weight="bold">Senator Keane.</inline> To know <inline font-weight="bold">Senator Keane</inline> was to like him. He was a hig Australian who possessed ,the breadth of vision and tolerance which are characteristic of those who are familiar with the  wide open spaces of Australia. He was n lovable character, humorous to <inline font-style="italic">the</inline> last degree yet conscientious in the performance of any task that he undertook. His conscientiousness was one of the factors that contributed to his death. He was  another  of the great Australians who have sacrificed themselves in the service of Australia. The Australian County party joins with all others who mourn his loss. They have the consolation of knowing that he advanced the interests of Australia and performed his duties with the utmost credit to himself and those associated with him, as well- as with complete satisfaction to those who were politically opposed to him. </para>
        </talk.start>
        <para>Question resolved in the affirmative, honorable members standing in their places. </para>
      </speech>
    </debate>
    <debate>
      <debateinfo>
        <title>ADJOURNMENT</title>
        <page.no>1500</page.no>
        <type>adjournment</type>
      </debateinfo>
      <speech>
        <talk.start>
          <talker>
            <page.no>1500</page.no>
            <time.stamp />
            <name.id>A48</name.id>
            <electorate>Macquarie</electorate>
            <party>ALP</party>
            <role>Prime Minister and Treasurer</role>
            <in.gov>1</in.gov>
            <first.speech>0</first.speech>
            <name role="metadata">CHIFLEY, Ben</name>
            <name role="display">Mr CHIFLEY</name>
          </talker>
          <para>.- As a mark of respect to the memory of the deceased senator, I move - </para>
        </talk.start>
        <quote>
          <para>That thu House do now adjourn. </para>
        </quote>
        <para>Question resolved in the affirmative. </para>
        <para>House adjourned at 3.10 \&#62;.m. </para>
      </speech>
    </debate>
  </chamber.xscript>
  <answers.to.questions>
    <debate>
      <debateinfo>
        <title>ANSWERS TO QUESTIONS</title>
        <page.no>1500</page.no>
        <type>ANSWERS TO QUESTIONS</type>
      </debateinfo>
      <para class="italic">
        <inline font-style="italic">The</inline>
        <inline font-style="italic">following answers to questions were circulated: -</inline>
      </para>
      <subdebate.1>
        <subdebateinfo>
          <title>Co&#39;.\i:.m on wealth Loans-</title>
          <page.no>1500</page.no>
        </subdebateinfo>
        <question>
          <talk.start>
            <talker>
              <page.no>1500</page.no>
              <time.stamp />
              <name.id>F4T</name.id>
              <electorate />
              <party />
              <role />
              <in.gov>0</in.gov>
              <first.speech>0</first.speech>
              <name role="metadata">FADDEN, Arthur William</name>
              <name role="display">Mr Fadden</name>
            </talker>
            <para>n asked the Treasurer, <inline font-style="italic">upon notice-</inline></para>
          </talk.start>
          <list type="decimal-dotted">
            <item label="1.">
              <para>What were the amounts subscribed in cash by individuals (exclusive  of banks, companies. &#38;c. ) to each of the following loans: - Second Victory, Third Victory, Fourth Victory, Security? </para>
            </item>
            <item label="2.">
              <para>How many of such subscribers were there in each loan? </para>
            </item>
          </list>
        </question>
        <answer>
          <talk.start>
            <talker>
              <page.no>1500</page.no>
              <name.id>A48</name.id>
              <electorate>MACQUARIE, NEW SOUTH WALES</electorate>
              <party>ALP</party>
              <role />
              <in.gov>0</in.gov>
              <first.speech>0</first.speech>
              <name role="metadata">CHIFLEY, Ben</name>
              <name role="display">Mr CHIFLEY</name>
            </talker>
            <para>- - As no record is kept of applications by persons as distinct from companies, firms, &#38;c, it is regretted that the information asked for cannot be supplied. </para>
          </talk.start>
          <para>STo.kth.khn Territory:  Labour  Conditions. </para>
        </answer>
        <question>
          <talk.start>
            <talker>
              <page.no>1500</page.no>
              <time.stamp />
              <name.id>F4T</name.id>
              <electorate />
              <party />
              <role />
              <in.gov>0</in.gov>
              <first.speech>0</first.speech>
              <name role="metadata">FADDEN, Arthur William</name>
              <name role="display">Mr Fadden</name>
            </talker>
            <para>en asked the Minister for the Interior, <inline font-style="italic">upon notice -</inline></para>
          </talk.start>
          <list type="decimal-dotted">
            <item label="1.">
              <para>Has his attention boon drawn to statements by the former Administrator of the Northern Territory, <inline font-weight="bold">Mr. Abbott,</inline> that wharf labourers in the Northern Territory were constantly on strike, that the few ships which did come in were held up, and that he doubted very much whether men employed by the Government did more than three hours work a duy? </para>
            </item>
            <item label="2.">
              <para>If so, will the Minister state (a) how many such strikes have occurred in each year from 1!)42 to 1945 (inclusive), what was the duration of each, <inline font-style="italic">&#91;b)</inline> what shipping hold-ups occurred in those years, and (c) what comment has he to offer on <inline font-weight="bold">Mr. Abbott&#39;s</inline> third observation? </para>
            </item>
            <item label="3.">
              <para>J.s it a fact, as stated by <inline font-weight="bold">Mr. Abbott,</inline> that the charge for meals in camps is so low that there is a loss of at least 30s. a week which, with about 1,000 employees of the Department of Works and Housing on the Darwin pay-roll, means a charge to the taxpayer of &#163;80,000 a year? </para>
            </item>
            <item label="4.">
              <para>If so, does the Government intend to take any action to remedy that position? </para>
            </item>
          </list>
        </question>
        <answer>
          <talk.start>
            <talker>
              <page.no>1500</page.no>
              <name.id>K9G</name.id>
              <electorate>KALGOORLIE, WESTERN AUSTRALIA</electorate>
              <party>ALP</party>
              <role>Minister Assisting the Minister for Works and Housing</role>
              <in.gov>1</in.gov>
              <first.speech>0</first.speech>
              <name role="metadata">JOHNSON, Herbert</name>
              <name role="display">Mr Johnson</name>
            </talker>
            <para>- The&#39; answers to the honorable member&#39;s questions are as follows: - </para>
          </talk.start>
          <list type="decimal-dotted">
            <item label="1.">
              <para>Yes. 2. <inline font-style="italic">(a)</inline> and (6) I have no knowledge of any strikes having occurred during the period 1942 to ISMS. Darwin was under military control (luring those years, (c) 1 have no comment to make on Mi. Abbott&#39;s third observation.. 3 and 4. These are matters for consideration by the Minister for Works and Housing.&#39; </para>
            </item>
          </list>
        </answer>
      </subdebate.1>
      <subdebate.1>
        <subdebateinfo>
          <title>Oats</title>
          <page.no>1500</page.no>
        </subdebateinfo>
        <question>
          <talk.start>
            <talker>
              <page.no>1500</page.no>
              <time.stamp />
              <name.id>JTY</name.id>
              <electorate>BARKER, SOUTH AUSTRALIA</electorate>
              <party>ALP</party>
              <role>Postmaster-General</role>
              <in.gov>1</in.gov>
              <first.speech>0</first.speech>
              <name role="metadata">CAMERON, Archie</name>
              <name role="display">Mr Archie Cameron</name>
            </talker>
            <para>n asked the Minister for &#39;Commerce and Agriculture, <inline font-style="italic">upon notice - ,</inline></para>
          </talk.start>
          <list type="decimal-dotted">
            <item label="1.">
              <para>How many bushels of oats have been purchased by the Commonwealth in each State and Territory from the 1945-40 oat crop? 2&#39;. At what prices were purchases made? </para>
            </item>
            <item label="3.">
              <para>At what prices are sale&#39;s being made? </para>
            </item>
            <item label="4.">
              <para>How many bushels are now held, and where are they held ? </para>
            </item>
          </list>
        </question>
        <answer>
          <talk.start>
            <talker>
              <page.no>1500</page.no>
              <name.id>KQB</name.id>
              <electorate>GWYDIR, NEW SOUTH WALES</electorate>
              <party>ALP</party>
              <role>Minister for Commerce and Agriculture</role>
              <in.gov>1</in.gov>
              <first.speech>0</first.speech>
              <name role="metadata">SCULLY, William</name>
              <name role="display">Mr Scully</name>
            </talker>
            <para>- The answers to the honorable member&#39;s questions are as follows : -  1 and <inline font-style="italic">4.-</inline></para>
          </talk.start>
          <list type="decimal-dotted">
            <item label="2.">
              <para>Feed oats have been purchased at 3s. a bushel, growers&#39; siding. </para>
            </item>
            <item label="3.">
              <para>Sales are made at 3s. 3d. a bushel, buyers siding, within a 4d. freight zone from terminal ports. Additional freight is met by the buyer. </para>
            </item>
          </list>
          <para>Papua and  New  Guinea: administr a tion . </para>
          <para>M.i&#39;. Abbott asked the Minister for  External  Territories, <inline font-style="italic">upon notice.</inline></para>
          <list type="decimal-dotted">
            <item label="1.">
              <para>What plan has the Government for development of the Territories and what part will ex-residents play? </para>
            </item>
            <item label="2.">
              <para>Will the Government hold an inquiry to 11 ml out the reason for discontent in the Provisional Government Public Service <inline font-style="italic">ot</inline> Papua and New Guinea ? </para>
            </item>
            <item label="3.">
              <para>When does the Government intend to end the present system of administration in Port Moresby and re-establish government by legislative council? </para>
            </item>
            <item label="4.">
              <para>Will the Government hold ali inquiry and a.scer tain why 300 whites were not evacuated from Rabaul but were left to perish when the Japanese arrived? </para>
            </item>
          </list>
        </answer>
        <question>
          <talk.start>
            <talker>
              <page.no>1501</page.no>
              <time.stamp />
              <name.id>KX7</name.id>
              <electorate>EAST SYDNEY, NEW SOUTH WALES</electorate>
              <party>ALP</party>
              <role>Minister for External Territories</role>
              <in.gov>1</in.gov>
              <first.speech>0</first.speech>
              <name role="metadata">WARD, Edward</name>
              <name role="display">Mr Ward</name>
            </talker>
            <para>d. - The answers to the honorable member&#39;s questions are as follows: - </para>
          </talk.start>
          <list type="decimal-dotted">
            <item label="1.">
              <para>The general policy of the Government in relation to the Territories of Papua and New Guinea was announced when the Papua-New Guinea Provisional Administration Act 1940 was introduced into this House in July, 1945. Since then decisions taken on various subjects have been announced and other announcements will be made from time to time as decisions are taken </para>
            </item>
            <item label="2.">
              <para>There have been a few isolated complaints which have been promptly investigated, but there is no justification for any claim that general discontent exists. A number of matters brought to notice by the Public Service Association arc at present being considered. </para>
            </item>
            <item label="3.">
              <para>A legislative Council has not been established for the Territory of Papua-New Guinea owing to the temporary nature of the. Provisional Administration for the Territory and absence of normal conditions and a settled population. As soon as it is practicable to do  so  legislative powers will bc restored to the Territories. </para>
            </item>
            <item label="4.">
              <para>The whole of the facts associated with the occupation of the Rabaul area arc known to the Government which considers that a further inquiry is therefore unnecessary. </para>
            </item>
          </list>
        </question>
        <para class="block">Potatoes. </para>
        <question>
          <talk.start>
            <talker>
              <page.no>1501</page.no>
              <time.stamp />
              <name.id>JTY</name.id>
              <electorate />
              <party>ALP</party>
              <role />
              <in.gov>1</in.gov>
              <first.speech>0</first.speech>
              <name role="metadata">CAMERON, Archie</name>
              <name role="display">Mr Archie Cameron</name>
            </talker>
            <para>n asked the Ministor for Commerce and Agriculture, <inline font-style="italic">upon mil ice -</inline></para>
          </talk.start>
          <list type="decimal-dotted">
            <item label="1.">
              <para>Does the Government propose to control acreages of potatoes for the season 1 940-47 ? </para>
            </item>
            <item label="2.">
              <para>If not, does the Government propose to exercise any form of control of the potato industry or to grant any subsidy to growers? </para>
            </item>
          </list>
        </question>
        <answer>
          <talk.start>
            <talker>
              <page.no>1501</page.no>
              <name.id>KQB</name.id>
              <electorate />
              <party>ALP</party>
              <role />
              <in.gov>1</in.gov>
              <first.speech>0</first.speech>
              <name role="metadata">SCULLY, William</name>
              <name role="display">Mr Scully</name>
            </talker>
            <para>- The existing method of contracts with potato-growers will apply ro next season&#39;s crop. </para>
          </talk.start>
        </answer>
      </subdebate.1>
      <subdebate.1>
        <subdebateinfo>
          <title>Allied Works Council: Administration ; Operations</title>
          <page.no>1501</page.no>
        </subdebateinfo>
        <question>
          <talk.start>
            <talker>
              <page.no>1501</page.no>
              <time.stamp />
              <name.id>JWT</name.id>
              <electorate>MORETON, QUEENSLAND</electorate>
              <party />
              <role />
              <in.gov>0</in.gov>
              <first.speech>0</first.speech>
              <name role="metadata">FRANCIS, Josiah</name>
              <name role="display">Mr Francis</name>
            </talker>
            <para>s asked the Minister for Works and Housing, <inline font-style="italic">upon notice -</inline></para>
          </talk.start>
          <list type="decimal-dotted">
            <item label="1.">
              <para>Will he inform the House why there wereallowed to develop deficiencies, inaccuraciesand inefficiency in relation to the workshops and canteen accounts of the Allied Works Council and the Civil Constructional Corps in Queensland, inaccuracies and arrears in stores and plant records, over-purchases of stores and the unauthorized use of motor transport in the Northern Territory! </para>
            </item>
            <item label="2.">
              <para>What explanation can be given to the House for this state of affairs as disclosed in the Auditor-General&#39;s report? </para>
            </item>
          </list>
        </question>
        <answer>
          <talk.start>
            <talker>
              <page.no>1501</page.no>
              <name.id>L07</name.id>
              <electorate>WERRIWA, NEW SOUTH WALES</electorate>
              <party>ALP</party>
              <role>Minister for Works and Housing</role>
              <in.gov>1</in.gov>
              <first.speech>0</first.speech>
              <name role="metadata">LAZZARINI, Hubert</name>
              <name role="display">Mr Lazzarini</name>
            </talker>
            <para>- The answers to the honorable member&#39;s -questions are as follows : - </para>
          </talk.start>
          <list type="decimal-dotted">
            <item label="1.">
              <para>The workshops were established for the purpose of maintaining and servicing plant throughout the wide area of Queensland during abnormal and emergent conditions.- It is mentioned that the discrepancies disclosed in the workshop records showed that surpluses were revealed at the latest stocktaking, not deficiencies. Duc to the engagement of many thousands of workmen for urgent war work, it was necessary to establish the workshops quickly, and many difficulties, due to shipping and man-power conditions, were met. Owing to the conditions obtaining at the time, it was necessary to call on untrained staff to undertake workshop duties. As the threat of .invasion became ever more serious, so the needs of the workshops rapidly extended, and continual shortages occurred in all types of materials, whilst frequent miscarriages of- consignments occurred. In addition, materials ordered for specific works were frequently used for other approved projects of high priority, without proper record as affecting the stores accounts. Action was taken to correct the position, the stores have been overhauled, including their layout and general facilities, and such additional routine installed to correct the position. </para>
            </item>
          </list>
          <para>Canteens in Queensland. - The particular canteens referred to in the Auditor-General&#39;s report relate, it is thought, to the operationin the Terres Strait area, and on the eastwest road (Tennant Creek-Cloncurry ) . In the Torres Strait area it was necessary to send bulk supplies to Thursday Island, as the central distributing point to that area. The transport and wharves were under Army control, and consignments were not covered by ordinary shipping documents, such as a bill of lading. Confusion naturally&#39; resulted in allocating the correct portions of consignments to the several canteens, and owing, to the isolated situation of the, canteens there were certain delays in reporting shortages on receipt with the result that it was not possible to make immediate investigation. When canteen officers&#39; reports were received, inquiries both by departmental officers and the police proved negative. Onthe east-west road it was necessary to serve numerous camps spread over a distance of 400 miles, and this was carried out by a mobile unit, working from a central store. Difficulties arose as the result of the organization, and it was impossible to definitely establish responsibility. It is mentioned that, in respect of trading operations of canteens in Queensland, involving over &#163;500,000, the losses from fires, pillaging and other causes amounted to less than 1 per cent. </para>
          <para>Northern Territory. - Inaccuracies and arrears in stores and plant records, overpurchases of stores and the unauthorized use of motor transport in the Northern Territory. In the Northern Territory many difficulties were met, due to the threatened invasions and dislocation caused by bombing. The organization had to develop quickly to meet urgent war-time demands and due to shortage of suitable clerical staff and the transport difficulties over many hundreds of miles, certain inaccuracies in issue and receipt of stores and plant records occurred. Shipping and transport difficulties also caused much duplication in delivery of certain stores, which had to be obtained to carry out works of an urgent operational nature for all services. </para>
          <para>In regard to the motor transport control, the very nature of the country over which works were carried out raised many difficulties in control of motor transport, and every effort has been made to establish departmental control with the staff available: Due to the fact thatHead-quartcrs of the Northern Territory Branch of the Department of Works and Housing has returned to Darwin from Alice Springs, much more rigid control of transport is being effected. </para>
          <list type="decimal-dotted">
            <item label="2.">
              <para>See reply to question No. 1. </para>
            </item>
          </list>
        </answer>
        <question>
          <talk.start>
            <talker>
              <page.no>1502</page.no>
              <time.stamp />
              <name.id>F4T</name.id>
              <electorate />
              <party />
              <role />
              <in.gov>0</in.gov>
              <first.speech>0</first.speech>
              <name role="metadata">FADDEN, Arthur William</name>
              <name role="display">Mr Fadden</name>
            </talker>
            <para>n asked the Minister for Works and Housing, <inline font-style="italic">upon notice -</inline></para>
          </talk.start>
          <list type="decimal-dotted">
            <item label="1.">
              <para>Has the Allied Works Council ceased to function ? </para>
            </item>
            <item label="2.">
              <para>If so, (a) when did it cease to function and (b)what happened to the administrative staff? </para>
            </item>
            <item label="3.">
              <para>If not, is there at present in Queensland and in the Northern Territory a staff of Allied Works Council officials? </para>
            </item>
            <item label="4.">
              <para>What is the total strength of the staff in each place, and what is the nature of the work upon which they are employed ? </para>
            </item>
            <item label="5.">
              <para>Ifsuch a staff is still in existence, what is the justification for it? </para>
            </item>
          </list>
        </question>
        <answer>
          <talk.start>
            <talker>
              <page.no>1502</page.no>
              <name.id>L07</name.id>
              <electorate />
              <party>ALP</party>
              <role />
              <in.gov>1</in.gov>
              <first.speech>0</first.speech>
              <name role="metadata">LAZZARINI, Hubert</name>
              <name role="display">Mr Lazzarini</name>
            </talker>
            <para>- The answers to the right honorable member&#39;s questions are as follows :  - </para>
          </talk.start>
          <list type="decimal-dotted">
            <item label="1.">
              <para>The Allied Works Council is no longer functioning as a council but certain matters relating to the finalization of the Civil Construction Corps, such as compensation matters, arc still being finalized. 2. (a) See reply to question No. 1. The last meeting of the Allied Works Council was held on the 17th December,1945. (b) The Allied Works Council is an integral part of the </para>
            </item>
          </list>
          <para class="block">Department of Works and Housing. The strength of the administrative staff employed by the Allied Works Council has been greatly reduced, and the remaining personnel are engaged on works activities associated with the Department of Works and Housing. </para>
          <list type="decimal-dotted">
            <item label="3.">
              <para>Yes. </para>
            </item>
            <item label="4.">
              <para>The Allied Works Council officers in Queenslandand the Northern Territory are carrying out duties mainly in relation to the disposal of stores, plant and equipment, &#38;c. It is not possible to segregate the activities of the staffs engaged solely on Allied Works Council matters in these centres as, the Allied Works Council being an integral part of the Department of Works and Housing, these officers carry out activities in connexion with the department as a whole. </para>
            </item>
            <item label="5.">
              <para>See reply to question No. 4. </para>
            </item>
          </list>
        </answer>
        <para class="block">Ice Cream. </para>
        <question>
          <talk.start>
            <talker>
              <page.no>1502</page.no>
              <time.stamp />
              <name.id>KCF</name.id>
              <electorate>CORIO, VICTORIA</electorate>
              <party>ALP</party>
              <role />
              <in.gov>0</in.gov>
              <first.speech>0</first.speech>
              <name role="metadata">DEDMAN, John</name>
              <name role="display">Mr DEDMAN</name>
            </talker>
            <para>n. - On the 21st March, 1946, the honorable member for Bass <inline font-weight="bold">(Mr. Barnard)</inline> referred to the price of ice cream and reviewed the balance-sheets of Peters American Delicacy Company Limited. This matter has been, brought to the notice of the Prices Branch on many occasions by the honorable member and he was informed of the position. An increase of profits was shown in 1943 and . 1944 as a. result of increased turnover occasioned by the presence of Allied servicemen. Later there was some restriction of the production of ice cream because of the shortage of materials. There has been only one increase of the price of ice cream during the war years and that was an amount of&#189;d. on packeted lines only, granted solely because of an increase of sales tax. The greater quantity of ice cream is consumed in cones&#39; and the price of this has not been increased. In addition substantial reductions have been made in the price of ice cream sold under contract to the services. A recent review of the increased sales tax showed that it would be impossible for this to be absorbed by ice cream manufacturers, and because of the money unit it would not be possible to reduce the permitted increase of&#189;d. The war-time company tax has been a heavy impost on companies making large profits, and the benefit obtained by the Government through the incidence of war-time taxation and a reduction of the prices of ice cream supplied to the services cannot be overlooked. </para>
          </talk.start>
        </question>
      </subdebate.1>
    </debate>
  </answers.to.questions>
</hansard>
